{
  "type": "FeatureCollection",
  "features": [
    {
      "type": "Feature",
      "id": "3830b678-2cb5-4bb1-a9fb-f872014a344b",
      "geometry": {
        "type": "Point",
        "coordinates": [
          120.1973323,
          23.0251318
        ]
      },
      "properties": {
        "source": "overture",
        "sourceKey": "overture-connectors",
        "sourceVersion": "latest",
        "sourceFeatureId": "3830b678-2cb5-4bb1-a9fb-f872014a344b",
        "facilityType": "unknown",
        "pedestrianAllowed": null,
        "bicycleAllowed": null,
        "direction": "unknown",
        "provenance": [
          {
            "property": "",
            "dataset": "OpenStreetMap",
            "license": "ODbL-1.0",
            "record_id": "n1711338687@8",
            "update_time": "2026-02-20T10:19:01Z",
            "confidence": null,
            "between": null,
            "provider": "osm",
            "resource": "planet",
            "version": "2026-08-05"
          }
        ],
        "connectorIds": [],
        "officialInventory": false,
        "name": null,
        "originalCrs": "EPSG:4326",
        "originalProperties": {
          "sources": [
            {
              "property": "",
              "dataset": "OpenStreetMap",
              "license": "ODbL-1.0",
              "record_id": "n1711338687@8",
              "update_time": "2026-02-20T10:19:01Z",
              "confidence": null,
              "between": null,
              "provider": "osm",
              "resource": "planet",
              "version": "2026-08-05"
            }
          ],
          "version": 1
        }
      }
    },
    {
      "type": "Feature",
      "id": "8b7e37e6-7a86-474b-acf7-60b8b45a4b0f",
      "geometry": {
        "type": "Point",
        "coordinates": [
          120.1972483,
          23.0255288
        ]
      },
      "properties": {
        "source": "overture",
        "sourceKey": "overture-connectors",
        "sourceVersion": "latest",
        "sourceFeatureId": "8b7e37e6-7a86-474b-acf7-60b8b45a4b0f",
        "facilityType": "unknown",
        "pedestrianAllowed": null,
        "bicycleAllowed": null,
        "direction": "unknown",
        "provenance": [
          {
            "property": "",
            "dataset": "OpenStreetMap",
            "license": "ODbL-1.0",
            "record_id": "n1711373691@6",
            "update_time": "2021-01-29T13:21:36Z",
            "confidence": null,
            "between": null,
            "provider": "osm",
            "resource": "planet",
            "version": "2026-08-05"
          }
        ],
        "connectorIds": [],
        "officialInventory": false,
        "name": null,
        "originalCrs": "EPSG:4326",
        "originalProperties": {
          "sources": [
            {
              "property": "",
              "dataset": "OpenStreetMap",
              "license": "ODbL-1.0",
              "record_id": "n1711373691@6",
              "update_time": "2021-01-29T13:21:36Z",
              "confidence": null,
              "between": null,
              "provider": "osm",
              "resource": "planet",
              "version": "2026-08-05"
            }
          ],
          "version": 1
        }
      }
    },
    {
      "type": "Feature",
      "id": "f2c035e2-4a0a-4d16-adf4-aa8fb4a87109",
      "geometry": {
        "type": "Point",
        "coordinates": [
          120.1971688,
          23.0258722
        ]
      },
      "properties": {
        "source": "overture",
        "sourceKey": "overture-connectors",
        "sourceVersion": "latest",
        "sourceFeatureId": "f2c035e2-4a0a-4d16-adf4-aa8fb4a87109",
        "facilityType": "unknown",
        "pedestrianAllowed": null,
        "bicycleAllowed": null,
        "direction": "unknown",
        "provenance": [
          {
            "property": "",
            "dataset": "OpenStreetMap",
            "license": "ODbL-1.0",
            "record_id": "n1711373704@5",
            "update_time": "2017-07-19T09:34:24Z",
            "confidence": null,
            "between": null,
            "provider": "osm",
            "resource": "planet",
            "version": "2026-08-05"
          }
        ],
        "connectorIds": [],
        "officialInventory": false,
        "name": null,
        "originalCrs": "EPSG:4326",
        "originalProperties": {
          "sources": [
            {
              "property": "",
              "dataset": "OpenStreetMap",
              "license": "ODbL-1.0",
              "record_id": "n1711373704@5",
              "update_time": "2017-07-19T09:34:24Z",
              "confidence": null,
              "between": null,
              "provider": "osm",
              "resource": "planet",
              "version": "2026-08-05"
            }
          ],
          "version": 2
        }
      }
    },
    {
      "type": "Feature",
      "id": "235e9cf1-c867-4e75-91c2-d13a931a6b0e",
      "geometry": {
        "type": "Point",
        "coordinates": [
          120.1971019,
          23.0261611
        ]
      },
      "properties": {
        "source": "overture",
        "sourceKey": "overture-connectors",
        "sourceVersion": "latest",
        "sourceFeatureId": "235e9cf1-c867-4e75-91c2-d13a931a6b0e",
        "facilityType": "unknown",
        "pedestrianAllowed": null,
        "bicycleAllowed": null,
        "direction": "unknown",
        "provenance": [
          {
            "property": "",
            "dataset": "OpenStreetMap",
            "license": "ODbL-1.0",
            "record_id": "n1711373722@6",
            "update_time": "2021-01-29T13:21:36Z",
            "confidence": null,
            "between": null,
            "provider": "osm",
            "resource": "planet",
            "version": "2026-08-05"
          }
        ],
        "connectorIds": [],
        "officialInventory": false,
        "name": null,
        "originalCrs": "EPSG:4326",
        "originalProperties": {
          "sources": [
            {
              "property": "",
              "dataset": "OpenStreetMap",
              "license": "ODbL-1.0",
              "record_id": "n1711373722@6",
              "update_time": "2021-01-29T13:21:36Z",
              "confidence": null,
              "between": null,
              "provider": "osm",
              "resource": "planet",
              "version": "2026-08-05"
            }
          ],
          "version": 2
        }
      }
    },
    {
      "type": "Feature",
      "id": "7a069af7-ea06-49c5-9f59-f1b9ef1738f1",
      "geometry": {
        "type": "Point",
        "coordinates": [
          120.1970299,
          23.0264907
        ]
      },
      "properties": {
        "source": "overture",
        "sourceKey": "overture-connectors",
        "sourceVersion": "latest",
        "sourceFeatureId": "7a069af7-ea06-49c5-9f59-f1b9ef1738f1",
        "facilityType": "unknown",
        "pedestrianAllowed": null,
        "bicycleAllowed": null,
        "direction": "unknown",
        "provenance": [
          {
            "property": "",
            "dataset": "OpenStreetMap",
            "license": "ODbL-1.0",
            "record_id": "n1711373737@6",
            "update_time": "2021-01-29T13:21:36Z",
            "confidence": null,
            "between": null,
            "provider": "osm",
            "resource": "planet",
            "version": "2026-08-05"
          }
        ],
        "connectorIds": [],
        "officialInventory": false,
        "name": null,
        "originalCrs": "EPSG:4326",
        "originalProperties": {
          "sources": [
            {
              "property": "",
              "dataset": "OpenStreetMap",
              "license": "ODbL-1.0",
              "record_id": "n1711373737@6",
              "update_time": "2021-01-29T13:21:36Z",
              "confidence": null,
              "between": null,
              "provider": "osm",
              "resource": "planet",
              "version": "2026-08-05"
            }
          ],
          "version": 2
        }
      }
    },
    {
      "type": "Feature",
      "id": "d68aed1f-2680-4517-ac65-144932b3ba39",
      "geometry": {
        "type": "Point",
        "coordinates": [
          120.2099438,
          23.0256452
        ]
      },
      "properties": {
        "source": "overture",
        "sourceKey": "overture-connectors",
        "sourceVersion": "latest",
        "sourceFeatureId": "d68aed1f-2680-4517-ac65-144932b3ba39",
        "facilityType": "unknown",
        "pedestrianAllowed": null,
        "bicycleAllowed": null,
        "direction": "unknown",
        "provenance": [
          {
            "property": "",
            "dataset": "OpenStreetMap",
            "license": "ODbL-1.0",
            "record_id": "n1711304180@5",
            "update_time": "2017-07-25T07:19:09Z",
            "confidence": null,
            "between": null,
            "provider": "osm",
            "resource": "planet",
            "version": "2026-08-05"
          }
        ],
        "connectorIds": [],
        "officialInventory": false,
        "name": null,
        "originalCrs": "EPSG:4326",
        "originalProperties": {
          "sources": [
            {
              "property": "",
              "dataset": "OpenStreetMap",
              "license": "ODbL-1.0",
              "record_id": "n1711304180@5",
              "update_time": "2017-07-25T07:19:09Z",
              "confidence": null,
              "between": null,
              "provider": "osm",
              "resource": "planet",
              "version": "2026-08-05"
            }
          ],
          "version": 1
        }
      }
    },
    {
      "type": "Feature",
      "id": "e6de8996-3694-4c40-9ca9-c70b9f6d6576",
      "geometry": {
        "type": "Point",
        "coordinates": [
          120.2098605,
          23.025663
        ]
      },
      "properties": {
        "source": "overture",
        "sourceKey": "overture-connectors",
        "sourceVersion": "latest",
        "sourceFeatureId": "e6de8996-3694-4c40-9ca9-c70b9f6d6576",
        "facilityType": "unknown",
        "pedestrianAllowed": null,
        "bicycleAllowed": null,
        "direction": "unknown",
        "provenance": [
          {
            "property": "",
            "dataset": "OpenStreetMap",
            "license": "ODbL-1.0",
            "record_id": "n1711304179@5",
            "update_time": "2017-07-25T07:19:09Z",
            "confidence": null,
            "between": null,
            "provider": "osm",
            "resource": "planet",
            "version": "2026-08-05"
          }
        ],
        "connectorIds": [],
        "officialInventory": false,
        "name": null,
        "originalCrs": "EPSG:4326",
        "originalProperties": {
          "sources": [
            {
              "property": "",
              "dataset": "OpenStreetMap",
              "license": "ODbL-1.0",
              "record_id": "n1711304179@5",
              "update_time": "2017-07-25T07:19:09Z",
              "confidence": null,
              "between": null,
              "provider": "osm",
              "resource": "planet",
              "version": "2026-08-05"
            }
          ],
          "version": 1
        }
      }
    },
    {
      "type": "Feature",
      "id": "a1f2dd34-d041-44e6-b8d6-6e7beca73822",
      "geometry": {
        "type": "Point",
        "coordinates": [
          120.2098557,
          23.0259178
        ]
      },
      "properties": {
        "source": "overture",
        "sourceKey": "overture-connectors",
        "sourceVersion": "latest",
        "sourceFeatureId": "a1f2dd34-d041-44e6-b8d6-6e7beca73822",
        "facilityType": "unknown",
        "pedestrianAllowed": null,
        "bicycleAllowed": null,
        "direction": "unknown",
        "provenance": [
          {
            "property": "",
            "dataset": "OpenStreetMap",
            "license": "ODbL-1.0",
            "record_id": "n1711304218@4",
            "update_time": "2021-02-13T13:17:01Z",
            "confidence": null,
            "between": null,
            "provider": "osm",
            "resource": "planet",
            "version": "2026-08-05"
          }
        ],
        "connectorIds": [],
        "officialInventory": false,
        "name": null,
        "originalCrs": "EPSG:4326",
        "originalProperties": {
          "sources": [
            {
              "property": "",
              "dataset": "OpenStreetMap",
              "license": "ODbL-1.0",
              "record_id": "n1711304218@4",
              "update_time": "2021-02-13T13:17:01Z",
              "confidence": null,
              "between": null,
              "provider": "osm",
              "resource": "planet",
              "version": "2026-08-05"
            }
          ],
          "version": 1
        }
      }
    },
    {
      "type": "Feature",
      "id": "f11bc7bb-108c-47b0-be83-ad1033b50682",
      "geometry": {
        "type": "Point",
        "coordinates": [
          120.2098515,
          23.0261417
        ]
      },
      "properties": {
        "source": "overture",
        "sourceKey": "overture-connectors",
        "sourceVersion": "latest",
        "sourceFeatureId": "f11bc7bb-108c-47b0-be83-ad1033b50682",
        "facilityType": "unknown",
        "pedestrianAllowed": null,
        "bicycleAllowed": null,
        "direction": "unknown",
        "provenance": [
          {
            "property": "",
            "dataset": "OpenStreetMap",
            "license": "ODbL-1.0",
            "record_id": "n1711304252@4",
            "update_time": "2021-02-13T13:17:01Z",
            "confidence": null,
            "between": null,
            "provider": "osm",
            "resource": "planet",
            "version": "2026-08-05"
          }
        ],
        "connectorIds": [],
        "officialInventory": false,
        "name": null,
        "originalCrs": "EPSG:4326",
        "originalProperties": {
          "sources": [
            {
              "property": "",
              "dataset": "OpenStreetMap",
              "license": "ODbL-1.0",
              "record_id": "n1711304252@4",
              "update_time": "2021-02-13T13:17:01Z",
              "confidence": null,
              "between": null,
              "provider": "osm",
              "resource": "planet",
              "version": "2026-08-05"
            }
          ],
          "version": 1
        }
      }
    },
    {
      "type": "Feature",
      "id": "809e5907-8e43-4bcf-9f46-b7584458083a",
      "geometry": {
        "type": "Point",
        "coordinates": [
          120.209847,
          23.026384
        ]
      },
      "properties": {
        "source": "overture",
        "sourceKey": "overture-connectors",
        "sourceVersion": "latest",
        "sourceFeatureId": "809e5907-8e43-4bcf-9f46-b7584458083a",
        "facilityType": "unknown",
        "pedestrianAllowed": null,
        "bicycleAllowed": null,
        "direction": "unknown",
        "provenance": [
          {
            "property": "",
            "dataset": "OpenStreetMap",
            "license": "ODbL-1.0",
            "record_id": "n1711304294@4",
            "update_time": "2017-07-11T15:41:03Z",
            "confidence": null,
            "between": null,
            "provider": "osm",
            "resource": "planet",
            "version": "2026-08-05"
          }
        ],
        "connectorIds": [],
        "officialInventory": false,
        "name": null,
        "originalCrs": "EPSG:4326",
        "originalProperties": {
          "sources": [
            {
              "property": "",
              "dataset": "OpenStreetMap",
              "license": "ODbL-1.0",
              "record_id": "n1711304294@4",
              "update_time": "2017-07-11T15:41:03Z",
              "confidence": null,
              "between": null,
              "provider": "osm",
              "resource": "planet",
              "version": "2026-08-05"
            }
          ],
          "version": 1
        }
      }
    },
    {
      "type": "Feature",
      "id": "6edfd784-f857-4263-9906-37422e5bc924",
      "geometry": {
        "type": "Point",
        "coordinates": [
          120.20984,
          23.0265997
        ]
      },
      "properties": {
        "source": "overture",
        "sourceKey": "overture-connectors",
        "sourceVersion": "latest",
        "sourceFeatureId": "6edfd784-f857-4263-9906-37422e5bc924",
        "facilityType": "unknown",
        "pedestrianAllowed": null,
        "bicycleAllowed": null,
        "direction": "unknown",
        "provenance": [
          {
            "property": "",
            "dataset": "OpenStreetMap",
            "license": "ODbL-1.0",
            "record_id": "n1711304339@4",
            "update_time": "2016-10-21T10:46:34Z",
            "confidence": null,
            "between": null,
            "provider": "osm",
            "resource": "planet",
            "version": "2026-08-05"
          }
        ],
        "connectorIds": [],
        "officialInventory": false,
        "name": null,
        "originalCrs": "EPSG:4326",
        "originalProperties": {
          "sources": [
            {
              "property": "",
              "dataset": "OpenStreetMap",
              "license": "ODbL-1.0",
              "record_id": "n1711304339@4",
              "update_time": "2016-10-21T10:46:34Z",
              "confidence": null,
              "between": null,
              "provider": "osm",
              "resource": "planet",
              "version": "2026-08-05"
            }
          ],
          "version": 1
        }
      }
    },
    {
      "type": "Feature",
      "id": "09788d47-a036-4276-8635-a1b3a3cc2ac1",
      "geometry": {
        "type": "Point",
        "coordinates": [
          120.2098323,
          23.0269088
        ]
      },
      "properties": {
        "source": "overture",
        "sourceKey": "overture-connectors",
        "sourceVersion": "latest",
        "sourceFeatureId": "09788d47-a036-4276-8635-a1b3a3cc2ac1",
        "facilityType": "unknown",
        "pedestrianAllowed": null,
        "bicycleAllowed": null,
        "direction": "unknown",
        "provenance": [
          {
            "property": "",
            "dataset": "OpenStreetMap",
            "license": "ODbL-1.0",
            "record_id": "n1711304412@4",
            "update_time": "2024-08-11T01:47:26Z",
            "confidence": null,
            "between": null,
            "provider": "osm",
            "resource": "planet",
            "version": "2026-08-05"
          }
        ],
        "connectorIds": [],
        "officialInventory": false,
        "name": null,
        "originalCrs": "EPSG:4326",
        "originalProperties": {
          "sources": [
            {
              "property": "",
              "dataset": "OpenStreetMap",
              "license": "ODbL-1.0",
              "record_id": "n1711304412@4",
              "update_time": "2024-08-11T01:47:26Z",
              "confidence": null,
              "between": null,
              "provider": "osm",
              "resource": "planet",
              "version": "2026-08-05"
            }
          ],
          "version": 1
        }
      }
    },
    {
      "type": "Feature",
      "id": "85e7ac80-a794-468d-859f-ed14489451e2",
      "geometry": {
        "type": "Point",
        "coordinates": [
          120.2098349,
          23.0271419
        ]
      },
      "properties": {
        "source": "overture",
        "sourceKey": "overture-connectors",
        "sourceVersion": "latest",
        "sourceFeatureId": "85e7ac80-a794-468d-859f-ed14489451e2",
        "facilityType": "unknown",
        "pedestrianAllowed": null,
        "bicycleAllowed": null,
        "direction": "unknown",
        "provenance": [
          {
            "property": "",
            "dataset": "OpenStreetMap",
            "license": "ODbL-1.0",
            "record_id": "n4991805183@1",
            "update_time": "2017-07-25T07:19:07Z",
            "confidence": null,
            "between": null,
            "provider": "osm",
            "resource": "planet",
            "version": "2026-08-05"
          }
        ],
        "connectorIds": [],
        "officialInventory": false,
        "name": null,
        "originalCrs": "EPSG:4326",
        "originalProperties": {
          "sources": [
            {
              "property": "",
              "dataset": "OpenStreetMap",
              "license": "ODbL-1.0",
              "record_id": "n4991805183@1",
              "update_time": "2017-07-25T07:19:07Z",
              "confidence": null,
              "between": null,
              "provider": "osm",
              "resource": "planet",
              "version": "2026-08-05"
            }
          ],
          "version": 1
        }
      }
    },
    {
      "type": "Feature",
      "id": "3e2ec75d-06f6-46dd-973f-fc24189f64eb",
      "geometry": {
        "type": "Point",
        "coordinates": [
          120.2098348,
          23.0274977
        ]
      },
      "properties": {
        "source": "overture",
        "sourceKey": "overture-connectors",
        "sourceVersion": "latest",
        "sourceFeatureId": "3e2ec75d-06f6-46dd-973f-fc24189f64eb",
        "facilityType": "unknown",
        "pedestrianAllowed": null,
        "bicycleAllowed": null,
        "direction": "unknown",
        "provenance": [
          {
            "property": "",
            "dataset": "OpenStreetMap",
            "license": "ODbL-1.0",
            "record_id": "n1711304480@5",
            "update_time": "2024-08-11T01:47:26Z",
            "confidence": null,
            "between": null,
            "provider": "osm",
            "resource": "planet",
            "version": "2026-08-05"
          }
        ],
        "connectorIds": [],
        "officialInventory": false,
        "name": null,
        "originalCrs": "EPSG:4326",
        "originalProperties": {
          "sources": [
            {
              "property": "",
              "dataset": "OpenStreetMap",
              "license": "ODbL-1.0",
              "record_id": "n1711304480@5",
              "update_time": "2024-08-11T01:47:26Z",
              "confidence": null,
              "between": null,
              "provider": "osm",
              "resource": "planet",
              "version": "2026-08-05"
            }
          ],
          "version": 1
        }
      }
    },
    {
      "type": "Feature",
      "id": "6e9d80fb-0218-401e-bdbd-00ef1e57d02a",
      "geometry": {
        "type": "Point",
        "coordinates": [
          120.2097991,
          23.0281293
        ]
      },
      "properties": {
        "source": "overture",
        "sourceKey": "overture-connectors",
        "sourceVersion": "latest",
        "sourceFeatureId": "6e9d80fb-0218-401e-bdbd-00ef1e57d02a",
        "facilityType": "unknown",
        "pedestrianAllowed": null,
        "bicycleAllowed": null,
        "direction": "unknown",
        "provenance": [
          {
            "property": "",
            "dataset": "OpenStreetMap",
            "license": "ODbL-1.0",
            "record_id": "n4994319300@2",
            "update_time": "2022-11-15T09:29:38Z",
            "confidence": null,
            "between": null,
            "provider": "osm",
            "resource": "planet",
            "version": "2026-08-05"
          }
        ],
        "connectorIds": [],
        "officialInventory": false,
        "name": null,
        "originalCrs": "EPSG:4326",
        "originalProperties": {
          "sources": [
            {
              "property": "",
              "dataset": "OpenStreetMap",
              "license": "ODbL-1.0",
              "record_id": "n4994319300@2",
              "update_time": "2022-11-15T09:29:38Z",
              "confidence": null,
              "between": null,
              "provider": "osm",
              "resource": "planet",
              "version": "2026-08-05"
            }
          ],
          "version": 1
        }
      }
    },
    {
      "type": "Feature",
      "id": "b4a9cfae-9117-4a47-baec-cbfc5c44596b",
      "geometry": {
        "type": "Point",
        "coordinates": [
          120.2099292,
          23.0293808
        ]
      },
      "properties": {
        "source": "overture",
        "sourceKey": "overture-connectors",
        "sourceVersion": "latest",
        "sourceFeatureId": "b4a9cfae-9117-4a47-baec-cbfc5c44596b",
        "facilityType": "unknown",
        "pedestrianAllowed": null,
        "bicycleAllowed": null,
        "direction": "unknown",
        "provenance": [
          {
            "property": "",
            "dataset": "OpenStreetMap",
            "license": "ODbL-1.0",
            "record_id": "n5444188653@1",
            "update_time": "2018-03-01T03:30:20Z",
            "confidence": null,
            "between": null,
            "provider": "osm",
            "resource": "planet",
            "version": "2026-08-05"
          }
        ],
        "connectorIds": [],
        "officialInventory": false,
        "name": null,
        "originalCrs": "EPSG:4326",
        "originalProperties": {
          "sources": [
            {
              "property": "",
              "dataset": "OpenStreetMap",
              "license": "ODbL-1.0",
              "record_id": "n5444188653@1",
              "update_time": "2018-03-01T03:30:20Z",
              "confidence": null,
              "between": null,
              "provider": "osm",
              "resource": "planet",
              "version": "2026-08-05"
            }
          ],
          "version": 1
        }
      }
    },
    {
      "type": "Feature",
      "id": "cf5ccba2-ebc4-4ade-99a4-2cdf59da4c06",
      "geometry": {
        "type": "Point",
        "coordinates": [
          120.2098785,
          23.0298852
        ]
      },
      "properties": {
        "source": "overture",
        "sourceKey": "overture-connectors",
        "sourceVersion": "latest",
        "sourceFeatureId": "cf5ccba2-ebc4-4ade-99a4-2cdf59da4c06",
        "facilityType": "unknown",
        "pedestrianAllowed": null,
        "bicycleAllowed": null,
        "direction": "unknown",
        "provenance": [
          {
            "property": "",
            "dataset": "OpenStreetMap",
            "license": "ODbL-1.0",
            "record_id": "n4420387266@3",
            "update_time": "2018-03-01T03:30:28Z",
            "confidence": null,
            "between": null,
            "provider": "osm",
            "resource": "planet",
            "version": "2026-08-05"
          }
        ],
        "connectorIds": [],
        "officialInventory": false,
        "name": null,
        "originalCrs": "EPSG:4326",
        "originalProperties": {
          "sources": [
            {
              "property": "",
              "dataset": "OpenStreetMap",
              "license": "ODbL-1.0",
              "record_id": "n4420387266@3",
              "update_time": "2018-03-01T03:30:28Z",
              "confidence": null,
              "between": null,
              "provider": "osm",
              "resource": "planet",
              "version": "2026-08-05"
            }
          ],
          "version": 1
        }
      }
    },
    {
      "type": "Feature",
      "id": "8e1f06b9-c520-4f06-a109-d7514808f6d0",
      "geometry": {
        "type": "Point",
        "coordinates": [
          120.2072883,
          23.0309869
        ]
      },
      "properties": {
        "source": "overture",
        "sourceKey": "overture-connectors",
        "sourceVersion": "latest",
        "sourceFeatureId": "8e1f06b9-c520-4f06-a109-d7514808f6d0",
        "facilityType": "unknown",
        "pedestrianAllowed": null,
        "bicycleAllowed": null,
        "direction": "unknown",
        "provenance": [
          {
            "property": "",
            "dataset": "OpenStreetMap",
            "license": "ODbL-1.0",
            "record_id": "n5444188663@2",
            "update_time": "2024-04-26T07:32:06Z",
            "confidence": null,
            "between": null,
            "provider": "osm",
            "resource": "planet",
            "version": "2026-08-05"
          }
        ],
        "connectorIds": [],
        "officialInventory": false,
        "name": null,
        "originalCrs": "EPSG:4326",
        "originalProperties": {
          "sources": [
            {
              "property": "",
              "dataset": "OpenStreetMap",
              "license": "ODbL-1.0",
              "record_id": "n5444188663@2",
              "update_time": "2024-04-26T07:32:06Z",
              "confidence": null,
              "between": null,
              "provider": "osm",
              "resource": "planet",
              "version": "2026-08-05"
            }
          ],
          "version": 1
        }
      }
    },
    {
      "type": "Feature",
      "id": "a76545f2-1827-47cc-bd10-344ffefd6262",
      "geometry": {
        "type": "Point",
        "coordinates": [
          120.2071345,
          23.0309777
        ]
      },
      "properties": {
        "source": "overture",
        "sourceKey": "overture-connectors",
        "sourceVersion": "latest",
        "sourceFeatureId": "a76545f2-1827-47cc-bd10-344ffefd6262",
        "facilityType": "unknown",
        "pedestrianAllowed": null,
        "bicycleAllowed": null,
        "direction": "unknown",
        "provenance": [
          {
            "property": "",
            "dataset": "OpenStreetMap",
            "license": "ODbL-1.0",
            "record_id": "n1655791369@5",
            "update_time": "2024-04-26T07:32:06Z",
            "confidence": null,
            "between": null,
            "provider": "osm",
            "resource": "planet",
            "version": "2026-08-05"
          }
        ],
        "connectorIds": [],
        "officialInventory": false,
        "name": null,
        "originalCrs": "EPSG:4326",
        "originalProperties": {
          "sources": [
            {
              "property": "",
              "dataset": "OpenStreetMap",
              "license": "ODbL-1.0",
              "record_id": "n1655791369@5",
              "update_time": "2024-04-26T07:32:06Z",
              "confidence": null,
              "between": null,
              "provider": "osm",
              "resource": "planet",
              "version": "2026-08-05"
            }
          ],
          "version": 1
        }
      }
    },
    {
      "type": "Feature",
      "id": "13da07f0-722a-4a42-a544-8f7ff49559f0",
      "geometry": {
        "type": "Point",
        "coordinates": [
          120.206676,
          23.0309245
        ]
      },
      "properties": {
        "source": "overture",
        "sourceKey": "overture-connectors",
        "sourceVersion": "latest",
        "sourceFeatureId": "13da07f0-722a-4a42-a544-8f7ff49559f0",
        "facilityType": "unknown",
        "pedestrianAllowed": null,
        "bicycleAllowed": null,
        "direction": "unknown",
        "provenance": [
          {
            "property": "",
            "dataset": "OpenStreetMap",
            "license": "ODbL-1.0",
            "record_id": "n4423860842@3",
            "update_time": "2024-04-26T07:32:06Z",
            "confidence": null,
            "between": null,
            "provider": "osm",
            "resource": "planet",
            "version": "2026-08-05"
          }
        ],
        "connectorIds": [],
        "officialInventory": false,
        "name": null,
        "originalCrs": "EPSG:4326",
        "originalProperties": {
          "sources": [
            {
              "property": "",
              "dataset": "OpenStreetMap",
              "license": "ODbL-1.0",
              "record_id": "n4423860842@3",
              "update_time": "2024-04-26T07:32:06Z",
              "confidence": null,
              "between": null,
              "provider": "osm",
              "resource": "planet",
              "version": "2026-08-05"
            }
          ],
          "version": 1
        }
      }
    },
    {
      "type": "Feature",
      "id": "acaedbc8-63a8-4462-8527-9b2a9e6c6bd2",
      "geometry": {
        "type": "Point",
        "coordinates": [
          120.2078872,
          23.0307638
        ]
      },
      "properties": {
        "source": "overture",
        "sourceKey": "overture-connectors",
        "sourceVersion": "latest",
        "sourceFeatureId": "acaedbc8-63a8-4462-8527-9b2a9e6c6bd2",
        "facilityType": "unknown",
        "pedestrianAllowed": null,
        "bicycleAllowed": null,
        "direction": "unknown",
        "provenance": [
          {
            "property": "",
            "dataset": "OpenStreetMap",
            "license": "ODbL-1.0",
            "record_id": "n5444188656@1",
            "update_time": "2018-03-01T03:30:20Z",
            "confidence": null,
            "between": null,
            "provider": "osm",
            "resource": "planet",
            "version": "2026-08-05"
          }
        ],
        "connectorIds": [],
        "officialInventory": false,
        "name": null,
        "originalCrs": "EPSG:4326",
        "originalProperties": {
          "sources": [
            {
              "property": "",
              "dataset": "OpenStreetMap",
              "license": "ODbL-1.0",
              "record_id": "n5444188656@1",
              "update_time": "2018-03-01T03:30:20Z",
              "confidence": null,
              "between": null,
              "provider": "osm",
              "resource": "planet",
              "version": "2026-08-05"
            }
          ],
          "version": 1
        }
      }
    },
    {
      "type": "Feature",
      "id": "46c16b95-003a-4916-9dab-cf5b28d5983b",
      "geometry": {
        "type": "Point",
        "coordinates": [
          120.209256,
          23.0308615
        ]
      },
      "properties": {
        "source": "overture",
        "sourceKey": "overture-connectors",
        "sourceVersion": "latest",
        "sourceFeatureId": "46c16b95-003a-4916-9dab-cf5b28d5983b",
        "facilityType": "unknown",
        "pedestrianAllowed": null,
        "bicycleAllowed": null,
        "direction": "unknown",
        "provenance": [
          {
            "property": "",
            "dataset": "OpenStreetMap",
            "license": "ODbL-1.0",
            "record_id": "n5444188657@1",
            "update_time": "2018-03-01T03:30:20Z",
            "confidence": null,
            "between": null,
            "provider": "osm",
            "resource": "planet",
            "version": "2026-08-05"
          }
        ],
        "connectorIds": [],
        "officialInventory": false,
        "name": null,
        "originalCrs": "EPSG:4326",
        "originalProperties": {
          "sources": [
            {
              "property": "",
              "dataset": "OpenStreetMap",
              "license": "ODbL-1.0",
              "record_id": "n5444188657@1",
              "update_time": "2018-03-01T03:30:20Z",
              "confidence": null,
              "between": null,
              "provider": "osm",
              "resource": "planet",
              "version": "2026-08-05"
            }
          ],
          "version": 1
        }
      }
    },
    {
      "type": "Feature",
      "id": "ebd13565-14c3-4609-8dc7-4be444318e41",
      "geometry": {
        "type": "Point",
        "coordinates": [
          120.20928,
          23.0305402
        ]
      },
      "properties": {
        "source": "overture",
        "sourceKey": "overture-connectors",
        "sourceVersion": "latest",
        "sourceFeatureId": "ebd13565-14c3-4609-8dc7-4be444318e41",
        "facilityType": "unknown",
        "pedestrianAllowed": null,
        "bicycleAllowed": null,
        "direction": "unknown",
        "provenance": [
          {
            "property": "",
            "dataset": "OpenStreetMap",
            "license": "ODbL-1.0",
            "record_id": "n12709378969@1",
            "update_time": "2025-03-29T07:40:12Z",
            "confidence": null,
            "between": null,
            "provider": "osm",
            "resource": "planet",
            "version": "2026-08-05"
          }
        ],
        "connectorIds": [],
        "officialInventory": false,
        "name": null,
        "originalCrs": "EPSG:4326",
        "originalProperties": {
          "sources": [
            {
              "property": "",
              "dataset": "OpenStreetMap",
              "license": "ODbL-1.0",
              "record_id": "n12709378969@1",
              "update_time": "2025-03-29T07:40:12Z",
              "confidence": null,
              "between": null,
              "provider": "osm",
              "resource": "planet",
              "version": "2026-08-05"
            }
          ],
          "version": 1
        }
      }
    },
    {
      "type": "Feature",
      "id": "0ab2a36e-36a6-4c93-8759-f488a716b2b0",
      "geometry": {
        "type": "Point",
        "coordinates": [
          120.2086269,
          23.0304894
        ]
      },
      "properties": {
        "source": "overture",
        "sourceKey": "overture-connectors",
        "sourceVersion": "latest",
        "sourceFeatureId": "0ab2a36e-36a6-4c93-8759-f488a716b2b0",
        "facilityType": "unknown",
        "pedestrianAllowed": null,
        "bicycleAllowed": null,
        "direction": "unknown",
        "provenance": [
          {
            "property": "",
            "dataset": "OpenStreetMap",
            "license": "ODbL-1.0",
            "record_id": "n12709378970@1",
            "update_time": "2025-03-29T07:40:12Z",
            "confidence": null,
            "between": null,
            "provider": "osm",
            "resource": "planet",
            "version": "2026-08-05"
          }
        ],
        "connectorIds": [],
        "officialInventory": false,
        "name": null,
        "originalCrs": "EPSG:4326",
        "originalProperties": {
          "sources": [
            {
              "property": "",
              "dataset": "OpenStreetMap",
              "license": "ODbL-1.0",
              "record_id": "n12709378970@1",
              "update_time": "2025-03-29T07:40:12Z",
              "confidence": null,
              "between": null,
              "provider": "osm",
              "resource": "planet",
              "version": "2026-08-05"
            }
          ],
          "version": 1
        }
      }
    },
    {
      "type": "Feature",
      "id": "f76071cf-460f-4dd3-bab9-3ec500d5bee1",
      "geometry": {
        "type": "Point",
        "coordinates": [
          120.2085862,
          23.0304378
        ]
      },
      "properties": {
        "source": "overture",
        "sourceKey": "overture-connectors",
        "sourceVersion": "latest",
        "sourceFeatureId": "f76071cf-460f-4dd3-bab9-3ec500d5bee1",
        "facilityType": "unknown",
        "pedestrianAllowed": null,
        "bicycleAllowed": null,
        "direction": "unknown",
        "provenance": [
          {
            "property": "",
            "dataset": "OpenStreetMap",
            "license": "ODbL-1.0",
            "record_id": "n5444188655@1",
            "update_time": "2018-03-01T03:30:20Z",
            "confidence": null,
            "between": null,
            "provider": "osm",
            "resource": "planet",
            "version": "2026-08-05"
          }
        ],
        "connectorIds": [],
        "officialInventory": false,
        "name": null,
        "originalCrs": "EPSG:4326",
        "originalProperties": {
          "sources": [
            {
              "property": "",
              "dataset": "OpenStreetMap",
              "license": "ODbL-1.0",
              "record_id": "n5444188655@1",
              "update_time": "2018-03-01T03:30:20Z",
              "confidence": null,
              "between": null,
              "provider": "osm",
              "resource": "planet",
              "version": "2026-08-05"
            }
          ],
          "version": 1
        }
      }
    },
    {
      "type": "Feature",
      "id": "480d4117-cda6-4937-aacb-b3b0ceabd818",
      "geometry": {
        "type": "Point",
        "coordinates": [
          120.2088293,
          23.0303411
        ]
      },
      "properties": {
        "source": "overture",
        "sourceKey": "overture-connectors",
        "sourceVersion": "latest",
        "sourceFeatureId": "480d4117-cda6-4937-aacb-b3b0ceabd818",
        "facilityType": "unknown",
        "pedestrianAllowed": null,
        "bicycleAllowed": null,
        "direction": "unknown",
        "provenance": [
          {
            "property": "",
            "dataset": "OpenStreetMap",
            "license": "ODbL-1.0",
            "record_id": "n5444188669@1",
            "update_time": "2018-03-01T03:30:21Z",
            "confidence": null,
            "between": null,
            "provider": "osm",
            "resource": "planet",
            "version": "2026-08-05"
          }
        ],
        "connectorIds": [],
        "officialInventory": false,
        "name": null,
        "originalCrs": "EPSG:4326",
        "originalProperties": {
          "sources": [
            {
              "property": "",
              "dataset": "OpenStreetMap",
              "license": "ODbL-1.0",
              "record_id": "n5444188669@1",
              "update_time": "2018-03-01T03:30:21Z",
              "confidence": null,
              "between": null,
              "provider": "osm",
              "resource": "planet",
              "version": "2026-08-05"
            }
          ],
          "version": 1
        }
      }
    },
    {
      "type": "Feature",
      "id": "b32058d9-03f2-44eb-9e49-d577ce8d1931",
      "geometry": {
        "type": "Point",
        "coordinates": [
          120.2088766,
          23.0299655
        ]
      },
      "properties": {
        "source": "overture",
        "sourceKey": "overture-connectors",
        "sourceVersion": "latest",
        "sourceFeatureId": "b32058d9-03f2-44eb-9e49-d577ce8d1931",
        "facilityType": "unknown",
        "pedestrianAllowed": null,
        "bicycleAllowed": null,
        "direction": "unknown",
        "provenance": [
          {
            "property": "",
            "dataset": "OpenStreetMap",
            "license": "ODbL-1.0",
            "record_id": "n5444188670@1",
            "update_time": "2018-03-01T03:30:21Z",
            "confidence": null,
            "between": null,
            "provider": "osm",
            "resource": "planet",
            "version": "2026-08-05"
          }
        ],
        "connectorIds": [],
        "officialInventory": false,
        "name": null,
        "originalCrs": "EPSG:4326",
        "originalProperties": {
          "sources": [
            {
              "property": "",
              "dataset": "OpenStreetMap",
              "license": "ODbL-1.0",
              "record_id": "n5444188670@1",
              "update_time": "2018-03-01T03:30:21Z",
              "confidence": null,
              "between": null,
              "provider": "osm",
              "resource": "planet",
              "version": "2026-08-05"
            }
          ],
          "version": 1
        }
      }
    },
    {
      "type": "Feature",
      "id": "f4f817db-3e3a-4a26-b8bc-d2d28ff6675d",
      "geometry": {
        "type": "Point",
        "coordinates": [
          120.2085291,
          23.0299925
        ]
      },
      "properties": {
        "source": "overture",
        "sourceKey": "overture-connectors",
        "sourceVersion": "latest",
        "sourceFeatureId": "f4f817db-3e3a-4a26-b8bc-d2d28ff6675d",
        "facilityType": "unknown",
        "pedestrianAllowed": null,
        "bicycleAllowed": null,
        "direction": "unknown",
        "provenance": [
          {
            "property": "",
            "dataset": "OpenStreetMap",
            "license": "ODbL-1.0",
            "record_id": "n5444188658@1",
            "update_time": "2018-03-01T03:30:20Z",
            "confidence": null,
            "between": null,
            "provider": "osm",
            "resource": "planet",
            "version": "2026-08-05"
          }
        ],
        "connectorIds": [],
        "officialInventory": false,
        "name": null,
        "originalCrs": "EPSG:4326",
        "originalProperties": {
          "sources": [
            {
              "property": "",
              "dataset": "OpenStreetMap",
              "license": "ODbL-1.0",
              "record_id": "n5444188658@1",
              "update_time": "2018-03-01T03:30:20Z",
              "confidence": null,
              "between": null,
              "provider": "osm",
              "resource": "planet",
              "version": "2026-08-05"
            }
          ],
          "version": 1
        }
      }
    },
    {
      "type": "Feature",
      "id": "c97c9537-1f3c-4612-b664-e12662347c69",
      "geometry": {
        "type": "Point",
        "coordinates": [
          120.2093135,
          23.0299381
        ]
      },
      "properties": {
        "source": "overture",
        "sourceKey": "overture-connectors",
        "sourceVersion": "latest",
        "sourceFeatureId": "c97c9537-1f3c-4612-b664-e12662347c69",
        "facilityType": "unknown",
        "pedestrianAllowed": null,
        "bicycleAllowed": null,
        "direction": "unknown",
        "provenance": [
          {
            "property": "",
            "dataset": "OpenStreetMap",
            "license": "ODbL-1.0",
            "record_id": "n2753133420@5",
            "update_time": "2025-01-10T10:47:19Z",
            "confidence": null,
            "between": null,
            "provider": "osm",
            "resource": "planet",
            "version": "2026-08-05"
          }
        ],
        "connectorIds": [],
        "officialInventory": false,
        "name": null,
        "originalCrs": "EPSG:4326",
        "originalProperties": {
          "sources": [
            {
              "property": "",
              "dataset": "OpenStreetMap",
              "license": "ODbL-1.0",
              "record_id": "n2753133420@5",
              "update_time": "2025-01-10T10:47:19Z",
              "confidence": null,
              "between": null,
              "provider": "osm",
              "resource": "planet",
              "version": "2026-08-05"
            }
          ],
          "version": 1
        }
      }
    },
    {
      "type": "Feature",
      "id": "861b9544-0ccd-497c-bddd-22ad5f606c19",
      "geometry": {
        "type": "Point",
        "coordinates": [
          120.2092358,
          23.0291015
        ]
      },
      "properties": {
        "source": "overture",
        "sourceKey": "overture-connectors",
        "sourceVersion": "latest",
        "sourceFeatureId": "861b9544-0ccd-497c-bddd-22ad5f606c19",
        "facilityType": "unknown",
        "pedestrianAllowed": null,
        "bicycleAllowed": null,
        "direction": "unknown",
        "provenance": [
          {
            "property": "",
            "dataset": "OpenStreetMap",
            "license": "ODbL-1.0",
            "record_id": "n2753133418@5",
            "update_time": "2026-02-20T11:12:42Z",
            "confidence": null,
            "between": null,
            "provider": "osm",
            "resource": "planet",
            "version": "2026-08-05"
          }
        ],
        "connectorIds": [],
        "officialInventory": false,
        "name": null,
        "originalCrs": "EPSG:4326",
        "originalProperties": {
          "sources": [
            {
              "property": "",
              "dataset": "OpenStreetMap",
              "license": "ODbL-1.0",
              "record_id": "n2753133418@5",
              "update_time": "2026-02-20T11:12:42Z",
              "confidence": null,
              "between": null,
              "provider": "osm",
              "resource": "planet",
              "version": "2026-08-05"
            }
          ],
          "version": 1
        }
      }
    },
    {
      "type": "Feature",
      "id": "cd7b94fb-e9f1-4814-8c70-a6b21d7ac549",
      "geometry": {
        "type": "Point",
        "coordinates": [
          120.208479,
          23.0291516
        ]
      },
      "properties": {
        "source": "overture",
        "sourceKey": "overture-connectors",
        "sourceVersion": "latest",
        "sourceFeatureId": "cd7b94fb-e9f1-4814-8c70-a6b21d7ac549",
        "facilityType": "unknown",
        "pedestrianAllowed": null,
        "bicycleAllowed": null,
        "direction": "unknown",
        "provenance": [
          {
            "property": "",
            "dataset": "OpenStreetMap",
            "license": "ODbL-1.0",
            "record_id": "n5444188659@1",
            "update_time": "2018-03-01T03:30:20Z",
            "confidence": null,
            "between": null,
            "provider": "osm",
            "resource": "planet",
            "version": "2026-08-05"
          }
        ],
        "connectorIds": [],
        "officialInventory": false,
        "name": null,
        "originalCrs": "EPSG:4326",
        "originalProperties": {
          "sources": [
            {
              "property": "",
              "dataset": "OpenStreetMap",
              "license": "ODbL-1.0",
              "record_id": "n5444188659@1",
              "update_time": "2018-03-01T03:30:20Z",
              "confidence": null,
              "between": null,
              "provider": "osm",
              "resource": "planet",
              "version": "2026-08-05"
            }
          ],
          "version": 1
        }
      }
    },
    {
      "type": "Feature",
      "id": "bfc52e7b-7cc9-4f36-bbca-ff55ab55fd65",
      "geometry": {
        "type": "Point",
        "coordinates": [
          120.207484,
          23.0292215
        ]
      },
      "properties": {
        "source": "overture",
        "sourceKey": "overture-connectors",
        "sourceVersion": "latest",
        "sourceFeatureId": "bfc52e7b-7cc9-4f36-bbca-ff55ab55fd65",
        "facilityType": "unknown",
        "pedestrianAllowed": null,
        "bicycleAllowed": null,
        "direction": "unknown",
        "provenance": [
          {
            "property": "",
            "dataset": "OpenStreetMap",
            "license": "ODbL-1.0",
            "record_id": "n5444188661@1",
            "update_time": "2018-03-01T03:30:20Z",
            "confidence": null,
            "between": null,
            "provider": "osm",
            "resource": "planet",
            "version": "2026-08-05"
          }
        ],
        "connectorIds": [],
        "officialInventory": false,
        "name": null,
        "originalCrs": "EPSG:4326",
        "originalProperties": {
          "sources": [
            {
              "property": "",
              "dataset": "OpenStreetMap",
              "license": "ODbL-1.0",
              "record_id": "n5444188661@1",
              "update_time": "2018-03-01T03:30:20Z",
              "confidence": null,
              "between": null,
              "provider": "osm",
              "resource": "planet",
              "version": "2026-08-05"
            }
          ],
          "version": 1
        }
      }
    },
    {
      "type": "Feature",
      "id": "4ff3e828-cc27-4db4-85ae-ab65ce51be94",
      "geometry": {
        "type": "Point",
        "coordinates": [
          120.207918,
          23.0291887
        ]
      },
      "properties": {
        "source": "overture",
        "sourceKey": "overture-connectors",
        "sourceVersion": "latest",
        "sourceFeatureId": "4ff3e828-cc27-4db4-85ae-ab65ce51be94",
        "facilityType": "unknown",
        "pedestrianAllowed": null,
        "bicycleAllowed": null,
        "direction": "unknown",
        "provenance": [
          {
            "property": "",
            "dataset": "OpenStreetMap",
            "license": "ODbL-1.0",
            "record_id": "n2753133419@6",
            "update_time": "2026-02-20T11:12:42Z",
            "confidence": null,
            "between": null,
            "provider": "osm",
            "resource": "planet",
            "version": "2026-08-05"
          }
        ],
        "connectorIds": [],
        "officialInventory": false,
        "name": null,
        "originalCrs": "EPSG:4326",
        "originalProperties": {
          "sources": [
            {
              "property": "",
              "dataset": "OpenStreetMap",
              "license": "ODbL-1.0",
              "record_id": "n2753133419@6",
              "update_time": "2026-02-20T11:12:42Z",
              "confidence": null,
              "between": null,
              "provider": "osm",
              "resource": "planet",
              "version": "2026-08-05"
            }
          ],
          "version": 1
        }
      }
    },
    {
      "type": "Feature",
      "id": "098c7397-986e-4067-a1f8-c0ad9565f8f4",
      "geometry": {
        "type": "Point",
        "coordinates": [
          120.2070311,
          23.0292557
        ]
      },
      "properties": {
        "source": "overture",
        "sourceKey": "overture-connectors",
        "sourceVersion": "latest",
        "sourceFeatureId": "098c7397-986e-4067-a1f8-c0ad9565f8f4",
        "facilityType": "unknown",
        "pedestrianAllowed": null,
        "bicycleAllowed": null,
        "direction": "unknown",
        "provenance": [
          {
            "property": "",
            "dataset": "OpenStreetMap",
            "license": "ODbL-1.0",
            "record_id": "n1655791307@7",
            "update_time": "2018-03-01T03:30:28Z",
            "confidence": null,
            "between": null,
            "provider": "osm",
            "resource": "planet",
            "version": "2026-08-05"
          }
        ],
        "connectorIds": [],
        "officialInventory": false,
        "name": null,
        "originalCrs": "EPSG:4326",
        "originalProperties": {
          "sources": [
            {
              "property": "",
              "dataset": "OpenStreetMap",
              "license": "ODbL-1.0",
              "record_id": "n1655791307@7",
              "update_time": "2018-03-01T03:30:28Z",
              "confidence": null,
              "between": null,
              "provider": "osm",
              "resource": "planet",
              "version": "2026-08-05"
            }
          ],
          "version": 1
        }
      }
    },
    {
      "type": "Feature",
      "id": "0d12e463-a726-48f4-84fc-7527b04e0d17",
      "geometry": {
        "type": "Point",
        "coordinates": [
          120.2070925,
          23.0301045
        ]
      },
      "properties": {
        "source": "overture",
        "sourceKey": "overture-connectors",
        "sourceVersion": "latest",
        "sourceFeatureId": "0d12e463-a726-48f4-84fc-7527b04e0d17",
        "facilityType": "unknown",
        "pedestrianAllowed": null,
        "bicycleAllowed": null,
        "direction": "unknown",
        "provenance": [
          {
            "property": "",
            "dataset": "OpenStreetMap",
            "license": "ODbL-1.0",
            "record_id": "n4451766213@3",
            "update_time": "2018-03-01T03:30:28Z",
            "confidence": null,
            "between": null,
            "provider": "osm",
            "resource": "planet",
            "version": "2026-08-05"
          }
        ],
        "connectorIds": [],
        "officialInventory": false,
        "name": null,
        "originalCrs": "EPSG:4326",
        "originalProperties": {
          "sources": [
            {
              "property": "",
              "dataset": "OpenStreetMap",
              "license": "ODbL-1.0",
              "record_id": "n4451766213@3",
              "update_time": "2018-03-01T03:30:28Z",
              "confidence": null,
              "between": null,
              "provider": "osm",
              "resource": "planet",
              "version": "2026-08-05"
            }
          ],
          "version": 1
        }
      }
    },
    {
      "type": "Feature",
      "id": "5fa3622a-e0fc-4cd3-b1a6-cb3becd6ece8",
      "geometry": {
        "type": "Point",
        "coordinates": [
          120.2070642,
          23.0297143
        ]
      },
      "properties": {
        "source": "overture",
        "sourceKey": "overture-connectors",
        "sourceVersion": "latest",
        "sourceFeatureId": "5fa3622a-e0fc-4cd3-b1a6-cb3becd6ece8",
        "facilityType": "unknown",
        "pedestrianAllowed": null,
        "bicycleAllowed": null,
        "direction": "unknown",
        "provenance": [
          {
            "property": "",
            "dataset": "OpenStreetMap",
            "license": "ODbL-1.0",
            "record_id": "n5444188648@1",
            "update_time": "2018-03-01T03:30:20Z",
            "confidence": null,
            "between": null,
            "provider": "osm",
            "resource": "planet",
            "version": "2026-08-05"
          }
        ],
        "connectorIds": [],
        "officialInventory": false,
        "name": null,
        "originalCrs": "EPSG:4326",
        "originalProperties": {
          "sources": [
            {
              "property": "",
              "dataset": "OpenStreetMap",
              "license": "ODbL-1.0",
              "record_id": "n5444188648@1",
              "update_time": "2018-03-01T03:30:20Z",
              "confidence": null,
              "between": null,
              "provider": "osm",
              "resource": "planet",
              "version": "2026-08-05"
            }
          ],
          "version": 1
        }
      }
    },
    {
      "type": "Feature",
      "id": "8d09ce34-96df-4e2f-b5d8-5d80384661be",
      "geometry": {
        "type": "Point",
        "coordinates": [
          120.2079869,
          23.0300361
        ]
      },
      "properties": {
        "source": "overture",
        "sourceKey": "overture-connectors",
        "sourceVersion": "latest",
        "sourceFeatureId": "8d09ce34-96df-4e2f-b5d8-5d80384661be",
        "facilityType": "unknown",
        "pedestrianAllowed": null,
        "bicycleAllowed": null,
        "direction": "unknown",
        "provenance": [
          {
            "property": "",
            "dataset": "OpenStreetMap",
            "license": "ODbL-1.0",
            "record_id": "n2753133421@5",
            "update_time": "2018-03-01T03:30:28Z",
            "confidence": null,
            "between": null,
            "provider": "osm",
            "resource": "planet",
            "version": "2026-08-05"
          }
        ],
        "connectorIds": [],
        "officialInventory": false,
        "name": null,
        "originalCrs": "EPSG:4326",
        "originalProperties": {
          "sources": [
            {
              "property": "",
              "dataset": "OpenStreetMap",
              "license": "ODbL-1.0",
              "record_id": "n2753133421@5",
              "update_time": "2018-03-01T03:30:28Z",
              "confidence": null,
              "between": null,
              "provider": "osm",
              "resource": "planet",
              "version": "2026-08-05"
            }
          ],
          "version": 1
        }
      }
    },
    {
      "type": "Feature",
      "id": "933a4d34-5c1d-45ac-b00a-27dcfa9f2e0f",
      "geometry": {
        "type": "Point",
        "coordinates": [
          120.207559,
          23.0300681
        ]
      },
      "properties": {
        "source": "overture",
        "sourceKey": "overture-connectors",
        "sourceVersion": "latest",
        "sourceFeatureId": "933a4d34-5c1d-45ac-b00a-27dcfa9f2e0f",
        "facilityType": "unknown",
        "pedestrianAllowed": null,
        "bicycleAllowed": null,
        "direction": "unknown",
        "provenance": [
          {
            "property": "",
            "dataset": "OpenStreetMap",
            "license": "ODbL-1.0",
            "record_id": "n5444188660@1",
            "update_time": "2018-03-01T03:30:20Z",
            "confidence": null,
            "between": null,
            "provider": "osm",
            "resource": "planet",
            "version": "2026-08-05"
          }
        ],
        "connectorIds": [],
        "officialInventory": false,
        "name": null,
        "originalCrs": "EPSG:4326",
        "originalProperties": {
          "sources": [
            {
              "property": "",
              "dataset": "OpenStreetMap",
              "license": "ODbL-1.0",
              "record_id": "n5444188660@1",
              "update_time": "2018-03-01T03:30:20Z",
              "confidence": null,
              "between": null,
              "provider": "osm",
              "resource": "planet",
              "version": "2026-08-05"
            }
          ],
          "version": 1
        }
      }
    },
    {
      "type": "Feature",
      "id": "3c62f0de-a2f7-4b19-a23a-287d04d97c60",
      "geometry": {
        "type": "Point",
        "coordinates": [
          120.2079379,
          23.0303934
        ]
      },
      "properties": {
        "source": "overture",
        "sourceKey": "overture-connectors",
        "sourceVersion": "latest",
        "sourceFeatureId": "3c62f0de-a2f7-4b19-a23a-287d04d97c60",
        "facilityType": "unknown",
        "pedestrianAllowed": null,
        "bicycleAllowed": null,
        "direction": "unknown",
        "provenance": [
          {
            "property": "",
            "dataset": "OpenStreetMap",
            "license": "ODbL-1.0",
            "record_id": "n5444188654@1",
            "update_time": "2018-03-01T03:30:20Z",
            "confidence": null,
            "between": null,
            "provider": "osm",
            "resource": "planet",
            "version": "2026-08-05"
          }
        ],
        "connectorIds": [],
        "officialInventory": false,
        "name": null,
        "originalCrs": "EPSG:4326",
        "originalProperties": {
          "sources": [
            {
              "property": "",
              "dataset": "OpenStreetMap",
              "license": "ODbL-1.0",
              "record_id": "n5444188654@1",
              "update_time": "2018-03-01T03:30:20Z",
              "confidence": null,
              "between": null,
              "provider": "osm",
              "resource": "planet",
              "version": "2026-08-05"
            }
          ],
          "version": 1
        }
      }
    },
    {
      "type": "Feature",
      "id": "8be9704d-16ca-49ed-b48c-6e3e2b9bd928",
      "geometry": {
        "type": "Point",
        "coordinates": [
          120.2071207,
          23.030493
        ]
      },
      "properties": {
        "source": "overture",
        "sourceKey": "overture-connectors",
        "sourceVersion": "latest",
        "sourceFeatureId": "8be9704d-16ca-49ed-b48c-6e3e2b9bd928",
        "facilityType": "unknown",
        "pedestrianAllowed": null,
        "bicycleAllowed": null,
        "direction": "unknown",
        "provenance": [
          {
            "property": "",
            "dataset": "OpenStreetMap",
            "license": "ODbL-1.0",
            "record_id": "n5444188651@1",
            "update_time": "2018-03-01T03:30:20Z",
            "confidence": null,
            "between": null,
            "provider": "osm",
            "resource": "planet",
            "version": "2026-08-05"
          }
        ],
        "connectorIds": [],
        "officialInventory": false,
        "name": null,
        "originalCrs": "EPSG:4326",
        "originalProperties": {
          "sources": [
            {
              "property": "",
              "dataset": "OpenStreetMap",
              "license": "ODbL-1.0",
              "record_id": "n5444188651@1",
              "update_time": "2018-03-01T03:30:20Z",
              "confidence": null,
              "between": null,
              "provider": "osm",
              "resource": "planet",
              "version": "2026-08-05"
            }
          ],
          "version": 1
        }
      }
    },
    {
      "type": "Feature",
      "id": "e2626744-617e-417a-85b6-593aa03f5d25",
      "geometry": {
        "type": "Point",
        "coordinates": [
          120.207389,
          23.0302959
        ]
      },
      "properties": {
        "source": "overture",
        "sourceKey": "overture-connectors",
        "sourceVersion": "latest",
        "sourceFeatureId": "e2626744-617e-417a-85b6-593aa03f5d25",
        "facilityType": "unknown",
        "pedestrianAllowed": null,
        "bicycleAllowed": null,
        "direction": "unknown",
        "provenance": [
          {
            "property": "",
            "dataset": "OpenStreetMap",
            "license": "ODbL-1.0",
            "record_id": "n12709378965@1",
            "update_time": "2025-03-29T07:40:12Z",
            "confidence": null,
            "between": null,
            "provider": "osm",
            "resource": "planet",
            "version": "2026-08-05"
          }
        ],
        "connectorIds": [],
        "officialInventory": false,
        "name": null,
        "originalCrs": "EPSG:4326",
        "originalProperties": {
          "sources": [
            {
              "property": "",
              "dataset": "OpenStreetMap",
              "license": "ODbL-1.0",
              "record_id": "n12709378965@1",
              "update_time": "2025-03-29T07:40:12Z",
              "confidence": null,
              "between": null,
              "provider": "osm",
              "resource": "planet",
              "version": "2026-08-05"
            }
          ],
          "version": 1
        }
      }
    },
    {
      "type": "Feature",
      "id": "a7be8c12-678f-4261-8e69-205ab82b2302",
      "geometry": {
        "type": "Point",
        "coordinates": [
          120.2071067,
          23.0302999
        ]
      },
      "properties": {
        "source": "overture",
        "sourceKey": "overture-connectors",
        "sourceVersion": "latest",
        "sourceFeatureId": "a7be8c12-678f-4261-8e69-205ab82b2302",
        "facilityType": "unknown",
        "pedestrianAllowed": null,
        "bicycleAllowed": null,
        "direction": "unknown",
        "provenance": [
          {
            "property": "",
            "dataset": "OpenStreetMap",
            "license": "ODbL-1.0",
            "record_id": "n12709378966@1",
            "update_time": "2025-03-29T07:40:12Z",
            "confidence": null,
            "between": null,
            "provider": "osm",
            "resource": "planet",
            "version": "2026-08-05"
          }
        ],
        "connectorIds": [],
        "officialInventory": false,
        "name": null,
        "originalCrs": "EPSG:4326",
        "originalProperties": {
          "sources": [
            {
              "property": "",
              "dataset": "OpenStreetMap",
              "license": "ODbL-1.0",
              "record_id": "n12709378966@1",
              "update_time": "2025-03-29T07:40:12Z",
              "confidence": null,
              "between": null,
              "provider": "osm",
              "resource": "planet",
              "version": "2026-08-05"
            }
          ],
          "version": 1
        }
      }
    },
    {
      "type": "Feature",
      "id": "cab80fc9-8343-481b-8b91-be7f683d8a2c",
      "geometry": {
        "type": "Point",
        "coordinates": [
          120.206201,
          23.030555
        ]
      },
      "properties": {
        "source": "overture",
        "sourceKey": "overture-connectors",
        "sourceVersion": "latest",
        "sourceFeatureId": "cab80fc9-8343-481b-8b91-be7f683d8a2c",
        "facilityType": "unknown",
        "pedestrianAllowed": null,
        "bicycleAllowed": null,
        "direction": "unknown",
        "provenance": [
          {
            "property": "",
            "dataset": "OpenStreetMap",
            "license": "ODbL-1.0",
            "record_id": "n5444188650@2",
            "update_time": "2024-04-26T07:32:06Z",
            "confidence": null,
            "between": null,
            "provider": "osm",
            "resource": "planet",
            "version": "2026-08-05"
          }
        ],
        "connectorIds": [],
        "officialInventory": false,
        "name": null,
        "originalCrs": "EPSG:4326",
        "originalProperties": {
          "sources": [
            {
              "property": "",
              "dataset": "OpenStreetMap",
              "license": "ODbL-1.0",
              "record_id": "n5444188650@2",
              "update_time": "2024-04-26T07:32:06Z",
              "confidence": null,
              "between": null,
              "provider": "osm",
              "resource": "planet",
              "version": "2026-08-05"
            }
          ],
          "version": 1
        }
      }
    },
    {
      "type": "Feature",
      "id": "1670a556-e6fe-49c5-a997-cd156e0b8591",
      "geometry": {
        "type": "Point",
        "coordinates": [
          120.2056575,
          23.0302495
        ]
      },
      "properties": {
        "source": "overture",
        "sourceKey": "overture-connectors",
        "sourceVersion": "latest",
        "sourceFeatureId": "1670a556-e6fe-49c5-a997-cd156e0b8591",
        "facilityType": "unknown",
        "pedestrianAllowed": null,
        "bicycleAllowed": null,
        "direction": "unknown",
        "provenance": [
          {
            "property": "",
            "dataset": "OpenStreetMap",
            "license": "ODbL-1.0",
            "record_id": "n12709378967@1",
            "update_time": "2025-03-29T07:40:12Z",
            "confidence": null,
            "between": null,
            "provider": "osm",
            "resource": "planet",
            "version": "2026-08-05"
          }
        ],
        "connectorIds": [],
        "officialInventory": false,
        "name": null,
        "originalCrs": "EPSG:4326",
        "originalProperties": {
          "sources": [
            {
              "property": "",
              "dataset": "OpenStreetMap",
              "license": "ODbL-1.0",
              "record_id": "n12709378967@1",
              "update_time": "2025-03-29T07:40:12Z",
              "confidence": null,
              "between": null,
              "provider": "osm",
              "resource": "planet",
              "version": "2026-08-05"
            }
          ],
          "version": 1
        }
      }
    },
    {
      "type": "Feature",
      "id": "1a92a2d4-9265-4e04-8db3-2f97bee9dc51",
      "geometry": {
        "type": "Point",
        "coordinates": [
          120.2058,
          23.0301682
        ]
      },
      "properties": {
        "source": "overture",
        "sourceKey": "overture-connectors",
        "sourceVersion": "latest",
        "sourceFeatureId": "1a92a2d4-9265-4e04-8db3-2f97bee9dc51",
        "facilityType": "unknown",
        "pedestrianAllowed": null,
        "bicycleAllowed": null,
        "direction": "unknown",
        "provenance": [
          {
            "property": "",
            "dataset": "OpenStreetMap",
            "license": "ODbL-1.0",
            "record_id": null,
            "update_time": null,
            "confidence": null,
            "between": null,
            "provider": "osm",
            "resource": "planet",
            "version": "2026-08-05"
          }
        ],
        "connectorIds": [],
        "officialInventory": false,
        "name": null,
        "originalCrs": "EPSG:4326",
        "originalProperties": {
          "sources": [
            {
              "property": "",
              "dataset": "OpenStreetMap",
              "license": "ODbL-1.0",
              "record_id": null,
              "update_time": null,
              "confidence": null,
              "between": null,
              "provider": "osm",
              "resource": "planet",
              "version": "2026-08-05"
            }
          ],
          "version": 1
        }
      }
    },
    {
      "type": "Feature",
      "id": "4cdcb5eb-f0ed-4841-bf21-7d054025fab0",
      "geometry": {
        "type": "Point",
        "coordinates": [
          120.2061679,
          23.0297801
        ]
      },
      "properties": {
        "source": "overture",
        "sourceKey": "overture-connectors",
        "sourceVersion": "latest",
        "sourceFeatureId": "4cdcb5eb-f0ed-4841-bf21-7d054025fab0",
        "facilityType": "unknown",
        "pedestrianAllowed": null,
        "bicycleAllowed": null,
        "direction": "unknown",
        "provenance": [
          {
            "property": "",
            "dataset": "OpenStreetMap",
            "license": "ODbL-1.0",
            "record_id": "n5444188647@1",
            "update_time": "2018-03-01T03:30:20Z",
            "confidence": null,
            "between": null,
            "provider": "osm",
            "resource": "planet",
            "version": "2026-08-05"
          }
        ],
        "connectorIds": [],
        "officialInventory": false,
        "name": null,
        "originalCrs": "EPSG:4326",
        "originalProperties": {
          "sources": [
            {
              "property": "",
              "dataset": "OpenStreetMap",
              "license": "ODbL-1.0",
              "record_id": "n5444188647@1",
              "update_time": "2018-03-01T03:30:20Z",
              "confidence": null,
              "between": null,
              "provider": "osm",
              "resource": "planet",
              "version": "2026-08-05"
            }
          ],
          "version": 1
        }
      }
    },
    {
      "type": "Feature",
      "id": "34a52314-6008-4196-84c8-c8863b66133a",
      "geometry": {
        "type": "Point",
        "coordinates": [
          120.2061805,
          23.0301763
        ]
      },
      "properties": {
        "source": "overture",
        "sourceKey": "overture-connectors",
        "sourceVersion": "latest",
        "sourceFeatureId": "34a52314-6008-4196-84c8-c8863b66133a",
        "facilityType": "unknown",
        "pedestrianAllowed": null,
        "bicycleAllowed": null,
        "direction": "unknown",
        "provenance": [
          {
            "property": "",
            "dataset": "OpenStreetMap",
            "license": "ODbL-1.0",
            "record_id": "n5444188649@2",
            "update_time": "2024-04-26T07:32:06Z",
            "confidence": null,
            "between": null,
            "provider": "osm",
            "resource": "planet",
            "version": "2026-08-05"
          }
        ],
        "connectorIds": [],
        "officialInventory": false,
        "name": null,
        "originalCrs": "EPSG:4326",
        "originalProperties": {
          "sources": [
            {
              "property": "",
              "dataset": "OpenStreetMap",
              "license": "ODbL-1.0",
              "record_id": "n5444188649@2",
              "update_time": "2024-04-26T07:32:06Z",
              "confidence": null,
              "between": null,
              "provider": "osm",
              "resource": "planet",
              "version": "2026-08-05"
            }
          ],
          "version": 1
        }
      }
    },
    {
      "type": "Feature",
      "id": "593ee321-b385-493d-b57a-e0124c006eb5",
      "geometry": {
        "type": "Point",
        "coordinates": [
          120.2061392,
          23.0293232
        ]
      },
      "properties": {
        "source": "overture",
        "sourceKey": "overture-connectors",
        "sourceVersion": "latest",
        "sourceFeatureId": "593ee321-b385-493d-b57a-e0124c006eb5",
        "facilityType": "unknown",
        "pedestrianAllowed": null,
        "bicycleAllowed": null,
        "direction": "unknown",
        "provenance": [
          {
            "property": "",
            "dataset": "OpenStreetMap",
            "license": "ODbL-1.0",
            "record_id": "n1655791619@6",
            "update_time": "2026-02-20T11:12:42Z",
            "confidence": null,
            "between": null,
            "provider": "osm",
            "resource": "planet",
            "version": "2026-08-05"
          }
        ],
        "connectorIds": [],
        "officialInventory": false,
        "name": null,
        "originalCrs": "EPSG:4326",
        "originalProperties": {
          "sources": [
            {
              "property": "",
              "dataset": "OpenStreetMap",
              "license": "ODbL-1.0",
              "record_id": "n1655791619@6",
              "update_time": "2026-02-20T11:12:42Z",
              "confidence": null,
              "between": null,
              "provider": "osm",
              "resource": "planet",
              "version": "2026-08-05"
            }
          ],
          "version": 1
        }
      }
    },
    {
      "type": "Feature",
      "id": "e08481d7-30e3-4ef7-9c4e-1abd6deeaa4b",
      "geometry": {
        "type": "Point",
        "coordinates": [
          120.205425,
          23.0293771
        ]
      },
      "properties": {
        "source": "overture",
        "sourceKey": "overture-connectors",
        "sourceVersion": "latest",
        "sourceFeatureId": "e08481d7-30e3-4ef7-9c4e-1abd6deeaa4b",
        "facilityType": "unknown",
        "pedestrianAllowed": null,
        "bicycleAllowed": null,
        "direction": "unknown",
        "provenance": [
          {
            "property": "",
            "dataset": "OpenStreetMap",
            "license": "ODbL-1.0",
            "record_id": "n5442145566@2",
            "update_time": "2018-03-01T03:30:28Z",
            "confidence": null,
            "between": null,
            "provider": "osm",
            "resource": "planet",
            "version": "2026-08-05"
          }
        ],
        "connectorIds": [],
        "officialInventory": false,
        "name": null,
        "originalCrs": "EPSG:4326",
        "originalProperties": {
          "sources": [
            {
              "property": "",
              "dataset": "OpenStreetMap",
              "license": "ODbL-1.0",
              "record_id": "n5442145566@2",
              "update_time": "2018-03-01T03:30:28Z",
              "confidence": null,
              "between": null,
              "provider": "osm",
              "resource": "planet",
              "version": "2026-08-05"
            }
          ],
          "version": 1
        }
      }
    },
    {
      "type": "Feature",
      "id": "a15aac51-08e3-4caf-8a30-7db974e18dfa",
      "geometry": {
        "type": "Point",
        "coordinates": [
          120.2056523,
          23.0293599
        ]
      },
      "properties": {
        "source": "overture",
        "sourceKey": "overture-connectors",
        "sourceVersion": "latest",
        "sourceFeatureId": "a15aac51-08e3-4caf-8a30-7db974e18dfa",
        "facilityType": "unknown",
        "pedestrianAllowed": null,
        "bicycleAllowed": null,
        "direction": "unknown",
        "provenance": [
          {
            "property": "",
            "dataset": "OpenStreetMap",
            "license": "ODbL-1.0",
            "record_id": "n12709378968@1",
            "update_time": "2025-03-29T07:40:12Z",
            "confidence": null,
            "between": null,
            "provider": "osm",
            "resource": "planet",
            "version": "2026-08-05"
          }
        ],
        "connectorIds": [],
        "officialInventory": false,
        "name": null,
        "originalCrs": "EPSG:4326",
        "originalProperties": {
          "sources": [
            {
              "property": "",
              "dataset": "OpenStreetMap",
              "license": "ODbL-1.0",
              "record_id": "n12709378968@1",
              "update_time": "2025-03-29T07:40:12Z",
              "confidence": null,
              "between": null,
              "provider": "osm",
              "resource": "planet",
              "version": "2026-08-05"
            }
          ],
          "version": 1
        }
      }
    },
    {
      "type": "Feature",
      "id": "a16e7b43-ee37-4a72-8e5c-1c247c5c7990",
      "geometry": {
        "type": "Point",
        "coordinates": [
          120.2046567,
          23.0294501
        ]
      },
      "properties": {
        "source": "overture",
        "sourceKey": "overture-connectors",
        "sourceVersion": "latest",
        "sourceFeatureId": "a16e7b43-ee37-4a72-8e5c-1c247c5c7990",
        "facilityType": "unknown",
        "pedestrianAllowed": null,
        "bicycleAllowed": null,
        "direction": "unknown",
        "provenance": [
          {
            "property": "",
            "dataset": "OpenStreetMap",
            "license": "ODbL-1.0",
            "record_id": "n1655791334@6",
            "update_time": "2026-07-11T01:32:44Z",
            "confidence": null,
            "between": null,
            "provider": "osm",
            "resource": "planet",
            "version": "2026-08-05"
          }
        ],
        "connectorIds": [],
        "officialInventory": false,
        "name": null,
        "originalCrs": "EPSG:4326",
        "originalProperties": {
          "sources": [
            {
              "property": "",
              "dataset": "OpenStreetMap",
              "license": "ODbL-1.0",
              "record_id": "n1655791334@6",
              "update_time": "2026-07-11T01:32:44Z",
              "confidence": null,
              "between": null,
              "provider": "osm",
              "resource": "planet",
              "version": "2026-08-05"
            }
          ],
          "version": 2
        }
      }
    },
    {
      "type": "Feature",
      "id": "68117ad1-a839-4bee-afbd-a172a976b238",
      "geometry": {
        "type": "Point",
        "coordinates": [
          120.20467,
          23.0293551
        ]
      },
      "properties": {
        "source": "overture",
        "sourceKey": "overture-connectors",
        "sourceVersion": "latest",
        "sourceFeatureId": "68117ad1-a839-4bee-afbd-a172a976b238",
        "facilityType": "unknown",
        "pedestrianAllowed": null,
        "bicycleAllowed": null,
        "direction": "unknown",
        "provenance": [
          {
            "property": "",
            "dataset": "OpenStreetMap",
            "license": "ODbL-1.0",
            "record_id": "n7676498153@5",
            "update_time": "2026-07-11T01:32:44Z",
            "confidence": null,
            "between": null,
            "provider": "osm",
            "resource": "planet",
            "version": "2026-08-05"
          }
        ],
        "connectorIds": [],
        "officialInventory": false,
        "name": null,
        "originalCrs": "EPSG:4326",
        "originalProperties": {
          "sources": [
            {
              "property": "",
              "dataset": "OpenStreetMap",
              "license": "ODbL-1.0",
              "record_id": "n7676498153@5",
              "update_time": "2026-07-11T01:32:44Z",
              "confidence": null,
              "between": null,
              "provider": "osm",
              "resource": "planet",
              "version": "2026-08-05"
            }
          ],
          "version": 2
        }
      }
    },
    {
      "type": "Feature",
      "id": "1bc274bf-8757-40ef-b0d4-b6867ee6912a",
      "geometry": {
        "type": "Point",
        "coordinates": [
          120.2047898,
          23.0294431
        ]
      },
      "properties": {
        "source": "overture",
        "sourceKey": "overture-connectors",
        "sourceVersion": "latest",
        "sourceFeatureId": "1bc274bf-8757-40ef-b0d4-b6867ee6912a",
        "facilityType": "unknown",
        "pedestrianAllowed": null,
        "bicycleAllowed": null,
        "direction": "unknown",
        "provenance": [
          {
            "property": "",
            "dataset": "OpenStreetMap",
            "license": "ODbL-1.0",
            "record_id": "n1655791328@9",
            "update_time": "2026-07-11T01:32:44Z",
            "confidence": null,
            "between": null,
            "provider": "osm",
            "resource": "planet",
            "version": "2026-08-05"
          }
        ],
        "connectorIds": [],
        "officialInventory": false,
        "name": null,
        "originalCrs": "EPSG:4326",
        "originalProperties": {
          "sources": [
            {
              "property": "",
              "dataset": "OpenStreetMap",
              "license": "ODbL-1.0",
              "record_id": "n1655791328@9",
              "update_time": "2026-07-11T01:32:44Z",
              "confidence": null,
              "between": null,
              "provider": "osm",
              "resource": "planet",
              "version": "2026-08-05"
            }
          ],
          "version": 4
        }
      }
    },
    {
      "type": "Feature",
      "id": "2581b09b-dad9-44a1-944c-6af3348ee463",
      "geometry": {
        "type": "Point",
        "coordinates": [
          120.2048048,
          23.0293451
        ]
      },
      "properties": {
        "source": "overture",
        "sourceKey": "overture-connectors",
        "sourceVersion": "latest",
        "sourceFeatureId": "2581b09b-dad9-44a1-944c-6af3348ee463",
        "facilityType": "unknown",
        "pedestrianAllowed": null,
        "bicycleAllowed": null,
        "direction": "unknown",
        "provenance": [
          {
            "property": "",
            "dataset": "OpenStreetMap",
            "license": "ODbL-1.0",
            "record_id": "n1557426424@11",
            "update_time": "2026-07-11T01:32:44Z",
            "confidence": null,
            "between": null,
            "provider": "osm",
            "resource": "planet",
            "version": "2026-08-05"
          }
        ],
        "connectorIds": [],
        "officialInventory": false,
        "name": null,
        "originalCrs": "EPSG:4326",
        "originalProperties": {
          "sources": [
            {
              "property": "",
              "dataset": "OpenStreetMap",
              "license": "ODbL-1.0",
              "record_id": "n1557426424@11",
              "update_time": "2026-07-11T01:32:44Z",
              "confidence": null,
              "between": null,
              "provider": "osm",
              "resource": "planet",
              "version": "2026-08-05"
            }
          ],
          "version": 4
        }
      }
    },
    {
      "type": "Feature",
      "id": "698a3cf9-6035-4a92-bc03-55fa6e80a7b1",
      "geometry": {
        "type": "Point",
        "coordinates": [
          120.2046081,
          23.0305971
        ]
      },
      "properties": {
        "source": "overture",
        "sourceKey": "overture-connectors",
        "sourceVersion": "latest",
        "sourceFeatureId": "698a3cf9-6035-4a92-bc03-55fa6e80a7b1",
        "facilityType": "unknown",
        "pedestrianAllowed": null,
        "bicycleAllowed": null,
        "direction": "unknown",
        "provenance": [
          {
            "property": "",
            "dataset": "OpenStreetMap",
            "license": "ODbL-1.0",
            "record_id": "n12477157667@4",
            "update_time": "2026-07-11T01:32:44Z",
            "confidence": null,
            "between": null,
            "provider": "osm",
            "resource": "planet",
            "version": "2026-08-05"
          }
        ],
        "connectorIds": [],
        "officialInventory": false,
        "name": null,
        "originalCrs": "EPSG:4326",
        "originalProperties": {
          "sources": [
            {
              "property": "",
              "dataset": "OpenStreetMap",
              "license": "ODbL-1.0",
              "record_id": "n12477157667@4",
              "update_time": "2026-07-11T01:32:44Z",
              "confidence": null,
              "between": null,
              "provider": "osm",
              "resource": "planet",
              "version": "2026-08-05"
            }
          ],
          "version": 4
        }
      }
    },
    {
      "type": "Feature",
      "id": "2fcc06cf-b847-4550-9cb1-ddafa53d9cf4",
      "geometry": {
        "type": "Point",
        "coordinates": [
          120.2044849,
          23.0306053
        ]
      },
      "properties": {
        "source": "overture",
        "sourceKey": "overture-connectors",
        "sourceVersion": "latest",
        "sourceFeatureId": "2fcc06cf-b847-4550-9cb1-ddafa53d9cf4",
        "facilityType": "unknown",
        "pedestrianAllowed": null,
        "bicycleAllowed": null,
        "direction": "unknown",
        "provenance": [
          {
            "property": "",
            "dataset": "OpenStreetMap",
            "license": "ODbL-1.0",
            "record_id": "n8540278724@4",
            "update_time": "2026-07-11T01:32:44Z",
            "confidence": null,
            "between": null,
            "provider": "osm",
            "resource": "planet",
            "version": "2026-08-05"
          }
        ],
        "connectorIds": [],
        "officialInventory": false,
        "name": null,
        "originalCrs": "EPSG:4326",
        "originalProperties": {
          "sources": [
            {
              "property": "",
              "dataset": "OpenStreetMap",
              "license": "ODbL-1.0",
              "record_id": "n8540278724@4",
              "update_time": "2026-07-11T01:32:44Z",
              "confidence": null,
              "between": null,
              "provider": "osm",
              "resource": "planet",
              "version": "2026-08-05"
            }
          ],
          "version": 2
        }
      }
    },
    {
      "type": "Feature",
      "id": "a1329560-3527-4bd1-9a76-23ca121cba8c",
      "geometry": {
        "type": "Point",
        "coordinates": [
          120.2054006,
          23.0307481
        ]
      },
      "properties": {
        "source": "overture",
        "sourceKey": "overture-connectors",
        "sourceVersion": "latest",
        "sourceFeatureId": "a1329560-3527-4bd1-9a76-23ca121cba8c",
        "facilityType": "unknown",
        "pedestrianAllowed": null,
        "bicycleAllowed": null,
        "direction": "unknown",
        "provenance": [
          {
            "property": "",
            "dataset": "OpenStreetMap",
            "license": "ODbL-1.0",
            "record_id": "n1655791353@5",
            "update_time": "2018-03-01T03:30:28Z",
            "confidence": null,
            "between": null,
            "provider": "osm",
            "resource": "planet",
            "version": "2026-08-05"
          }
        ],
        "connectorIds": [],
        "officialInventory": false,
        "name": null,
        "originalCrs": "EPSG:4326",
        "originalProperties": {
          "sources": [
            {
              "property": "",
              "dataset": "OpenStreetMap",
              "license": "ODbL-1.0",
              "record_id": "n1655791353@5",
              "update_time": "2018-03-01T03:30:28Z",
              "confidence": null,
              "between": null,
              "provider": "osm",
              "resource": "planet",
              "version": "2026-08-05"
            }
          ],
          "version": 1
        }
      }
    },
    {
      "type": "Feature",
      "id": "6a33fc98-da11-4383-8c41-8ab4c6ac86a2",
      "geometry": {
        "type": "Point",
        "coordinates": [
          120.2053964,
          23.0309842
        ]
      },
      "properties": {
        "source": "overture",
        "sourceKey": "overture-connectors",
        "sourceVersion": "latest",
        "sourceFeatureId": "6a33fc98-da11-4383-8c41-8ab4c6ac86a2",
        "facilityType": "unknown",
        "pedestrianAllowed": null,
        "bicycleAllowed": null,
        "direction": "unknown",
        "provenance": [
          {
            "property": "",
            "dataset": "OpenStreetMap",
            "license": "ODbL-1.0",
            "record_id": null,
            "update_time": null,
            "confidence": null,
            "between": null,
            "provider": "osm",
            "resource": "planet",
            "version": "2026-08-05"
          }
        ],
        "connectorIds": [],
        "officialInventory": false,
        "name": null,
        "originalCrs": "EPSG:4326",
        "originalProperties": {
          "sources": [
            {
              "property": "",
              "dataset": "OpenStreetMap",
              "license": "ODbL-1.0",
              "record_id": null,
              "update_time": null,
              "confidence": null,
              "between": null,
              "provider": "osm",
              "resource": "planet",
              "version": "2026-08-05"
            }
          ],
          "version": 1
        }
      }
    },
    {
      "type": "Feature",
      "id": "064248bc-0588-4f4e-ba18-7ae6de4ddc3f",
      "geometry": {
        "type": "Point",
        "coordinates": [
          120.2054821,
          23.0309879
        ]
      },
      "properties": {
        "source": "overture",
        "sourceKey": "overture-connectors",
        "sourceVersion": "latest",
        "sourceFeatureId": "064248bc-0588-4f4e-ba18-7ae6de4ddc3f",
        "facilityType": "unknown",
        "pedestrianAllowed": null,
        "bicycleAllowed": null,
        "direction": "unknown",
        "provenance": [
          {
            "property": "",
            "dataset": "OpenStreetMap",
            "license": "ODbL-1.0",
            "record_id": null,
            "update_time": null,
            "confidence": null,
            "between": null,
            "provider": "osm",
            "resource": "planet",
            "version": "2026-08-05"
          }
        ],
        "connectorIds": [],
        "officialInventory": false,
        "name": null,
        "originalCrs": "EPSG:4326",
        "originalProperties": {
          "sources": [
            {
              "property": "",
              "dataset": "OpenStreetMap",
              "license": "ODbL-1.0",
              "record_id": null,
              "update_time": null,
              "confidence": null,
              "between": null,
              "provider": "osm",
              "resource": "planet",
              "version": "2026-08-05"
            }
          ],
          "version": 1
        }
      }
    },
    {
      "type": "Feature",
      "id": "76a85b71-a4a2-4742-a2c5-cd8cf261b399",
      "geometry": {
        "type": "Point",
        "coordinates": [
          120.2062068,
          23.0307806
        ]
      },
      "properties": {
        "source": "overture",
        "sourceKey": "overture-connectors",
        "sourceVersion": "latest",
        "sourceFeatureId": "76a85b71-a4a2-4742-a2c5-cd8cf261b399",
        "facilityType": "unknown",
        "pedestrianAllowed": null,
        "bicycleAllowed": null,
        "direction": "unknown",
        "provenance": [
          {
            "property": "",
            "dataset": "OpenStreetMap",
            "license": "ODbL-1.0",
            "record_id": "n1655791358@5",
            "update_time": "2024-04-26T07:32:06Z",
            "confidence": null,
            "between": null,
            "provider": "osm",
            "resource": "planet",
            "version": "2026-08-05"
          }
        ],
        "connectorIds": [],
        "officialInventory": false,
        "name": null,
        "originalCrs": "EPSG:4326",
        "originalProperties": {
          "sources": [
            {
              "property": "",
              "dataset": "OpenStreetMap",
              "license": "ODbL-1.0",
              "record_id": "n1655791358@5",
              "update_time": "2024-04-26T07:32:06Z",
              "confidence": null,
              "between": null,
              "provider": "osm",
              "resource": "planet",
              "version": "2026-08-05"
            }
          ],
          "version": 1
        }
      }
    },
    {
      "type": "Feature",
      "id": "4515e4d6-5125-4e2f-b2c0-473d7d40e213",
      "geometry": {
        "type": "Point",
        "coordinates": [
          120.2019632,
          23.0307265
        ]
      },
      "properties": {
        "source": "overture",
        "sourceKey": "overture-connectors",
        "sourceVersion": "latest",
        "sourceFeatureId": "4515e4d6-5125-4e2f-b2c0-473d7d40e213",
        "facilityType": "unknown",
        "pedestrianAllowed": null,
        "bicycleAllowed": null,
        "direction": "unknown",
        "provenance": [
          {
            "property": "",
            "dataset": "OpenStreetMap",
            "license": "ODbL-1.0",
            "record_id": "n8540278725@3",
            "update_time": "2026-07-11T01:26:48Z",
            "confidence": null,
            "between": null,
            "provider": "osm",
            "resource": "planet",
            "version": "2026-08-05"
          }
        ],
        "connectorIds": [],
        "officialInventory": false,
        "name": null,
        "originalCrs": "EPSG:4326",
        "originalProperties": {
          "sources": [
            {
              "property": "",
              "dataset": "OpenStreetMap",
              "license": "ODbL-1.0",
              "record_id": "n8540278725@3",
              "update_time": "2026-07-11T01:26:48Z",
              "confidence": null,
              "between": null,
              "provider": "osm",
              "resource": "planet",
              "version": "2026-08-05"
            }
          ],
          "version": 2
        }
      }
    },
    {
      "type": "Feature",
      "id": "d3320129-c61a-49ea-8614-35302a8bf0cb",
      "geometry": {
        "type": "Point",
        "coordinates": [
          120.2018309,
          23.0307296
        ]
      },
      "properties": {
        "source": "overture",
        "sourceKey": "overture-connectors",
        "sourceVersion": "latest",
        "sourceFeatureId": "d3320129-c61a-49ea-8614-35302a8bf0cb",
        "facilityType": "unknown",
        "pedestrianAllowed": null,
        "bicycleAllowed": null,
        "direction": "unknown",
        "provenance": [
          {
            "property": "",
            "dataset": "OpenStreetMap",
            "license": "ODbL-1.0",
            "record_id": "n12477157668@2",
            "update_time": "2026-07-11T01:26:48Z",
            "confidence": null,
            "between": null,
            "provider": "osm",
            "resource": "planet",
            "version": "2026-08-05"
          }
        ],
        "connectorIds": [],
        "officialInventory": false,
        "name": null,
        "originalCrs": "EPSG:4326",
        "originalProperties": {
          "sources": [
            {
              "property": "",
              "dataset": "OpenStreetMap",
              "license": "ODbL-1.0",
              "record_id": "n12477157668@2",
              "update_time": "2026-07-11T01:26:48Z",
              "confidence": null,
              "between": null,
              "provider": "osm",
              "resource": "planet",
              "version": "2026-08-05"
            }
          ],
          "version": 2
        }
      }
    },
    {
      "type": "Feature",
      "id": "685d0580-cf77-4ef3-902c-07a401551a7e",
      "geometry": {
        "type": "Point",
        "coordinates": [
          120.2001459,
          23.0297991
        ]
      },
      "properties": {
        "source": "overture",
        "sourceKey": "overture-connectors",
        "sourceVersion": "latest",
        "sourceFeatureId": "685d0580-cf77-4ef3-902c-07a401551a7e",
        "facilityType": "unknown",
        "pedestrianAllowed": null,
        "bicycleAllowed": null,
        "direction": "unknown",
        "provenance": [
          {
            "property": "",
            "dataset": "OpenStreetMap",
            "license": "ODbL-1.0",
            "record_id": "n8540278743@2",
            "update_time": "2025-01-06T02:28:02Z",
            "confidence": null,
            "between": null,
            "provider": "osm",
            "resource": "planet",
            "version": "2026-08-05"
          }
        ],
        "connectorIds": [],
        "officialInventory": false,
        "name": null,
        "originalCrs": "EPSG:4326",
        "originalProperties": {
          "sources": [
            {
              "property": "",
              "dataset": "OpenStreetMap",
              "license": "ODbL-1.0",
              "record_id": "n8540278743@2",
              "update_time": "2025-01-06T02:28:02Z",
              "confidence": null,
              "between": null,
              "provider": "osm",
              "resource": "planet",
              "version": "2026-08-05"
            }
          ],
          "version": 1
        }
      }
    },
    {
      "type": "Feature",
      "id": "31fa8723-86c8-4d80-a20e-ebaa787de921",
      "geometry": {
        "type": "Point",
        "coordinates": [
          120.198424,
          23.0299198
        ]
      },
      "properties": {
        "source": "overture",
        "sourceKey": "overture-connectors",
        "sourceVersion": "latest",
        "sourceFeatureId": "31fa8723-86c8-4d80-a20e-ebaa787de921",
        "facilityType": "unknown",
        "pedestrianAllowed": null,
        "bicycleAllowed": null,
        "direction": "unknown",
        "provenance": [
          {
            "property": "",
            "dataset": "OpenStreetMap",
            "license": "ODbL-1.0",
            "record_id": "n8540278738@3",
            "update_time": "2026-07-11T01:26:48Z",
            "confidence": null,
            "between": null,
            "provider": "osm",
            "resource": "planet",
            "version": "2026-08-05"
          }
        ],
        "connectorIds": [],
        "officialInventory": false,
        "name": null,
        "originalCrs": "EPSG:4326",
        "originalProperties": {
          "sources": [
            {
              "property": "",
              "dataset": "OpenStreetMap",
              "license": "ODbL-1.0",
              "record_id": "n8540278738@3",
              "update_time": "2026-07-11T01:26:48Z",
              "confidence": null,
              "between": null,
              "provider": "osm",
              "resource": "planet",
              "version": "2026-08-05"
            }
          ],
          "version": 2
        }
      }
    },
    {
      "type": "Feature",
      "id": "ed6861a1-e685-4fe6-8487-84378f1e3391",
      "geometry": {
        "type": "Point",
        "coordinates": [
          120.197405,
          23.0290841
        ]
      },
      "properties": {
        "source": "overture",
        "sourceKey": "overture-connectors",
        "sourceVersion": "latest",
        "sourceFeatureId": "ed6861a1-e685-4fe6-8487-84378f1e3391",
        "facilityType": "unknown",
        "pedestrianAllowed": null,
        "bicycleAllowed": null,
        "direction": "unknown",
        "provenance": [
          {
            "property": "",
            "dataset": "OpenStreetMap",
            "license": "ODbL-1.0",
            "record_id": "n13584543397@1",
            "update_time": "2026-02-20T11:12:42Z",
            "confidence": null,
            "between": null,
            "provider": "osm",
            "resource": "planet",
            "version": "2026-08-05"
          }
        ],
        "connectorIds": [],
        "officialInventory": false,
        "name": null,
        "originalCrs": "EPSG:4326",
        "originalProperties": {
          "sources": [
            {
              "property": "",
              "dataset": "OpenStreetMap",
              "license": "ODbL-1.0",
              "record_id": "n13584543397@1",
              "update_time": "2026-02-20T11:12:42Z",
              "confidence": null,
              "between": null,
              "provider": "osm",
              "resource": "planet",
              "version": "2026-08-05"
            }
          ],
          "version": 1
        }
      }
    },
    {
      "type": "Feature",
      "id": "a30559a1-b4e9-4bc4-9e6f-12ce5911f5f9",
      "geometry": {
        "type": "Point",
        "coordinates": [
          120.1973978,
          23.0290273
        ]
      },
      "properties": {
        "source": "overture",
        "sourceKey": "overture-connectors",
        "sourceVersion": "latest",
        "sourceFeatureId": "a30559a1-b4e9-4bc4-9e6f-12ce5911f5f9",
        "facilityType": "unknown",
        "pedestrianAllowed": null,
        "bicycleAllowed": null,
        "direction": "unknown",
        "provenance": [
          {
            "property": "",
            "dataset": "OpenStreetMap",
            "license": "ODbL-1.0",
            "record_id": "n13584546701@1",
            "update_time": "2026-02-20T11:12:42Z",
            "confidence": null,
            "between": null,
            "provider": "osm",
            "resource": "planet",
            "version": "2026-08-05"
          }
        ],
        "connectorIds": [],
        "officialInventory": false,
        "name": null,
        "originalCrs": "EPSG:4326",
        "originalProperties": {
          "sources": [
            {
              "property": "",
              "dataset": "OpenStreetMap",
              "license": "ODbL-1.0",
              "record_id": "n13584546701@1",
              "update_time": "2026-02-20T11:12:42Z",
              "confidence": null,
              "between": null,
              "provider": "osm",
              "resource": "planet",
              "version": "2026-08-05"
            }
          ],
          "version": 1
        }
      }
    },
    {
      "type": "Feature",
      "id": "d8f8844f-a8ee-4baa-98ec-a0137e9c8e34",
      "geometry": {
        "type": "Point",
        "coordinates": [
          120.197476,
          23.0290204
        ]
      },
      "properties": {
        "source": "overture",
        "sourceKey": "overture-connectors",
        "sourceVersion": "latest",
        "sourceFeatureId": "d8f8844f-a8ee-4baa-98ec-a0137e9c8e34",
        "facilityType": "unknown",
        "pedestrianAllowed": null,
        "bicycleAllowed": null,
        "direction": "unknown",
        "provenance": [
          {
            "property": "",
            "dataset": "OpenStreetMap",
            "license": "ODbL-1.0",
            "record_id": "n1585378082@7",
            "update_time": "2026-02-20T11:12:42Z",
            "confidence": null,
            "between": null,
            "provider": "osm",
            "resource": "planet",
            "version": "2026-08-05"
          }
        ],
        "connectorIds": [],
        "officialInventory": false,
        "name": null,
        "originalCrs": "EPSG:4326",
        "originalProperties": {
          "sources": [
            {
              "property": "",
              "dataset": "OpenStreetMap",
              "license": "ODbL-1.0",
              "record_id": "n1585378082@7",
              "update_time": "2026-02-20T11:12:42Z",
              "confidence": null,
              "between": null,
              "provider": "osm",
              "resource": "planet",
              "version": "2026-08-05"
            }
          ],
          "version": 2
        }
      }
    },
    {
      "type": "Feature",
      "id": "5a1d2368-78c7-41e7-8aca-7814ede13bcf",
      "geometry": {
        "type": "Point",
        "coordinates": [
          120.1975812,
          23.029014
        ]
      },
      "properties": {
        "source": "overture",
        "sourceKey": "overture-connectors",
        "sourceVersion": "latest",
        "sourceFeatureId": "5a1d2368-78c7-41e7-8aca-7814ede13bcf",
        "facilityType": "unknown",
        "pedestrianAllowed": null,
        "bicycleAllowed": null,
        "direction": "unknown",
        "provenance": [
          {
            "property": "",
            "dataset": "OpenStreetMap",
            "license": "ODbL-1.0",
            "record_id": "n13584543400@1",
            "update_time": "2026-02-20T11:12:42Z",
            "confidence": null,
            "between": null,
            "provider": "osm",
            "resource": "planet",
            "version": "2026-08-05"
          }
        ],
        "connectorIds": [],
        "officialInventory": false,
        "name": null,
        "originalCrs": "EPSG:4326",
        "originalProperties": {
          "sources": [
            {
              "property": "",
              "dataset": "OpenStreetMap",
              "license": "ODbL-1.0",
              "record_id": "n13584543400@1",
              "update_time": "2026-02-20T11:12:42Z",
              "confidence": null,
              "between": null,
              "provider": "osm",
              "resource": "planet",
              "version": "2026-08-05"
            }
          ],
          "version": 1
        }
      }
    },
    {
      "type": "Feature",
      "id": "71db10d4-30d9-46f0-b122-dfdb3bab0860",
      "geometry": {
        "type": "Point",
        "coordinates": [
          120.1974949,
          23.028926
        ]
      },
      "properties": {
        "source": "overture",
        "sourceKey": "overture-connectors",
        "sourceVersion": "latest",
        "sourceFeatureId": "71db10d4-30d9-46f0-b122-dfdb3bab0860",
        "facilityType": "unknown",
        "pedestrianAllowed": null,
        "bicycleAllowed": null,
        "direction": "unknown",
        "provenance": [
          {
            "property": "",
            "dataset": "OpenStreetMap",
            "license": "ODbL-1.0",
            "record_id": "n13584543399@1",
            "update_time": "2026-02-20T11:12:42Z",
            "confidence": null,
            "between": null,
            "provider": "osm",
            "resource": "planet",
            "version": "2026-08-05"
          }
        ],
        "connectorIds": [],
        "officialInventory": false,
        "name": null,
        "originalCrs": "EPSG:4326",
        "originalProperties": {
          "sources": [
            {
              "property": "",
              "dataset": "OpenStreetMap",
              "license": "ODbL-1.0",
              "record_id": "n13584543399@1",
              "update_time": "2026-02-20T11:12:42Z",
              "confidence": null,
              "between": null,
              "provider": "osm",
              "resource": "planet",
              "version": "2026-08-05"
            }
          ],
          "version": 1
        }
      }
    },
    {
      "type": "Feature",
      "id": "cfdf7530-7e36-43eb-9f24-80a79991275e",
      "geometry": {
        "type": "Point",
        "coordinates": [
          120.197445,
          23.0289158
        ]
      },
      "properties": {
        "source": "overture",
        "sourceKey": "overture-connectors",
        "sourceVersion": "latest",
        "sourceFeatureId": "cfdf7530-7e36-43eb-9f24-80a79991275e",
        "facilityType": "unknown",
        "pedestrianAllowed": null,
        "bicycleAllowed": null,
        "direction": "unknown",
        "provenance": [
          {
            "property": "",
            "dataset": "OpenStreetMap",
            "license": "ODbL-1.0",
            "record_id": "n13584543396@1",
            "update_time": "2026-02-20T11:12:42Z",
            "confidence": null,
            "between": null,
            "provider": "osm",
            "resource": "planet",
            "version": "2026-08-05"
          }
        ],
        "connectorIds": [],
        "officialInventory": false,
        "name": null,
        "originalCrs": "EPSG:4326",
        "originalProperties": {
          "sources": [
            {
              "property": "",
              "dataset": "OpenStreetMap",
              "license": "ODbL-1.0",
              "record_id": "n13584543396@1",
              "update_time": "2026-02-20T11:12:42Z",
              "confidence": null,
              "between": null,
              "provider": "osm",
              "resource": "planet",
              "version": "2026-08-05"
            }
          ],
          "version": 1
        }
      }
    },
    {
      "type": "Feature",
      "id": "4bb4dc44-a142-4ec8-b75b-7918d0325401",
      "geometry": {
        "type": "Point",
        "coordinates": [
          120.1975019,
          23.0288931
        ]
      },
      "properties": {
        "source": "overture",
        "sourceKey": "overture-connectors",
        "sourceVersion": "latest",
        "sourceFeatureId": "4bb4dc44-a142-4ec8-b75b-7918d0325401",
        "facilityType": "unknown",
        "pedestrianAllowed": null,
        "bicycleAllowed": null,
        "direction": "unknown",
        "provenance": [
          {
            "property": "",
            "dataset": "OpenStreetMap",
            "license": "ODbL-1.0",
            "record_id": "n1711338717@8",
            "update_time": "2026-02-20T11:12:42Z",
            "confidence": null,
            "between": null,
            "provider": "osm",
            "resource": "planet",
            "version": "2026-08-05"
          }
        ],
        "connectorIds": [],
        "officialInventory": false,
        "name": null,
        "originalCrs": "EPSG:4326",
        "originalProperties": {
          "sources": [
            {
              "property": "",
              "dataset": "OpenStreetMap",
              "license": "ODbL-1.0",
              "record_id": "n1711338717@8",
              "update_time": "2026-02-20T11:12:42Z",
              "confidence": null,
              "between": null,
              "provider": "osm",
              "resource": "planet",
              "version": "2026-08-05"
            }
          ],
          "version": 3
        }
      }
    },
    {
      "type": "Feature",
      "id": "a46805fb-d105-42a9-9bb8-49016224c5c5",
      "geometry": {
        "type": "Point",
        "coordinates": [
          120.199674,
          23.0288161
        ]
      },
      "properties": {
        "source": "overture",
        "sourceKey": "overture-connectors",
        "sourceVersion": "latest",
        "sourceFeatureId": "a46805fb-d105-42a9-9bb8-49016224c5c5",
        "facilityType": "unknown",
        "pedestrianAllowed": null,
        "bicycleAllowed": null,
        "direction": "unknown",
        "provenance": [
          {
            "property": "",
            "dataset": "OpenStreetMap",
            "license": "ODbL-1.0",
            "record_id": "n13584546705@1",
            "update_time": "2026-02-20T11:12:42Z",
            "confidence": null,
            "between": null,
            "provider": "osm",
            "resource": "planet",
            "version": "2026-08-05"
          }
        ],
        "connectorIds": [],
        "officialInventory": false,
        "name": null,
        "originalCrs": "EPSG:4326",
        "originalProperties": {
          "sources": [
            {
              "property": "",
              "dataset": "OpenStreetMap",
              "license": "ODbL-1.0",
              "record_id": "n13584546705@1",
              "update_time": "2026-02-20T11:12:42Z",
              "confidence": null,
              "between": null,
              "provider": "osm",
              "resource": "planet",
              "version": "2026-08-05"
            }
          ],
          "version": 1
        }
      }
    },
    {
      "type": "Feature",
      "id": "2b492d7e-07a4-4202-b138-089133a5a665",
      "geometry": {
        "type": "Point",
        "coordinates": [
          120.1995664,
          23.0288262
        ]
      },
      "properties": {
        "source": "overture",
        "sourceKey": "overture-connectors",
        "sourceVersion": "latest",
        "sourceFeatureId": "2b492d7e-07a4-4202-b138-089133a5a665",
        "facilityType": "unknown",
        "pedestrianAllowed": null,
        "bicycleAllowed": null,
        "direction": "unknown",
        "provenance": [
          {
            "property": "",
            "dataset": "OpenStreetMap",
            "license": "ODbL-1.0",
            "record_id": "n13584546703@1",
            "update_time": "2026-02-20T11:12:42Z",
            "confidence": null,
            "between": null,
            "provider": "osm",
            "resource": "planet",
            "version": "2026-08-05"
          }
        ],
        "connectorIds": [],
        "officialInventory": false,
        "name": null,
        "originalCrs": "EPSG:4326",
        "originalProperties": {
          "sources": [
            {
              "property": "",
              "dataset": "OpenStreetMap",
              "license": "ODbL-1.0",
              "record_id": "n13584546703@1",
              "update_time": "2026-02-20T11:12:42Z",
              "confidence": null,
              "between": null,
              "provider": "osm",
              "resource": "planet",
              "version": "2026-08-05"
            }
          ],
          "version": 1
        }
      }
    },
    {
      "type": "Feature",
      "id": "84ea8703-0125-4ffb-a450-c9d6dade6fbe",
      "geometry": {
        "type": "Point",
        "coordinates": [
          120.1995705,
          23.0288882
        ]
      },
      "properties": {
        "source": "overture",
        "sourceKey": "overture-connectors",
        "sourceVersion": "latest",
        "sourceFeatureId": "84ea8703-0125-4ffb-a450-c9d6dade6fbe",
        "facilityType": "unknown",
        "pedestrianAllowed": null,
        "bicycleAllowed": null,
        "direction": "unknown",
        "provenance": [
          {
            "property": "",
            "dataset": "OpenStreetMap",
            "license": "ODbL-1.0",
            "record_id": "n13584546706@1",
            "update_time": "2026-02-20T11:12:42Z",
            "confidence": null,
            "between": null,
            "provider": "osm",
            "resource": "planet",
            "version": "2026-08-05"
          }
        ],
        "connectorIds": [],
        "officialInventory": false,
        "name": null,
        "originalCrs": "EPSG:4326",
        "originalProperties": {
          "sources": [
            {
              "property": "",
              "dataset": "OpenStreetMap",
              "license": "ODbL-1.0",
              "record_id": "n13584546706@1",
              "update_time": "2026-02-20T11:12:42Z",
              "confidence": null,
              "between": null,
              "provider": "osm",
              "resource": "planet",
              "version": "2026-08-05"
            }
          ],
          "version": 1
        }
      }
    },
    {
      "type": "Feature",
      "id": "4ffccc32-bdd1-4cbf-92e5-0988df4b552d",
      "geometry": {
        "type": "Point",
        "coordinates": [
          120.1996783,
          23.0288805
        ]
      },
      "properties": {
        "source": "overture",
        "sourceKey": "overture-connectors",
        "sourceVersion": "latest",
        "sourceFeatureId": "4ffccc32-bdd1-4cbf-92e5-0988df4b552d",
        "facilityType": "unknown",
        "pedestrianAllowed": null,
        "bicycleAllowed": null,
        "direction": "unknown",
        "provenance": [
          {
            "property": "",
            "dataset": "OpenStreetMap",
            "license": "ODbL-1.0",
            "record_id": "n13584546707@1",
            "update_time": "2026-02-20T11:12:42Z",
            "confidence": null,
            "between": null,
            "provider": "osm",
            "resource": "planet",
            "version": "2026-08-05"
          }
        ],
        "connectorIds": [],
        "officialInventory": false,
        "name": null,
        "originalCrs": "EPSG:4326",
        "originalProperties": {
          "sources": [
            {
              "property": "",
              "dataset": "OpenStreetMap",
              "license": "ODbL-1.0",
              "record_id": "n13584546707@1",
              "update_time": "2026-02-20T11:12:42Z",
              "confidence": null,
              "between": null,
              "provider": "osm",
              "resource": "planet",
              "version": "2026-08-05"
            }
          ],
          "version": 1
        }
      }
    },
    {
      "type": "Feature",
      "id": "d58bbcb7-9a76-47f3-bef8-afdf1c4034dd",
      "geometry": {
        "type": "Point",
        "coordinates": [
          120.1996821,
          23.0289382
        ]
      },
      "properties": {
        "source": "overture",
        "sourceKey": "overture-connectors",
        "sourceVersion": "latest",
        "sourceFeatureId": "d58bbcb7-9a76-47f3-bef8-afdf1c4034dd",
        "facilityType": "unknown",
        "pedestrianAllowed": null,
        "bicycleAllowed": null,
        "direction": "unknown",
        "provenance": [
          {
            "property": "",
            "dataset": "OpenStreetMap",
            "license": "ODbL-1.0",
            "record_id": "n13584546704@1",
            "update_time": "2026-02-20T11:12:42Z",
            "confidence": null,
            "between": null,
            "provider": "osm",
            "resource": "planet",
            "version": "2026-08-05"
          }
        ],
        "connectorIds": [],
        "officialInventory": false,
        "name": null,
        "originalCrs": "EPSG:4326",
        "originalProperties": {
          "sources": [
            {
              "property": "",
              "dataset": "OpenStreetMap",
              "license": "ODbL-1.0",
              "record_id": "n13584546704@1",
              "update_time": "2026-02-20T11:12:42Z",
              "confidence": null,
              "between": null,
              "provider": "osm",
              "resource": "planet",
              "version": "2026-08-05"
            }
          ],
          "version": 1
        }
      }
    },
    {
      "type": "Feature",
      "id": "66c56226-70a6-4ee6-b22e-59545ece4d53",
      "geometry": {
        "type": "Point",
        "coordinates": [
          120.1995744,
          23.0289484
        ]
      },
      "properties": {
        "source": "overture",
        "sourceKey": "overture-connectors",
        "sourceVersion": "latest",
        "sourceFeatureId": "66c56226-70a6-4ee6-b22e-59545ece4d53",
        "facilityType": "unknown",
        "pedestrianAllowed": null,
        "bicycleAllowed": null,
        "direction": "unknown",
        "provenance": [
          {
            "property": "",
            "dataset": "OpenStreetMap",
            "license": "ODbL-1.0",
            "record_id": "n13584546702@1",
            "update_time": "2026-02-20T11:12:42Z",
            "confidence": null,
            "between": null,
            "provider": "osm",
            "resource": "planet",
            "version": "2026-08-05"
          }
        ],
        "connectorIds": [],
        "officialInventory": false,
        "name": null,
        "originalCrs": "EPSG:4326",
        "originalProperties": {
          "sources": [
            {
              "property": "",
              "dataset": "OpenStreetMap",
              "license": "ODbL-1.0",
              "record_id": "n13584546702@1",
              "update_time": "2026-02-20T11:12:42Z",
              "confidence": null,
              "between": null,
              "provider": "osm",
              "resource": "planet",
              "version": "2026-08-05"
            }
          ],
          "version": 1
        }
      }
    },
    {
      "type": "Feature",
      "id": "c2fcc670-ba78-4b4e-ba2d-14faf01b1b46",
      "geometry": {
        "type": "Point",
        "coordinates": [
          120.2011863,
          23.0287629
        ]
      },
      "properties": {
        "source": "overture",
        "sourceKey": "overture-connectors",
        "sourceVersion": "latest",
        "sourceFeatureId": "c2fcc670-ba78-4b4e-ba2d-14faf01b1b46",
        "facilityType": "unknown",
        "pedestrianAllowed": null,
        "bicycleAllowed": null,
        "direction": "unknown",
        "provenance": [
          {
            "property": "",
            "dataset": "OpenStreetMap",
            "license": "ODbL-1.0",
            "record_id": "n8286363018@5",
            "update_time": "2026-02-20T11:12:42Z",
            "confidence": null,
            "between": null,
            "provider": "osm",
            "resource": "planet",
            "version": "2026-08-05"
          }
        ],
        "connectorIds": [],
        "officialInventory": false,
        "name": null,
        "originalCrs": "EPSG:4326",
        "originalProperties": {
          "sources": [
            {
              "property": "",
              "dataset": "OpenStreetMap",
              "license": "ODbL-1.0",
              "record_id": "n8286363018@5",
              "update_time": "2026-02-20T11:12:42Z",
              "confidence": null,
              "between": null,
              "provider": "osm",
              "resource": "planet",
              "version": "2026-08-05"
            }
          ],
          "version": 1
        }
      }
    },
    {
      "type": "Feature",
      "id": "d8f59397-4636-4c00-bcc8-647c035374c6",
      "geometry": {
        "type": "Point",
        "coordinates": [
          120.2018931,
          23.0296713
        ]
      },
      "properties": {
        "source": "overture",
        "sourceKey": "overture-connectors",
        "sourceVersion": "latest",
        "sourceFeatureId": "d8f59397-4636-4c00-bcc8-647c035374c6",
        "facilityType": "unknown",
        "pedestrianAllowed": null,
        "bicycleAllowed": null,
        "direction": "unknown",
        "provenance": [
          {
            "property": "",
            "dataset": "OpenStreetMap",
            "license": "ODbL-1.0",
            "record_id": "n8540278720@3",
            "update_time": "2026-07-11T01:26:48Z",
            "confidence": null,
            "between": null,
            "provider": "osm",
            "resource": "planet",
            "version": "2026-08-05"
          }
        ],
        "connectorIds": [],
        "officialInventory": false,
        "name": null,
        "originalCrs": "EPSG:4326",
        "originalProperties": {
          "sources": [
            {
              "property": "",
              "dataset": "OpenStreetMap",
              "license": "ODbL-1.0",
              "record_id": "n8540278720@3",
              "update_time": "2026-07-11T01:26:48Z",
              "confidence": null,
              "between": null,
              "provider": "osm",
              "resource": "planet",
              "version": "2026-08-05"
            }
          ],
          "version": 2
        }
      }
    },
    {
      "type": "Feature",
      "id": "e810b65c-da61-4664-aee2-4e22281a7c95",
      "geometry": {
        "type": "Point",
        "coordinates": [
          120.2027277,
          23.0284251
        ]
      },
      "properties": {
        "source": "overture",
        "sourceKey": "overture-connectors",
        "sourceVersion": "latest",
        "sourceFeatureId": "e810b65c-da61-4664-aee2-4e22281a7c95",
        "facilityType": "unknown",
        "pedestrianAllowed": null,
        "bicycleAllowed": null,
        "direction": "unknown",
        "provenance": [
          {
            "property": "",
            "dataset": "OpenStreetMap",
            "license": "ODbL-1.0",
            "record_id": "n1711304566@6",
            "update_time": "2024-08-11T17:33:52Z",
            "confidence": null,
            "between": null,
            "provider": "osm",
            "resource": "planet",
            "version": "2026-08-05"
          }
        ],
        "connectorIds": [],
        "officialInventory": false,
        "name": null,
        "originalCrs": "EPSG:4326",
        "originalProperties": {
          "sources": [
            {
              "property": "",
              "dataset": "OpenStreetMap",
              "license": "ODbL-1.0",
              "record_id": "n1711304566@6",
              "update_time": "2024-08-11T17:33:52Z",
              "confidence": null,
              "between": null,
              "provider": "osm",
              "resource": "planet",
              "version": "2026-08-05"
            }
          ],
          "version": 1
        }
      }
    },
    {
      "type": "Feature",
      "id": "75c1b61c-6432-46d8-b09e-5b7c3a3258e7",
      "geometry": {
        "type": "Point",
        "coordinates": [
          120.202757,
          23.028109
        ]
      },
      "properties": {
        "source": "overture",
        "sourceKey": "overture-connectors",
        "sourceVersion": "latest",
        "sourceFeatureId": "75c1b61c-6432-46d8-b09e-5b7c3a3258e7",
        "facilityType": "unknown",
        "pedestrianAllowed": null,
        "bicycleAllowed": null,
        "direction": "unknown",
        "provenance": [
          {
            "property": "",
            "dataset": "OpenStreetMap",
            "license": "ODbL-1.0",
            "record_id": "n1711304550@9",
            "update_time": "2026-02-24T03:16:42Z",
            "confidence": null,
            "between": null,
            "provider": "osm",
            "resource": "planet",
            "version": "2026-08-05"
          }
        ],
        "connectorIds": [],
        "officialInventory": false,
        "name": null,
        "originalCrs": "EPSG:4326",
        "originalProperties": {
          "sources": [
            {
              "property": "",
              "dataset": "OpenStreetMap",
              "license": "ODbL-1.0",
              "record_id": "n1711304550@9",
              "update_time": "2026-02-24T03:16:42Z",
              "confidence": null,
              "between": null,
              "provider": "osm",
              "resource": "planet",
              "version": "2026-08-05"
            }
          ],
          "version": 2
        }
      }
    },
    {
      "type": "Feature",
      "id": "924a19f4-abdc-465f-bff8-4eedca7dbb4f",
      "geometry": {
        "type": "Point",
        "coordinates": [
          120.2020535,
          23.0280061
        ]
      },
      "properties": {
        "source": "overture",
        "sourceKey": "overture-connectors",
        "sourceVersion": "latest",
        "sourceFeatureId": "924a19f4-abdc-465f-bff8-4eedca7dbb4f",
        "facilityType": "unknown",
        "pedestrianAllowed": null,
        "bicycleAllowed": null,
        "direction": "unknown",
        "provenance": [
          {
            "property": "",
            "dataset": "OpenStreetMap",
            "license": "ODbL-1.0",
            "record_id": "n8419976962@1",
            "update_time": "2021-02-13T09:13:12Z",
            "confidence": null,
            "between": null,
            "provider": "osm",
            "resource": "planet",
            "version": "2026-08-05"
          }
        ],
        "connectorIds": [],
        "officialInventory": false,
        "name": null,
        "originalCrs": "EPSG:4326",
        "originalProperties": {
          "sources": [
            {
              "property": "",
              "dataset": "OpenStreetMap",
              "license": "ODbL-1.0",
              "record_id": "n8419976962@1",
              "update_time": "2021-02-13T09:13:12Z",
              "confidence": null,
              "between": null,
              "provider": "osm",
              "resource": "planet",
              "version": "2026-08-05"
            }
          ],
          "version": 1
        }
      }
    },
    {
      "type": "Feature",
      "id": "e7d285df-2a04-45ac-a90e-93e92c0e6a32",
      "geometry": {
        "type": "Point",
        "coordinates": [
          120.2023966,
          23.0280838
        ]
      },
      "properties": {
        "source": "overture",
        "sourceKey": "overture-connectors",
        "sourceVersion": "latest",
        "sourceFeatureId": "e7d285df-2a04-45ac-a90e-93e92c0e6a32",
        "facilityType": "unknown",
        "pedestrianAllowed": null,
        "bicycleAllowed": null,
        "direction": "unknown",
        "provenance": [
          {
            "property": "",
            "dataset": "OpenStreetMap",
            "license": "ODbL-1.0",
            "record_id": "n1711304544@6",
            "update_time": "2026-02-24T03:16:42Z",
            "confidence": null,
            "between": null,
            "provider": "osm",
            "resource": "planet",
            "version": "2026-08-05"
          }
        ],
        "connectorIds": [],
        "officialInventory": false,
        "name": null,
        "originalCrs": "EPSG:4326",
        "originalProperties": {
          "sources": [
            {
              "property": "",
              "dataset": "OpenStreetMap",
              "license": "ODbL-1.0",
              "record_id": "n1711304544@6",
              "update_time": "2026-02-24T03:16:42Z",
              "confidence": null,
              "between": null,
              "provider": "osm",
              "resource": "planet",
              "version": "2026-08-05"
            }
          ],
          "version": 2
        }
      }
    },
    {
      "type": "Feature",
      "id": "4a4bef50-9622-4170-ab7a-78cc1e99b036",
      "geometry": {
        "type": "Point",
        "coordinates": [
          120.2023724,
          23.0280431
        ]
      },
      "properties": {
        "source": "overture",
        "sourceKey": "overture-connectors",
        "sourceVersion": "latest",
        "sourceFeatureId": "4a4bef50-9622-4170-ab7a-78cc1e99b036",
        "facilityType": "unknown",
        "pedestrianAllowed": null,
        "bicycleAllowed": null,
        "direction": "unknown",
        "provenance": [
          {
            "property": "",
            "dataset": "OpenStreetMap",
            "license": "ODbL-1.0",
            "record_id": "n8419976963@1",
            "update_time": "2021-02-13T09:13:12Z",
            "confidence": null,
            "between": null,
            "provider": "osm",
            "resource": "planet",
            "version": "2026-08-05"
          }
        ],
        "connectorIds": [],
        "officialInventory": false,
        "name": null,
        "originalCrs": "EPSG:4326",
        "originalProperties": {
          "sources": [
            {
              "property": "",
              "dataset": "OpenStreetMap",
              "license": "ODbL-1.0",
              "record_id": "n8419976963@1",
              "update_time": "2021-02-13T09:13:12Z",
              "confidence": null,
              "between": null,
              "provider": "osm",
              "resource": "planet",
              "version": "2026-08-05"
            }
          ],
          "version": 1
        }
      }
    },
    {
      "type": "Feature",
      "id": "37f1797b-a505-4cc7-b843-ad4837f6208c",
      "geometry": {
        "type": "Point",
        "coordinates": [
          120.2023507,
          23.0277276
        ]
      },
      "properties": {
        "source": "overture",
        "sourceKey": "overture-connectors",
        "sourceVersion": "latest",
        "sourceFeatureId": "37f1797b-a505-4cc7-b843-ad4837f6208c",
        "facilityType": "unknown",
        "pedestrianAllowed": null,
        "bicycleAllowed": null,
        "direction": "unknown",
        "provenance": [
          {
            "property": "",
            "dataset": "OpenStreetMap",
            "license": "ODbL-1.0",
            "record_id": "n8419976972@1",
            "update_time": "2021-02-13T09:13:12Z",
            "confidence": null,
            "between": null,
            "provider": "osm",
            "resource": "planet",
            "version": "2026-08-05"
          }
        ],
        "connectorIds": [],
        "officialInventory": false,
        "name": null,
        "originalCrs": "EPSG:4326",
        "originalProperties": {
          "sources": [
            {
              "property": "",
              "dataset": "OpenStreetMap",
              "license": "ODbL-1.0",
              "record_id": "n8419976972@1",
              "update_time": "2021-02-13T09:13:12Z",
              "confidence": null,
              "between": null,
              "provider": "osm",
              "resource": "planet",
              "version": "2026-08-05"
            }
          ],
          "version": 1
        }
      }
    },
    {
      "type": "Feature",
      "id": "db89e486-62c2-48bc-af9f-d173d8fb405d",
      "geometry": {
        "type": "Point",
        "coordinates": [
          120.2028085,
          23.0277823
        ]
      },
      "properties": {
        "source": "overture",
        "sourceKey": "overture-connectors",
        "sourceVersion": "latest",
        "sourceFeatureId": "db89e486-62c2-48bc-af9f-d173d8fb405d",
        "facilityType": "unknown",
        "pedestrianAllowed": null,
        "bicycleAllowed": null,
        "direction": "unknown",
        "provenance": [
          {
            "property": "",
            "dataset": "OpenStreetMap",
            "license": "ODbL-1.0",
            "record_id": "n1711304527@8",
            "update_time": "2026-02-24T03:16:42Z",
            "confidence": null,
            "between": null,
            "provider": "osm",
            "resource": "planet",
            "version": "2026-08-05"
          }
        ],
        "connectorIds": [],
        "officialInventory": false,
        "name": null,
        "originalCrs": "EPSG:4326",
        "originalProperties": {
          "sources": [
            {
              "property": "",
              "dataset": "OpenStreetMap",
              "license": "ODbL-1.0",
              "record_id": "n1711304527@8",
              "update_time": "2026-02-24T03:16:42Z",
              "confidence": null,
              "between": null,
              "provider": "osm",
              "resource": "planet",
              "version": "2026-08-05"
            }
          ],
          "version": 2
        }
      }
    },
    {
      "type": "Feature",
      "id": "45a5d07f-749f-4ffb-9c24-fb77b556ab9c",
      "geometry": {
        "type": "Point",
        "coordinates": [
          120.2028485,
          23.0274777
        ]
      },
      "properties": {
        "source": "overture",
        "sourceKey": "overture-connectors",
        "sourceVersion": "latest",
        "sourceFeatureId": "45a5d07f-749f-4ffb-9c24-fb77b556ab9c",
        "facilityType": "unknown",
        "pedestrianAllowed": null,
        "bicycleAllowed": null,
        "direction": "unknown",
        "provenance": [
          {
            "property": "",
            "dataset": "OpenStreetMap",
            "license": "ODbL-1.0",
            "record_id": "n1711304473@8",
            "update_time": "2026-02-24T03:16:42Z",
            "confidence": null,
            "between": null,
            "provider": "osm",
            "resource": "planet",
            "version": "2026-08-05"
          }
        ],
        "connectorIds": [],
        "officialInventory": false,
        "name": null,
        "originalCrs": "EPSG:4326",
        "originalProperties": {
          "sources": [
            {
              "property": "",
              "dataset": "OpenStreetMap",
              "license": "ODbL-1.0",
              "record_id": "n1711304473@8",
              "update_time": "2026-02-24T03:16:42Z",
              "confidence": null,
              "between": null,
              "provider": "osm",
              "resource": "planet",
              "version": "2026-08-05"
            }
          ],
          "version": 2
        }
      }
    },
    {
      "type": "Feature",
      "id": "578821bb-0902-4da7-b3ca-fc8c191f617c",
      "geometry": {
        "type": "Point",
        "coordinates": [
          120.2029541,
          23.0267961
        ]
      },
      "properties": {
        "source": "overture",
        "sourceKey": "overture-connectors",
        "sourceVersion": "latest",
        "sourceFeatureId": "578821bb-0902-4da7-b3ca-fc8c191f617c",
        "facilityType": "unknown",
        "pedestrianAllowed": null,
        "bicycleAllowed": null,
        "direction": "unknown",
        "provenance": [
          {
            "property": "",
            "dataset": "OpenStreetMap",
            "license": "ODbL-1.0",
            "record_id": "n1711304379@9",
            "update_time": "2026-02-24T03:16:42Z",
            "confidence": null,
            "between": null,
            "provider": "osm",
            "resource": "planet",
            "version": "2026-08-05"
          }
        ],
        "connectorIds": [],
        "officialInventory": false,
        "name": null,
        "originalCrs": "EPSG:4326",
        "originalProperties": {
          "sources": [
            {
              "property": "",
              "dataset": "OpenStreetMap",
              "license": "ODbL-1.0",
              "record_id": "n1711304379@9",
              "update_time": "2026-02-24T03:16:42Z",
              "confidence": null,
              "between": null,
              "provider": "osm",
              "resource": "planet",
              "version": "2026-08-05"
            }
          ],
          "version": 2
        }
      }
    },
    {
      "type": "Feature",
      "id": "69323efb-34e0-416d-b5fc-6806a573b67c",
      "geometry": {
        "type": "Point",
        "coordinates": [
          120.2028965,
          23.0271446
        ]
      },
      "properties": {
        "source": "overture",
        "sourceKey": "overture-connectors",
        "sourceVersion": "latest",
        "sourceFeatureId": "69323efb-34e0-416d-b5fc-6806a573b67c",
        "facilityType": "unknown",
        "pedestrianAllowed": null,
        "bicycleAllowed": null,
        "direction": "unknown",
        "provenance": [
          {
            "property": "",
            "dataset": "OpenStreetMap",
            "license": "ODbL-1.0",
            "record_id": "n1711304445@8",
            "update_time": "2026-02-24T03:16:42Z",
            "confidence": null,
            "between": null,
            "provider": "osm",
            "resource": "planet",
            "version": "2026-08-05"
          }
        ],
        "connectorIds": [],
        "officialInventory": false,
        "name": null,
        "originalCrs": "EPSG:4326",
        "originalProperties": {
          "sources": [
            {
              "property": "",
              "dataset": "OpenStreetMap",
              "license": "ODbL-1.0",
              "record_id": "n1711304445@8",
              "update_time": "2026-02-24T03:16:42Z",
              "confidence": null,
              "between": null,
              "provider": "osm",
              "resource": "planet",
              "version": "2026-08-05"
            }
          ],
          "version": 2
        }
      }
    },
    {
      "type": "Feature",
      "id": "48d2b5ff-570d-47c0-a72d-36357991e18a",
      "geometry": {
        "type": "Point",
        "coordinates": [
          120.2025711,
          23.0271093
        ]
      },
      "properties": {
        "source": "overture",
        "sourceKey": "overture-connectors",
        "sourceVersion": "latest",
        "sourceFeatureId": "48d2b5ff-570d-47c0-a72d-36357991e18a",
        "facilityType": "unknown",
        "pedestrianAllowed": null,
        "bicycleAllowed": null,
        "direction": "unknown",
        "provenance": [
          {
            "property": "",
            "dataset": "OpenStreetMap",
            "license": "ODbL-1.0",
            "record_id": "n1711304443@6",
            "update_time": "2026-02-24T03:16:42Z",
            "confidence": null,
            "between": null,
            "provider": "osm",
            "resource": "planet",
            "version": "2026-08-05"
          }
        ],
        "connectorIds": [],
        "officialInventory": false,
        "name": null,
        "originalCrs": "EPSG:4326",
        "originalProperties": {
          "sources": [
            {
              "property": "",
              "dataset": "OpenStreetMap",
              "license": "ODbL-1.0",
              "record_id": "n1711304443@6",
              "update_time": "2026-02-24T03:16:42Z",
              "confidence": null,
              "between": null,
              "provider": "osm",
              "resource": "planet",
              "version": "2026-08-05"
            }
          ],
          "version": 2
        }
      }
    },
    {
      "type": "Feature",
      "id": "9680733c-1f35-4397-afa1-6e1632bd6614",
      "geometry": {
        "type": "Point",
        "coordinates": [
          120.2022004,
          23.0270546
        ]
      },
      "properties": {
        "source": "overture",
        "sourceKey": "overture-connectors",
        "sourceVersion": "latest",
        "sourceFeatureId": "9680733c-1f35-4397-afa1-6e1632bd6614",
        "facilityType": "unknown",
        "pedestrianAllowed": null,
        "bicycleAllowed": null,
        "direction": "unknown",
        "provenance": [
          {
            "property": "",
            "dataset": "OpenStreetMap",
            "license": "ODbL-1.0",
            "record_id": "n1711304439@7",
            "update_time": "2026-02-24T03:16:42Z",
            "confidence": null,
            "between": null,
            "provider": "osm",
            "resource": "planet",
            "version": "2026-08-05"
          }
        ],
        "connectorIds": [],
        "officialInventory": false,
        "name": null,
        "originalCrs": "EPSG:4326",
        "originalProperties": {
          "sources": [
            {
              "property": "",
              "dataset": "OpenStreetMap",
              "license": "ODbL-1.0",
              "record_id": "n1711304439@7",
              "update_time": "2026-02-24T03:16:42Z",
              "confidence": null,
              "between": null,
              "provider": "osm",
              "resource": "planet",
              "version": "2026-08-05"
            }
          ],
          "version": 2
        }
      }
    },
    {
      "type": "Feature",
      "id": "02aca43c-0848-4544-b61b-405d81b56e78",
      "geometry": {
        "type": "Point",
        "coordinates": [
          120.2021464,
          23.0274193
        ]
      },
      "properties": {
        "source": "overture",
        "sourceKey": "overture-connectors",
        "sourceVersion": "latest",
        "sourceFeatureId": "02aca43c-0848-4544-b61b-405d81b56e78",
        "facilityType": "unknown",
        "pedestrianAllowed": null,
        "bicycleAllowed": null,
        "direction": "unknown",
        "provenance": [
          {
            "property": "",
            "dataset": "OpenStreetMap",
            "license": "ODbL-1.0",
            "record_id": "n8419976957@3",
            "update_time": "2026-02-24T03:16:42Z",
            "confidence": null,
            "between": null,
            "provider": "osm",
            "resource": "planet",
            "version": "2026-08-05"
          }
        ],
        "connectorIds": [],
        "officialInventory": false,
        "name": null,
        "originalCrs": "EPSG:4326",
        "originalProperties": {
          "sources": [
            {
              "property": "",
              "dataset": "OpenStreetMap",
              "license": "ODbL-1.0",
              "record_id": "n8419976957@3",
              "update_time": "2026-02-24T03:16:42Z",
              "confidence": null,
              "between": null,
              "provider": "osm",
              "resource": "planet",
              "version": "2026-08-05"
            }
          ],
          "version": 2
        }
      }
    },
    {
      "type": "Feature",
      "id": "5633ba4f-3f32-4f0d-b596-4d950e535882",
      "geometry": {
        "type": "Point",
        "coordinates": [
          120.2023739,
          23.0275014
        ]
      },
      "properties": {
        "source": "overture",
        "sourceKey": "overture-connectors",
        "sourceVersion": "latest",
        "sourceFeatureId": "5633ba4f-3f32-4f0d-b596-4d950e535882",
        "facilityType": "unknown",
        "pedestrianAllowed": null,
        "bicycleAllowed": null,
        "direction": "unknown",
        "provenance": [
          {
            "property": "",
            "dataset": "OpenStreetMap",
            "license": "ODbL-1.0",
            "record_id": "n8419976973@1",
            "update_time": "2021-02-13T09:13:12Z",
            "confidence": null,
            "between": null,
            "provider": "osm",
            "resource": "planet",
            "version": "2026-08-05"
          }
        ],
        "connectorIds": [],
        "officialInventory": false,
        "name": null,
        "originalCrs": "EPSG:4326",
        "originalProperties": {
          "sources": [
            {
              "property": "",
              "dataset": "OpenStreetMap",
              "license": "ODbL-1.0",
              "record_id": "n8419976973@1",
              "update_time": "2021-02-13T09:13:12Z",
              "confidence": null,
              "between": null,
              "provider": "osm",
              "resource": "planet",
              "version": "2026-08-05"
            }
          ],
          "version": 1
        }
      }
    },
    {
      "type": "Feature",
      "id": "3fc1977f-8085-4789-8139-81c5987060b0",
      "geometry": {
        "type": "Point",
        "coordinates": [
          120.2021408,
          23.0274893
        ]
      },
      "properties": {
        "source": "overture",
        "sourceKey": "overture-connectors",
        "sourceVersion": "latest",
        "sourceFeatureId": "3fc1977f-8085-4789-8139-81c5987060b0",
        "facilityType": "unknown",
        "pedestrianAllowed": null,
        "bicycleAllowed": null,
        "direction": "unknown",
        "provenance": [
          {
            "property": "",
            "dataset": "OpenStreetMap",
            "license": "ODbL-1.0",
            "record_id": "n8419976969@1",
            "update_time": "2021-02-13T09:13:12Z",
            "confidence": null,
            "between": null,
            "provider": "osm",
            "resource": "planet",
            "version": "2026-08-05"
          }
        ],
        "connectorIds": [],
        "officialInventory": false,
        "name": null,
        "originalCrs": "EPSG:4326",
        "originalProperties": {
          "sources": [
            {
              "property": "",
              "dataset": "OpenStreetMap",
              "license": "ODbL-1.0",
              "record_id": "n8419976969@1",
              "update_time": "2021-02-13T09:13:12Z",
              "confidence": null,
              "between": null,
              "provider": "osm",
              "resource": "planet",
              "version": "2026-08-05"
            }
          ],
          "version": 1
        }
      }
    },
    {
      "type": "Feature",
      "id": "1815cde2-bedf-4d10-b9b6-c9b99a275f3d",
      "geometry": {
        "type": "Point",
        "coordinates": [
          120.2021147,
          23.0277044
        ]
      },
      "properties": {
        "source": "overture",
        "sourceKey": "overture-connectors",
        "sourceVersion": "latest",
        "sourceFeatureId": "1815cde2-bedf-4d10-b9b6-c9b99a275f3d",
        "facilityType": "unknown",
        "pedestrianAllowed": null,
        "bicycleAllowed": null,
        "direction": "unknown",
        "provenance": [
          {
            "property": "",
            "dataset": "OpenStreetMap",
            "license": "ODbL-1.0",
            "record_id": "n1711304524@5",
            "update_time": "2021-02-13T09:13:12Z",
            "confidence": null,
            "between": null,
            "provider": "osm",
            "resource": "planet",
            "version": "2026-08-05"
          }
        ],
        "connectorIds": [],
        "officialInventory": false,
        "name": null,
        "originalCrs": "EPSG:4326",
        "originalProperties": {
          "sources": [
            {
              "property": "",
              "dataset": "OpenStreetMap",
              "license": "ODbL-1.0",
              "record_id": "n1711304524@5",
              "update_time": "2021-02-13T09:13:12Z",
              "confidence": null,
              "between": null,
              "provider": "osm",
              "resource": "planet",
              "version": "2026-08-05"
            }
          ],
          "version": 1
        }
      }
    },
    {
      "type": "Feature",
      "id": "fd843241-d3e2-4dbd-83dd-319e7c1ebe4c",
      "geometry": {
        "type": "Point",
        "coordinates": [
          120.2019328,
          23.0276931
        ]
      },
      "properties": {
        "source": "overture",
        "sourceKey": "overture-connectors",
        "sourceVersion": "latest",
        "sourceFeatureId": "fd843241-d3e2-4dbd-83dd-319e7c1ebe4c",
        "facilityType": "unknown",
        "pedestrianAllowed": null,
        "bicycleAllowed": null,
        "direction": "unknown",
        "provenance": [
          {
            "property": "",
            "dataset": "OpenStreetMap",
            "license": "ODbL-1.0",
            "record_id": "n3800616176@2",
            "update_time": "2017-07-19T09:34:26Z",
            "confidence": null,
            "between": null,
            "provider": "osm",
            "resource": "planet",
            "version": "2026-08-05"
          }
        ],
        "connectorIds": [],
        "officialInventory": false,
        "name": null,
        "originalCrs": "EPSG:4326",
        "originalProperties": {
          "sources": [
            {
              "property": "",
              "dataset": "OpenStreetMap",
              "license": "ODbL-1.0",
              "record_id": "n3800616176@2",
              "update_time": "2017-07-19T09:34:26Z",
              "confidence": null,
              "between": null,
              "provider": "osm",
              "resource": "planet",
              "version": "2026-08-05"
            }
          ],
          "version": 1
        }
      }
    },
    {
      "type": "Feature",
      "id": "a92747eb-d092-4b60-9255-88635f2654af",
      "geometry": {
        "type": "Point",
        "coordinates": [
          120.2014191,
          23.0276355
        ]
      },
      "properties": {
        "source": "overture",
        "sourceKey": "overture-connectors",
        "sourceVersion": "latest",
        "sourceFeatureId": "a92747eb-d092-4b60-9255-88635f2654af",
        "facilityType": "unknown",
        "pedestrianAllowed": null,
        "bicycleAllowed": null,
        "direction": "unknown",
        "provenance": [
          {
            "property": "",
            "dataset": "OpenStreetMap",
            "license": "ODbL-1.0",
            "record_id": "n3800616175@2",
            "update_time": "2021-01-03T14:27:55Z",
            "confidence": null,
            "between": null,
            "provider": "osm",
            "resource": "planet",
            "version": "2026-08-05"
          }
        ],
        "connectorIds": [],
        "officialInventory": false,
        "name": null,
        "originalCrs": "EPSG:4326",
        "originalProperties": {
          "sources": [
            {
              "property": "",
              "dataset": "OpenStreetMap",
              "license": "ODbL-1.0",
              "record_id": "n3800616175@2",
              "update_time": "2021-01-03T14:27:55Z",
              "confidence": null,
              "between": null,
              "provider": "osm",
              "resource": "planet",
              "version": "2026-08-05"
            }
          ],
          "version": 1
        }
      }
    },
    {
      "type": "Feature",
      "id": "8f0dfb88-e147-4869-9447-abe412e318b8",
      "geometry": {
        "type": "Point",
        "coordinates": [
          120.2018473,
          23.0270151
        ]
      },
      "properties": {
        "source": "overture",
        "sourceKey": "overture-connectors",
        "sourceVersion": "latest",
        "sourceFeatureId": "8f0dfb88-e147-4869-9447-abe412e318b8",
        "facilityType": "unknown",
        "pedestrianAllowed": null,
        "bicycleAllowed": null,
        "direction": "unknown",
        "provenance": [
          {
            "property": "",
            "dataset": "OpenStreetMap",
            "license": "ODbL-1.0",
            "record_id": "n1711304426@3",
            "update_time": "2024-08-11T01:47:26Z",
            "confidence": null,
            "between": null,
            "provider": "osm",
            "resource": "planet",
            "version": "2026-08-05"
          }
        ],
        "connectorIds": [],
        "officialInventory": false,
        "name": null,
        "originalCrs": "EPSG:4326",
        "originalProperties": {
          "sources": [
            {
              "property": "",
              "dataset": "OpenStreetMap",
              "license": "ODbL-1.0",
              "record_id": "n1711304426@3",
              "update_time": "2024-08-11T01:47:26Z",
              "confidence": null,
              "between": null,
              "provider": "osm",
              "resource": "planet",
              "version": "2026-08-05"
            }
          ],
          "version": 1
        }
      }
    },
    {
      "type": "Feature",
      "id": "ec19e69a-b225-4faf-b285-5f03122ab2ec",
      "geometry": {
        "type": "Point",
        "coordinates": [
          120.200943,
          23.0275517
        ]
      },
      "properties": {
        "source": "overture",
        "sourceKey": "overture-connectors",
        "sourceVersion": "latest",
        "sourceFeatureId": "ec19e69a-b225-4faf-b285-5f03122ab2ec",
        "facilityType": "unknown",
        "pedestrianAllowed": null,
        "bicycleAllowed": null,
        "direction": "unknown",
        "provenance": [
          {
            "property": "",
            "dataset": "OpenStreetMap",
            "license": "ODbL-1.0",
            "record_id": "n5065375069@2",
            "update_time": "2024-08-11T17:33:52Z",
            "confidence": null,
            "between": null,
            "provider": "osm",
            "resource": "planet",
            "version": "2026-08-05"
          }
        ],
        "connectorIds": [],
        "officialInventory": false,
        "name": null,
        "originalCrs": "EPSG:4326",
        "originalProperties": {
          "sources": [
            {
              "property": "",
              "dataset": "OpenStreetMap",
              "license": "ODbL-1.0",
              "record_id": "n5065375069@2",
              "update_time": "2024-08-11T17:33:52Z",
              "confidence": null,
              "between": null,
              "provider": "osm",
              "resource": "planet",
              "version": "2026-08-05"
            }
          ],
          "version": 1
        }
      }
    },
    {
      "type": "Feature",
      "id": "3f39428c-a5b0-4f9e-8ec4-16d3a4d132ef",
      "geometry": {
        "type": "Point",
        "coordinates": [
          120.2018306,
          23.027969
        ]
      },
      "properties": {
        "source": "overture",
        "sourceKey": "overture-connectors",
        "sourceVersion": "latest",
        "sourceFeatureId": "3f39428c-a5b0-4f9e-8ec4-16d3a4d132ef",
        "facilityType": "unknown",
        "pedestrianAllowed": null,
        "bicycleAllowed": null,
        "direction": "unknown",
        "provenance": [
          {
            "property": "",
            "dataset": "OpenStreetMap",
            "license": "ODbL-1.0",
            "record_id": "n8419976964@1",
            "update_time": "2021-02-13T09:13:12Z",
            "confidence": null,
            "between": null,
            "provider": "osm",
            "resource": "planet",
            "version": "2026-08-05"
          }
        ],
        "connectorIds": [],
        "officialInventory": false,
        "name": null,
        "originalCrs": "EPSG:4326",
        "originalProperties": {
          "sources": [
            {
              "property": "",
              "dataset": "OpenStreetMap",
              "license": "ODbL-1.0",
              "record_id": "n8419976964@1",
              "update_time": "2021-02-13T09:13:12Z",
              "confidence": null,
              "between": null,
              "provider": "osm",
              "resource": "planet",
              "version": "2026-08-05"
            }
          ],
          "version": 1
        }
      }
    },
    {
      "type": "Feature",
      "id": "5142c362-fb36-4a3d-b394-337b386477dd",
      "geometry": {
        "type": "Point",
        "coordinates": [
          120.2015638,
          23.0282953
        ]
      },
      "properties": {
        "source": "overture",
        "sourceKey": "overture-connectors",
        "sourceVersion": "latest",
        "sourceFeatureId": "5142c362-fb36-4a3d-b394-337b386477dd",
        "facilityType": "unknown",
        "pedestrianAllowed": null,
        "bicycleAllowed": null,
        "direction": "unknown",
        "provenance": [
          {
            "property": "",
            "dataset": "OpenStreetMap",
            "license": "ODbL-1.0",
            "record_id": "n1711304560@4",
            "update_time": "2024-08-11T17:33:52Z",
            "confidence": null,
            "between": null,
            "provider": "osm",
            "resource": "planet",
            "version": "2026-08-05"
          }
        ],
        "connectorIds": [],
        "officialInventory": false,
        "name": null,
        "originalCrs": "EPSG:4326",
        "originalProperties": {
          "sources": [
            {
              "property": "",
              "dataset": "OpenStreetMap",
              "license": "ODbL-1.0",
              "record_id": "n1711304560@4",
              "update_time": "2024-08-11T17:33:52Z",
              "confidence": null,
              "between": null,
              "provider": "osm",
              "resource": "planet",
              "version": "2026-08-05"
            }
          ],
          "version": 1
        }
      }
    },
    {
      "type": "Feature",
      "id": "1d7f5dd7-6924-4033-9850-157c5bf3d4ac",
      "geometry": {
        "type": "Point",
        "coordinates": [
          120.2019951,
          23.0283473
        ]
      },
      "properties": {
        "source": "overture",
        "sourceKey": "overture-connectors",
        "sourceVersion": "latest",
        "sourceFeatureId": "1d7f5dd7-6924-4033-9850-157c5bf3d4ac",
        "facilityType": "unknown",
        "pedestrianAllowed": null,
        "bicycleAllowed": null,
        "direction": "unknown",
        "provenance": [
          {
            "property": "",
            "dataset": "OpenStreetMap",
            "license": "ODbL-1.0",
            "record_id": "n4979128704@3",
            "update_time": "2024-08-11T17:33:52Z",
            "confidence": null,
            "between": null,
            "provider": "osm",
            "resource": "planet",
            "version": "2026-08-05"
          }
        ],
        "connectorIds": [],
        "officialInventory": false,
        "name": null,
        "originalCrs": "EPSG:4326",
        "originalProperties": {
          "sources": [
            {
              "property": "",
              "dataset": "OpenStreetMap",
              "license": "ODbL-1.0",
              "record_id": "n4979128704@3",
              "update_time": "2024-08-11T17:33:52Z",
              "confidence": null,
              "between": null,
              "provider": "osm",
              "resource": "planet",
              "version": "2026-08-05"
            }
          ],
          "version": 1
        }
      }
    },
    {
      "type": "Feature",
      "id": "02c5fbc8-3179-4f65-8c9a-482c3c8dbb74",
      "geometry": {
        "type": "Point",
        "coordinates": [
          120.2019229,
          23.0287091
        ]
      },
      "properties": {
        "source": "overture",
        "sourceKey": "overture-connectors",
        "sourceVersion": "latest",
        "sourceFeatureId": "02c5fbc8-3179-4f65-8c9a-482c3c8dbb74",
        "facilityType": "unknown",
        "pedestrianAllowed": null,
        "bicycleAllowed": null,
        "direction": "unknown",
        "provenance": [
          {
            "property": "",
            "dataset": "OpenStreetMap",
            "license": "ODbL-1.0",
            "record_id": "n8419976960@2",
            "update_time": "2022-11-15T09:29:38Z",
            "confidence": null,
            "between": null,
            "provider": "osm",
            "resource": "planet",
            "version": "2026-08-05"
          }
        ],
        "connectorIds": [],
        "officialInventory": false,
        "name": null,
        "originalCrs": "EPSG:4326",
        "originalProperties": {
          "sources": [
            {
              "property": "",
              "dataset": "OpenStreetMap",
              "license": "ODbL-1.0",
              "record_id": "n8419976960@2",
              "update_time": "2022-11-15T09:29:38Z",
              "confidence": null,
              "between": null,
              "provider": "osm",
              "resource": "planet",
              "version": "2026-08-05"
            }
          ],
          "version": 1
        }
      }
    },
    {
      "type": "Feature",
      "id": "f12ace1f-21ee-4234-83c0-6f7bf925d88b",
      "geometry": {
        "type": "Point",
        "coordinates": [
          120.1975602,
          23.02862
        ]
      },
      "properties": {
        "source": "overture",
        "sourceKey": "overture-connectors",
        "sourceVersion": "latest",
        "sourceFeatureId": "f12ace1f-21ee-4234-83c0-6f7bf925d88b",
        "facilityType": "unknown",
        "pedestrianAllowed": null,
        "bicycleAllowed": null,
        "direction": "unknown",
        "provenance": [
          {
            "property": "",
            "dataset": "OpenStreetMap",
            "license": "ODbL-1.0",
            "record_id": "n1711373796@8",
            "update_time": "2026-02-20T11:12:42Z",
            "confidence": null,
            "between": null,
            "provider": "osm",
            "resource": "planet",
            "version": "2026-08-05"
          }
        ],
        "connectorIds": [],
        "officialInventory": false,
        "name": null,
        "originalCrs": "EPSG:4326",
        "originalProperties": {
          "sources": [
            {
              "property": "",
              "dataset": "OpenStreetMap",
              "license": "ODbL-1.0",
              "record_id": "n1711373796@8",
              "update_time": "2026-02-20T11:12:42Z",
              "confidence": null,
              "between": null,
              "provider": "osm",
              "resource": "planet",
              "version": "2026-08-05"
            }
          ],
          "version": 3
        }
      }
    },
    {
      "type": "Feature",
      "id": "2b55311c-5077-486a-a164-eaffa7959d9e",
      "geometry": {
        "type": "Point",
        "coordinates": [
          120.1976279,
          23.0283094
        ]
      },
      "properties": {
        "source": "overture",
        "sourceKey": "overture-connectors",
        "sourceVersion": "latest",
        "sourceFeatureId": "2b55311c-5077-486a-a164-eaffa7959d9e",
        "facilityType": "unknown",
        "pedestrianAllowed": null,
        "bicycleAllowed": null,
        "direction": "unknown",
        "provenance": [
          {
            "property": "",
            "dataset": "OpenStreetMap",
            "license": "ODbL-1.0",
            "record_id": "n1711373787@8",
            "update_time": "2026-02-20T11:12:42Z",
            "confidence": null,
            "between": null,
            "provider": "osm",
            "resource": "planet",
            "version": "2026-08-05"
          }
        ],
        "connectorIds": [],
        "officialInventory": false,
        "name": null,
        "originalCrs": "EPSG:4326",
        "originalProperties": {
          "sources": [
            {
              "property": "",
              "dataset": "OpenStreetMap",
              "license": "ODbL-1.0",
              "record_id": "n1711373787@8",
              "update_time": "2026-02-20T11:12:42Z",
              "confidence": null,
              "between": null,
              "provider": "osm",
              "resource": "planet",
              "version": "2026-08-05"
            }
          ],
          "version": 3
        }
      }
    },
    {
      "type": "Feature",
      "id": "a2754902-a017-4d1e-a29b-b0eb3d46b0d3",
      "geometry": {
        "type": "Point",
        "coordinates": [
          120.1977057,
          23.027944
        ]
      },
      "properties": {
        "source": "overture",
        "sourceKey": "overture-connectors",
        "sourceVersion": "latest",
        "sourceFeatureId": "a2754902-a017-4d1e-a29b-b0eb3d46b0d3",
        "facilityType": "unknown",
        "pedestrianAllowed": null,
        "bicycleAllowed": null,
        "direction": "unknown",
        "provenance": [
          {
            "property": "",
            "dataset": "OpenStreetMap",
            "license": "ODbL-1.0",
            "record_id": "n1711373780@8",
            "update_time": "2026-02-20T11:12:42Z",
            "confidence": null,
            "between": null,
            "provider": "osm",
            "resource": "planet",
            "version": "2026-08-05"
          }
        ],
        "connectorIds": [],
        "officialInventory": false,
        "name": null,
        "originalCrs": "EPSG:4326",
        "originalProperties": {
          "sources": [
            {
              "property": "",
              "dataset": "OpenStreetMap",
              "license": "ODbL-1.0",
              "record_id": "n1711373780@8",
              "update_time": "2026-02-20T11:12:42Z",
              "confidence": null,
              "between": null,
              "provider": "osm",
              "resource": "planet",
              "version": "2026-08-05"
            }
          ],
          "version": 2
        }
      }
    },
    {
      "type": "Feature",
      "id": "0d1a3329-754e-4745-bb02-ca4c89f9143a",
      "geometry": {
        "type": "Point",
        "coordinates": [
          120.1977614,
          23.0276895
        ]
      },
      "properties": {
        "source": "overture",
        "sourceKey": "overture-connectors",
        "sourceVersion": "latest",
        "sourceFeatureId": "0d1a3329-754e-4745-bb02-ca4c89f9143a",
        "facilityType": "unknown",
        "pedestrianAllowed": null,
        "bicycleAllowed": null,
        "direction": "unknown",
        "provenance": [
          {
            "property": "",
            "dataset": "OpenStreetMap",
            "license": "ODbL-1.0",
            "record_id": "n1711373776@8",
            "update_time": "2026-02-24T03:16:42Z",
            "confidence": null,
            "between": null,
            "provider": "osm",
            "resource": "planet",
            "version": "2026-08-05"
          }
        ],
        "connectorIds": [],
        "officialInventory": false,
        "name": null,
        "originalCrs": "EPSG:4326",
        "originalProperties": {
          "sources": [
            {
              "property": "",
              "dataset": "OpenStreetMap",
              "license": "ODbL-1.0",
              "record_id": "n1711373776@8",
              "update_time": "2026-02-24T03:16:42Z",
              "confidence": null,
              "between": null,
              "provider": "osm",
              "resource": "planet",
              "version": "2026-08-05"
            }
          ],
          "version": 3
        }
      }
    },
    {
      "type": "Feature",
      "id": "3d130b20-af09-4323-9171-0c573a205bd4",
      "geometry": {
        "type": "Point",
        "coordinates": [
          120.1978356,
          23.0273722
        ]
      },
      "properties": {
        "source": "overture",
        "sourceKey": "overture-connectors",
        "sourceVersion": "latest",
        "sourceFeatureId": "3d130b20-af09-4323-9171-0c573a205bd4",
        "facilityType": "unknown",
        "pedestrianAllowed": null,
        "bicycleAllowed": null,
        "direction": "unknown",
        "provenance": [
          {
            "property": "",
            "dataset": "OpenStreetMap",
            "license": "ODbL-1.0",
            "record_id": "n1711373766@7",
            "update_time": "2026-02-24T03:16:42Z",
            "confidence": null,
            "between": null,
            "provider": "osm",
            "resource": "planet",
            "version": "2026-08-05"
          }
        ],
        "connectorIds": [],
        "officialInventory": false,
        "name": null,
        "originalCrs": "EPSG:4326",
        "originalProperties": {
          "sources": [
            {
              "property": "",
              "dataset": "OpenStreetMap",
              "license": "ODbL-1.0",
              "record_id": "n1711373766@7",
              "update_time": "2026-02-24T03:16:42Z",
              "confidence": null,
              "between": null,
              "provider": "osm",
              "resource": "planet",
              "version": "2026-08-05"
            }
          ],
          "version": 3
        }
      }
    },
    {
      "type": "Feature",
      "id": "2914126e-31d4-4930-8f5f-940e649f975d",
      "geometry": {
        "type": "Point",
        "coordinates": [
          120.1979234,
          23.0269964
        ]
      },
      "properties": {
        "source": "overture",
        "sourceKey": "overture-connectors",
        "sourceVersion": "latest",
        "sourceFeatureId": "2914126e-31d4-4930-8f5f-940e649f975d",
        "facilityType": "unknown",
        "pedestrianAllowed": null,
        "bicycleAllowed": null,
        "direction": "unknown",
        "provenance": [
          {
            "property": "",
            "dataset": "OpenStreetMap",
            "license": "ODbL-1.0",
            "record_id": "n1703947762@10",
            "update_time": "2026-02-24T03:16:42Z",
            "confidence": null,
            "between": null,
            "provider": "osm",
            "resource": "planet",
            "version": "2026-08-05"
          }
        ],
        "connectorIds": [],
        "officialInventory": false,
        "name": null,
        "originalCrs": "EPSG:4326",
        "originalProperties": {
          "sources": [
            {
              "property": "",
              "dataset": "OpenStreetMap",
              "license": "ODbL-1.0",
              "record_id": "n1703947762@10",
              "update_time": "2026-02-24T03:16:42Z",
              "confidence": null,
              "between": null,
              "provider": "osm",
              "resource": "planet",
              "version": "2026-08-05"
            }
          ],
          "version": 2
        }
      }
    },
    {
      "type": "Feature",
      "id": "4adb1928-8d2d-4e5a-aefd-34fb157228db",
      "geometry": {
        "type": "Point",
        "coordinates": [
          120.1981742,
          23.0267745
        ]
      },
      "properties": {
        "source": "overture",
        "sourceKey": "overture-connectors",
        "sourceVersion": "latest",
        "sourceFeatureId": "4adb1928-8d2d-4e5a-aefd-34fb157228db",
        "facilityType": "unknown",
        "pedestrianAllowed": null,
        "bicycleAllowed": null,
        "direction": "unknown",
        "provenance": [
          {
            "property": "",
            "dataset": "OpenStreetMap",
            "license": "ODbL-1.0",
            "record_id": "n4991970130@1",
            "update_time": "2017-07-25T08:26:57Z",
            "confidence": null,
            "between": null,
            "provider": "osm",
            "resource": "planet",
            "version": "2026-08-05"
          }
        ],
        "connectorIds": [],
        "officialInventory": false,
        "name": null,
        "originalCrs": "EPSG:4326",
        "originalProperties": {
          "sources": [
            {
              "property": "",
              "dataset": "OpenStreetMap",
              "license": "ODbL-1.0",
              "record_id": "n4991970130@1",
              "update_time": "2017-07-25T08:26:57Z",
              "confidence": null,
              "between": null,
              "provider": "osm",
              "resource": "planet",
              "version": "2026-08-05"
            }
          ],
          "version": 2
        }
      }
    },
    {
      "type": "Feature",
      "id": "d053c9d7-b3af-4631-9475-dcf8a84cdc56",
      "geometry": {
        "type": "Point",
        "coordinates": [
          120.1985591,
          23.0271113
        ]
      },
      "properties": {
        "source": "overture",
        "sourceKey": "overture-connectors",
        "sourceVersion": "latest",
        "sourceFeatureId": "d053c9d7-b3af-4631-9475-dcf8a84cdc56",
        "facilityType": "unknown",
        "pedestrianAllowed": null,
        "bicycleAllowed": null,
        "direction": "unknown",
        "provenance": [
          {
            "property": "",
            "dataset": "OpenStreetMap",
            "license": "ODbL-1.0",
            "record_id": "n4991970132@1",
            "update_time": "2017-07-25T08:26:57Z",
            "confidence": null,
            "between": null,
            "provider": "osm",
            "resource": "planet",
            "version": "2026-08-05"
          }
        ],
        "connectorIds": [],
        "officialInventory": false,
        "name": null,
        "originalCrs": "EPSG:4326",
        "originalProperties": {
          "sources": [
            {
              "property": "",
              "dataset": "OpenStreetMap",
              "license": "ODbL-1.0",
              "record_id": "n4991970132@1",
              "update_time": "2017-07-25T08:26:57Z",
              "confidence": null,
              "between": null,
              "provider": "osm",
              "resource": "planet",
              "version": "2026-08-05"
            }
          ],
          "version": 2
        }
      }
    },
    {
      "type": "Feature",
      "id": "c86088fc-9c6d-4c0e-9fea-c50dec783dd7",
      "geometry": {
        "type": "Point",
        "coordinates": [
          120.1990789,
          23.0272057
        ]
      },
      "properties": {
        "source": "overture",
        "sourceKey": "overture-connectors",
        "sourceVersion": "latest",
        "sourceFeatureId": "c86088fc-9c6d-4c0e-9fea-c50dec783dd7",
        "facilityType": "unknown",
        "pedestrianAllowed": null,
        "bicycleAllowed": null,
        "direction": "unknown",
        "provenance": [
          {
            "property": "",
            "dataset": "OpenStreetMap",
            "license": "ODbL-1.0",
            "record_id": null,
            "update_time": null,
            "confidence": null,
            "between": null,
            "provider": "osm",
            "resource": "planet",
            "version": "2026-08-05"
          }
        ],
        "connectorIds": [],
        "officialInventory": false,
        "name": null,
        "originalCrs": "EPSG:4326",
        "originalProperties": {
          "sources": [
            {
              "property": "",
              "dataset": "OpenStreetMap",
              "license": "ODbL-1.0",
              "record_id": null,
              "update_time": null,
              "confidence": null,
              "between": null,
              "provider": "osm",
              "resource": "planet",
              "version": "2026-08-05"
            }
          ],
          "version": 1
        }
      }
    },
    {
      "type": "Feature",
      "id": "6423771b-2a17-4c17-9119-6a4be9d780cc",
      "geometry": {
        "type": "Point",
        "coordinates": [
          120.1989939,
          23.0271899
        ]
      },
      "properties": {
        "source": "overture",
        "sourceKey": "overture-connectors",
        "sourceVersion": "latest",
        "sourceFeatureId": "6423771b-2a17-4c17-9119-6a4be9d780cc",
        "facilityType": "unknown",
        "pedestrianAllowed": null,
        "bicycleAllowed": null,
        "direction": "unknown",
        "provenance": [
          {
            "property": "",
            "dataset": "OpenStreetMap",
            "license": "ODbL-1.0",
            "record_id": "n4991970129@3",
            "update_time": "2026-02-20T10:19:01Z",
            "confidence": null,
            "between": null,
            "provider": "osm",
            "resource": "planet",
            "version": "2026-08-05"
          }
        ],
        "connectorIds": [],
        "officialInventory": false,
        "name": null,
        "originalCrs": "EPSG:4326",
        "originalProperties": {
          "sources": [
            {
              "property": "",
              "dataset": "OpenStreetMap",
              "license": "ODbL-1.0",
              "record_id": "n4991970129@3",
              "update_time": "2026-02-20T10:19:01Z",
              "confidence": null,
              "between": null,
              "provider": "osm",
              "resource": "planet",
              "version": "2026-08-05"
            }
          ],
          "version": 1
        }
      }
    },
    {
      "type": "Feature",
      "id": "2e065a51-a7b2-408a-ad06-b30fd422a2cf",
      "geometry": {
        "type": "Point",
        "coordinates": [
          120.1990178,
          23.0274768
        ]
      },
      "properties": {
        "source": "overture",
        "sourceKey": "overture-connectors",
        "sourceVersion": "latest",
        "sourceFeatureId": "2e065a51-a7b2-408a-ad06-b30fd422a2cf",
        "facilityType": "unknown",
        "pedestrianAllowed": null,
        "bicycleAllowed": null,
        "direction": "unknown",
        "provenance": [
          {
            "property": "",
            "dataset": "OpenStreetMap",
            "license": "ODbL-1.0",
            "record_id": null,
            "update_time": null,
            "confidence": null,
            "between": null,
            "provider": "osm",
            "resource": "planet",
            "version": "2026-08-05"
          }
        ],
        "connectorIds": [],
        "officialInventory": false,
        "name": null,
        "originalCrs": "EPSG:4326",
        "originalProperties": {
          "sources": [
            {
              "property": "",
              "dataset": "OpenStreetMap",
              "license": "ODbL-1.0",
              "record_id": null,
              "update_time": null,
              "confidence": null,
              "between": null,
              "provider": "osm",
              "resource": "planet",
              "version": "2026-08-05"
            }
          ],
          "version": 1
        }
      }
    },
    {
      "type": "Feature",
      "id": "0b778834-4133-4625-a433-7e9ac9d2f577",
      "geometry": {
        "type": "Point",
        "coordinates": [
          120.1995575,
          23.0272947
        ]
      },
      "properties": {
        "source": "overture",
        "sourceKey": "overture-connectors",
        "sourceVersion": "latest",
        "sourceFeatureId": "0b778834-4133-4625-a433-7e9ac9d2f577",
        "facilityType": "unknown",
        "pedestrianAllowed": null,
        "bicycleAllowed": null,
        "direction": "unknown",
        "provenance": [
          {
            "property": "",
            "dataset": "OpenStreetMap",
            "license": "ODbL-1.0",
            "record_id": "n6205283522@3",
            "update_time": "2026-02-20T10:19:01Z",
            "confidence": null,
            "between": null,
            "provider": "osm",
            "resource": "planet",
            "version": "2026-08-05"
          }
        ],
        "connectorIds": [],
        "officialInventory": false,
        "name": null,
        "originalCrs": "EPSG:4326",
        "originalProperties": {
          "sources": [
            {
              "property": "",
              "dataset": "OpenStreetMap",
              "license": "ODbL-1.0",
              "record_id": "n6205283522@3",
              "update_time": "2026-02-20T10:19:01Z",
              "confidence": null,
              "between": null,
              "provider": "osm",
              "resource": "planet",
              "version": "2026-08-05"
            }
          ],
          "version": 1
        }
      }
    },
    {
      "type": "Feature",
      "id": "7da5afdc-39b7-4045-b67d-873ed8427051",
      "geometry": {
        "type": "Point",
        "coordinates": [
          120.200436,
          23.0276821
        ]
      },
      "properties": {
        "source": "overture",
        "sourceKey": "overture-connectors",
        "sourceVersion": "latest",
        "sourceFeatureId": "7da5afdc-39b7-4045-b67d-873ed8427051",
        "facilityType": "unknown",
        "pedestrianAllowed": null,
        "bicycleAllowed": null,
        "direction": "unknown",
        "provenance": [
          {
            "property": "",
            "dataset": "OpenStreetMap",
            "license": "ODbL-1.0",
            "record_id": null,
            "update_time": null,
            "confidence": null,
            "between": null,
            "provider": "osm",
            "resource": "planet",
            "version": "2026-08-05"
          }
        ],
        "connectorIds": [],
        "officialInventory": false,
        "name": null,
        "originalCrs": "EPSG:4326",
        "originalProperties": {
          "sources": [
            {
              "property": "",
              "dataset": "OpenStreetMap",
              "license": "ODbL-1.0",
              "record_id": null,
              "update_time": null,
              "confidence": null,
              "between": null,
              "provider": "osm",
              "resource": "planet",
              "version": "2026-08-05"
            }
          ],
          "version": 1
        }
      }
    },
    {
      "type": "Feature",
      "id": "923b6618-ba79-4d0f-9dc3-e43bf82d3a0f",
      "geometry": {
        "type": "Point",
        "coordinates": [
          120.2004301,
          23.0274562
        ]
      },
      "properties": {
        "source": "overture",
        "sourceKey": "overture-connectors",
        "sourceVersion": "latest",
        "sourceFeatureId": "923b6618-ba79-4d0f-9dc3-e43bf82d3a0f",
        "facilityType": "unknown",
        "pedestrianAllowed": null,
        "bicycleAllowed": null,
        "direction": "unknown",
        "provenance": [
          {
            "property": "",
            "dataset": "OpenStreetMap",
            "license": "ODbL-1.0",
            "record_id": "n3800616174@3",
            "update_time": "2026-02-20T10:19:01Z",
            "confidence": null,
            "between": null,
            "provider": "osm",
            "resource": "planet",
            "version": "2026-08-05"
          }
        ],
        "connectorIds": [],
        "officialInventory": false,
        "name": null,
        "originalCrs": "EPSG:4326",
        "originalProperties": {
          "sources": [
            {
              "property": "",
              "dataset": "OpenStreetMap",
              "license": "ODbL-1.0",
              "record_id": "n3800616174@3",
              "update_time": "2026-02-20T10:19:01Z",
              "confidence": null,
              "between": null,
              "provider": "osm",
              "resource": "planet",
              "version": "2026-08-05"
            }
          ],
          "version": 1
        }
      }
    },
    {
      "type": "Feature",
      "id": "b869a680-0aac-4cb9-9283-db992917ae43",
      "geometry": {
        "type": "Point",
        "coordinates": [
          120.1993321,
          23.0258519
        ]
      },
      "properties": {
        "source": "overture",
        "sourceKey": "overture-connectors",
        "sourceVersion": "latest",
        "sourceFeatureId": "b869a680-0aac-4cb9-9283-db992917ae43",
        "facilityType": "unknown",
        "pedestrianAllowed": null,
        "bicycleAllowed": null,
        "direction": "unknown",
        "provenance": [
          {
            "property": "",
            "dataset": "OpenStreetMap",
            "license": "ODbL-1.0",
            "record_id": "n13584543349@1",
            "update_time": "2026-02-20T11:12:42Z",
            "confidence": null,
            "between": null,
            "provider": "osm",
            "resource": "planet",
            "version": "2026-08-05"
          }
        ],
        "connectorIds": [],
        "officialInventory": false,
        "name": null,
        "originalCrs": "EPSG:4326",
        "originalProperties": {
          "sources": [
            {
              "property": "",
              "dataset": "OpenStreetMap",
              "license": "ODbL-1.0",
              "record_id": "n13584543349@1",
              "update_time": "2026-02-20T11:12:42Z",
              "confidence": null,
              "between": null,
              "provider": "osm",
              "resource": "planet",
              "version": "2026-08-05"
            }
          ],
          "version": 1
        }
      }
    },
    {
      "type": "Feature",
      "id": "14c4b141-030f-426a-a8a7-5b5781af730f",
      "geometry": {
        "type": "Point",
        "coordinates": [
          120.1992757,
          23.0259271
        ]
      },
      "properties": {
        "source": "overture",
        "sourceKey": "overture-connectors",
        "sourceVersion": "latest",
        "sourceFeatureId": "14c4b141-030f-426a-a8a7-5b5781af730f",
        "facilityType": "unknown",
        "pedestrianAllowed": null,
        "bicycleAllowed": null,
        "direction": "unknown",
        "provenance": [
          {
            "property": "",
            "dataset": "OpenStreetMap",
            "license": "ODbL-1.0",
            "record_id": "n6205283524@3",
            "update_time": "2022-11-09T08:18:20Z",
            "confidence": null,
            "between": null,
            "provider": "osm",
            "resource": "planet",
            "version": "2026-08-05"
          }
        ],
        "connectorIds": [],
        "officialInventory": false,
        "name": null,
        "originalCrs": "EPSG:4326",
        "originalProperties": {
          "sources": [
            {
              "property": "",
              "dataset": "OpenStreetMap",
              "license": "ODbL-1.0",
              "record_id": "n6205283524@3",
              "update_time": "2022-11-09T08:18:20Z",
              "confidence": null,
              "between": null,
              "provider": "osm",
              "resource": "planet",
              "version": "2026-08-05"
            }
          ],
          "version": 1
        }
      }
    },
    {
      "type": "Feature",
      "id": "7f4c1eca-7440-4598-9528-5c88044f2b19",
      "geometry": {
        "type": "Point",
        "coordinates": [
          120.1992052,
          23.0259131
        ]
      },
      "properties": {
        "source": "overture",
        "sourceKey": "overture-connectors",
        "sourceVersion": "latest",
        "sourceFeatureId": "7f4c1eca-7440-4598-9528-5c88044f2b19",
        "facilityType": "unknown",
        "pedestrianAllowed": null,
        "bicycleAllowed": null,
        "direction": "unknown",
        "provenance": [
          {
            "property": "",
            "dataset": "OpenStreetMap",
            "license": "ODbL-1.0",
            "record_id": "n13584543350@1",
            "update_time": "2026-02-20T11:12:42Z",
            "confidence": null,
            "between": null,
            "provider": "osm",
            "resource": "planet",
            "version": "2026-08-05"
          }
        ],
        "connectorIds": [],
        "officialInventory": false,
        "name": null,
        "originalCrs": "EPSG:4326",
        "originalProperties": {
          "sources": [
            {
              "property": "",
              "dataset": "OpenStreetMap",
              "license": "ODbL-1.0",
              "record_id": "n13584543350@1",
              "update_time": "2026-02-20T11:12:42Z",
              "confidence": null,
              "between": null,
              "provider": "osm",
              "resource": "planet",
              "version": "2026-08-05"
            }
          ],
          "version": 1
        }
      }
    },
    {
      "type": "Feature",
      "id": "0acf7b63-b96c-4019-8064-4d166cae5833",
      "geometry": {
        "type": "Point",
        "coordinates": [
          120.1992939,
          23.0258454
        ]
      },
      "properties": {
        "source": "overture",
        "sourceKey": "overture-connectors",
        "sourceVersion": "latest",
        "sourceFeatureId": "0acf7b63-b96c-4019-8064-4d166cae5833",
        "facilityType": "unknown",
        "pedestrianAllowed": null,
        "bicycleAllowed": null,
        "direction": "unknown",
        "provenance": [
          {
            "property": "",
            "dataset": "OpenStreetMap",
            "license": "ODbL-1.0",
            "record_id": "n13584543351@1",
            "update_time": "2026-02-20T11:12:42Z",
            "confidence": null,
            "between": null,
            "provider": "osm",
            "resource": "planet",
            "version": "2026-08-05"
          }
        ],
        "connectorIds": [],
        "officialInventory": false,
        "name": null,
        "originalCrs": "EPSG:4326",
        "originalProperties": {
          "sources": [
            {
              "property": "",
              "dataset": "OpenStreetMap",
              "license": "ODbL-1.0",
              "record_id": "n13584543351@1",
              "update_time": "2026-02-20T11:12:42Z",
              "confidence": null,
              "between": null,
              "provider": "osm",
              "resource": "planet",
              "version": "2026-08-05"
            }
          ],
          "version": 1
        }
      }
    },
    {
      "type": "Feature",
      "id": "52362381-a673-4f6f-aba9-f44bc146c686",
      "geometry": {
        "type": "Point",
        "coordinates": [
          120.1992188,
          23.0258325
        ]
      },
      "properties": {
        "source": "overture",
        "sourceKey": "overture-connectors",
        "sourceVersion": "latest",
        "sourceFeatureId": "52362381-a673-4f6f-aba9-f44bc146c686",
        "facilityType": "unknown",
        "pedestrianAllowed": null,
        "bicycleAllowed": null,
        "direction": "unknown",
        "provenance": [
          {
            "property": "",
            "dataset": "OpenStreetMap",
            "license": "ODbL-1.0",
            "record_id": "n13584543343@1",
            "update_time": "2026-02-20T11:12:42Z",
            "confidence": null,
            "between": null,
            "provider": "osm",
            "resource": "planet",
            "version": "2026-08-05"
          }
        ],
        "connectorIds": [],
        "officialInventory": false,
        "name": null,
        "originalCrs": "EPSG:4326",
        "originalProperties": {
          "sources": [
            {
              "property": "",
              "dataset": "OpenStreetMap",
              "license": "ODbL-1.0",
              "record_id": "n13584543343@1",
              "update_time": "2026-02-20T11:12:42Z",
              "confidence": null,
              "between": null,
              "provider": "osm",
              "resource": "planet",
              "version": "2026-08-05"
            }
          ],
          "version": 1
        }
      }
    },
    {
      "type": "Feature",
      "id": "2d04d168-fb14-4ecc-8555-14fa2e44bb97",
      "geometry": {
        "type": "Point",
        "coordinates": [
          120.1991309,
          23.0257478
        ]
      },
      "properties": {
        "source": "overture",
        "sourceKey": "overture-connectors",
        "sourceVersion": "latest",
        "sourceFeatureId": "2d04d168-fb14-4ecc-8555-14fa2e44bb97",
        "facilityType": "unknown",
        "pedestrianAllowed": null,
        "bicycleAllowed": null,
        "direction": "unknown",
        "provenance": [
          {
            "property": "",
            "dataset": "OpenStreetMap",
            "license": "ODbL-1.0",
            "record_id": "n13584543363@1",
            "update_time": "2026-02-20T11:12:42Z",
            "confidence": null,
            "between": null,
            "provider": "osm",
            "resource": "planet",
            "version": "2026-08-05"
          }
        ],
        "connectorIds": [],
        "officialInventory": false,
        "name": null,
        "originalCrs": "EPSG:4326",
        "originalProperties": {
          "sources": [
            {
              "property": "",
              "dataset": "OpenStreetMap",
              "license": "ODbL-1.0",
              "record_id": "n13584543363@1",
              "update_time": "2026-02-20T11:12:42Z",
              "confidence": null,
              "between": null,
              "provider": "osm",
              "resource": "planet",
              "version": "2026-08-05"
            }
          ],
          "version": 1
        }
      }
    },
    {
      "type": "Feature",
      "id": "c59a9246-e31a-41d0-aeba-907d89f5591d",
      "geometry": {
        "type": "Point",
        "coordinates": [
          120.1991825,
          23.0258362
        ]
      },
      "properties": {
        "source": "overture",
        "sourceKey": "overture-connectors",
        "sourceVersion": "latest",
        "sourceFeatureId": "c59a9246-e31a-41d0-aeba-907d89f5591d",
        "facilityType": "unknown",
        "pedestrianAllowed": null,
        "bicycleAllowed": null,
        "direction": "unknown",
        "provenance": [
          {
            "property": "",
            "dataset": "OpenStreetMap",
            "license": "ODbL-1.0",
            "record_id": "n13584543344@1",
            "update_time": "2026-02-20T11:12:42Z",
            "confidence": null,
            "between": null,
            "provider": "osm",
            "resource": "planet",
            "version": "2026-08-05"
          }
        ],
        "connectorIds": [],
        "officialInventory": false,
        "name": null,
        "originalCrs": "EPSG:4326",
        "originalProperties": {
          "sources": [
            {
              "property": "",
              "dataset": "OpenStreetMap",
              "license": "ODbL-1.0",
              "record_id": "n13584543344@1",
              "update_time": "2026-02-20T11:12:42Z",
              "confidence": null,
              "between": null,
              "provider": "osm",
              "resource": "planet",
              "version": "2026-08-05"
            }
          ],
          "version": 1
        }
      }
    },
    {
      "type": "Feature",
      "id": "22681103-949f-4c13-b1fb-e91db88e10c7",
      "geometry": {
        "type": "Point",
        "coordinates": [
          120.1991053,
          23.0257547
        ]
      },
      "properties": {
        "source": "overture",
        "sourceKey": "overture-connectors",
        "sourceVersion": "latest",
        "sourceFeatureId": "22681103-949f-4c13-b1fb-e91db88e10c7",
        "facilityType": "unknown",
        "pedestrianAllowed": null,
        "bicycleAllowed": null,
        "direction": "unknown",
        "provenance": [
          {
            "property": "",
            "dataset": "OpenStreetMap",
            "license": "ODbL-1.0",
            "record_id": "n13584543356@1",
            "update_time": "2026-02-20T11:12:42Z",
            "confidence": null,
            "between": null,
            "provider": "osm",
            "resource": "planet",
            "version": "2026-08-05"
          }
        ],
        "connectorIds": [],
        "officialInventory": false,
        "name": null,
        "originalCrs": "EPSG:4326",
        "originalProperties": {
          "sources": [
            {
              "property": "",
              "dataset": "OpenStreetMap",
              "license": "ODbL-1.0",
              "record_id": "n13584543356@1",
              "update_time": "2026-02-20T11:12:42Z",
              "confidence": null,
              "between": null,
              "provider": "osm",
              "resource": "planet",
              "version": "2026-08-05"
            }
          ],
          "version": 1
        }
      }
    },
    {
      "type": "Feature",
      "id": "e0f3cd2c-78eb-4d3b-99ee-30315e864ba4",
      "geometry": {
        "type": "Point",
        "coordinates": [
          120.1990327,
          23.0257301
        ]
      },
      "properties": {
        "source": "overture",
        "sourceKey": "overture-connectors",
        "sourceVersion": "latest",
        "sourceFeatureId": "e0f3cd2c-78eb-4d3b-99ee-30315e864ba4",
        "facilityType": "unknown",
        "pedestrianAllowed": null,
        "bicycleAllowed": null,
        "direction": "unknown",
        "provenance": [
          {
            "property": "",
            "dataset": "OpenStreetMap",
            "license": "ODbL-1.0",
            "record_id": "n13584543369@1",
            "update_time": "2026-02-20T11:12:42Z",
            "confidence": null,
            "between": null,
            "provider": "osm",
            "resource": "planet",
            "version": "2026-08-05"
          }
        ],
        "connectorIds": [],
        "officialInventory": false,
        "name": null,
        "originalCrs": "EPSG:4326",
        "originalProperties": {
          "sources": [
            {
              "property": "",
              "dataset": "OpenStreetMap",
              "license": "ODbL-1.0",
              "record_id": "n13584543369@1",
              "update_time": "2026-02-20T11:12:42Z",
              "confidence": null,
              "between": null,
              "provider": "osm",
              "resource": "planet",
              "version": "2026-08-05"
            }
          ],
          "version": 1
        }
      }
    },
    {
      "type": "Feature",
      "id": "38845b12-525d-42a0-823a-1ddd888c7def",
      "geometry": {
        "type": "Point",
        "coordinates": [
          120.1989557,
          23.0257893
        ]
      },
      "properties": {
        "source": "overture",
        "sourceKey": "overture-connectors",
        "sourceVersion": "latest",
        "sourceFeatureId": "38845b12-525d-42a0-823a-1ddd888c7def",
        "facilityType": "unknown",
        "pedestrianAllowed": null,
        "bicycleAllowed": null,
        "direction": "unknown",
        "provenance": [
          {
            "property": "",
            "dataset": "OpenStreetMap",
            "license": "ODbL-1.0",
            "record_id": "n13584543375@1",
            "update_time": "2026-02-20T11:12:42Z",
            "confidence": null,
            "between": null,
            "provider": "osm",
            "resource": "planet",
            "version": "2026-08-05"
          }
        ],
        "connectorIds": [],
        "officialInventory": false,
        "name": null,
        "originalCrs": "EPSG:4326",
        "originalProperties": {
          "sources": [
            {
              "property": "",
              "dataset": "OpenStreetMap",
              "license": "ODbL-1.0",
              "record_id": "n13584543375@1",
              "update_time": "2026-02-20T11:12:42Z",
              "confidence": null,
              "between": null,
              "provider": "osm",
              "resource": "planet",
              "version": "2026-08-05"
            }
          ],
          "version": 1
        }
      }
    },
    {
      "type": "Feature",
      "id": "dffbbdfb-e155-43b8-b90b-b1229f3102e9",
      "geometry": {
        "type": "Point",
        "coordinates": [
          120.1992673,
          23.0259645
        ]
      },
      "properties": {
        "source": "overture",
        "sourceKey": "overture-connectors",
        "sourceVersion": "latest",
        "sourceFeatureId": "dffbbdfb-e155-43b8-b90b-b1229f3102e9",
        "facilityType": "unknown",
        "pedestrianAllowed": null,
        "bicycleAllowed": null,
        "direction": "unknown",
        "provenance": [
          {
            "property": "",
            "dataset": "OpenStreetMap",
            "license": "ODbL-1.0",
            "record_id": "n13584543352@1",
            "update_time": "2026-02-20T11:12:42Z",
            "confidence": null,
            "between": null,
            "provider": "osm",
            "resource": "planet",
            "version": "2026-08-05"
          }
        ],
        "connectorIds": [],
        "officialInventory": false,
        "name": null,
        "originalCrs": "EPSG:4326",
        "originalProperties": {
          "sources": [
            {
              "property": "",
              "dataset": "OpenStreetMap",
              "license": "ODbL-1.0",
              "record_id": "n13584543352@1",
              "update_time": "2026-02-20T11:12:42Z",
              "confidence": null,
              "between": null,
              "provider": "osm",
              "resource": "planet",
              "version": "2026-08-05"
            }
          ],
          "version": 1
        }
      }
    },
    {
      "type": "Feature",
      "id": "8469d3ac-bc46-4d72-a470-8c97e53f4c11",
      "geometry": {
        "type": "Point",
        "coordinates": [
          120.1992979,
          23.0259707
        ]
      },
      "properties": {
        "source": "overture",
        "sourceKey": "overture-connectors",
        "sourceVersion": "latest",
        "sourceFeatureId": "8469d3ac-bc46-4d72-a470-8c97e53f4c11",
        "facilityType": "unknown",
        "pedestrianAllowed": null,
        "bicycleAllowed": null,
        "direction": "unknown",
        "provenance": [
          {
            "property": "",
            "dataset": "OpenStreetMap",
            "license": "ODbL-1.0",
            "record_id": "n13584543347@1",
            "update_time": "2026-02-20T11:12:42Z",
            "confidence": null,
            "between": null,
            "provider": "osm",
            "resource": "planet",
            "version": "2026-08-05"
          }
        ],
        "connectorIds": [],
        "officialInventory": false,
        "name": null,
        "originalCrs": "EPSG:4326",
        "originalProperties": {
          "sources": [
            {
              "property": "",
              "dataset": "OpenStreetMap",
              "license": "ODbL-1.0",
              "record_id": "n13584543347@1",
              "update_time": "2026-02-20T11:12:42Z",
              "confidence": null,
              "between": null,
              "provider": "osm",
              "resource": "planet",
              "version": "2026-08-05"
            }
          ],
          "version": 1
        }
      }
    },
    {
      "type": "Feature",
      "id": "ca1fa392-172f-4f8e-ba9e-cf9635dc223a",
      "geometry": {
        "type": "Point",
        "coordinates": [
          120.1991379,
          23.0265445
        ]
      },
      "properties": {
        "source": "overture",
        "sourceKey": "overture-connectors",
        "sourceVersion": "latest",
        "sourceFeatureId": "ca1fa392-172f-4f8e-ba9e-cf9635dc223a",
        "facilityType": "unknown",
        "pedestrianAllowed": null,
        "bicycleAllowed": null,
        "direction": "unknown",
        "provenance": [
          {
            "property": "",
            "dataset": "OpenStreetMap",
            "license": "ODbL-1.0",
            "record_id": "n6205283523@3",
            "update_time": "2022-11-09T08:18:20Z",
            "confidence": null,
            "between": null,
            "provider": "osm",
            "resource": "planet",
            "version": "2026-08-05"
          }
        ],
        "connectorIds": [],
        "officialInventory": false,
        "name": null,
        "originalCrs": "EPSG:4326",
        "originalProperties": {
          "sources": [
            {
              "property": "",
              "dataset": "OpenStreetMap",
              "license": "ODbL-1.0",
              "record_id": "n6205283523@3",
              "update_time": "2022-11-09T08:18:20Z",
              "confidence": null,
              "between": null,
              "provider": "osm",
              "resource": "planet",
              "version": "2026-08-05"
            }
          ],
          "version": 2
        }
      }
    },
    {
      "type": "Feature",
      "id": "6946d9aa-22b2-480e-803a-b1c9c6ddcbd8",
      "geometry": {
        "type": "Point",
        "coordinates": [
          120.1979995,
          23.0266898
        ]
      },
      "properties": {
        "source": "overture",
        "sourceKey": "overture-connectors",
        "sourceVersion": "latest",
        "sourceFeatureId": "6946d9aa-22b2-480e-803a-b1c9c6ddcbd8",
        "facilityType": "unknown",
        "pedestrianAllowed": null,
        "bicycleAllowed": null,
        "direction": "unknown",
        "provenance": [
          {
            "property": "",
            "dataset": "OpenStreetMap",
            "license": "ODbL-1.0",
            "record_id": "n1711373740@7",
            "update_time": "2026-02-24T03:16:42Z",
            "confidence": null,
            "between": null,
            "provider": "osm",
            "resource": "planet",
            "version": "2026-08-05"
          }
        ],
        "connectorIds": [],
        "officialInventory": false,
        "name": null,
        "originalCrs": "EPSG:4326",
        "originalProperties": {
          "sources": [
            {
              "property": "",
              "dataset": "OpenStreetMap",
              "license": "ODbL-1.0",
              "record_id": "n1711373740@7",
              "update_time": "2026-02-24T03:16:42Z",
              "confidence": null,
              "between": null,
              "provider": "osm",
              "resource": "planet",
              "version": "2026-08-05"
            }
          ],
          "version": 3
        }
      }
    },
    {
      "type": "Feature",
      "id": "d7eeaddc-ab0e-4f62-a19a-e9d3257299f4",
      "geometry": {
        "type": "Point",
        "coordinates": [
          120.1980897,
          23.026331
        ]
      },
      "properties": {
        "source": "overture",
        "sourceKey": "overture-connectors",
        "sourceVersion": "latest",
        "sourceFeatureId": "d7eeaddc-ab0e-4f62-a19a-e9d3257299f4",
        "facilityType": "unknown",
        "pedestrianAllowed": null,
        "bicycleAllowed": null,
        "direction": "unknown",
        "provenance": [
          {
            "property": "",
            "dataset": "OpenStreetMap",
            "license": "ODbL-1.0",
            "record_id": "n7676498136@3",
            "update_time": "2026-02-24T03:16:42Z",
            "confidence": null,
            "between": null,
            "provider": "osm",
            "resource": "planet",
            "version": "2026-08-05"
          }
        ],
        "connectorIds": [],
        "officialInventory": false,
        "name": null,
        "originalCrs": "EPSG:4326",
        "originalProperties": {
          "sources": [
            {
              "property": "",
              "dataset": "OpenStreetMap",
              "license": "ODbL-1.0",
              "record_id": "n7676498136@3",
              "update_time": "2026-02-24T03:16:42Z",
              "confidence": null,
              "between": null,
              "provider": "osm",
              "resource": "planet",
              "version": "2026-08-05"
            }
          ],
          "version": 3
        }
      }
    },
    {
      "type": "Feature",
      "id": "0521710f-379b-4229-b49c-11a1230b90aa",
      "geometry": {
        "type": "Point",
        "coordinates": [
          120.1982422,
          23.0257225
        ]
      },
      "properties": {
        "source": "overture",
        "sourceKey": "overture-connectors",
        "sourceVersion": "latest",
        "sourceFeatureId": "0521710f-379b-4229-b49c-11a1230b90aa",
        "facilityType": "unknown",
        "pedestrianAllowed": null,
        "bicycleAllowed": null,
        "direction": "unknown",
        "provenance": [
          {
            "property": "",
            "dataset": "OpenStreetMap",
            "license": "ODbL-1.0",
            "record_id": "n7676498135@2",
            "update_time": "2021-01-29T13:21:36Z",
            "confidence": null,
            "between": null,
            "provider": "osm",
            "resource": "planet",
            "version": "2026-08-05"
          }
        ],
        "connectorIds": [],
        "officialInventory": false,
        "name": null,
        "originalCrs": "EPSG:4326",
        "originalProperties": {
          "sources": [
            {
              "property": "",
              "dataset": "OpenStreetMap",
              "license": "ODbL-1.0",
              "record_id": "n7676498135@2",
              "update_time": "2021-01-29T13:21:36Z",
              "confidence": null,
              "between": null,
              "provider": "osm",
              "resource": "planet",
              "version": "2026-08-05"
            }
          ],
          "version": 1
        }
      }
    },
    {
      "type": "Feature",
      "id": "4c5e31c5-f5f6-4e84-93c5-698febe722d6",
      "geometry": {
        "type": "Point",
        "coordinates": [
          120.1982213,
          23.025807
        ]
      },
      "properties": {
        "source": "overture",
        "sourceKey": "overture-connectors",
        "sourceVersion": "latest",
        "sourceFeatureId": "4c5e31c5-f5f6-4e84-93c5-698febe722d6",
        "facilityType": "unknown",
        "pedestrianAllowed": null,
        "bicycleAllowed": null,
        "direction": "unknown",
        "provenance": [
          {
            "property": "",
            "dataset": "OpenStreetMap",
            "license": "ODbL-1.0",
            "record_id": "n13584543385@2",
            "update_time": "2026-02-24T03:16:42Z",
            "confidence": null,
            "between": null,
            "provider": "osm",
            "resource": "planet",
            "version": "2026-08-05"
          }
        ],
        "connectorIds": [],
        "officialInventory": false,
        "name": null,
        "originalCrs": "EPSG:4326",
        "originalProperties": {
          "sources": [
            {
              "property": "",
              "dataset": "OpenStreetMap",
              "license": "ODbL-1.0",
              "record_id": "n13584543385@2",
              "update_time": "2026-02-24T03:16:42Z",
              "confidence": null,
              "between": null,
              "provider": "osm",
              "resource": "planet",
              "version": "2026-08-05"
            }
          ],
          "version": 1
        }
      }
    },
    {
      "type": "Feature",
      "id": "3ff2fda2-efeb-4de3-97da-1a72a6b88f4b",
      "geometry": {
        "type": "Point",
        "coordinates": [
          120.19833,
          23.0257399
        ]
      },
      "properties": {
        "source": "overture",
        "sourceKey": "overture-connectors",
        "sourceVersion": "latest",
        "sourceFeatureId": "3ff2fda2-efeb-4de3-97da-1a72a6b88f4b",
        "facilityType": "unknown",
        "pedestrianAllowed": null,
        "bicycleAllowed": null,
        "direction": "unknown",
        "provenance": [
          {
            "property": "",
            "dataset": "OpenStreetMap",
            "license": "ODbL-1.0",
            "record_id": "n13584543387@1",
            "update_time": "2026-02-20T11:12:42Z",
            "confidence": null,
            "between": null,
            "provider": "osm",
            "resource": "planet",
            "version": "2026-08-05"
          }
        ],
        "connectorIds": [],
        "officialInventory": false,
        "name": null,
        "originalCrs": "EPSG:4326",
        "originalProperties": {
          "sources": [
            {
              "property": "",
              "dataset": "OpenStreetMap",
              "license": "ODbL-1.0",
              "record_id": "n13584543387@1",
              "update_time": "2026-02-20T11:12:42Z",
              "confidence": null,
              "between": null,
              "provider": "osm",
              "resource": "planet",
              "version": "2026-08-05"
            }
          ],
          "version": 1
        }
      }
    },
    {
      "type": "Feature",
      "id": "f83184ef-7f03-4338-be8e-bdb920533503",
      "geometry": {
        "type": "Point",
        "coordinates": [
          120.1986454,
          23.0257251
        ]
      },
      "properties": {
        "source": "overture",
        "sourceKey": "overture-connectors",
        "sourceVersion": "latest",
        "sourceFeatureId": "f83184ef-7f03-4338-be8e-bdb920533503",
        "facilityType": "unknown",
        "pedestrianAllowed": null,
        "bicycleAllowed": null,
        "direction": "unknown",
        "provenance": [
          {
            "property": "",
            "dataset": "OpenStreetMap",
            "license": "ODbL-1.0",
            "record_id": "n13584543345@1",
            "update_time": "2026-02-20T11:12:42Z",
            "confidence": null,
            "between": null,
            "provider": "osm",
            "resource": "planet",
            "version": "2026-08-05"
          }
        ],
        "connectorIds": [],
        "officialInventory": false,
        "name": null,
        "originalCrs": "EPSG:4326",
        "originalProperties": {
          "sources": [
            {
              "property": "",
              "dataset": "OpenStreetMap",
              "license": "ODbL-1.0",
              "record_id": "n13584543345@1",
              "update_time": "2026-02-20T11:12:42Z",
              "confidence": null,
              "between": null,
              "provider": "osm",
              "resource": "planet",
              "version": "2026-08-05"
            }
          ],
          "version": 1
        }
      }
    },
    {
      "type": "Feature",
      "id": "f7bcb728-ed10-45b9-829f-b2abd7f4cf0d",
      "geometry": {
        "type": "Point",
        "coordinates": [
          120.1989118,
          23.0252548
        ]
      },
      "properties": {
        "source": "overture",
        "sourceKey": "overture-connectors",
        "sourceVersion": "latest",
        "sourceFeatureId": "f7bcb728-ed10-45b9-829f-b2abd7f4cf0d",
        "facilityType": "unknown",
        "pedestrianAllowed": null,
        "bicycleAllowed": null,
        "direction": "unknown",
        "provenance": [
          {
            "property": "",
            "dataset": "OpenStreetMap",
            "license": "ODbL-1.0",
            "record_id": "n8419976949@1",
            "update_time": "2021-02-13T09:13:12Z",
            "confidence": null,
            "between": null,
            "provider": "osm",
            "resource": "planet",
            "version": "2026-08-05"
          }
        ],
        "connectorIds": [],
        "officialInventory": false,
        "name": null,
        "originalCrs": "EPSG:4326",
        "originalProperties": {
          "sources": [
            {
              "property": "",
              "dataset": "OpenStreetMap",
              "license": "ODbL-1.0",
              "record_id": "n8419976949@1",
              "update_time": "2021-02-13T09:13:12Z",
              "confidence": null,
              "between": null,
              "provider": "osm",
              "resource": "planet",
              "version": "2026-08-05"
            }
          ],
          "version": 1
        }
      }
    },
    {
      "type": "Feature",
      "id": "f2d2967e-5d43-4f41-99fc-0bb97e49fdd6",
      "geometry": {
        "type": "Point",
        "coordinates": [
          120.1987224,
          23.0253637
        ]
      },
      "properties": {
        "source": "overture",
        "sourceKey": "overture-connectors",
        "sourceVersion": "latest",
        "sourceFeatureId": "f2d2967e-5d43-4f41-99fc-0bb97e49fdd6",
        "facilityType": "unknown",
        "pedestrianAllowed": null,
        "bicycleAllowed": null,
        "direction": "unknown",
        "provenance": [
          {
            "property": "",
            "dataset": "OpenStreetMap",
            "license": "ODbL-1.0",
            "record_id": "n3779966282@9",
            "update_time": "2026-02-24T03:16:42Z",
            "confidence": null,
            "between": null,
            "provider": "osm",
            "resource": "planet",
            "version": "2026-08-05"
          }
        ],
        "connectorIds": [],
        "officialInventory": false,
        "name": null,
        "originalCrs": "EPSG:4326",
        "originalProperties": {
          "sources": [
            {
              "property": "",
              "dataset": "OpenStreetMap",
              "license": "ODbL-1.0",
              "record_id": "n3779966282@9",
              "update_time": "2026-02-24T03:16:42Z",
              "confidence": null,
              "between": null,
              "provider": "osm",
              "resource": "planet",
              "version": "2026-08-05"
            }
          ],
          "version": 2
        }
      }
    },
    {
      "type": "Feature",
      "id": "14d67756-c461-4973-afd8-ff14b7d32a58",
      "geometry": {
        "type": "Point",
        "coordinates": [
          120.1987217,
          23.025411
        ]
      },
      "properties": {
        "source": "overture",
        "sourceKey": "overture-connectors",
        "sourceVersion": "latest",
        "sourceFeatureId": "14d67756-c461-4973-afd8-ff14b7d32a58",
        "facilityType": "unknown",
        "pedestrianAllowed": null,
        "bicycleAllowed": null,
        "direction": "unknown",
        "provenance": [
          {
            "property": "",
            "dataset": "OpenStreetMap",
            "license": "ODbL-1.0",
            "record_id": "n13584543346@2",
            "update_time": "2026-02-24T03:16:42Z",
            "confidence": null,
            "between": null,
            "provider": "osm",
            "resource": "planet",
            "version": "2026-08-05"
          }
        ],
        "connectorIds": [],
        "officialInventory": false,
        "name": null,
        "originalCrs": "EPSG:4326",
        "originalProperties": {
          "sources": [
            {
              "property": "",
              "dataset": "OpenStreetMap",
              "license": "ODbL-1.0",
              "record_id": "n13584543346@2",
              "update_time": "2026-02-24T03:16:42Z",
              "confidence": null,
              "between": null,
              "provider": "osm",
              "resource": "planet",
              "version": "2026-08-05"
            }
          ],
          "version": 1
        }
      }
    },
    {
      "type": "Feature",
      "id": "ba1482b8-c1f0-48d2-996b-9381558276a3",
      "geometry": {
        "type": "Point",
        "coordinates": [
          120.1983922,
          23.0254195
        ]
      },
      "properties": {
        "source": "overture",
        "sourceKey": "overture-connectors",
        "sourceVersion": "latest",
        "sourceFeatureId": "ba1482b8-c1f0-48d2-996b-9381558276a3",
        "facilityType": "unknown",
        "pedestrianAllowed": null,
        "bicycleAllowed": null,
        "direction": "unknown",
        "provenance": [
          {
            "property": "",
            "dataset": "OpenStreetMap",
            "license": "ODbL-1.0",
            "record_id": "n13584543340@2",
            "update_time": "2026-02-24T03:16:42Z",
            "confidence": null,
            "between": null,
            "provider": "osm",
            "resource": "planet",
            "version": "2026-08-05"
          }
        ],
        "connectorIds": [],
        "officialInventory": false,
        "name": null,
        "originalCrs": "EPSG:4326",
        "originalProperties": {
          "sources": [
            {
              "property": "",
              "dataset": "OpenStreetMap",
              "license": "ODbL-1.0",
              "record_id": "n13584543340@2",
              "update_time": "2026-02-24T03:16:42Z",
              "confidence": null,
              "between": null,
              "provider": "osm",
              "resource": "planet",
              "version": "2026-08-05"
            }
          ],
          "version": 1
        }
      }
    },
    {
      "type": "Feature",
      "id": "7a8a0b7e-9b4d-4d8e-92f6-554935549519",
      "geometry": {
        "type": "Point",
        "coordinates": [
          120.1984259,
          23.0254019
        ]
      },
      "properties": {
        "source": "overture",
        "sourceKey": "overture-connectors",
        "sourceVersion": "latest",
        "sourceFeatureId": "7a8a0b7e-9b4d-4d8e-92f6-554935549519",
        "facilityType": "unknown",
        "pedestrianAllowed": null,
        "bicycleAllowed": null,
        "direction": "unknown",
        "provenance": [
          {
            "property": "",
            "dataset": "OpenStreetMap",
            "license": "ODbL-1.0",
            "record_id": "n13584543341@2",
            "update_time": "2026-02-24T03:16:42Z",
            "confidence": null,
            "between": null,
            "provider": "osm",
            "resource": "planet",
            "version": "2026-08-05"
          }
        ],
        "connectorIds": [],
        "officialInventory": false,
        "name": null,
        "originalCrs": "EPSG:4326",
        "originalProperties": {
          "sources": [
            {
              "property": "",
              "dataset": "OpenStreetMap",
              "license": "ODbL-1.0",
              "record_id": "n13584543341@2",
              "update_time": "2026-02-24T03:16:42Z",
              "confidence": null,
              "between": null,
              "provider": "osm",
              "resource": "planet",
              "version": "2026-08-05"
            }
          ],
          "version": 1
        }
      }
    },
    {
      "type": "Feature",
      "id": "860f41f8-78f5-419c-90e4-60d23cfbb142",
      "geometry": {
        "type": "Point",
        "coordinates": [
          120.1984388,
          23.0253392
        ]
      },
      "properties": {
        "source": "overture",
        "sourceKey": "overture-connectors",
        "sourceVersion": "latest",
        "sourceFeatureId": "860f41f8-78f5-419c-90e4-60d23cfbb142",
        "facilityType": "unknown",
        "pedestrianAllowed": null,
        "bicycleAllowed": null,
        "direction": "unknown",
        "provenance": [
          {
            "property": "",
            "dataset": "OpenStreetMap",
            "license": "ODbL-1.0",
            "record_id": "n13584543393@2",
            "update_time": "2026-02-24T03:16:42Z",
            "confidence": null,
            "between": null,
            "provider": "osm",
            "resource": "planet",
            "version": "2026-08-05"
          }
        ],
        "connectorIds": [],
        "officialInventory": false,
        "name": null,
        "originalCrs": "EPSG:4326",
        "originalProperties": {
          "sources": [
            {
              "property": "",
              "dataset": "OpenStreetMap",
              "license": "ODbL-1.0",
              "record_id": "n13584543393@2",
              "update_time": "2026-02-24T03:16:42Z",
              "confidence": null,
              "between": null,
              "provider": "osm",
              "resource": "planet",
              "version": "2026-08-05"
            }
          ],
          "version": 1
        }
      }
    },
    {
      "type": "Feature",
      "id": "2dbefc3d-1ecc-4fc2-a987-37d820a4053d",
      "geometry": {
        "type": "Point",
        "coordinates": [
          120.1983449,
          23.0253261
        ]
      },
      "properties": {
        "source": "overture",
        "sourceKey": "overture-connectors",
        "sourceVersion": "latest",
        "sourceFeatureId": "2dbefc3d-1ecc-4fc2-a987-37d820a4053d",
        "facilityType": "unknown",
        "pedestrianAllowed": null,
        "bicycleAllowed": null,
        "direction": "unknown",
        "provenance": [
          {
            "property": "",
            "dataset": "OpenStreetMap",
            "license": "ODbL-1.0",
            "record_id": "n5444189294@6",
            "update_time": "2026-02-24T03:16:42Z",
            "confidence": null,
            "between": null,
            "provider": "osm",
            "resource": "planet",
            "version": "2026-08-05"
          }
        ],
        "connectorIds": [],
        "officialInventory": false,
        "name": null,
        "originalCrs": "EPSG:4326",
        "originalProperties": {
          "sources": [
            {
              "property": "",
              "dataset": "OpenStreetMap",
              "license": "ODbL-1.0",
              "record_id": "n5444189294@6",
              "update_time": "2026-02-24T03:16:42Z",
              "confidence": null,
              "between": null,
              "provider": "osm",
              "resource": "planet",
              "version": "2026-08-05"
            }
          ],
          "version": 2
        }
      }
    },
    {
      "type": "Feature",
      "id": "37026cc7-8cc0-4084-bec1-06176e886e26",
      "geometry": {
        "type": "Point",
        "coordinates": [
          120.198277,
          23.0253136
        ]
      },
      "properties": {
        "source": "overture",
        "sourceKey": "overture-connectors",
        "sourceVersion": "latest",
        "sourceFeatureId": "37026cc7-8cc0-4084-bec1-06176e886e26",
        "facilityType": "unknown",
        "pedestrianAllowed": null,
        "bicycleAllowed": null,
        "direction": "unknown",
        "provenance": [
          {
            "property": "",
            "dataset": "OpenStreetMap",
            "license": "ODbL-1.0",
            "record_id": "n13584543390@2",
            "update_time": "2026-02-24T03:16:42Z",
            "confidence": null,
            "between": null,
            "provider": "osm",
            "resource": "planet",
            "version": "2026-08-05"
          }
        ],
        "connectorIds": [],
        "officialInventory": false,
        "name": null,
        "originalCrs": "EPSG:4326",
        "originalProperties": {
          "sources": [
            {
              "property": "",
              "dataset": "OpenStreetMap",
              "license": "ODbL-1.0",
              "record_id": "n13584543390@2",
              "update_time": "2026-02-24T03:16:42Z",
              "confidence": null,
              "between": null,
              "provider": "osm",
              "resource": "planet",
              "version": "2026-08-05"
            }
          ],
          "version": 1
        }
      }
    },
    {
      "type": "Feature",
      "id": "6bbcfd01-768d-48ef-ad47-bb9540335c0b",
      "geometry": {
        "type": "Point",
        "coordinates": [
          120.1983613,
          23.0252601
        ]
      },
      "properties": {
        "source": "overture",
        "sourceKey": "overture-connectors",
        "sourceVersion": "latest",
        "sourceFeatureId": "6bbcfd01-768d-48ef-ad47-bb9540335c0b",
        "facilityType": "unknown",
        "pedestrianAllowed": null,
        "bicycleAllowed": null,
        "direction": "unknown",
        "provenance": [
          {
            "property": "",
            "dataset": "OpenStreetMap",
            "license": "ODbL-1.0",
            "record_id": "n13594360039@1",
            "update_time": "2026-02-24T03:16:42Z",
            "confidence": null,
            "between": null,
            "provider": "osm",
            "resource": "planet",
            "version": "2026-08-05"
          }
        ],
        "connectorIds": [],
        "officialInventory": false,
        "name": null,
        "originalCrs": "EPSG:4326",
        "originalProperties": {
          "sources": [
            {
              "property": "",
              "dataset": "OpenStreetMap",
              "license": "ODbL-1.0",
              "record_id": "n13594360039@1",
              "update_time": "2026-02-24T03:16:42Z",
              "confidence": null,
              "between": null,
              "provider": "osm",
              "resource": "planet",
              "version": "2026-08-05"
            }
          ],
          "version": 1
        }
      }
    },
    {
      "type": "Feature",
      "id": "3ff19145-8234-49fc-bdcc-7ec0af70a27c",
      "geometry": {
        "type": "Point",
        "coordinates": [
          120.1982941,
          23.0252469
        ]
      },
      "properties": {
        "source": "overture",
        "sourceKey": "overture-connectors",
        "sourceVersion": "latest",
        "sourceFeatureId": "3ff19145-8234-49fc-bdcc-7ec0af70a27c",
        "facilityType": "unknown",
        "pedestrianAllowed": null,
        "bicycleAllowed": null,
        "direction": "unknown",
        "provenance": [
          {
            "property": "",
            "dataset": "OpenStreetMap",
            "license": "ODbL-1.0",
            "record_id": "n13584543389@1",
            "update_time": "2026-02-20T11:12:42Z",
            "confidence": null,
            "between": null,
            "provider": "osm",
            "resource": "planet",
            "version": "2026-08-05"
          }
        ],
        "connectorIds": [],
        "officialInventory": false,
        "name": null,
        "originalCrs": "EPSG:4326",
        "originalProperties": {
          "sources": [
            {
              "property": "",
              "dataset": "OpenStreetMap",
              "license": "ODbL-1.0",
              "record_id": "n13584543389@1",
              "update_time": "2026-02-20T11:12:42Z",
              "confidence": null,
              "between": null,
              "provider": "osm",
              "resource": "planet",
              "version": "2026-08-05"
            }
          ],
          "version": 1
        }
      }
    },
    {
      "type": "Feature",
      "id": "852f4520-5b6a-4c9f-928e-bd4f175a66a0",
      "geometry": {
        "type": "Point",
        "coordinates": [
          120.1983223,
          23.0254039
        ]
      },
      "properties": {
        "source": "overture",
        "sourceKey": "overture-connectors",
        "sourceVersion": "latest",
        "sourceFeatureId": "852f4520-5b6a-4c9f-928e-bd4f175a66a0",
        "facilityType": "unknown",
        "pedestrianAllowed": null,
        "bicycleAllowed": null,
        "direction": "unknown",
        "provenance": [
          {
            "property": "",
            "dataset": "OpenStreetMap",
            "license": "ODbL-1.0",
            "record_id": "n13584543391@2",
            "update_time": "2026-02-24T03:16:42Z",
            "confidence": null,
            "between": null,
            "provider": "osm",
            "resource": "planet",
            "version": "2026-08-05"
          }
        ],
        "connectorIds": [],
        "officialInventory": false,
        "name": null,
        "originalCrs": "EPSG:4326",
        "originalProperties": {
          "sources": [
            {
              "property": "",
              "dataset": "OpenStreetMap",
              "license": "ODbL-1.0",
              "record_id": "n13584543391@2",
              "update_time": "2026-02-24T03:16:42Z",
              "confidence": null,
              "between": null,
              "provider": "osm",
              "resource": "planet",
              "version": "2026-08-05"
            }
          ],
          "version": 1
        }
      }
    },
    {
      "type": "Feature",
      "id": "056978f0-efab-4c23-b0a3-4833cf5cd3b6",
      "geometry": {
        "type": "Point",
        "coordinates": [
          120.1983441,
          23.0256618
        ]
      },
      "properties": {
        "source": "overture",
        "sourceKey": "overture-connectors",
        "sourceVersion": "latest",
        "sourceFeatureId": "056978f0-efab-4c23-b0a3-4833cf5cd3b6",
        "facilityType": "unknown",
        "pedestrianAllowed": null,
        "bicycleAllowed": null,
        "direction": "unknown",
        "provenance": [
          {
            "property": "",
            "dataset": "OpenStreetMap",
            "license": "ODbL-1.0",
            "record_id": "n13584543339@1",
            "update_time": "2026-02-20T11:12:42Z",
            "confidence": null,
            "between": null,
            "provider": "osm",
            "resource": "planet",
            "version": "2026-08-05"
          }
        ],
        "connectorIds": [],
        "officialInventory": false,
        "name": null,
        "originalCrs": "EPSG:4326",
        "originalProperties": {
          "sources": [
            {
              "property": "",
              "dataset": "OpenStreetMap",
              "license": "ODbL-1.0",
              "record_id": "n13584543339@1",
              "update_time": "2026-02-20T11:12:42Z",
              "confidence": null,
              "between": null,
              "provider": "osm",
              "resource": "planet",
              "version": "2026-08-05"
            }
          ],
          "version": 1
        }
      }
    },
    {
      "type": "Feature",
      "id": "c5ff61c2-d1ae-4284-9561-af6ccecd9fb3",
      "geometry": {
        "type": "Point",
        "coordinates": [
          120.198261,
          23.0256461
        ]
      },
      "properties": {
        "source": "overture",
        "sourceKey": "overture-connectors",
        "sourceVersion": "latest",
        "sourceFeatureId": "c5ff61c2-d1ae-4284-9561-af6ccecd9fb3",
        "facilityType": "unknown",
        "pedestrianAllowed": null,
        "bicycleAllowed": null,
        "direction": "unknown",
        "provenance": [
          {
            "property": "",
            "dataset": "OpenStreetMap",
            "license": "ODbL-1.0",
            "record_id": "n13584543386@1",
            "update_time": "2026-02-20T11:12:42Z",
            "confidence": null,
            "between": null,
            "provider": "osm",
            "resource": "planet",
            "version": "2026-08-05"
          }
        ],
        "connectorIds": [],
        "officialInventory": false,
        "name": null,
        "originalCrs": "EPSG:4326",
        "originalProperties": {
          "sources": [
            {
              "property": "",
              "dataset": "OpenStreetMap",
              "license": "ODbL-1.0",
              "record_id": "n13584543386@1",
              "update_time": "2026-02-20T11:12:42Z",
              "confidence": null,
              "between": null,
              "provider": "osm",
              "resource": "planet",
              "version": "2026-08-05"
            }
          ],
          "version": 1
        }
      }
    },
    {
      "type": "Feature",
      "id": "ba527415-ddac-4b51-b91c-4f8cb25a297e",
      "geometry": {
        "type": "Point",
        "coordinates": [
          120.1981901,
          23.0256327
        ]
      },
      "properties": {
        "source": "overture",
        "sourceKey": "overture-connectors",
        "sourceVersion": "latest",
        "sourceFeatureId": "ba527415-ddac-4b51-b91c-4f8cb25a297e",
        "facilityType": "unknown",
        "pedestrianAllowed": null,
        "bicycleAllowed": null,
        "direction": "unknown",
        "provenance": [
          {
            "property": "",
            "dataset": "OpenStreetMap",
            "license": "ODbL-1.0",
            "record_id": "n13584543380@1",
            "update_time": "2026-02-20T11:12:42Z",
            "confidence": null,
            "between": null,
            "provider": "osm",
            "resource": "planet",
            "version": "2026-08-05"
          }
        ],
        "connectorIds": [],
        "officialInventory": false,
        "name": null,
        "originalCrs": "EPSG:4326",
        "originalProperties": {
          "sources": [
            {
              "property": "",
              "dataset": "OpenStreetMap",
              "license": "ODbL-1.0",
              "record_id": "n13584543380@1",
              "update_time": "2026-02-20T11:12:42Z",
              "confidence": null,
              "between": null,
              "provider": "osm",
              "resource": "planet",
              "version": "2026-08-05"
            }
          ],
          "version": 1
        }
      }
    },
    {
      "type": "Feature",
      "id": "233d66c8-b466-4ac9-b039-1c4c2f576952",
      "geometry": {
        "type": "Point",
        "coordinates": [
          120.1981706,
          23.0257085
        ]
      },
      "properties": {
        "source": "overture",
        "sourceKey": "overture-connectors",
        "sourceVersion": "latest",
        "sourceFeatureId": "233d66c8-b466-4ac9-b039-1c4c2f576952",
        "facilityType": "unknown",
        "pedestrianAllowed": null,
        "bicycleAllowed": null,
        "direction": "unknown",
        "provenance": [
          {
            "property": "",
            "dataset": "OpenStreetMap",
            "license": "ODbL-1.0",
            "record_id": "n13584543384@1",
            "update_time": "2026-02-20T11:12:42Z",
            "confidence": null,
            "between": null,
            "provider": "osm",
            "resource": "planet",
            "version": "2026-08-05"
          }
        ],
        "connectorIds": [],
        "officialInventory": false,
        "name": null,
        "originalCrs": "EPSG:4326",
        "originalProperties": {
          "sources": [
            {
              "property": "",
              "dataset": "OpenStreetMap",
              "license": "ODbL-1.0",
              "record_id": "n13584543384@1",
              "update_time": "2026-02-20T11:12:42Z",
              "confidence": null,
              "between": null,
              "provider": "osm",
              "resource": "planet",
              "version": "2026-08-05"
            }
          ],
          "version": 1
        }
      }
    },
    {
      "type": "Feature",
      "id": "7f7babdb-b531-4f8d-9125-1e880b5f4f89",
      "geometry": {
        "type": "Point",
        "coordinates": [
          120.1979945,
          23.025262
        ]
      },
      "properties": {
        "source": "overture",
        "sourceKey": "overture-connectors",
        "sourceVersion": "latest",
        "sourceFeatureId": "7f7babdb-b531-4f8d-9125-1e880b5f4f89",
        "facilityType": "unknown",
        "pedestrianAllowed": null,
        "bicycleAllowed": null,
        "direction": "unknown",
        "provenance": [
          {
            "property": "",
            "dataset": "OpenStreetMap",
            "license": "ODbL-1.0",
            "record_id": "n1711338692@5",
            "update_time": "2026-02-24T03:16:42Z",
            "confidence": null,
            "between": null,
            "provider": "osm",
            "resource": "planet",
            "version": "2026-08-05"
          }
        ],
        "connectorIds": [],
        "officialInventory": false,
        "name": null,
        "originalCrs": "EPSG:4326",
        "originalProperties": {
          "sources": [
            {
              "property": "",
              "dataset": "OpenStreetMap",
              "license": "ODbL-1.0",
              "record_id": "n1711338692@5",
              "update_time": "2026-02-24T03:16:42Z",
              "confidence": null,
              "between": null,
              "provider": "osm",
              "resource": "planet",
              "version": "2026-08-05"
            }
          ],
          "version": 2
        }
      }
    },
    {
      "type": "Feature",
      "id": "3acc0116-8e98-458e-b3a6-36b28e1267eb",
      "geometry": {
        "type": "Point",
        "coordinates": [
          120.197706,
          23.0252067
        ]
      },
      "properties": {
        "source": "overture",
        "sourceKey": "overture-connectors",
        "sourceVersion": "latest",
        "sourceFeatureId": "3acc0116-8e98-458e-b3a6-36b28e1267eb",
        "facilityType": "unknown",
        "pedestrianAllowed": null,
        "bicycleAllowed": null,
        "direction": "unknown",
        "provenance": [
          {
            "property": "",
            "dataset": "OpenStreetMap",
            "license": "ODbL-1.0",
            "record_id": "n1711338690@8",
            "update_time": "2026-02-24T03:16:42Z",
            "confidence": null,
            "between": null,
            "provider": "osm",
            "resource": "planet",
            "version": "2026-08-05"
          }
        ],
        "connectorIds": [],
        "officialInventory": false,
        "name": null,
        "originalCrs": "EPSG:4326",
        "originalProperties": {
          "sources": [
            {
              "property": "",
              "dataset": "OpenStreetMap",
              "license": "ODbL-1.0",
              "record_id": "n1711338690@8",
              "update_time": "2026-02-24T03:16:42Z",
              "confidence": null,
              "between": null,
              "provider": "osm",
              "resource": "planet",
              "version": "2026-08-05"
            }
          ],
          "version": 2
        }
      }
    },
    {
      "type": "Feature",
      "id": "949a9dc9-be71-46ff-b6e3-640b100d6258",
      "geometry": {
        "type": "Point",
        "coordinates": [
          120.1990246,
          23.0248015
        ]
      },
      "properties": {
        "source": "overture",
        "sourceKey": "overture-connectors",
        "sourceVersion": "latest",
        "sourceFeatureId": "949a9dc9-be71-46ff-b6e3-640b100d6258",
        "facilityType": "unknown",
        "pedestrianAllowed": null,
        "bicycleAllowed": null,
        "direction": "unknown",
        "provenance": [
          {
            "property": "",
            "dataset": "OpenStreetMap",
            "license": "ODbL-1.0",
            "record_id": "n1711338678@4",
            "update_time": "2017-07-19T09:08:49Z",
            "confidence": null,
            "between": null,
            "provider": "osm",
            "resource": "planet",
            "version": "2026-08-05"
          }
        ],
        "connectorIds": [],
        "officialInventory": false,
        "name": null,
        "originalCrs": "EPSG:4326",
        "originalProperties": {
          "sources": [
            {
              "property": "",
              "dataset": "OpenStreetMap",
              "license": "ODbL-1.0",
              "record_id": "n1711338678@4",
              "update_time": "2017-07-19T09:08:49Z",
              "confidence": null,
              "between": null,
              "provider": "osm",
              "resource": "planet",
              "version": "2026-08-05"
            }
          ],
          "version": 1
        }
      }
    },
    {
      "type": "Feature",
      "id": "7caa0c08-cfb0-49c3-b698-50cb85d07150",
      "geometry": {
        "type": "Point",
        "coordinates": [
          120.1991551,
          23.0248214
        ]
      },
      "properties": {
        "source": "overture",
        "sourceKey": "overture-connectors",
        "sourceVersion": "latest",
        "sourceFeatureId": "7caa0c08-cfb0-49c3-b698-50cb85d07150",
        "facilityType": "unknown",
        "pedestrianAllowed": null,
        "bicycleAllowed": null,
        "direction": "unknown",
        "provenance": [
          {
            "property": "",
            "dataset": "OpenStreetMap",
            "license": "ODbL-1.0",
            "record_id": "n1711338679@4",
            "update_time": "2017-07-19T09:08:49Z",
            "confidence": null,
            "between": null,
            "provider": "osm",
            "resource": "planet",
            "version": "2026-08-05"
          }
        ],
        "connectorIds": [],
        "officialInventory": false,
        "name": null,
        "originalCrs": "EPSG:4326",
        "originalProperties": {
          "sources": [
            {
              "property": "",
              "dataset": "OpenStreetMap",
              "license": "ODbL-1.0",
              "record_id": "n1711338679@4",
              "update_time": "2017-07-19T09:08:49Z",
              "confidence": null,
              "between": null,
              "provider": "osm",
              "resource": "planet",
              "version": "2026-08-05"
            }
          ],
          "version": 1
        }
      }
    },
    {
      "type": "Feature",
      "id": "13da9bb3-b16e-48dc-b7e6-0f1b6cd2aed4",
      "geometry": {
        "type": "Point",
        "coordinates": [
          120.1995068,
          23.0248773
        ]
      },
      "properties": {
        "source": "overture",
        "sourceKey": "overture-connectors",
        "sourceVersion": "latest",
        "sourceFeatureId": "13da9bb3-b16e-48dc-b7e6-0f1b6cd2aed4",
        "facilityType": "unknown",
        "pedestrianAllowed": null,
        "bicycleAllowed": null,
        "direction": "unknown",
        "provenance": [
          {
            "property": "",
            "dataset": "OpenStreetMap",
            "license": "ODbL-1.0",
            "record_id": "n1711338681@5",
            "update_time": "2022-11-09T08:18:20Z",
            "confidence": null,
            "between": null,
            "provider": "osm",
            "resource": "planet",
            "version": "2026-08-05"
          }
        ],
        "connectorIds": [],
        "officialInventory": false,
        "name": null,
        "originalCrs": "EPSG:4326",
        "originalProperties": {
          "sources": [
            {
              "property": "",
              "dataset": "OpenStreetMap",
              "license": "ODbL-1.0",
              "record_id": "n1711338681@5",
              "update_time": "2022-11-09T08:18:20Z",
              "confidence": null,
              "between": null,
              "provider": "osm",
              "resource": "planet",
              "version": "2026-08-05"
            }
          ],
          "version": 1
        }
      }
    },
    {
      "type": "Feature",
      "id": "4d34e340-42e6-47fd-868b-3af28e64e1b7",
      "geometry": {
        "type": "Point",
        "coordinates": [
          120.1996423,
          23.0250059
        ]
      },
      "properties": {
        "source": "overture",
        "sourceKey": "overture-connectors",
        "sourceVersion": "latest",
        "sourceFeatureId": "4d34e340-42e6-47fd-868b-3af28e64e1b7",
        "facilityType": "unknown",
        "pedestrianAllowed": null,
        "bicycleAllowed": null,
        "direction": "unknown",
        "provenance": [
          {
            "property": "",
            "dataset": "OpenStreetMap",
            "license": "ODbL-1.0",
            "record_id": "n8419976953@1",
            "update_time": "2021-02-13T09:13:12Z",
            "confidence": null,
            "between": null,
            "provider": "osm",
            "resource": "planet",
            "version": "2026-08-05"
          }
        ],
        "connectorIds": [],
        "officialInventory": false,
        "name": null,
        "originalCrs": "EPSG:4326",
        "originalProperties": {
          "sources": [
            {
              "property": "",
              "dataset": "OpenStreetMap",
              "license": "ODbL-1.0",
              "record_id": "n8419976953@1",
              "update_time": "2021-02-13T09:13:12Z",
              "confidence": null,
              "between": null,
              "provider": "osm",
              "resource": "planet",
              "version": "2026-08-05"
            }
          ],
          "version": 1
        }
      }
    },
    {
      "type": "Feature",
      "id": "5b1e33a2-91f9-417f-a4a0-b701ec394bb0",
      "geometry": {
        "type": "Point",
        "coordinates": [
          120.1990804,
          23.0251589
        ]
      },
      "properties": {
        "source": "overture",
        "sourceKey": "overture-connectors",
        "sourceVersion": "latest",
        "sourceFeatureId": "5b1e33a2-91f9-417f-a4a0-b701ec394bb0",
        "facilityType": "unknown",
        "pedestrianAllowed": null,
        "bicycleAllowed": null,
        "direction": "unknown",
        "provenance": [
          {
            "property": "",
            "dataset": "OpenStreetMap",
            "license": "ODbL-1.0",
            "record_id": "n1711338686@4",
            "update_time": "2017-07-19T09:08:49Z",
            "confidence": null,
            "between": null,
            "provider": "osm",
            "resource": "planet",
            "version": "2026-08-05"
          }
        ],
        "connectorIds": [],
        "officialInventory": false,
        "name": null,
        "originalCrs": "EPSG:4326",
        "originalProperties": {
          "sources": [
            {
              "property": "",
              "dataset": "OpenStreetMap",
              "license": "ODbL-1.0",
              "record_id": "n1711338686@4",
              "update_time": "2017-07-19T09:08:49Z",
              "confidence": null,
              "between": null,
              "provider": "osm",
              "resource": "planet",
              "version": "2026-08-05"
            }
          ],
          "version": 1
        }
      }
    },
    {
      "type": "Feature",
      "id": "b73d8e85-88e2-494e-93c7-aaadbecbef4a",
      "geometry": {
        "type": "Point",
        "coordinates": [
          120.1993151,
          23.0253414
        ]
      },
      "properties": {
        "source": "overture",
        "sourceKey": "overture-connectors",
        "sourceVersion": "latest",
        "sourceFeatureId": "b73d8e85-88e2-494e-93c7-aaadbecbef4a",
        "facilityType": "unknown",
        "pedestrianAllowed": null,
        "bicycleAllowed": null,
        "direction": "unknown",
        "provenance": [
          {
            "property": "",
            "dataset": "OpenStreetMap",
            "license": "ODbL-1.0",
            "record_id": "n13584543336@1",
            "update_time": "2026-02-20T11:12:42Z",
            "confidence": null,
            "between": null,
            "provider": "osm",
            "resource": "planet",
            "version": "2026-08-05"
          }
        ],
        "connectorIds": [],
        "officialInventory": false,
        "name": null,
        "originalCrs": "EPSG:4326",
        "originalProperties": {
          "sources": [
            {
              "property": "",
              "dataset": "OpenStreetMap",
              "license": "ODbL-1.0",
              "record_id": "n13584543336@1",
              "update_time": "2026-02-20T11:12:42Z",
              "confidence": null,
              "between": null,
              "provider": "osm",
              "resource": "planet",
              "version": "2026-08-05"
            }
          ],
          "version": 1
        }
      }
    },
    {
      "type": "Feature",
      "id": "c83424f1-7c17-4998-8e1c-ba0b19661bdd",
      "geometry": {
        "type": "Point",
        "coordinates": [
          120.199304,
          23.0254067
        ]
      },
      "properties": {
        "source": "overture",
        "sourceKey": "overture-connectors",
        "sourceVersion": "latest",
        "sourceFeatureId": "c83424f1-7c17-4998-8e1c-ba0b19661bdd",
        "facilityType": "unknown",
        "pedestrianAllowed": null,
        "bicycleAllowed": null,
        "direction": "unknown",
        "provenance": [
          {
            "property": "",
            "dataset": "OpenStreetMap",
            "license": "ODbL-1.0",
            "record_id": "n13584543337@2",
            "update_time": "2026-02-24T03:16:42Z",
            "confidence": null,
            "between": null,
            "provider": "osm",
            "resource": "planet",
            "version": "2026-08-05"
          }
        ],
        "connectorIds": [],
        "officialInventory": false,
        "name": null,
        "originalCrs": "EPSG:4326",
        "originalProperties": {
          "sources": [
            {
              "property": "",
              "dataset": "OpenStreetMap",
              "license": "ODbL-1.0",
              "record_id": "n13584543337@2",
              "update_time": "2026-02-24T03:16:42Z",
              "confidence": null,
              "between": null,
              "provider": "osm",
              "resource": "planet",
              "version": "2026-08-05"
            }
          ],
          "version": 1
        }
      }
    },
    {
      "type": "Feature",
      "id": "49cc3b25-a464-45e1-bfdc-6f15fb20a6b0",
      "geometry": {
        "type": "Point",
        "coordinates": [
          120.1990172,
          23.0254392
        ]
      },
      "properties": {
        "source": "overture",
        "sourceKey": "overture-connectors",
        "sourceVersion": "latest",
        "sourceFeatureId": "49cc3b25-a464-45e1-bfdc-6f15fb20a6b0",
        "facilityType": "unknown",
        "pedestrianAllowed": null,
        "bicycleAllowed": null,
        "direction": "unknown",
        "provenance": [
          {
            "property": "",
            "dataset": "OpenStreetMap",
            "license": "ODbL-1.0",
            "record_id": "n13584543353@2",
            "update_time": "2026-02-24T03:16:42Z",
            "confidence": null,
            "between": null,
            "provider": "osm",
            "resource": "planet",
            "version": "2026-08-05"
          }
        ],
        "connectorIds": [],
        "officialInventory": false,
        "name": null,
        "originalCrs": "EPSG:4326",
        "originalProperties": {
          "sources": [
            {
              "property": "",
              "dataset": "OpenStreetMap",
              "license": "ODbL-1.0",
              "record_id": "n13584543353@2",
              "update_time": "2026-02-24T03:16:42Z",
              "confidence": null,
              "between": null,
              "provider": "osm",
              "resource": "planet",
              "version": "2026-08-05"
            }
          ],
          "version": 1
        }
      }
    },
    {
      "type": "Feature",
      "id": "aa340618-c15f-4a6e-b9fe-62001a78161f",
      "geometry": {
        "type": "Point",
        "coordinates": [
          120.199039,
          23.0256195
        ]
      },
      "properties": {
        "source": "overture",
        "sourceKey": "overture-connectors",
        "sourceVersion": "latest",
        "sourceFeatureId": "aa340618-c15f-4a6e-b9fe-62001a78161f",
        "facilityType": "unknown",
        "pedestrianAllowed": null,
        "bicycleAllowed": null,
        "direction": "unknown",
        "provenance": [
          {
            "property": "",
            "dataset": "OpenStreetMap",
            "license": "ODbL-1.0",
            "record_id": "n13584543355@1",
            "update_time": "2026-02-20T11:12:42Z",
            "confidence": null,
            "between": null,
            "provider": "osm",
            "resource": "planet",
            "version": "2026-08-05"
          }
        ],
        "connectorIds": [],
        "officialInventory": false,
        "name": null,
        "originalCrs": "EPSG:4326",
        "originalProperties": {
          "sources": [
            {
              "property": "",
              "dataset": "OpenStreetMap",
              "license": "ODbL-1.0",
              "record_id": "n13584543355@1",
              "update_time": "2026-02-20T11:12:42Z",
              "confidence": null,
              "between": null,
              "provider": "osm",
              "resource": "planet",
              "version": "2026-08-05"
            }
          ],
          "version": 1
        }
      }
    },
    {
      "type": "Feature",
      "id": "8542b384-53fb-4f88-ac29-d77421acf34c",
      "geometry": {
        "type": "Point",
        "coordinates": [
          120.1992015,
          23.0256025
        ]
      },
      "properties": {
        "source": "overture",
        "sourceKey": "overture-connectors",
        "sourceVersion": "latest",
        "sourceFeatureId": "8542b384-53fb-4f88-ac29-d77421acf34c",
        "facilityType": "unknown",
        "pedestrianAllowed": null,
        "bicycleAllowed": null,
        "direction": "unknown",
        "provenance": [
          {
            "property": "",
            "dataset": "OpenStreetMap",
            "license": "ODbL-1.0",
            "record_id": "n13584543377@1",
            "update_time": "2026-02-20T11:12:42Z",
            "confidence": null,
            "between": null,
            "provider": "osm",
            "resource": "planet",
            "version": "2026-08-05"
          }
        ],
        "connectorIds": [],
        "officialInventory": false,
        "name": null,
        "originalCrs": "EPSG:4326",
        "originalProperties": {
          "sources": [
            {
              "property": "",
              "dataset": "OpenStreetMap",
              "license": "ODbL-1.0",
              "record_id": "n13584543377@1",
              "update_time": "2026-02-20T11:12:42Z",
              "confidence": null,
              "between": null,
              "provider": "osm",
              "resource": "planet",
              "version": "2026-08-05"
            }
          ],
          "version": 1
        }
      }
    },
    {
      "type": "Feature",
      "id": "a88e0c65-55d1-445d-9222-481c711583e8",
      "geometry": {
        "type": "Point",
        "coordinates": [
          120.1991667,
          23.025637
        ]
      },
      "properties": {
        "source": "overture",
        "sourceKey": "overture-connectors",
        "sourceVersion": "latest",
        "sourceFeatureId": "a88e0c65-55d1-445d-9222-481c711583e8",
        "facilityType": "unknown",
        "pedestrianAllowed": null,
        "bicycleAllowed": null,
        "direction": "unknown",
        "provenance": [
          {
            "property": "",
            "dataset": "OpenStreetMap",
            "license": "ODbL-1.0",
            "record_id": "n13584543365@1",
            "update_time": "2026-02-20T11:12:42Z",
            "confidence": null,
            "between": null,
            "provider": "osm",
            "resource": "planet",
            "version": "2026-08-05"
          }
        ],
        "connectorIds": [],
        "officialInventory": false,
        "name": null,
        "originalCrs": "EPSG:4326",
        "originalProperties": {
          "sources": [
            {
              "property": "",
              "dataset": "OpenStreetMap",
              "license": "ODbL-1.0",
              "record_id": "n13584543365@1",
              "update_time": "2026-02-20T11:12:42Z",
              "confidence": null,
              "between": null,
              "provider": "osm",
              "resource": "planet",
              "version": "2026-08-05"
            }
          ],
          "version": 1
        }
      }
    },
    {
      "type": "Feature",
      "id": "c3ea3db9-37fb-452d-814b-cfa9b18bd78b",
      "geometry": {
        "type": "Point",
        "coordinates": [
          120.1992698,
          23.0256025
        ]
      },
      "properties": {
        "source": "overture",
        "sourceKey": "overture-connectors",
        "sourceVersion": "latest",
        "sourceFeatureId": "c3ea3db9-37fb-452d-814b-cfa9b18bd78b",
        "facilityType": "unknown",
        "pedestrianAllowed": null,
        "bicycleAllowed": null,
        "direction": "unknown",
        "provenance": [
          {
            "property": "",
            "dataset": "OpenStreetMap",
            "license": "ODbL-1.0",
            "record_id": "n13584543376@1",
            "update_time": "2026-02-20T11:12:42Z",
            "confidence": null,
            "between": null,
            "provider": "osm",
            "resource": "planet",
            "version": "2026-08-05"
          }
        ],
        "connectorIds": [],
        "officialInventory": false,
        "name": null,
        "originalCrs": "EPSG:4326",
        "originalProperties": {
          "sources": [
            {
              "property": "",
              "dataset": "OpenStreetMap",
              "license": "ODbL-1.0",
              "record_id": "n13584543376@1",
              "update_time": "2026-02-20T11:12:42Z",
              "confidence": null,
              "between": null,
              "provider": "osm",
              "resource": "planet",
              "version": "2026-08-05"
            }
          ],
          "version": 1
        }
      }
    },
    {
      "type": "Feature",
      "id": "10307f31-f5a9-4fc6-a42d-80d0ef22ed7b",
      "geometry": {
        "type": "Point",
        "coordinates": [
          120.1992361,
          23.0254636
        ]
      },
      "properties": {
        "source": "overture",
        "sourceKey": "overture-connectors",
        "sourceVersion": "latest",
        "sourceFeatureId": "10307f31-f5a9-4fc6-a42d-80d0ef22ed7b",
        "facilityType": "unknown",
        "pedestrianAllowed": null,
        "bicycleAllowed": null,
        "direction": "unknown",
        "provenance": [
          {
            "property": "",
            "dataset": "OpenStreetMap",
            "license": "ODbL-1.0",
            "record_id": "n13584543379@2",
            "update_time": "2026-02-24T03:16:42Z",
            "confidence": null,
            "between": null,
            "provider": "osm",
            "resource": "planet",
            "version": "2026-08-05"
          }
        ],
        "connectorIds": [],
        "officialInventory": false,
        "name": null,
        "originalCrs": "EPSG:4326",
        "originalProperties": {
          "sources": [
            {
              "property": "",
              "dataset": "OpenStreetMap",
              "license": "ODbL-1.0",
              "record_id": "n13584543379@2",
              "update_time": "2026-02-24T03:16:42Z",
              "confidence": null,
              "between": null,
              "provider": "osm",
              "resource": "planet",
              "version": "2026-08-05"
            }
          ],
          "version": 1
        }
      }
    },
    {
      "type": "Feature",
      "id": "9b2cea32-8161-4b2d-aa5f-5ed291b9a2cf",
      "geometry": {
        "type": "Point",
        "coordinates": [
          120.1992925,
          23.0254699
        ]
      },
      "properties": {
        "source": "overture",
        "sourceKey": "overture-connectors",
        "sourceVersion": "latest",
        "sourceFeatureId": "9b2cea32-8161-4b2d-aa5f-5ed291b9a2cf",
        "facilityType": "unknown",
        "pedestrianAllowed": null,
        "bicycleAllowed": null,
        "direction": "unknown",
        "provenance": [
          {
            "property": "",
            "dataset": "OpenStreetMap",
            "license": "ODbL-1.0",
            "record_id": "n13584543335@2",
            "update_time": "2026-02-24T03:16:42Z",
            "confidence": null,
            "between": null,
            "provider": "osm",
            "resource": "planet",
            "version": "2026-08-05"
          }
        ],
        "connectorIds": [],
        "officialInventory": false,
        "name": null,
        "originalCrs": "EPSG:4326",
        "originalProperties": {
          "sources": [
            {
              "property": "",
              "dataset": "OpenStreetMap",
              "license": "ODbL-1.0",
              "record_id": "n13584543335@2",
              "update_time": "2026-02-24T03:16:42Z",
              "confidence": null,
              "between": null,
              "provider": "osm",
              "resource": "planet",
              "version": "2026-08-05"
            }
          ],
          "version": 1
        }
      }
    },
    {
      "type": "Feature",
      "id": "5f08e05e-a963-4b2d-9d15-de4a4b25aa06",
      "geometry": {
        "type": "Point",
        "coordinates": [
          120.1993726,
          23.0254825
        ]
      },
      "properties": {
        "source": "overture",
        "sourceKey": "overture-connectors",
        "sourceVersion": "latest",
        "sourceFeatureId": "5f08e05e-a963-4b2d-9d15-de4a4b25aa06",
        "facilityType": "unknown",
        "pedestrianAllowed": null,
        "bicycleAllowed": null,
        "direction": "unknown",
        "provenance": [
          {
            "property": "",
            "dataset": "OpenStreetMap",
            "license": "ODbL-1.0",
            "record_id": "n13584543338@2",
            "update_time": "2026-02-24T03:16:42Z",
            "confidence": null,
            "between": null,
            "provider": "osm",
            "resource": "planet",
            "version": "2026-08-05"
          }
        ],
        "connectorIds": [],
        "officialInventory": false,
        "name": null,
        "originalCrs": "EPSG:4326",
        "originalProperties": {
          "sources": [
            {
              "property": "",
              "dataset": "OpenStreetMap",
              "license": "ODbL-1.0",
              "record_id": "n13584543338@2",
              "update_time": "2026-02-24T03:16:42Z",
              "confidence": null,
              "between": null,
              "provider": "osm",
              "resource": "planet",
              "version": "2026-08-05"
            }
          ],
          "version": 1
        }
      }
    },
    {
      "type": "Feature",
      "id": "3c017eb1-64ec-46a5-9ebf-d23868dc1e3d",
      "geometry": {
        "type": "Point",
        "coordinates": [
          120.1994194,
          23.0254896
        ]
      },
      "properties": {
        "source": "overture",
        "sourceKey": "overture-connectors",
        "sourceVersion": "latest",
        "sourceFeatureId": "3c017eb1-64ec-46a5-9ebf-d23868dc1e3d",
        "facilityType": "unknown",
        "pedestrianAllowed": null,
        "bicycleAllowed": null,
        "direction": "unknown",
        "provenance": [
          {
            "property": "",
            "dataset": "OpenStreetMap",
            "license": "ODbL-1.0",
            "record_id": "n13584543334@2",
            "update_time": "2026-02-24T03:16:42Z",
            "confidence": null,
            "between": null,
            "provider": "osm",
            "resource": "planet",
            "version": "2026-08-05"
          }
        ],
        "connectorIds": [],
        "officialInventory": false,
        "name": null,
        "originalCrs": "EPSG:4326",
        "originalProperties": {
          "sources": [
            {
              "property": "",
              "dataset": "OpenStreetMap",
              "license": "ODbL-1.0",
              "record_id": "n13584543334@2",
              "update_time": "2026-02-24T03:16:42Z",
              "confidence": null,
              "between": null,
              "provider": "osm",
              "resource": "planet",
              "version": "2026-08-05"
            }
          ],
          "version": 1
        }
      }
    },
    {
      "type": "Feature",
      "id": "cf429f15-a66b-4cbb-84ef-1841167d5087",
      "geometry": {
        "type": "Point",
        "coordinates": [
          120.1993878,
          23.0254161
        ]
      },
      "properties": {
        "source": "overture",
        "sourceKey": "overture-connectors",
        "sourceVersion": "latest",
        "sourceFeatureId": "cf429f15-a66b-4cbb-84ef-1841167d5087",
        "facilityType": "unknown",
        "pedestrianAllowed": null,
        "bicycleAllowed": null,
        "direction": "unknown",
        "provenance": [
          {
            "property": "",
            "dataset": "OpenStreetMap",
            "license": "ODbL-1.0",
            "record_id": "n1711338694@10",
            "update_time": "2026-02-24T03:16:42Z",
            "confidence": null,
            "between": null,
            "provider": "osm",
            "resource": "planet",
            "version": "2026-08-05"
          }
        ],
        "connectorIds": [],
        "officialInventory": false,
        "name": null,
        "originalCrs": "EPSG:4326",
        "originalProperties": {
          "sources": [
            {
              "property": "",
              "dataset": "OpenStreetMap",
              "license": "ODbL-1.0",
              "record_id": "n1711338694@10",
              "update_time": "2026-02-24T03:16:42Z",
              "confidence": null,
              "between": null,
              "provider": "osm",
              "resource": "planet",
              "version": "2026-08-05"
            }
          ],
          "version": 2
        }
      }
    },
    {
      "type": "Feature",
      "id": "de4ae590-b1ce-4662-888c-1eee583c69c9",
      "geometry": {
        "type": "Point",
        "coordinates": [
          120.1994045,
          23.0253297
        ]
      },
      "properties": {
        "source": "overture",
        "sourceKey": "overture-connectors",
        "sourceVersion": "latest",
        "sourceFeatureId": "de4ae590-b1ce-4662-888c-1eee583c69c9",
        "facilityType": "unknown",
        "pedestrianAllowed": null,
        "bicycleAllowed": null,
        "direction": "unknown",
        "provenance": [
          {
            "property": "",
            "dataset": "OpenStreetMap",
            "license": "ODbL-1.0",
            "record_id": "n8419976948@3",
            "update_time": "2026-02-24T03:16:42Z",
            "confidence": null,
            "between": null,
            "provider": "osm",
            "resource": "planet",
            "version": "2026-08-05"
          }
        ],
        "connectorIds": [],
        "officialInventory": false,
        "name": null,
        "originalCrs": "EPSG:4326",
        "originalProperties": {
          "sources": [
            {
              "property": "",
              "dataset": "OpenStreetMap",
              "license": "ODbL-1.0",
              "record_id": "n8419976948@3",
              "update_time": "2026-02-24T03:16:42Z",
              "confidence": null,
              "between": null,
              "provider": "osm",
              "resource": "planet",
              "version": "2026-08-05"
            }
          ],
          "version": 2
        }
      }
    },
    {
      "type": "Feature",
      "id": "50bed22c-0ef4-4322-87ca-6b6d57c226e9",
      "geometry": {
        "type": "Point",
        "coordinates": [
          120.1999493,
          23.0254691
        ]
      },
      "properties": {
        "source": "overture",
        "sourceKey": "overture-connectors",
        "sourceVersion": "latest",
        "sourceFeatureId": "50bed22c-0ef4-4322-87ca-6b6d57c226e9",
        "facilityType": "unknown",
        "pedestrianAllowed": null,
        "bicycleAllowed": null,
        "direction": "unknown",
        "provenance": [
          {
            "property": "",
            "dataset": "OpenStreetMap",
            "license": "ODbL-1.0",
            "record_id": "n4423725521@4",
            "update_time": "2026-02-24T03:16:42Z",
            "confidence": null,
            "between": null,
            "provider": "osm",
            "resource": "planet",
            "version": "2026-08-05"
          }
        ],
        "connectorIds": [],
        "officialInventory": false,
        "name": null,
        "originalCrs": "EPSG:4326",
        "originalProperties": {
          "sources": [
            {
              "property": "",
              "dataset": "OpenStreetMap",
              "license": "ODbL-1.0",
              "record_id": "n4423725521@4",
              "update_time": "2026-02-24T03:16:42Z",
              "confidence": null,
              "between": null,
              "provider": "osm",
              "resource": "planet",
              "version": "2026-08-05"
            }
          ],
          "version": 2
        }
      }
    },
    {
      "type": "Feature",
      "id": "7072dea7-8663-4286-babe-21a45cce0f63",
      "geometry": {
        "type": "Point",
        "coordinates": [
          120.200289,
          23.0255038
        ]
      },
      "properties": {
        "source": "overture",
        "sourceKey": "overture-connectors",
        "sourceVersion": "latest",
        "sourceFeatureId": "7072dea7-8663-4286-babe-21a45cce0f63",
        "facilityType": "unknown",
        "pedestrianAllowed": null,
        "bicycleAllowed": null,
        "direction": "unknown",
        "provenance": [
          {
            "property": "",
            "dataset": "OpenStreetMap",
            "license": "ODbL-1.0",
            "record_id": "n1711338702@7",
            "update_time": "2026-02-24T03:16:42Z",
            "confidence": null,
            "between": null,
            "provider": "osm",
            "resource": "planet",
            "version": "2026-08-05"
          }
        ],
        "connectorIds": [],
        "officialInventory": false,
        "name": null,
        "originalCrs": "EPSG:4326",
        "originalProperties": {
          "sources": [
            {
              "property": "",
              "dataset": "OpenStreetMap",
              "license": "ODbL-1.0",
              "record_id": "n1711338702@7",
              "update_time": "2026-02-24T03:16:42Z",
              "confidence": null,
              "between": null,
              "provider": "osm",
              "resource": "planet",
              "version": "2026-08-05"
            }
          ],
          "version": 2
        }
      }
    },
    {
      "type": "Feature",
      "id": "efbf6f5d-d643-4d79-b70c-eea5c85cf05d",
      "geometry": {
        "type": "Point",
        "coordinates": [
          120.2004107,
          23.0249666
        ]
      },
      "properties": {
        "source": "overture",
        "sourceKey": "overture-connectors",
        "sourceVersion": "latest",
        "sourceFeatureId": "efbf6f5d-d643-4d79-b70c-eea5c85cf05d",
        "facilityType": "unknown",
        "pedestrianAllowed": null,
        "bicycleAllowed": null,
        "direction": "unknown",
        "provenance": [
          {
            "property": "",
            "dataset": "OpenStreetMap",
            "license": "ODbL-1.0",
            "record_id": "n4979057246@4",
            "update_time": "2026-02-24T03:16:42Z",
            "confidence": null,
            "between": null,
            "provider": "osm",
            "resource": "planet",
            "version": "2026-08-05"
          }
        ],
        "connectorIds": [],
        "officialInventory": false,
        "name": null,
        "originalCrs": "EPSG:4326",
        "originalProperties": {
          "sources": [
            {
              "property": "",
              "dataset": "OpenStreetMap",
              "license": "ODbL-1.0",
              "record_id": "n4979057246@4",
              "update_time": "2026-02-24T03:16:42Z",
              "confidence": null,
              "between": null,
              "provider": "osm",
              "resource": "planet",
              "version": "2026-08-05"
            }
          ],
          "version": 2
        }
      }
    },
    {
      "type": "Feature",
      "id": "bdd52c48-9bdb-408f-86e9-89cb752fc044",
      "geometry": {
        "type": "Point",
        "coordinates": [
          120.2000381,
          23.0250766
        ]
      },
      "properties": {
        "source": "overture",
        "sourceKey": "overture-connectors",
        "sourceVersion": "latest",
        "sourceFeatureId": "bdd52c48-9bdb-408f-86e9-89cb752fc044",
        "facilityType": "unknown",
        "pedestrianAllowed": null,
        "bicycleAllowed": null,
        "direction": "unknown",
        "provenance": [
          {
            "property": "",
            "dataset": "OpenStreetMap",
            "license": "ODbL-1.0",
            "record_id": "n8419976952@1",
            "update_time": "2021-02-13T09:13:12Z",
            "confidence": null,
            "between": null,
            "provider": "osm",
            "resource": "planet",
            "version": "2026-08-05"
          }
        ],
        "connectorIds": [],
        "officialInventory": false,
        "name": null,
        "originalCrs": "EPSG:4326",
        "originalProperties": {
          "sources": [
            {
              "property": "",
              "dataset": "OpenStreetMap",
              "license": "ODbL-1.0",
              "record_id": "n8419976952@1",
              "update_time": "2021-02-13T09:13:12Z",
              "confidence": null,
              "between": null,
              "provider": "osm",
              "resource": "planet",
              "version": "2026-08-05"
            }
          ],
          "version": 1
        }
      }
    },
    {
      "type": "Feature",
      "id": "5e57755e-7a11-4a65-9324-b00292ce50b7",
      "geometry": {
        "type": "Point",
        "coordinates": [
          120.2001159,
          23.0247332
        ]
      },
      "properties": {
        "source": "overture",
        "sourceKey": "overture-connectors",
        "sourceVersion": "latest",
        "sourceFeatureId": "5e57755e-7a11-4a65-9324-b00292ce50b7",
        "facilityType": "unknown",
        "pedestrianAllowed": null,
        "bicycleAllowed": null,
        "direction": "unknown",
        "provenance": [
          {
            "property": "",
            "dataset": "OpenStreetMap",
            "license": "ODbL-1.0",
            "record_id": "n8419976950@1",
            "update_time": "2021-02-13T09:13:12Z",
            "confidence": null,
            "between": null,
            "provider": "osm",
            "resource": "planet",
            "version": "2026-08-05"
          }
        ],
        "connectorIds": [],
        "officialInventory": false,
        "name": null,
        "originalCrs": "EPSG:4326",
        "originalProperties": {
          "sources": [
            {
              "property": "",
              "dataset": "OpenStreetMap",
              "license": "ODbL-1.0",
              "record_id": "n8419976950@1",
              "update_time": "2021-02-13T09:13:12Z",
              "confidence": null,
              "between": null,
              "provider": "osm",
              "resource": "planet",
              "version": "2026-08-05"
            }
          ],
          "version": 1
        }
      }
    },
    {
      "type": "Feature",
      "id": "4ca76494-abe7-4b46-9543-49de1449802e",
      "geometry": {
        "type": "Point",
        "coordinates": [
          120.2001856,
          23.0249263
        ]
      },
      "properties": {
        "source": "overture",
        "sourceKey": "overture-connectors",
        "sourceVersion": "latest",
        "sourceFeatureId": "4ca76494-abe7-4b46-9543-49de1449802e",
        "facilityType": "unknown",
        "pedestrianAllowed": null,
        "bicycleAllowed": null,
        "direction": "unknown",
        "provenance": [
          {
            "property": "",
            "dataset": "OpenStreetMap",
            "license": "ODbL-1.0",
            "record_id": "n4979057245@2",
            "update_time": "2026-02-24T03:16:42Z",
            "confidence": null,
            "between": null,
            "provider": "osm",
            "resource": "planet",
            "version": "2026-08-05"
          }
        ],
        "connectorIds": [],
        "officialInventory": false,
        "name": null,
        "originalCrs": "EPSG:4326",
        "originalProperties": {
          "sources": [
            {
              "property": "",
              "dataset": "OpenStreetMap",
              "license": "ODbL-1.0",
              "record_id": "n4979057245@2",
              "update_time": "2026-02-24T03:16:42Z",
              "confidence": null,
              "between": null,
              "provider": "osm",
              "resource": "planet",
              "version": "2026-08-05"
            }
          ],
          "version": 2
        }
      }
    },
    {
      "type": "Feature",
      "id": "3b0dd954-ffb2-43ed-ada2-dd5abe052a36",
      "geometry": {
        "type": "Point",
        "coordinates": [
          120.2006308,
          23.0249984
        ]
      },
      "properties": {
        "source": "overture",
        "sourceKey": "overture-connectors",
        "sourceVersion": "latest",
        "sourceFeatureId": "3b0dd954-ffb2-43ed-ada2-dd5abe052a36",
        "facilityType": "unknown",
        "pedestrianAllowed": null,
        "bicycleAllowed": null,
        "direction": "unknown",
        "provenance": [
          {
            "property": "",
            "dataset": "OpenStreetMap",
            "license": "ODbL-1.0",
            "record_id": "n4979057247@2",
            "update_time": "2024-08-11T17:33:52Z",
            "confidence": null,
            "between": null,
            "provider": "osm",
            "resource": "planet",
            "version": "2026-08-05"
          }
        ],
        "connectorIds": [],
        "officialInventory": false,
        "name": null,
        "originalCrs": "EPSG:4326",
        "originalProperties": {
          "sources": [
            {
              "property": "",
              "dataset": "OpenStreetMap",
              "license": "ODbL-1.0",
              "record_id": "n4979057247@2",
              "update_time": "2024-08-11T17:33:52Z",
              "confidence": null,
              "between": null,
              "provider": "osm",
              "resource": "planet",
              "version": "2026-08-05"
            }
          ],
          "version": 1
        }
      }
    },
    {
      "type": "Feature",
      "id": "9fb50b44-67ed-4d43-904d-cda324413d54",
      "geometry": {
        "type": "Point",
        "coordinates": [
          120.2015249,
          23.0251092
        ]
      },
      "properties": {
        "source": "overture",
        "sourceKey": "overture-connectors",
        "sourceVersion": "latest",
        "sourceFeatureId": "9fb50b44-67ed-4d43-904d-cda324413d54",
        "facilityType": "unknown",
        "pedestrianAllowed": null,
        "bicycleAllowed": null,
        "direction": "unknown",
        "provenance": [
          {
            "property": "",
            "dataset": "OpenStreetMap",
            "license": "ODbL-1.0",
            "record_id": "n1711304097@3",
            "update_time": "2016-09-29T14:40:22Z",
            "confidence": null,
            "between": null,
            "provider": "osm",
            "resource": "planet",
            "version": "2026-08-05"
          }
        ],
        "connectorIds": [],
        "officialInventory": false,
        "name": null,
        "originalCrs": "EPSG:4326",
        "originalProperties": {
          "sources": [
            {
              "property": "",
              "dataset": "OpenStreetMap",
              "license": "ODbL-1.0",
              "record_id": "n1711304097@3",
              "update_time": "2016-09-29T14:40:22Z",
              "confidence": null,
              "between": null,
              "provider": "osm",
              "resource": "planet",
              "version": "2026-08-05"
            }
          ],
          "version": 1
        }
      }
    },
    {
      "type": "Feature",
      "id": "00d3bd4e-bffa-40c7-ae15-eca6e208c39b",
      "geometry": {
        "type": "Point",
        "coordinates": [
          120.2019788,
          23.0252937
        ]
      },
      "properties": {
        "source": "overture",
        "sourceKey": "overture-connectors",
        "sourceVersion": "latest",
        "sourceFeatureId": "00d3bd4e-bffa-40c7-ae15-eca6e208c39b",
        "facilityType": "unknown",
        "pedestrianAllowed": null,
        "bicycleAllowed": null,
        "direction": "unknown",
        "provenance": [
          {
            "property": "",
            "dataset": "OpenStreetMap",
            "license": "ODbL-1.0",
            "record_id": "n1711304123@5",
            "update_time": "2026-02-24T03:16:42Z",
            "confidence": null,
            "between": null,
            "provider": "osm",
            "resource": "planet",
            "version": "2026-08-05"
          }
        ],
        "connectorIds": [],
        "officialInventory": false,
        "name": null,
        "originalCrs": "EPSG:4326",
        "originalProperties": {
          "sources": [
            {
              "property": "",
              "dataset": "OpenStreetMap",
              "license": "ODbL-1.0",
              "record_id": "n1711304123@5",
              "update_time": "2026-02-24T03:16:42Z",
              "confidence": null,
              "between": null,
              "provider": "osm",
              "resource": "planet",
              "version": "2026-08-05"
            }
          ],
          "version": 2
        }
      }
    },
    {
      "type": "Feature",
      "id": "5ad625ef-9734-44fd-923d-b144b45ed4c7",
      "geometry": {
        "type": "Point",
        "coordinates": [
          120.2016766,
          23.0253639
        ]
      },
      "properties": {
        "source": "overture",
        "sourceKey": "overture-connectors",
        "sourceVersion": "latest",
        "sourceFeatureId": "5ad625ef-9734-44fd-923d-b144b45ed4c7",
        "facilityType": "unknown",
        "pedestrianAllowed": null,
        "bicycleAllowed": null,
        "direction": "unknown",
        "provenance": [
          {
            "property": "",
            "dataset": "OpenStreetMap",
            "license": "ODbL-1.0",
            "record_id": "n5114745548@2",
            "update_time": "2026-02-24T03:16:42Z",
            "confidence": null,
            "between": null,
            "provider": "osm",
            "resource": "planet",
            "version": "2026-08-05"
          }
        ],
        "connectorIds": [],
        "officialInventory": false,
        "name": null,
        "originalCrs": "EPSG:4326",
        "originalProperties": {
          "sources": [
            {
              "property": "",
              "dataset": "OpenStreetMap",
              "license": "ODbL-1.0",
              "record_id": "n5114745548@2",
              "update_time": "2026-02-24T03:16:42Z",
              "confidence": null,
              "between": null,
              "provider": "osm",
              "resource": "planet",
              "version": "2026-08-05"
            }
          ],
          "version": 2
        }
      }
    },
    {
      "type": "Feature",
      "id": "e7cab7f8-442e-455e-9598-fa3353d6abeb",
      "geometry": {
        "type": "Point",
        "coordinates": [
          120.2018813,
          23.0256772
        ]
      },
      "properties": {
        "source": "overture",
        "sourceKey": "overture-connectors",
        "sourceVersion": "latest",
        "sourceFeatureId": "e7cab7f8-442e-455e-9598-fa3353d6abeb",
        "facilityType": "unknown",
        "pedestrianAllowed": null,
        "bicycleAllowed": null,
        "direction": "unknown",
        "provenance": [
          {
            "property": "",
            "dataset": "OpenStreetMap",
            "license": "ODbL-1.0",
            "record_id": "n3800616173@3",
            "update_time": "2026-02-24T03:16:42Z",
            "confidence": null,
            "between": null,
            "provider": "osm",
            "resource": "planet",
            "version": "2026-08-05"
          }
        ],
        "connectorIds": [],
        "officialInventory": false,
        "name": null,
        "originalCrs": "EPSG:4326",
        "originalProperties": {
          "sources": [
            {
              "property": "",
              "dataset": "OpenStreetMap",
              "license": "ODbL-1.0",
              "record_id": "n3800616173@3",
              "update_time": "2026-02-24T03:16:42Z",
              "confidence": null,
              "between": null,
              "provider": "osm",
              "resource": "planet",
              "version": "2026-08-05"
            }
          ],
          "version": 2
        }
      }
    },
    {
      "type": "Feature",
      "id": "5c2a7d1b-3035-4ce0-90d4-09ec24f81330",
      "geometry": {
        "type": "Point",
        "coordinates": [
          120.2013805,
          23.0256214
        ]
      },
      "properties": {
        "source": "overture",
        "sourceKey": "overture-connectors",
        "sourceVersion": "latest",
        "sourceFeatureId": "5c2a7d1b-3035-4ce0-90d4-09ec24f81330",
        "facilityType": "unknown",
        "pedestrianAllowed": null,
        "bicycleAllowed": null,
        "direction": "unknown",
        "provenance": [
          {
            "property": "",
            "dataset": "OpenStreetMap",
            "license": "ODbL-1.0",
            "record_id": "n5065375070@4",
            "update_time": "2026-02-24T03:16:42Z",
            "confidence": null,
            "between": null,
            "provider": "osm",
            "resource": "planet",
            "version": "2026-08-05"
          }
        ],
        "connectorIds": [],
        "officialInventory": false,
        "name": null,
        "originalCrs": "EPSG:4326",
        "originalProperties": {
          "sources": [
            {
              "property": "",
              "dataset": "OpenStreetMap",
              "license": "ODbL-1.0",
              "record_id": "n5065375070@4",
              "update_time": "2026-02-24T03:16:42Z",
              "confidence": null,
              "between": null,
              "provider": "osm",
              "resource": "planet",
              "version": "2026-08-05"
            }
          ],
          "version": 2
        }
      }
    },
    {
      "type": "Feature",
      "id": "247ea424-a0b6-4b82-a4b5-f872c5f67928",
      "geometry": {
        "type": "Point",
        "coordinates": [
          120.2009461,
          23.0255749
        ]
      },
      "properties": {
        "source": "overture",
        "sourceKey": "overture-connectors",
        "sourceVersion": "latest",
        "sourceFeatureId": "247ea424-a0b6-4b82-a4b5-f872c5f67928",
        "facilityType": "unknown",
        "pedestrianAllowed": null,
        "bicycleAllowed": null,
        "direction": "unknown",
        "provenance": [
          {
            "property": "",
            "dataset": "OpenStreetMap",
            "license": "ODbL-1.0",
            "record_id": "n5114745546@3",
            "update_time": "2026-02-24T03:16:42Z",
            "confidence": null,
            "between": null,
            "provider": "osm",
            "resource": "planet",
            "version": "2026-08-05"
          }
        ],
        "connectorIds": [],
        "officialInventory": false,
        "name": null,
        "originalCrs": "EPSG:4326",
        "originalProperties": {
          "sources": [
            {
              "property": "",
              "dataset": "OpenStreetMap",
              "license": "ODbL-1.0",
              "record_id": "n5114745546@3",
              "update_time": "2026-02-24T03:16:42Z",
              "confidence": null,
              "between": null,
              "provider": "osm",
              "resource": "planet",
              "version": "2026-08-05"
            }
          ],
          "version": 2
        }
      }
    },
    {
      "type": "Feature",
      "id": "5e01bf63-e289-405c-ba80-42650d2e0f17",
      "geometry": {
        "type": "Point",
        "coordinates": [
          120.2010249,
          23.0252399
        ]
      },
      "properties": {
        "source": "overture",
        "sourceKey": "overture-connectors",
        "sourceVersion": "latest",
        "sourceFeatureId": "5e01bf63-e289-405c-ba80-42650d2e0f17",
        "facilityType": "unknown",
        "pedestrianAllowed": null,
        "bicycleAllowed": null,
        "direction": "unknown",
        "provenance": [
          {
            "property": "",
            "dataset": "OpenStreetMap",
            "license": "ODbL-1.0",
            "record_id": "n5114745547@1",
            "update_time": "2017-09-19T09:18:31Z",
            "confidence": null,
            "between": null,
            "provider": "osm",
            "resource": "planet",
            "version": "2026-08-05"
          }
        ],
        "connectorIds": [],
        "officialInventory": false,
        "name": null,
        "originalCrs": "EPSG:4326",
        "originalProperties": {
          "sources": [
            {
              "property": "",
              "dataset": "OpenStreetMap",
              "license": "ODbL-1.0",
              "record_id": "n5114745547@1",
              "update_time": "2017-09-19T09:18:31Z",
              "confidence": null,
              "between": null,
              "provider": "osm",
              "resource": "planet",
              "version": "2026-08-05"
            }
          ],
          "version": 1
        }
      }
    },
    {
      "type": "Feature",
      "id": "78456a34-a742-4a4f-83bf-e68944967114",
      "geometry": {
        "type": "Point",
        "coordinates": [
          120.20082,
          23.0255601
        ]
      },
      "properties": {
        "source": "overture",
        "sourceKey": "overture-connectors",
        "sourceVersion": "latest",
        "sourceFeatureId": "78456a34-a742-4a4f-83bf-e68944967114",
        "facilityType": "unknown",
        "pedestrianAllowed": null,
        "bicycleAllowed": null,
        "direction": "unknown",
        "provenance": [
          {
            "property": "",
            "dataset": "OpenStreetMap",
            "license": "ODbL-1.0",
            "record_id": "n3800616172@4",
            "update_time": "2026-02-24T03:16:42Z",
            "confidence": null,
            "between": null,
            "provider": "osm",
            "resource": "planet",
            "version": "2026-08-05"
          }
        ],
        "connectorIds": [],
        "officialInventory": false,
        "name": null,
        "originalCrs": "EPSG:4326",
        "originalProperties": {
          "sources": [
            {
              "property": "",
              "dataset": "OpenStreetMap",
              "license": "ODbL-1.0",
              "record_id": "n3800616172@4",
              "update_time": "2026-02-24T03:16:42Z",
              "confidence": null,
              "between": null,
              "provider": "osm",
              "resource": "planet",
              "version": "2026-08-05"
            }
          ],
          "version": 2
        }
      }
    },
    {
      "type": "Feature",
      "id": "53447ee8-2208-4cab-a7d3-77bf00f42bb4",
      "geometry": {
        "type": "Point",
        "coordinates": [
          120.2018915,
          23.0266561
        ]
      },
      "properties": {
        "source": "overture",
        "sourceKey": "overture-connectors",
        "sourceVersion": "latest",
        "sourceFeatureId": "53447ee8-2208-4cab-a7d3-77bf00f42bb4",
        "facilityType": "unknown",
        "pedestrianAllowed": null,
        "bicycleAllowed": null,
        "direction": "unknown",
        "provenance": [
          {
            "property": "",
            "dataset": "OpenStreetMap",
            "license": "ODbL-1.0",
            "record_id": "n3779972261@3",
            "update_time": "2024-08-11T01:47:26Z",
            "confidence": null,
            "between": null,
            "provider": "osm",
            "resource": "planet",
            "version": "2026-08-05"
          }
        ],
        "connectorIds": [],
        "officialInventory": false,
        "name": null,
        "originalCrs": "EPSG:4326",
        "originalProperties": {
          "sources": [
            {
              "property": "",
              "dataset": "OpenStreetMap",
              "license": "ODbL-1.0",
              "record_id": "n3779972261@3",
              "update_time": "2024-08-11T01:47:26Z",
              "confidence": null,
              "between": null,
              "provider": "osm",
              "resource": "planet",
              "version": "2026-08-05"
            }
          ],
          "version": 1
        }
      }
    },
    {
      "type": "Feature",
      "id": "7ad86bfc-c8fa-4559-b287-32e2079ac5a0",
      "geometry": {
        "type": "Point",
        "coordinates": [
          120.2019523,
          23.0263299
        ]
      },
      "properties": {
        "source": "overture",
        "sourceKey": "overture-connectors",
        "sourceVersion": "latest",
        "sourceFeatureId": "7ad86bfc-c8fa-4559-b287-32e2079ac5a0",
        "facilityType": "unknown",
        "pedestrianAllowed": null,
        "bicycleAllowed": null,
        "direction": "unknown",
        "provenance": [
          {
            "property": "",
            "dataset": "OpenStreetMap",
            "license": "ODbL-1.0",
            "record_id": "n1711304274@4",
            "update_time": "2024-08-11T01:47:26Z",
            "confidence": null,
            "between": null,
            "provider": "osm",
            "resource": "planet",
            "version": "2026-08-05"
          }
        ],
        "connectorIds": [],
        "officialInventory": false,
        "name": null,
        "originalCrs": "EPSG:4326",
        "originalProperties": {
          "sources": [
            {
              "property": "",
              "dataset": "OpenStreetMap",
              "license": "ODbL-1.0",
              "record_id": "n1711304274@4",
              "update_time": "2024-08-11T01:47:26Z",
              "confidence": null,
              "between": null,
              "provider": "osm",
              "resource": "planet",
              "version": "2026-08-05"
            }
          ],
          "version": 1
        }
      }
    },
    {
      "type": "Feature",
      "id": "60a12e7e-cefc-4245-8552-b4151cc6b39a",
      "geometry": {
        "type": "Point",
        "coordinates": [
          120.2026366,
          23.0257644
        ]
      },
      "properties": {
        "source": "overture",
        "sourceKey": "overture-connectors",
        "sourceVersion": "latest",
        "sourceFeatureId": "60a12e7e-cefc-4245-8552-b4151cc6b39a",
        "facilityType": "unknown",
        "pedestrianAllowed": null,
        "bicycleAllowed": null,
        "direction": "unknown",
        "provenance": [
          {
            "property": "",
            "dataset": "OpenStreetMap",
            "license": "ODbL-1.0",
            "record_id": "n4979128703@3",
            "update_time": "2026-02-24T03:16:42Z",
            "confidence": null,
            "between": null,
            "provider": "osm",
            "resource": "planet",
            "version": "2026-08-05"
          }
        ],
        "connectorIds": [],
        "officialInventory": false,
        "name": null,
        "originalCrs": "EPSG:4326",
        "originalProperties": {
          "sources": [
            {
              "property": "",
              "dataset": "OpenStreetMap",
              "license": "ODbL-1.0",
              "record_id": "n4979128703@3",
              "update_time": "2026-02-24T03:16:42Z",
              "confidence": null,
              "between": null,
              "provider": "osm",
              "resource": "planet",
              "version": "2026-08-05"
            }
          ],
          "version": 2
        }
      }
    },
    {
      "type": "Feature",
      "id": "f8a91349-503e-4b5f-baa0-d5a7348ee8de",
      "geometry": {
        "type": "Point",
        "coordinates": [
          120.2025695,
          23.0264163
        ]
      },
      "properties": {
        "source": "overture",
        "sourceKey": "overture-connectors",
        "sourceVersion": "latest",
        "sourceFeatureId": "f8a91349-503e-4b5f-baa0-d5a7348ee8de",
        "facilityType": "unknown",
        "pedestrianAllowed": null,
        "bicycleAllowed": null,
        "direction": "unknown",
        "provenance": [
          {
            "property": "",
            "dataset": "OpenStreetMap",
            "license": "ODbL-1.0",
            "record_id": "n4979128702@2",
            "update_time": "2024-08-11T01:47:26Z",
            "confidence": null,
            "between": null,
            "provider": "osm",
            "resource": "planet",
            "version": "2026-08-05"
          }
        ],
        "connectorIds": [],
        "officialInventory": false,
        "name": null,
        "originalCrs": "EPSG:4326",
        "originalProperties": {
          "sources": [
            {
              "property": "",
              "dataset": "OpenStreetMap",
              "license": "ODbL-1.0",
              "record_id": "n4979128702@2",
              "update_time": "2024-08-11T01:47:26Z",
              "confidence": null,
              "between": null,
              "provider": "osm",
              "resource": "planet",
              "version": "2026-08-05"
            }
          ],
          "version": 1
        }
      }
    },
    {
      "type": "Feature",
      "id": "81225f5e-8926-4745-bc8f-a61d6d03f00c",
      "geometry": {
        "type": "Point",
        "coordinates": [
          120.203001,
          23.0264772
        ]
      },
      "properties": {
        "source": "overture",
        "sourceKey": "overture-connectors",
        "sourceVersion": "latest",
        "sourceFeatureId": "81225f5e-8926-4745-bc8f-a61d6d03f00c",
        "facilityType": "unknown",
        "pedestrianAllowed": null,
        "bicycleAllowed": null,
        "direction": "unknown",
        "provenance": [
          {
            "property": "",
            "dataset": "OpenStreetMap",
            "license": "ODbL-1.0",
            "record_id": "n1711304298@7",
            "update_time": "2026-02-24T03:16:42Z",
            "confidence": null,
            "between": null,
            "provider": "osm",
            "resource": "planet",
            "version": "2026-08-05"
          }
        ],
        "connectorIds": [],
        "officialInventory": false,
        "name": null,
        "originalCrs": "EPSG:4326",
        "originalProperties": {
          "sources": [
            {
              "property": "",
              "dataset": "OpenStreetMap",
              "license": "ODbL-1.0",
              "record_id": "n1711304298@7",
              "update_time": "2026-02-24T03:16:42Z",
              "confidence": null,
              "between": null,
              "provider": "osm",
              "resource": "planet",
              "version": "2026-08-05"
            }
          ],
          "version": 2
        }
      }
    },
    {
      "type": "Feature",
      "id": "e130ac88-686c-47f0-a18c-bc96d1b7c682",
      "geometry": {
        "type": "Point",
        "coordinates": [
          120.2030523,
          23.026139
        ]
      },
      "properties": {
        "source": "overture",
        "sourceKey": "overture-connectors",
        "sourceVersion": "latest",
        "sourceFeatureId": "e130ac88-686c-47f0-a18c-bc96d1b7c682",
        "facilityType": "unknown",
        "pedestrianAllowed": null,
        "bicycleAllowed": null,
        "direction": "unknown",
        "provenance": [
          {
            "property": "",
            "dataset": "OpenStreetMap",
            "license": "ODbL-1.0",
            "record_id": "n1711304258@7",
            "update_time": "2026-02-24T03:16:42Z",
            "confidence": null,
            "between": null,
            "provider": "osm",
            "resource": "planet",
            "version": "2026-08-05"
          }
        ],
        "connectorIds": [],
        "officialInventory": false,
        "name": null,
        "originalCrs": "EPSG:4326",
        "originalProperties": {
          "sources": [
            {
              "property": "",
              "dataset": "OpenStreetMap",
              "license": "ODbL-1.0",
              "record_id": "n1711304258@7",
              "update_time": "2026-02-24T03:16:42Z",
              "confidence": null,
              "between": null,
              "provider": "osm",
              "resource": "planet",
              "version": "2026-08-05"
            }
          ],
          "version": 2
        }
      }
    },
    {
      "type": "Feature",
      "id": "c62c32e3-7eb0-493f-af5f-73f8bed1ffda",
      "geometry": {
        "type": "Point",
        "coordinates": [
          120.2028795,
          23.026122
        ]
      },
      "properties": {
        "source": "overture",
        "sourceKey": "overture-connectors",
        "sourceVersion": "latest",
        "sourceFeatureId": "c62c32e3-7eb0-493f-af5f-73f8bed1ffda",
        "facilityType": "unknown",
        "pedestrianAllowed": null,
        "bicycleAllowed": null,
        "direction": "unknown",
        "provenance": [
          {
            "property": "",
            "dataset": "OpenStreetMap",
            "license": "ODbL-1.0",
            "record_id": "n1711304248@5",
            "update_time": "2026-02-24T03:16:42Z",
            "confidence": null,
            "between": null,
            "provider": "osm",
            "resource": "planet",
            "version": "2026-08-05"
          }
        ],
        "connectorIds": [],
        "officialInventory": false,
        "name": null,
        "originalCrs": "EPSG:4326",
        "originalProperties": {
          "sources": [
            {
              "property": "",
              "dataset": "OpenStreetMap",
              "license": "ODbL-1.0",
              "record_id": "n1711304248@5",
              "update_time": "2026-02-24T03:16:42Z",
              "confidence": null,
              "between": null,
              "provider": "osm",
              "resource": "planet",
              "version": "2026-08-05"
            }
          ],
          "version": 2
        }
      }
    },
    {
      "type": "Feature",
      "id": "66a53a0f-46af-4506-be6a-05bcac79871b",
      "geometry": {
        "type": "Point",
        "coordinates": [
          120.203098,
          23.0258144
        ]
      },
      "properties": {
        "source": "overture",
        "sourceKey": "overture-connectors",
        "sourceVersion": "latest",
        "sourceFeatureId": "66a53a0f-46af-4506-be6a-05bcac79871b",
        "facilityType": "unknown",
        "pedestrianAllowed": null,
        "bicycleAllowed": null,
        "direction": "unknown",
        "provenance": [
          {
            "property": "",
            "dataset": "OpenStreetMap",
            "license": "ODbL-1.0",
            "record_id": "n1711304202@10",
            "update_time": "2026-02-24T03:16:42Z",
            "confidence": null,
            "between": null,
            "provider": "osm",
            "resource": "planet",
            "version": "2026-08-05"
          }
        ],
        "connectorIds": [],
        "officialInventory": false,
        "name": null,
        "originalCrs": "EPSG:4326",
        "originalProperties": {
          "sources": [
            {
              "property": "",
              "dataset": "OpenStreetMap",
              "license": "ODbL-1.0",
              "record_id": "n1711304202@10",
              "update_time": "2026-02-24T03:16:42Z",
              "confidence": null,
              "between": null,
              "provider": "osm",
              "resource": "planet",
              "version": "2026-08-05"
            }
          ],
          "version": 2
        }
      }
    },
    {
      "type": "Feature",
      "id": "58419c40-8182-4df6-9b7e-07e3a269a8a6",
      "geometry": {
        "type": "Point",
        "coordinates": [
          120.2033657,
          23.0255089
        ]
      },
      "properties": {
        "source": "overture",
        "sourceKey": "overture-connectors",
        "sourceVersion": "latest",
        "sourceFeatureId": "58419c40-8182-4df6-9b7e-07e3a269a8a6",
        "facilityType": "unknown",
        "pedestrianAllowed": null,
        "bicycleAllowed": null,
        "direction": "unknown",
        "provenance": [
          {
            "property": "",
            "dataset": "OpenStreetMap",
            "license": "ODbL-1.0",
            "record_id": "n1711338701@7",
            "update_time": "2026-03-11T16:47:13Z",
            "confidence": null,
            "between": null,
            "provider": "osm",
            "resource": "planet",
            "version": "2026-08-05"
          }
        ],
        "connectorIds": [],
        "officialInventory": false,
        "name": null,
        "originalCrs": "EPSG:4326",
        "originalProperties": {
          "sources": [
            {
              "property": "",
              "dataset": "OpenStreetMap",
              "license": "ODbL-1.0",
              "record_id": "n1711338701@7",
              "update_time": "2026-03-11T16:47:13Z",
              "confidence": null,
              "between": null,
              "provider": "osm",
              "resource": "planet",
              "version": "2026-08-05"
            }
          ],
          "version": 2
        }
      }
    },
    {
      "type": "Feature",
      "id": "d499fe7d-db2e-4365-bcb8-638a1834ece6",
      "geometry": {
        "type": "Point",
        "coordinates": [
          120.2029549,
          23.0254614
        ]
      },
      "properties": {
        "source": "overture",
        "sourceKey": "overture-connectors",
        "sourceVersion": "latest",
        "sourceFeatureId": "d499fe7d-db2e-4365-bcb8-638a1834ece6",
        "facilityType": "unknown",
        "pedestrianAllowed": null,
        "bicycleAllowed": null,
        "direction": "unknown",
        "provenance": [
          {
            "property": "",
            "dataset": "OpenStreetMap",
            "license": "ODbL-1.0",
            "record_id": "n2753133412@6",
            "update_time": "2026-02-24T03:16:42Z",
            "confidence": null,
            "between": null,
            "provider": "osm",
            "resource": "planet",
            "version": "2026-08-05"
          }
        ],
        "connectorIds": [],
        "officialInventory": false,
        "name": null,
        "originalCrs": "EPSG:4326",
        "originalProperties": {
          "sources": [
            {
              "property": "",
              "dataset": "OpenStreetMap",
              "license": "ODbL-1.0",
              "record_id": "n2753133412@6",
              "update_time": "2026-02-24T03:16:42Z",
              "confidence": null,
              "between": null,
              "provider": "osm",
              "resource": "planet",
              "version": "2026-08-05"
            }
          ],
          "version": 2
        }
      }
    },
    {
      "type": "Feature",
      "id": "43948c20-36a6-497e-924a-5313bf50e680",
      "geometry": {
        "type": "Point",
        "coordinates": [
          120.2031428,
          23.0254864
        ]
      },
      "properties": {
        "source": "overture",
        "sourceKey": "overture-connectors",
        "sourceVersion": "latest",
        "sourceFeatureId": "43948c20-36a6-497e-924a-5313bf50e680",
        "facilityType": "unknown",
        "pedestrianAllowed": null,
        "bicycleAllowed": null,
        "direction": "unknown",
        "provenance": [
          {
            "property": "",
            "dataset": "OpenStreetMap",
            "license": "ODbL-1.0",
            "record_id": "n1711304151@7",
            "update_time": "2026-03-11T16:47:13Z",
            "confidence": null,
            "between": null,
            "provider": "osm",
            "resource": "planet",
            "version": "2026-08-05"
          }
        ],
        "connectorIds": [],
        "officialInventory": false,
        "name": null,
        "originalCrs": "EPSG:4326",
        "originalProperties": {
          "sources": [
            {
              "property": "",
              "dataset": "OpenStreetMap",
              "license": "ODbL-1.0",
              "record_id": "n1711304151@7",
              "update_time": "2026-03-11T16:47:13Z",
              "confidence": null,
              "between": null,
              "provider": "osm",
              "resource": "planet",
              "version": "2026-08-05"
            }
          ],
          "version": 2
        }
      }
    },
    {
      "type": "Feature",
      "id": "7fb1f0c0-f648-4ba1-9ab9-6a4607907c52",
      "geometry": {
        "type": "Point",
        "coordinates": [
          120.2025143,
          23.0253933
        ]
      },
      "properties": {
        "source": "overture",
        "sourceKey": "overture-connectors",
        "sourceVersion": "latest",
        "sourceFeatureId": "7fb1f0c0-f648-4ba1-9ab9-6a4607907c52",
        "facilityType": "unknown",
        "pedestrianAllowed": null,
        "bicycleAllowed": null,
        "direction": "unknown",
        "provenance": [
          {
            "property": "",
            "dataset": "OpenStreetMap",
            "license": "ODbL-1.0",
            "record_id": "n1711304135@8",
            "update_time": "2026-03-11T16:47:13Z",
            "confidence": null,
            "between": null,
            "provider": "osm",
            "resource": "planet",
            "version": "2026-08-05"
          }
        ],
        "connectorIds": [],
        "officialInventory": false,
        "name": null,
        "originalCrs": "EPSG:4326",
        "originalProperties": {
          "sources": [
            {
              "property": "",
              "dataset": "OpenStreetMap",
              "license": "ODbL-1.0",
              "record_id": "n1711304135@8",
              "update_time": "2026-03-11T16:47:13Z",
              "confidence": null,
              "between": null,
              "provider": "osm",
              "resource": "planet",
              "version": "2026-08-05"
            }
          ],
          "version": 3
        }
      }
    },
    {
      "type": "Feature",
      "id": "ef049fe2-e119-4e24-89db-622492171397",
      "geometry": {
        "type": "Point",
        "coordinates": [
          120.2025648,
          23.0251672
        ]
      },
      "properties": {
        "source": "overture",
        "sourceKey": "overture-connectors",
        "sourceVersion": "latest",
        "sourceFeatureId": "ef049fe2-e119-4e24-89db-622492171397",
        "facilityType": "unknown",
        "pedestrianAllowed": null,
        "bicycleAllowed": null,
        "direction": "unknown",
        "provenance": [
          {
            "property": "",
            "dataset": "OpenStreetMap",
            "license": "ODbL-1.0",
            "record_id": "n1711338689@7",
            "update_time": "2026-03-11T16:47:13Z",
            "confidence": null,
            "between": null,
            "provider": "osm",
            "resource": "planet",
            "version": "2026-08-05"
          }
        ],
        "connectorIds": [],
        "officialInventory": false,
        "name": null,
        "originalCrs": "EPSG:4326",
        "originalProperties": {
          "sources": [
            {
              "property": "",
              "dataset": "OpenStreetMap",
              "license": "ODbL-1.0",
              "record_id": "n1711338689@7",
              "update_time": "2026-03-11T16:47:13Z",
              "confidence": null,
              "between": null,
              "provider": "osm",
              "resource": "planet",
              "version": "2026-08-05"
            }
          ],
          "version": 2
        }
      }
    },
    {
      "type": "Feature",
      "id": "be1fc666-672c-489a-b008-5e7533f2426c",
      "geometry": {
        "type": "Point",
        "coordinates": [
          120.2026381,
          23.0248433
        ]
      },
      "properties": {
        "source": "overture",
        "sourceKey": "overture-connectors",
        "sourceVersion": "latest",
        "sourceFeatureId": "be1fc666-672c-489a-b008-5e7533f2426c",
        "facilityType": "unknown",
        "pedestrianAllowed": null,
        "bicycleAllowed": null,
        "direction": "unknown",
        "provenance": [
          {
            "property": "",
            "dataset": "OpenStreetMap",
            "license": "ODbL-1.0",
            "record_id": "n1711338680@7",
            "update_time": "2026-03-11T16:47:13Z",
            "confidence": null,
            "between": null,
            "provider": "osm",
            "resource": "planet",
            "version": "2026-08-05"
          }
        ],
        "connectorIds": [],
        "officialInventory": false,
        "name": null,
        "originalCrs": "EPSG:4326",
        "originalProperties": {
          "sources": [
            {
              "property": "",
              "dataset": "OpenStreetMap",
              "license": "ODbL-1.0",
              "record_id": "n1711338680@7",
              "update_time": "2026-03-11T16:47:13Z",
              "confidence": null,
              "between": null,
              "provider": "osm",
              "resource": "planet",
              "version": "2026-08-05"
            }
          ],
          "version": 2
        }
      }
    },
    {
      "type": "Feature",
      "id": "af6a687e-d860-405f-a3aa-564aa6623a64",
      "geometry": {
        "type": "Point",
        "coordinates": [
          120.2028862,
          23.0248888
        ]
      },
      "properties": {
        "source": "overture",
        "sourceKey": "overture-connectors",
        "sourceVersion": "latest",
        "sourceFeatureId": "af6a687e-d860-405f-a3aa-564aa6623a64",
        "facilityType": "unknown",
        "pedestrianAllowed": null,
        "bicycleAllowed": null,
        "direction": "unknown",
        "provenance": [
          {
            "property": "",
            "dataset": "OpenStreetMap",
            "license": "ODbL-1.0",
            "record_id": "n1711338682@4",
            "update_time": "2024-08-11T01:47:26Z",
            "confidence": null,
            "between": null,
            "provider": "osm",
            "resource": "planet",
            "version": "2026-08-05"
          }
        ],
        "connectorIds": [],
        "officialInventory": false,
        "name": null,
        "originalCrs": "EPSG:4326",
        "originalProperties": {
          "sources": [
            {
              "property": "",
              "dataset": "OpenStreetMap",
              "license": "ODbL-1.0",
              "record_id": "n1711338682@4",
              "update_time": "2024-08-11T01:47:26Z",
              "confidence": null,
              "between": null,
              "provider": "osm",
              "resource": "planet",
              "version": "2026-08-05"
            }
          ],
          "version": 1
        }
      }
    },
    {
      "type": "Feature",
      "id": "aec6d415-e31e-41eb-b8b8-72c84f0932ab",
      "geometry": {
        "type": "Point",
        "coordinates": [
          120.2028258,
          23.0252125
        ]
      },
      "properties": {
        "source": "overture",
        "sourceKey": "overture-connectors",
        "sourceVersion": "latest",
        "sourceFeatureId": "aec6d415-e31e-41eb-b8b8-72c84f0932ab",
        "facilityType": "unknown",
        "pedestrianAllowed": null,
        "bicycleAllowed": null,
        "direction": "unknown",
        "provenance": [
          {
            "property": "",
            "dataset": "OpenStreetMap",
            "license": "ODbL-1.0",
            "record_id": "n1711338691@4",
            "update_time": "2024-08-11T01:47:26Z",
            "confidence": null,
            "between": null,
            "provider": "osm",
            "resource": "planet",
            "version": "2026-08-05"
          }
        ],
        "connectorIds": [],
        "officialInventory": false,
        "name": null,
        "originalCrs": "EPSG:4326",
        "originalProperties": {
          "sources": [
            {
              "property": "",
              "dataset": "OpenStreetMap",
              "license": "ODbL-1.0",
              "record_id": "n1711338691@4",
              "update_time": "2024-08-11T01:47:26Z",
              "confidence": null,
              "between": null,
              "provider": "osm",
              "resource": "planet",
              "version": "2026-08-05"
            }
          ],
          "version": 1
        }
      }
    },
    {
      "type": "Feature",
      "id": "73b7fd5e-9b91-4602-a4ba-4df391fe498a",
      "geometry": {
        "type": "Point",
        "coordinates": [
          120.2037789,
          23.0252407
        ]
      },
      "properties": {
        "source": "overture",
        "sourceKey": "overture-connectors",
        "sourceVersion": "latest",
        "sourceFeatureId": "73b7fd5e-9b91-4602-a4ba-4df391fe498a",
        "facilityType": "unknown",
        "pedestrianAllowed": null,
        "bicycleAllowed": null,
        "direction": "unknown",
        "provenance": [
          {
            "property": "",
            "dataset": "OpenStreetMap",
            "license": "ODbL-1.0",
            "record_id": "n1711338696@3",
            "update_time": "2016-09-29T14:40:24Z",
            "confidence": null,
            "between": null,
            "provider": "osm",
            "resource": "planet",
            "version": "2026-08-05"
          }
        ],
        "connectorIds": [],
        "officialInventory": false,
        "name": null,
        "originalCrs": "EPSG:4326",
        "originalProperties": {
          "sources": [
            {
              "property": "",
              "dataset": "OpenStreetMap",
              "license": "ODbL-1.0",
              "record_id": "n1711338696@3",
              "update_time": "2016-09-29T14:40:24Z",
              "confidence": null,
              "between": null,
              "provider": "osm",
              "resource": "planet",
              "version": "2026-08-05"
            }
          ],
          "version": 1
        }
      }
    },
    {
      "type": "Feature",
      "id": "a5e4e5f9-9b3b-4e9b-a8e7-b1cc7a51cd7c",
      "geometry": {
        "type": "Point",
        "coordinates": [
          120.2039386,
          23.0253147
        ]
      },
      "properties": {
        "source": "overture",
        "sourceKey": "overture-connectors",
        "sourceVersion": "latest",
        "sourceFeatureId": "a5e4e5f9-9b3b-4e9b-a8e7-b1cc7a51cd7c",
        "facilityType": "unknown",
        "pedestrianAllowed": null,
        "bicycleAllowed": null,
        "direction": "unknown",
        "provenance": [
          {
            "property": "",
            "dataset": "OpenStreetMap",
            "license": "ODbL-1.0",
            "record_id": "n5015699610@1",
            "update_time": "2017-08-05T02:31:01Z",
            "confidence": null,
            "between": null,
            "provider": "osm",
            "resource": "planet",
            "version": "2026-08-05"
          }
        ],
        "connectorIds": [],
        "officialInventory": false,
        "name": null,
        "originalCrs": "EPSG:4326",
        "originalProperties": {
          "sources": [
            {
              "property": "",
              "dataset": "OpenStreetMap",
              "license": "ODbL-1.0",
              "record_id": "n5015699610@1",
              "update_time": "2017-08-05T02:31:01Z",
              "confidence": null,
              "between": null,
              "provider": "osm",
              "resource": "planet",
              "version": "2026-08-05"
            }
          ],
          "version": 1
        }
      }
    },
    {
      "type": "Feature",
      "id": "0ffeb7a6-2b30-43f8-9484-ad0428e66eed",
      "geometry": {
        "type": "Point",
        "coordinates": [
          120.2040842,
          23.0252494
        ]
      },
      "properties": {
        "source": "overture",
        "sourceKey": "overture-connectors",
        "sourceVersion": "latest",
        "sourceFeatureId": "0ffeb7a6-2b30-43f8-9484-ad0428e66eed",
        "facilityType": "unknown",
        "pedestrianAllowed": null,
        "bicycleAllowed": null,
        "direction": "unknown",
        "provenance": [
          {
            "property": "",
            "dataset": "OpenStreetMap",
            "license": "ODbL-1.0",
            "record_id": "n1711338698@7",
            "update_time": "2021-11-29T15:03:49Z",
            "confidence": null,
            "between": null,
            "provider": "osm",
            "resource": "planet",
            "version": "2026-08-05"
          }
        ],
        "connectorIds": [],
        "officialInventory": false,
        "name": null,
        "originalCrs": "EPSG:4326",
        "originalProperties": {
          "sources": [
            {
              "property": "",
              "dataset": "OpenStreetMap",
              "license": "ODbL-1.0",
              "record_id": "n1711338698@7",
              "update_time": "2021-11-29T15:03:49Z",
              "confidence": null,
              "between": null,
              "provider": "osm",
              "resource": "planet",
              "version": "2026-08-05"
            }
          ],
          "version": 1
        }
      }
    },
    {
      "type": "Feature",
      "id": "9a98c584-3665-412e-86c2-be7af8786a90",
      "geometry": {
        "type": "Point",
        "coordinates": [
          120.2045072,
          23.0252784
        ]
      },
      "properties": {
        "source": "overture",
        "sourceKey": "overture-connectors",
        "sourceVersion": "latest",
        "sourceFeatureId": "9a98c584-3665-412e-86c2-be7af8786a90",
        "facilityType": "unknown",
        "pedestrianAllowed": null,
        "bicycleAllowed": null,
        "direction": "unknown",
        "provenance": [
          {
            "property": "",
            "dataset": "OpenStreetMap",
            "license": "ODbL-1.0",
            "record_id": "n5015699612@1",
            "update_time": "2017-08-05T02:31:01Z",
            "confidence": null,
            "between": null,
            "provider": "osm",
            "resource": "planet",
            "version": "2026-08-05"
          }
        ],
        "connectorIds": [],
        "officialInventory": false,
        "name": null,
        "originalCrs": "EPSG:4326",
        "originalProperties": {
          "sources": [
            {
              "property": "",
              "dataset": "OpenStreetMap",
              "license": "ODbL-1.0",
              "record_id": "n5015699612@1",
              "update_time": "2017-08-05T02:31:01Z",
              "confidence": null,
              "between": null,
              "provider": "osm",
              "resource": "planet",
              "version": "2026-08-05"
            }
          ],
          "version": 1
        }
      }
    },
    {
      "type": "Feature",
      "id": "cf23b541-792b-4f29-bcda-4d66df1cef19",
      "geometry": {
        "type": "Point",
        "coordinates": [
          120.2044207,
          23.0256128
        ]
      },
      "properties": {
        "source": "overture",
        "sourceKey": "overture-connectors",
        "sourceVersion": "latest",
        "sourceFeatureId": "cf23b541-792b-4f29-bcda-4d66df1cef19",
        "facilityType": "unknown",
        "pedestrianAllowed": null,
        "bicycleAllowed": null,
        "direction": "unknown",
        "provenance": [
          {
            "property": "",
            "dataset": "OpenStreetMap",
            "license": "ODbL-1.0",
            "record_id": "n1711304166@7",
            "update_time": "2024-08-11T01:47:26Z",
            "confidence": null,
            "between": null,
            "provider": "osm",
            "resource": "planet",
            "version": "2026-08-05"
          }
        ],
        "connectorIds": [],
        "officialInventory": false,
        "name": null,
        "originalCrs": "EPSG:4326",
        "originalProperties": {
          "sources": [
            {
              "property": "",
              "dataset": "OpenStreetMap",
              "license": "ODbL-1.0",
              "record_id": "n1711304166@7",
              "update_time": "2024-08-11T01:47:26Z",
              "confidence": null,
              "between": null,
              "provider": "osm",
              "resource": "planet",
              "version": "2026-08-05"
            }
          ],
          "version": 1
        }
      }
    },
    {
      "type": "Feature",
      "id": "05b29fc2-5274-433d-86cc-ed4df35de00e",
      "geometry": {
        "type": "Point",
        "coordinates": [
          120.2046664,
          23.0256337
        ]
      },
      "properties": {
        "source": "overture",
        "sourceKey": "overture-connectors",
        "sourceVersion": "latest",
        "sourceFeatureId": "05b29fc2-5274-433d-86cc-ed4df35de00e",
        "facilityType": "unknown",
        "pedestrianAllowed": null,
        "bicycleAllowed": null,
        "direction": "unknown",
        "provenance": [
          {
            "property": "",
            "dataset": "OpenStreetMap",
            "license": "ODbL-1.0",
            "record_id": "n1711304170@4",
            "update_time": "2024-08-11T01:47:26Z",
            "confidence": null,
            "between": null,
            "provider": "osm",
            "resource": "planet",
            "version": "2026-08-05"
          }
        ],
        "connectorIds": [],
        "officialInventory": false,
        "name": null,
        "originalCrs": "EPSG:4326",
        "originalProperties": {
          "sources": [
            {
              "property": "",
              "dataset": "OpenStreetMap",
              "license": "ODbL-1.0",
              "record_id": "n1711304170@4",
              "update_time": "2024-08-11T01:47:26Z",
              "confidence": null,
              "between": null,
              "provider": "osm",
              "resource": "planet",
              "version": "2026-08-05"
            }
          ],
          "version": 1
        }
      }
    },
    {
      "type": "Feature",
      "id": "6df6286b-71bd-4d65-af3f-5a3db3cf9cc4",
      "geometry": {
        "type": "Point",
        "coordinates": [
          120.2048142,
          23.0252588
        ]
      },
      "properties": {
        "source": "overture",
        "sourceKey": "overture-connectors",
        "sourceVersion": "latest",
        "sourceFeatureId": "6df6286b-71bd-4d65-af3f-5a3db3cf9cc4",
        "facilityType": "unknown",
        "pedestrianAllowed": null,
        "bicycleAllowed": null,
        "direction": "unknown",
        "provenance": [
          {
            "property": "",
            "dataset": "OpenStreetMap",
            "license": "ODbL-1.0",
            "record_id": "n5015699611@1",
            "update_time": "2017-08-05T02:31:01Z",
            "confidence": null,
            "between": null,
            "provider": "osm",
            "resource": "planet",
            "version": "2026-08-05"
          }
        ],
        "connectorIds": [],
        "officialInventory": false,
        "name": null,
        "originalCrs": "EPSG:4326",
        "originalProperties": {
          "sources": [
            {
              "property": "",
              "dataset": "OpenStreetMap",
              "license": "ODbL-1.0",
              "record_id": "n5015699611@1",
              "update_time": "2017-08-05T02:31:01Z",
              "confidence": null,
              "between": null,
              "provider": "osm",
              "resource": "planet",
              "version": "2026-08-05"
            }
          ],
          "version": 1
        }
      }
    },
    {
      "type": "Feature",
      "id": "057569bd-5198-4bde-a6d2-aa2a4beefe1b",
      "geometry": {
        "type": "Point",
        "coordinates": [
          120.2051297,
          23.0247173
        ]
      },
      "properties": {
        "source": "overture",
        "sourceKey": "overture-connectors",
        "sourceVersion": "latest",
        "sourceFeatureId": "057569bd-5198-4bde-a6d2-aa2a4beefe1b",
        "facilityType": "unknown",
        "pedestrianAllowed": null,
        "bicycleAllowed": null,
        "direction": "unknown",
        "provenance": [
          {
            "property": "",
            "dataset": "OpenStreetMap",
            "license": "ODbL-1.0",
            "record_id": "n10887551534@1",
            "update_time": "2023-05-11T19:05:32Z",
            "confidence": null,
            "between": null,
            "provider": "osm",
            "resource": "planet",
            "version": "2026-08-05"
          }
        ],
        "connectorIds": [],
        "officialInventory": false,
        "name": null,
        "originalCrs": "EPSG:4326",
        "originalProperties": {
          "sources": [
            {
              "property": "",
              "dataset": "OpenStreetMap",
              "license": "ODbL-1.0",
              "record_id": "n10887551534@1",
              "update_time": "2023-05-11T19:05:32Z",
              "confidence": null,
              "between": null,
              "provider": "osm",
              "resource": "planet",
              "version": "2026-08-05"
            }
          ],
          "version": 1
        }
      }
    },
    {
      "type": "Feature",
      "id": "a9e64afc-b68c-4d34-8b15-df6dac918918",
      "geometry": {
        "type": "Point",
        "coordinates": [
          120.2052275,
          23.0247297
        ]
      },
      "properties": {
        "source": "overture",
        "sourceKey": "overture-connectors",
        "sourceVersion": "latest",
        "sourceFeatureId": "a9e64afc-b68c-4d34-8b15-df6dac918918",
        "facilityType": "unknown",
        "pedestrianAllowed": null,
        "bicycleAllowed": null,
        "direction": "unknown",
        "provenance": [
          {
            "property": "",
            "dataset": "OpenStreetMap",
            "license": "ODbL-1.0",
            "record_id": "n10251017930@1",
            "update_time": "2022-12-10T16:46:20Z",
            "confidence": null,
            "between": null,
            "provider": "osm",
            "resource": "planet",
            "version": "2026-08-05"
          }
        ],
        "connectorIds": [],
        "officialInventory": false,
        "name": null,
        "originalCrs": "EPSG:4326",
        "originalProperties": {
          "sources": [
            {
              "property": "",
              "dataset": "OpenStreetMap",
              "license": "ODbL-1.0",
              "record_id": "n10251017930@1",
              "update_time": "2022-12-10T16:46:20Z",
              "confidence": null,
              "between": null,
              "provider": "osm",
              "resource": "planet",
              "version": "2026-08-05"
            }
          ],
          "version": 1
        }
      }
    },
    {
      "type": "Feature",
      "id": "f9cc5508-cdd0-4107-b577-a351313ed195",
      "geometry": {
        "type": "Point",
        "coordinates": [
          120.2055087,
          23.0251837
        ]
      },
      "properties": {
        "source": "overture",
        "sourceKey": "overture-connectors",
        "sourceVersion": "latest",
        "sourceFeatureId": "f9cc5508-cdd0-4107-b577-a351313ed195",
        "facilityType": "unknown",
        "pedestrianAllowed": null,
        "bicycleAllowed": null,
        "direction": "unknown",
        "provenance": [
          {
            "property": "",
            "dataset": "OpenStreetMap",
            "license": "ODbL-1.0",
            "record_id": null,
            "update_time": null,
            "confidence": null,
            "between": null,
            "provider": "osm",
            "resource": "planet",
            "version": "2026-08-05"
          }
        ],
        "connectorIds": [],
        "officialInventory": false,
        "name": null,
        "originalCrs": "EPSG:4326",
        "originalProperties": {
          "sources": [
            {
              "property": "",
              "dataset": "OpenStreetMap",
              "license": "ODbL-1.0",
              "record_id": null,
              "update_time": null,
              "confidence": null,
              "between": null,
              "provider": "osm",
              "resource": "planet",
              "version": "2026-08-05"
            }
          ],
          "version": 1
        }
      }
    },
    {
      "type": "Feature",
      "id": "6c09f9c8-d69b-46bd-a1af-d14bb4c6ce41",
      "geometry": {
        "type": "Point",
        "coordinates": [
          120.2055403,
          23.0247548
        ]
      },
      "properties": {
        "source": "overture",
        "sourceKey": "overture-connectors",
        "sourceVersion": "latest",
        "sourceFeatureId": "6c09f9c8-d69b-46bd-a1af-d14bb4c6ce41",
        "facilityType": "unknown",
        "pedestrianAllowed": null,
        "bicycleAllowed": null,
        "direction": "unknown",
        "provenance": [
          {
            "property": "",
            "dataset": "OpenStreetMap",
            "license": "ODbL-1.0",
            "record_id": "n10887551533@2",
            "update_time": "2026-02-24T03:16:42Z",
            "confidence": null,
            "between": null,
            "provider": "osm",
            "resource": "planet",
            "version": "2026-08-05"
          }
        ],
        "connectorIds": [],
        "officialInventory": false,
        "name": null,
        "originalCrs": "EPSG:4326",
        "originalProperties": {
          "sources": [
            {
              "property": "",
              "dataset": "OpenStreetMap",
              "license": "ODbL-1.0",
              "record_id": "n10887551533@2",
              "update_time": "2026-02-24T03:16:42Z",
              "confidence": null,
              "between": null,
              "provider": "osm",
              "resource": "planet",
              "version": "2026-08-05"
            }
          ],
          "version": 2
        }
      }
    },
    {
      "type": "Feature",
      "id": "d09f3be0-69bc-4c35-baa2-6445dfa38489",
      "geometry": {
        "type": "Point",
        "coordinates": [
          120.2054895,
          23.0247536
        ]
      },
      "properties": {
        "source": "overture",
        "sourceKey": "overture-connectors",
        "sourceVersion": "latest",
        "sourceFeatureId": "d09f3be0-69bc-4c35-baa2-6445dfa38489",
        "facilityType": "unknown",
        "pedestrianAllowed": null,
        "bicycleAllowed": null,
        "direction": "unknown",
        "provenance": [
          {
            "property": "",
            "dataset": "OpenStreetMap",
            "license": "ODbL-1.0",
            "record_id": "n10251017920@1",
            "update_time": "2022-12-10T16:46:20Z",
            "confidence": null,
            "between": null,
            "provider": "osm",
            "resource": "planet",
            "version": "2026-08-05"
          }
        ],
        "connectorIds": [],
        "officialInventory": false,
        "name": null,
        "originalCrs": "EPSG:4326",
        "originalProperties": {
          "sources": [
            {
              "property": "",
              "dataset": "OpenStreetMap",
              "license": "ODbL-1.0",
              "record_id": "n10251017920@1",
              "update_time": "2022-12-10T16:46:20Z",
              "confidence": null,
              "between": null,
              "provider": "osm",
              "resource": "planet",
              "version": "2026-08-05"
            }
          ],
          "version": 1
        }
      }
    },
    {
      "type": "Feature",
      "id": "14a4ec1e-d64a-4f01-b4a2-838b69e5cf9b",
      "geometry": {
        "type": "Point",
        "coordinates": [
          120.2062704,
          23.0250984
        ]
      },
      "properties": {
        "source": "overture",
        "sourceKey": "overture-connectors",
        "sourceVersion": "latest",
        "sourceFeatureId": "14a4ec1e-d64a-4f01-b4a2-838b69e5cf9b",
        "facilityType": "unknown",
        "pedestrianAllowed": null,
        "bicycleAllowed": null,
        "direction": "unknown",
        "provenance": [
          {
            "property": "",
            "dataset": "OpenStreetMap",
            "license": "ODbL-1.0",
            "record_id": "n4991805188@1",
            "update_time": "2017-07-25T07:19:08Z",
            "confidence": null,
            "between": null,
            "provider": "osm",
            "resource": "planet",
            "version": "2026-08-05"
          }
        ],
        "connectorIds": [],
        "officialInventory": false,
        "name": null,
        "originalCrs": "EPSG:4326",
        "originalProperties": {
          "sources": [
            {
              "property": "",
              "dataset": "OpenStreetMap",
              "license": "ODbL-1.0",
              "record_id": "n4991805188@1",
              "update_time": "2017-07-25T07:19:08Z",
              "confidence": null,
              "between": null,
              "provider": "osm",
              "resource": "planet",
              "version": "2026-08-05"
            }
          ],
          "version": 1
        }
      }
    },
    {
      "type": "Feature",
      "id": "333c55ad-e2aa-4162-9be4-be3dd2091206",
      "geometry": {
        "type": "Point",
        "coordinates": [
          120.2061677,
          23.0254277
        ]
      },
      "properties": {
        "source": "overture",
        "sourceKey": "overture-connectors",
        "sourceVersion": "latest",
        "sourceFeatureId": "333c55ad-e2aa-4162-9be4-be3dd2091206",
        "facilityType": "unknown",
        "pedestrianAllowed": null,
        "bicycleAllowed": null,
        "direction": "unknown",
        "provenance": [
          {
            "property": "",
            "dataset": "OpenStreetMap",
            "license": "ODbL-1.0",
            "record_id": "n1711304146@5",
            "update_time": "2017-07-25T07:19:10Z",
            "confidence": null,
            "between": null,
            "provider": "osm",
            "resource": "planet",
            "version": "2026-08-05"
          }
        ],
        "connectorIds": [],
        "officialInventory": false,
        "name": null,
        "originalCrs": "EPSG:4326",
        "originalProperties": {
          "sources": [
            {
              "property": "",
              "dataset": "OpenStreetMap",
              "license": "ODbL-1.0",
              "record_id": "n1711304146@5",
              "update_time": "2017-07-25T07:19:10Z",
              "confidence": null,
              "between": null,
              "provider": "osm",
              "resource": "planet",
              "version": "2026-08-05"
            }
          ],
          "version": 1
        }
      }
    },
    {
      "type": "Feature",
      "id": "cf877b3f-dcc1-4d3f-8f09-aba2c1b62f96",
      "geometry": {
        "type": "Point",
        "coordinates": [
          120.2062071,
          23.0252442
        ]
      },
      "properties": {
        "source": "overture",
        "sourceKey": "overture-connectors",
        "sourceVersion": "latest",
        "sourceFeatureId": "cf877b3f-dcc1-4d3f-8f09-aba2c1b62f96",
        "facilityType": "unknown",
        "pedestrianAllowed": null,
        "bicycleAllowed": null,
        "direction": "unknown",
        "provenance": [
          {
            "property": "",
            "dataset": "OpenStreetMap",
            "license": "ODbL-1.0",
            "record_id": null,
            "update_time": null,
            "confidence": null,
            "between": null,
            "provider": "osm",
            "resource": "planet",
            "version": "2026-08-05"
          }
        ],
        "connectorIds": [],
        "officialInventory": false,
        "name": null,
        "originalCrs": "EPSG:4326",
        "originalProperties": {
          "sources": [
            {
              "property": "",
              "dataset": "OpenStreetMap",
              "license": "ODbL-1.0",
              "record_id": null,
              "update_time": null,
              "confidence": null,
              "between": null,
              "provider": "osm",
              "resource": "planet",
              "version": "2026-08-05"
            }
          ],
          "version": 1
        }
      }
    },
    {
      "type": "Feature",
      "id": "e1f850c3-4261-4c11-9fde-38fc2eb6d52a",
      "geometry": {
        "type": "Point",
        "coordinates": [
          120.2054911,
          23.025363
        ]
      },
      "properties": {
        "source": "overture",
        "sourceKey": "overture-connectors",
        "sourceVersion": "latest",
        "sourceFeatureId": "e1f850c3-4261-4c11-9fde-38fc2eb6d52a",
        "facilityType": "unknown",
        "pedestrianAllowed": null,
        "bicycleAllowed": null,
        "direction": "unknown",
        "provenance": [
          {
            "property": "",
            "dataset": "OpenStreetMap",
            "license": "ODbL-1.0",
            "record_id": "n1711304129@6",
            "update_time": "2026-02-24T03:16:42Z",
            "confidence": null,
            "between": null,
            "provider": "osm",
            "resource": "planet",
            "version": "2026-08-05"
          }
        ],
        "connectorIds": [],
        "officialInventory": false,
        "name": null,
        "originalCrs": "EPSG:4326",
        "originalProperties": {
          "sources": [
            {
              "property": "",
              "dataset": "OpenStreetMap",
              "license": "ODbL-1.0",
              "record_id": "n1711304129@6",
              "update_time": "2026-02-24T03:16:42Z",
              "confidence": null,
              "between": null,
              "provider": "osm",
              "resource": "planet",
              "version": "2026-08-05"
            }
          ],
          "version": 2
        }
      }
    },
    {
      "type": "Feature",
      "id": "662dc714-c94a-4dc4-b36e-850be2807ca0",
      "geometry": {
        "type": "Point",
        "coordinates": [
          120.2054438,
          23.0257644
        ]
      },
      "properties": {
        "source": "overture",
        "sourceKey": "overture-connectors",
        "sourceVersion": "latest",
        "sourceFeatureId": "662dc714-c94a-4dc4-b36e-850be2807ca0",
        "facilityType": "unknown",
        "pedestrianAllowed": null,
        "bicycleAllowed": null,
        "direction": "unknown",
        "provenance": [
          {
            "property": "",
            "dataset": "OpenStreetMap",
            "license": "ODbL-1.0",
            "record_id": "n1711304197@5",
            "update_time": "2017-07-25T07:19:09Z",
            "confidence": null,
            "between": null,
            "provider": "osm",
            "resource": "planet",
            "version": "2026-08-05"
          }
        ],
        "connectorIds": [],
        "officialInventory": false,
        "name": null,
        "originalCrs": "EPSG:4326",
        "originalProperties": {
          "sources": [
            {
              "property": "",
              "dataset": "OpenStreetMap",
              "license": "ODbL-1.0",
              "record_id": "n1711304197@5",
              "update_time": "2017-07-25T07:19:09Z",
              "confidence": null,
              "between": null,
              "provider": "osm",
              "resource": "planet",
              "version": "2026-08-05"
            }
          ],
          "version": 1
        }
      }
    },
    {
      "type": "Feature",
      "id": "f87e1987-d97d-447d-bfa4-6c0ac046861f",
      "geometry": {
        "type": "Point",
        "coordinates": [
          120.2052591,
          23.0260352
        ]
      },
      "properties": {
        "source": "overture",
        "sourceKey": "overture-connectors",
        "sourceVersion": "latest",
        "sourceFeatureId": "f87e1987-d97d-447d-bfa4-6c0ac046861f",
        "facilityType": "unknown",
        "pedestrianAllowed": null,
        "bicycleAllowed": null,
        "direction": "unknown",
        "provenance": [
          {
            "property": "",
            "dataset": "OpenStreetMap",
            "license": "ODbL-1.0",
            "record_id": "n4991805190@6",
            "update_time": "2026-02-24T03:16:42Z",
            "confidence": null,
            "between": null,
            "provider": "osm",
            "resource": "planet",
            "version": "2026-08-05"
          }
        ],
        "connectorIds": [],
        "officialInventory": false,
        "name": null,
        "originalCrs": "EPSG:4326",
        "originalProperties": {
          "sources": [
            {
              "property": "",
              "dataset": "OpenStreetMap",
              "license": "ODbL-1.0",
              "record_id": "n4991805190@6",
              "update_time": "2026-02-24T03:16:42Z",
              "confidence": null,
              "between": null,
              "provider": "osm",
              "resource": "planet",
              "version": "2026-08-05"
            }
          ],
          "version": 3
        }
      }
    },
    {
      "type": "Feature",
      "id": "6bb2d231-14ad-4150-b8e0-8a83b798877c",
      "geometry": {
        "type": "Point",
        "coordinates": [
          120.2051292,
          23.0260247
        ]
      },
      "properties": {
        "source": "overture",
        "sourceKey": "overture-connectors",
        "sourceVersion": "latest",
        "sourceFeatureId": "6bb2d231-14ad-4150-b8e0-8a83b798877c",
        "facilityType": "unknown",
        "pedestrianAllowed": null,
        "bicycleAllowed": null,
        "direction": "unknown",
        "provenance": [
          {
            "property": "",
            "dataset": "OpenStreetMap",
            "license": "ODbL-1.0",
            "record_id": "n4979128707@7",
            "update_time": "2026-02-24T03:16:42Z",
            "confidence": null,
            "between": null,
            "provider": "osm",
            "resource": "planet",
            "version": "2026-08-05"
          }
        ],
        "connectorIds": [],
        "officialInventory": false,
        "name": null,
        "originalCrs": "EPSG:4326",
        "originalProperties": {
          "sources": [
            {
              "property": "",
              "dataset": "OpenStreetMap",
              "license": "ODbL-1.0",
              "record_id": "n4979128707@7",
              "update_time": "2026-02-24T03:16:42Z",
              "confidence": null,
              "between": null,
              "provider": "osm",
              "resource": "planet",
              "version": "2026-08-05"
            }
          ],
          "version": 3
        }
      }
    },
    {
      "type": "Feature",
      "id": "13d2e194-985a-40d5-b845-a13fa5fe76cc",
      "geometry": {
        "type": "Point",
        "coordinates": [
          120.205245,
          23.0261107
        ]
      },
      "properties": {
        "source": "overture",
        "sourceKey": "overture-connectors",
        "sourceVersion": "latest",
        "sourceFeatureId": "13d2e194-985a-40d5-b845-a13fa5fe76cc",
        "facilityType": "unknown",
        "pedestrianAllowed": null,
        "bicycleAllowed": null,
        "direction": "unknown",
        "provenance": [
          {
            "property": "",
            "dataset": "OpenStreetMap",
            "license": "ODbL-1.0",
            "record_id": "n4991805189@5",
            "update_time": "2026-02-24T03:16:42Z",
            "confidence": null,
            "between": null,
            "provider": "osm",
            "resource": "planet",
            "version": "2026-08-05"
          }
        ],
        "connectorIds": [],
        "officialInventory": false,
        "name": null,
        "originalCrs": "EPSG:4326",
        "originalProperties": {
          "sources": [
            {
              "property": "",
              "dataset": "OpenStreetMap",
              "license": "ODbL-1.0",
              "record_id": "n4991805189@5",
              "update_time": "2026-02-24T03:16:42Z",
              "confidence": null,
              "between": null,
              "provider": "osm",
              "resource": "planet",
              "version": "2026-08-05"
            }
          ],
          "version": 3
        }
      }
    },
    {
      "type": "Feature",
      "id": "e0d28d38-f4a7-4ba9-84ab-f85f05548eac",
      "geometry": {
        "type": "Point",
        "coordinates": [
          120.2061135,
          23.0258316
        ]
      },
      "properties": {
        "source": "overture",
        "sourceKey": "overture-connectors",
        "sourceVersion": "latest",
        "sourceFeatureId": "e0d28d38-f4a7-4ba9-84ab-f85f05548eac",
        "facilityType": "unknown",
        "pedestrianAllowed": null,
        "bicycleAllowed": null,
        "direction": "unknown",
        "provenance": [
          {
            "property": "",
            "dataset": "OpenStreetMap",
            "license": "ODbL-1.0",
            "record_id": "n1711304211@4",
            "update_time": "2017-07-25T07:19:09Z",
            "confidence": null,
            "between": null,
            "provider": "osm",
            "resource": "planet",
            "version": "2026-08-05"
          }
        ],
        "connectorIds": [],
        "officialInventory": false,
        "name": null,
        "originalCrs": "EPSG:4326",
        "originalProperties": {
          "sources": [
            {
              "property": "",
              "dataset": "OpenStreetMap",
              "license": "ODbL-1.0",
              "record_id": "n1711304211@4",
              "update_time": "2017-07-25T07:19:09Z",
              "confidence": null,
              "between": null,
              "provider": "osm",
              "resource": "planet",
              "version": "2026-08-05"
            }
          ],
          "version": 1
        }
      }
    },
    {
      "type": "Feature",
      "id": "f52fbfc0-6247-484e-a191-159e8489d765",
      "geometry": {
        "type": "Point",
        "coordinates": [
          120.2060471,
          23.0263256
        ]
      },
      "properties": {
        "source": "overture",
        "sourceKey": "overture-connectors",
        "sourceVersion": "latest",
        "sourceFeatureId": "f52fbfc0-6247-484e-a191-159e8489d765",
        "facilityType": "unknown",
        "pedestrianAllowed": null,
        "bicycleAllowed": null,
        "direction": "unknown",
        "provenance": [
          {
            "property": "",
            "dataset": "OpenStreetMap",
            "license": "ODbL-1.0",
            "record_id": "n1711304275@5",
            "update_time": "2017-07-25T07:19:10Z",
            "confidence": null,
            "between": null,
            "provider": "osm",
            "resource": "planet",
            "version": "2026-08-05"
          }
        ],
        "connectorIds": [],
        "officialInventory": false,
        "name": null,
        "originalCrs": "EPSG:4326",
        "originalProperties": {
          "sources": [
            {
              "property": "",
              "dataset": "OpenStreetMap",
              "license": "ODbL-1.0",
              "record_id": "n1711304275@5",
              "update_time": "2017-07-25T07:19:10Z",
              "confidence": null,
              "between": null,
              "provider": "osm",
              "resource": "planet",
              "version": "2026-08-05"
            }
          ],
          "version": 1
        }
      }
    },
    {
      "type": "Feature",
      "id": "05331738-c17d-4e18-b46e-cb15d4cd1e24",
      "geometry": {
        "type": "Point",
        "coordinates": [
          120.2050306,
          23.0267084
        ]
      },
      "properties": {
        "source": "overture",
        "sourceKey": "overture-connectors",
        "sourceVersion": "latest",
        "sourceFeatureId": "05331738-c17d-4e18-b46e-cb15d4cd1e24",
        "facilityType": "unknown",
        "pedestrianAllowed": null,
        "bicycleAllowed": null,
        "direction": "unknown",
        "provenance": [
          {
            "property": "",
            "dataset": "OpenStreetMap",
            "license": "ODbL-1.0",
            "record_id": "n4989197460@7",
            "update_time": "2026-07-11T01:32:44Z",
            "confidence": null,
            "between": null,
            "provider": "osm",
            "resource": "planet",
            "version": "2026-08-05"
          }
        ],
        "connectorIds": [],
        "officialInventory": false,
        "name": null,
        "originalCrs": "EPSG:4326",
        "originalProperties": {
          "sources": [
            {
              "property": "",
              "dataset": "OpenStreetMap",
              "license": "ODbL-1.0",
              "record_id": "n4989197460@7",
              "update_time": "2026-07-11T01:32:44Z",
              "confidence": null,
              "between": null,
              "provider": "osm",
              "resource": "planet",
              "version": "2026-08-05"
            }
          ],
          "version": 4
        }
      }
    },
    {
      "type": "Feature",
      "id": "4515ae7c-0da3-4f3b-ae49-4399d0ee39b4",
      "geometry": {
        "type": "Point",
        "coordinates": [
          120.2048444,
          23.0266956
        ]
      },
      "properties": {
        "source": "overture",
        "sourceKey": "overture-connectors",
        "sourceVersion": "latest",
        "sourceFeatureId": "4515ae7c-0da3-4f3b-ae49-4399d0ee39b4",
        "facilityType": "unknown",
        "pedestrianAllowed": null,
        "bicycleAllowed": null,
        "direction": "unknown",
        "provenance": [
          {
            "property": "",
            "dataset": "OpenStreetMap",
            "license": "ODbL-1.0",
            "record_id": "n1711304345@5",
            "update_time": "2026-07-11T01:32:44Z",
            "confidence": null,
            "between": null,
            "provider": "osm",
            "resource": "planet",
            "version": "2026-08-05"
          }
        ],
        "connectorIds": [],
        "officialInventory": false,
        "name": null,
        "originalCrs": "EPSG:4326",
        "originalProperties": {
          "sources": [
            {
              "property": "",
              "dataset": "OpenStreetMap",
              "license": "ODbL-1.0",
              "record_id": "n1711304345@5",
              "update_time": "2026-07-11T01:32:44Z",
              "confidence": null,
              "between": null,
              "provider": "osm",
              "resource": "planet",
              "version": "2026-08-05"
            }
          ],
          "version": 2
        }
      }
    },
    {
      "type": "Feature",
      "id": "6fd63d06-d97e-49e4-a074-d74b6c7501f9",
      "geometry": {
        "type": "Point",
        "coordinates": [
          120.2043504,
          23.0262535
        ]
      },
      "properties": {
        "source": "overture",
        "sourceKey": "overture-connectors",
        "sourceVersion": "latest",
        "sourceFeatureId": "6fd63d06-d97e-49e4-a074-d74b6c7501f9",
        "facilityType": "unknown",
        "pedestrianAllowed": null,
        "bicycleAllowed": null,
        "direction": "unknown",
        "provenance": [
          {
            "property": "",
            "dataset": "OpenStreetMap",
            "license": "ODbL-1.0",
            "record_id": "n1711304269@5",
            "update_time": "2022-11-09T08:18:20Z",
            "confidence": null,
            "between": null,
            "provider": "osm",
            "resource": "planet",
            "version": "2026-08-05"
          }
        ],
        "connectorIds": [],
        "officialInventory": false,
        "name": null,
        "originalCrs": "EPSG:4326",
        "originalProperties": {
          "sources": [
            {
              "property": "",
              "dataset": "OpenStreetMap",
              "license": "ODbL-1.0",
              "record_id": "n1711304269@5",
              "update_time": "2022-11-09T08:18:20Z",
              "confidence": null,
              "between": null,
              "provider": "osm",
              "resource": "planet",
              "version": "2026-08-05"
            }
          ],
          "version": 1
        }
      }
    },
    {
      "type": "Feature",
      "id": "537a78a4-d8af-4287-992b-cb83aac30b98",
      "geometry": {
        "type": "Point",
        "coordinates": [
          120.2045505,
          23.0262764
        ]
      },
      "properties": {
        "source": "overture",
        "sourceKey": "overture-connectors",
        "sourceVersion": "latest",
        "sourceFeatureId": "537a78a4-d8af-4287-992b-cb83aac30b98",
        "facilityType": "unknown",
        "pedestrianAllowed": null,
        "bicycleAllowed": null,
        "direction": "unknown",
        "provenance": [
          {
            "property": "",
            "dataset": "OpenStreetMap",
            "license": "ODbL-1.0",
            "record_id": "n1711304272@3",
            "update_time": "2016-09-29T14:40:23Z",
            "confidence": null,
            "between": null,
            "provider": "osm",
            "resource": "planet",
            "version": "2026-08-05"
          }
        ],
        "connectorIds": [],
        "officialInventory": false,
        "name": null,
        "originalCrs": "EPSG:4326",
        "originalProperties": {
          "sources": [
            {
              "property": "",
              "dataset": "OpenStreetMap",
              "license": "ODbL-1.0",
              "record_id": "n1711304272@3",
              "update_time": "2016-09-29T14:40:23Z",
              "confidence": null,
              "between": null,
              "provider": "osm",
              "resource": "planet",
              "version": "2026-08-05"
            }
          ],
          "version": 1
        }
      }
    },
    {
      "type": "Feature",
      "id": "06b34f6e-f615-40c0-92f2-fd82adbba3ef",
      "geometry": {
        "type": "Point",
        "coordinates": [
          120.2049785,
          23.0260059
        ]
      },
      "properties": {
        "source": "overture",
        "sourceKey": "overture-connectors",
        "sourceVersion": "latest",
        "sourceFeatureId": "06b34f6e-f615-40c0-92f2-fd82adbba3ef",
        "facilityType": "unknown",
        "pedestrianAllowed": null,
        "bicycleAllowed": null,
        "direction": "unknown",
        "provenance": [
          {
            "property": "",
            "dataset": "OpenStreetMap",
            "license": "ODbL-1.0",
            "record_id": "n4979128706@4",
            "update_time": "2022-11-09T08:18:20Z",
            "confidence": null,
            "between": null,
            "provider": "osm",
            "resource": "planet",
            "version": "2026-08-05"
          }
        ],
        "connectorIds": [],
        "officialInventory": false,
        "name": null,
        "originalCrs": "EPSG:4326",
        "originalProperties": {
          "sources": [
            {
              "property": "",
              "dataset": "OpenStreetMap",
              "license": "ODbL-1.0",
              "record_id": "n4979128706@4",
              "update_time": "2022-11-09T08:18:20Z",
              "confidence": null,
              "between": null,
              "provider": "osm",
              "resource": "planet",
              "version": "2026-08-05"
            }
          ],
          "version": 1
        }
      }
    },
    {
      "type": "Feature",
      "id": "dda1741d-cf9e-4eed-a6e4-4f0aa8d88abe",
      "geometry": {
        "type": "Point",
        "coordinates": [
          120.204394,
          23.0259376
        ]
      },
      "properties": {
        "source": "overture",
        "sourceKey": "overture-connectors",
        "sourceVersion": "latest",
        "sourceFeatureId": "dda1741d-cf9e-4eed-a6e4-4f0aa8d88abe",
        "facilityType": "unknown",
        "pedestrianAllowed": null,
        "bicycleAllowed": null,
        "direction": "unknown",
        "provenance": [
          {
            "property": "",
            "dataset": "OpenStreetMap",
            "license": "ODbL-1.0",
            "record_id": "n1711304222@5",
            "update_time": "2022-11-09T08:18:20Z",
            "confidence": null,
            "between": null,
            "provider": "osm",
            "resource": "planet",
            "version": "2026-08-05"
          }
        ],
        "connectorIds": [],
        "officialInventory": false,
        "name": null,
        "originalCrs": "EPSG:4326",
        "originalProperties": {
          "sources": [
            {
              "property": "",
              "dataset": "OpenStreetMap",
              "license": "ODbL-1.0",
              "record_id": "n1711304222@5",
              "update_time": "2022-11-09T08:18:20Z",
              "confidence": null,
              "between": null,
              "provider": "osm",
              "resource": "planet",
              "version": "2026-08-05"
            }
          ],
          "version": 1
        }
      }
    },
    {
      "type": "Feature",
      "id": "57f4b7e7-88cd-4957-ae97-1973086dac21",
      "geometry": {
        "type": "Point",
        "coordinates": [
          120.2043026,
          23.0266136
        ]
      },
      "properties": {
        "source": "overture",
        "sourceKey": "overture-connectors",
        "sourceVersion": "latest",
        "sourceFeatureId": "57f4b7e7-88cd-4957-ae97-1973086dac21",
        "facilityType": "unknown",
        "pedestrianAllowed": null,
        "bicycleAllowed": null,
        "direction": "unknown",
        "provenance": [
          {
            "property": "",
            "dataset": "OpenStreetMap",
            "license": "ODbL-1.0",
            "record_id": "n1711304326@6",
            "update_time": "2026-02-24T03:16:42Z",
            "confidence": null,
            "between": null,
            "provider": "osm",
            "resource": "planet",
            "version": "2026-08-05"
          }
        ],
        "connectorIds": [],
        "officialInventory": false,
        "name": null,
        "originalCrs": "EPSG:4326",
        "originalProperties": {
          "sources": [
            {
              "property": "",
              "dataset": "OpenStreetMap",
              "license": "ODbL-1.0",
              "record_id": "n1711304326@6",
              "update_time": "2026-02-24T03:16:42Z",
              "confidence": null,
              "between": null,
              "provider": "osm",
              "resource": "planet",
              "version": "2026-08-05"
            }
          ],
          "version": 2
        }
      }
    },
    {
      "type": "Feature",
      "id": "c1e1c30e-6c18-4654-b006-0301c84b5642",
      "geometry": {
        "type": "Point",
        "coordinates": [
          120.2042488,
          23.0269464
        ]
      },
      "properties": {
        "source": "overture",
        "sourceKey": "overture-connectors",
        "sourceVersion": "latest",
        "sourceFeatureId": "c1e1c30e-6c18-4654-b006-0301c84b5642",
        "facilityType": "unknown",
        "pedestrianAllowed": null,
        "bicycleAllowed": null,
        "direction": "unknown",
        "provenance": [
          {
            "property": "",
            "dataset": "OpenStreetMap",
            "license": "ODbL-1.0",
            "record_id": "n1711304420@7",
            "update_time": "2026-02-24T03:16:42Z",
            "confidence": null,
            "between": null,
            "provider": "osm",
            "resource": "planet",
            "version": "2026-08-05"
          }
        ],
        "connectorIds": [],
        "officialInventory": false,
        "name": null,
        "originalCrs": "EPSG:4326",
        "originalProperties": {
          "sources": [
            {
              "property": "",
              "dataset": "OpenStreetMap",
              "license": "ODbL-1.0",
              "record_id": "n1711304420@7",
              "update_time": "2026-02-24T03:16:42Z",
              "confidence": null,
              "between": null,
              "provider": "osm",
              "resource": "planet",
              "version": "2026-08-05"
            }
          ],
          "version": 2
        }
      }
    },
    {
      "type": "Feature",
      "id": "d5ed8000-4168-4f28-8ebe-ffacbd34228e",
      "geometry": {
        "type": "Point",
        "coordinates": [
          120.2049713,
          23.0271626
        ]
      },
      "properties": {
        "source": "overture",
        "sourceKey": "overture-connectors",
        "sourceVersion": "latest",
        "sourceFeatureId": "d5ed8000-4168-4f28-8ebe-ffacbd34228e",
        "facilityType": "unknown",
        "pedestrianAllowed": null,
        "bicycleAllowed": null,
        "direction": "unknown",
        "provenance": [
          {
            "property": "",
            "dataset": "OpenStreetMap",
            "license": "ODbL-1.0",
            "record_id": "n4989197456@8",
            "update_time": "2026-07-11T01:32:44Z",
            "confidence": null,
            "between": null,
            "provider": "osm",
            "resource": "planet",
            "version": "2026-08-05"
          }
        ],
        "connectorIds": [],
        "officialInventory": false,
        "name": null,
        "originalCrs": "EPSG:4326",
        "originalProperties": {
          "sources": [
            {
              "property": "",
              "dataset": "OpenStreetMap",
              "license": "ODbL-1.0",
              "record_id": "n4989197456@8",
              "update_time": "2026-07-11T01:32:44Z",
              "confidence": null,
              "between": null,
              "provider": "osm",
              "resource": "planet",
              "version": "2026-08-05"
            }
          ],
          "version": 5
        }
      }
    },
    {
      "type": "Feature",
      "id": "b41399cd-c66c-4692-b763-10d793a2656d",
      "geometry": {
        "type": "Point",
        "coordinates": [
          120.2045098,
          23.0269775
        ]
      },
      "properties": {
        "source": "overture",
        "sourceKey": "overture-connectors",
        "sourceVersion": "latest",
        "sourceFeatureId": "b41399cd-c66c-4692-b763-10d793a2656d",
        "facilityType": "unknown",
        "pedestrianAllowed": null,
        "bicycleAllowed": null,
        "direction": "unknown",
        "provenance": [
          {
            "property": "",
            "dataset": "OpenStreetMap",
            "license": "ODbL-1.0",
            "record_id": "n1711304421@6",
            "update_time": "2026-02-24T03:16:42Z",
            "confidence": null,
            "between": null,
            "provider": "osm",
            "resource": "planet",
            "version": "2026-08-05"
          }
        ],
        "connectorIds": [],
        "officialInventory": false,
        "name": null,
        "originalCrs": "EPSG:4326",
        "originalProperties": {
          "sources": [
            {
              "property": "",
              "dataset": "OpenStreetMap",
              "license": "ODbL-1.0",
              "record_id": "n1711304421@6",
              "update_time": "2026-02-24T03:16:42Z",
              "confidence": null,
              "between": null,
              "provider": "osm",
              "resource": "planet",
              "version": "2026-08-05"
            }
          ],
          "version": 2
        }
      }
    },
    {
      "type": "Feature",
      "id": "d354cacf-02b6-4b0e-8236-4f41351c4d33",
      "geometry": {
        "type": "Point",
        "coordinates": [
          120.2049448,
          23.0273605
        ]
      },
      "properties": {
        "source": "overture",
        "sourceKey": "overture-connectors",
        "sourceVersion": "latest",
        "sourceFeatureId": "d354cacf-02b6-4b0e-8236-4f41351c4d33",
        "facilityType": "unknown",
        "pedestrianAllowed": null,
        "bicycleAllowed": null,
        "direction": "unknown",
        "provenance": [
          {
            "property": "",
            "dataset": "OpenStreetMap",
            "license": "ODbL-1.0",
            "record_id": "n1711304466@11",
            "update_time": "2026-07-11T01:32:44Z",
            "confidence": null,
            "between": null,
            "provider": "osm",
            "resource": "planet",
            "version": "2026-08-05"
          }
        ],
        "connectorIds": [],
        "officialInventory": false,
        "name": null,
        "originalCrs": "EPSG:4326",
        "originalProperties": {
          "sources": [
            {
              "property": "",
              "dataset": "OpenStreetMap",
              "license": "ODbL-1.0",
              "record_id": "n1711304466@11",
              "update_time": "2026-07-11T01:32:44Z",
              "confidence": null,
              "between": null,
              "provider": "osm",
              "resource": "planet",
              "version": "2026-08-05"
            }
          ],
          "version": 5
        }
      }
    },
    {
      "type": "Feature",
      "id": "8e5637be-4ce8-44c1-b3df-8efd32e901da",
      "geometry": {
        "type": "Point",
        "coordinates": [
          120.2050683,
          23.0273697
        ]
      },
      "properties": {
        "source": "overture",
        "sourceKey": "overture-connectors",
        "sourceVersion": "latest",
        "sourceFeatureId": "8e5637be-4ce8-44c1-b3df-8efd32e901da",
        "facilityType": "unknown",
        "pedestrianAllowed": null,
        "bicycleAllowed": null,
        "direction": "unknown",
        "provenance": [
          {
            "property": "",
            "dataset": "OpenStreetMap",
            "license": "ODbL-1.0",
            "record_id": "n12955513848@5",
            "update_time": "2026-07-11T01:32:44Z",
            "confidence": null,
            "between": null,
            "provider": "osm",
            "resource": "planet",
            "version": "2026-08-05"
          }
        ],
        "connectorIds": [],
        "officialInventory": false,
        "name": null,
        "originalCrs": "EPSG:4326",
        "originalProperties": {
          "sources": [
            {
              "property": "",
              "dataset": "OpenStreetMap",
              "license": "ODbL-1.0",
              "record_id": "n12955513848@5",
              "update_time": "2026-07-11T01:32:44Z",
              "confidence": null,
              "between": null,
              "provider": "osm",
              "resource": "planet",
              "version": "2026-08-05"
            }
          ],
          "version": 5
        }
      }
    },
    {
      "type": "Feature",
      "id": "0ab294d1-9951-4005-bbad-c9328a02f66b",
      "geometry": {
        "type": "Point",
        "coordinates": [
          120.2047338,
          23.027341
        ]
      },
      "properties": {
        "source": "overture",
        "sourceKey": "overture-connectors",
        "sourceVersion": "latest",
        "sourceFeatureId": "0ab294d1-9951-4005-bbad-c9328a02f66b",
        "facilityType": "unknown",
        "pedestrianAllowed": null,
        "bicycleAllowed": null,
        "direction": "unknown",
        "provenance": [
          {
            "property": "",
            "dataset": "OpenStreetMap",
            "license": "ODbL-1.0",
            "record_id": "n1711304465@9",
            "update_time": "2026-02-24T03:16:42Z",
            "confidence": null,
            "between": null,
            "provider": "osm",
            "resource": "planet",
            "version": "2026-08-05"
          }
        ],
        "connectorIds": [],
        "officialInventory": false,
        "name": null,
        "originalCrs": "EPSG:4326",
        "originalProperties": {
          "sources": [
            {
              "property": "",
              "dataset": "OpenStreetMap",
              "license": "ODbL-1.0",
              "record_id": "n1711304465@9",
              "update_time": "2026-02-24T03:16:42Z",
              "confidence": null,
              "between": null,
              "provider": "osm",
              "resource": "planet",
              "version": "2026-08-05"
            }
          ],
          "version": 3
        }
      }
    },
    {
      "type": "Feature",
      "id": "273c9afc-4df0-48b7-baa4-873ebbfc9d94",
      "geometry": {
        "type": "Point",
        "coordinates": [
          120.2044546,
          23.0276627
        ]
      },
      "properties": {
        "source": "overture",
        "sourceKey": "overture-connectors",
        "sourceVersion": "latest",
        "sourceFeatureId": "273c9afc-4df0-48b7-baa4-873ebbfc9d94",
        "facilityType": "unknown",
        "pedestrianAllowed": null,
        "bicycleAllowed": null,
        "direction": "unknown",
        "provenance": [
          {
            "property": "",
            "dataset": "OpenStreetMap",
            "license": "ODbL-1.0",
            "record_id": "n1711304505@5",
            "update_time": "2026-02-24T03:16:42Z",
            "confidence": null,
            "between": null,
            "provider": "osm",
            "resource": "planet",
            "version": "2026-08-05"
          }
        ],
        "connectorIds": [],
        "officialInventory": false,
        "name": null,
        "originalCrs": "EPSG:4326",
        "originalProperties": {
          "sources": [
            {
              "property": "",
              "dataset": "OpenStreetMap",
              "license": "ODbL-1.0",
              "record_id": "n1711304505@5",
              "update_time": "2026-02-24T03:16:42Z",
              "confidence": null,
              "between": null,
              "provider": "osm",
              "resource": "planet",
              "version": "2026-08-05"
            }
          ],
          "version": 2
        }
      }
    },
    {
      "type": "Feature",
      "id": "0626d0ca-ad1a-4d5b-a19e-8f0836379f07",
      "geometry": {
        "type": "Point",
        "coordinates": [
          120.2041513,
          23.0276314
        ]
      },
      "properties": {
        "source": "overture",
        "sourceKey": "overture-connectors",
        "sourceVersion": "latest",
        "sourceFeatureId": "0626d0ca-ad1a-4d5b-a19e-8f0836379f07",
        "facilityType": "unknown",
        "pedestrianAllowed": null,
        "bicycleAllowed": null,
        "direction": "unknown",
        "provenance": [
          {
            "property": "",
            "dataset": "OpenStreetMap",
            "license": "ODbL-1.0",
            "record_id": "n1711304501@6",
            "update_time": "2026-02-24T03:16:42Z",
            "confidence": null,
            "between": null,
            "provider": "osm",
            "resource": "planet",
            "version": "2026-08-05"
          }
        ],
        "connectorIds": [],
        "officialInventory": false,
        "name": null,
        "originalCrs": "EPSG:4326",
        "originalProperties": {
          "sources": [
            {
              "property": "",
              "dataset": "OpenStreetMap",
              "license": "ODbL-1.0",
              "record_id": "n1711304501@6",
              "update_time": "2026-02-24T03:16:42Z",
              "confidence": null,
              "between": null,
              "provider": "osm",
              "resource": "planet",
              "version": "2026-08-05"
            }
          ],
          "version": 2
        }
      }
    },
    {
      "type": "Feature",
      "id": "3a74f3cc-4c8b-4cbb-b4a9-63ea90bb598d",
      "geometry": {
        "type": "Point",
        "coordinates": [
          120.2041995,
          23.027296
        ]
      },
      "properties": {
        "source": "overture",
        "sourceKey": "overture-connectors",
        "sourceVersion": "latest",
        "sourceFeatureId": "3a74f3cc-4c8b-4cbb-b4a9-63ea90bb598d",
        "facilityType": "unknown",
        "pedestrianAllowed": null,
        "bicycleAllowed": null,
        "direction": "unknown",
        "provenance": [
          {
            "property": "",
            "dataset": "OpenStreetMap",
            "license": "ODbL-1.0",
            "record_id": "n1711304457@6",
            "update_time": "2026-02-24T03:16:42Z",
            "confidence": null,
            "between": null,
            "provider": "osm",
            "resource": "planet",
            "version": "2026-08-05"
          }
        ],
        "connectorIds": [],
        "officialInventory": false,
        "name": null,
        "originalCrs": "EPSG:4326",
        "originalProperties": {
          "sources": [
            {
              "property": "",
              "dataset": "OpenStreetMap",
              "license": "ODbL-1.0",
              "record_id": "n1711304457@6",
              "update_time": "2026-02-24T03:16:42Z",
              "confidence": null,
              "between": null,
              "provider": "osm",
              "resource": "planet",
              "version": "2026-08-05"
            }
          ],
          "version": 2
        }
      }
    },
    {
      "type": "Feature",
      "id": "85f94107-7f41-4512-a824-fe4a2c52f060",
      "geometry": {
        "type": "Point",
        "coordinates": [
          120.2041096,
          23.0279568
        ]
      },
      "properties": {
        "source": "overture",
        "sourceKey": "overture-connectors",
        "sourceVersion": "latest",
        "sourceFeatureId": "85f94107-7f41-4512-a824-fe4a2c52f060",
        "facilityType": "unknown",
        "pedestrianAllowed": null,
        "bicycleAllowed": null,
        "direction": "unknown",
        "provenance": [
          {
            "property": "",
            "dataset": "OpenStreetMap",
            "license": "ODbL-1.0",
            "record_id": "n3779972258@5",
            "update_time": "2026-02-24T03:16:42Z",
            "confidence": null,
            "between": null,
            "provider": "osm",
            "resource": "planet",
            "version": "2026-08-05"
          }
        ],
        "connectorIds": [],
        "officialInventory": false,
        "name": null,
        "originalCrs": "EPSG:4326",
        "originalProperties": {
          "sources": [
            {
              "property": "",
              "dataset": "OpenStreetMap",
              "license": "ODbL-1.0",
              "record_id": "n3779972258@5",
              "update_time": "2026-02-24T03:16:42Z",
              "confidence": null,
              "between": null,
              "provider": "osm",
              "resource": "planet",
              "version": "2026-08-05"
            }
          ],
          "version": 2
        }
      }
    },
    {
      "type": "Feature",
      "id": "27eead6f-2038-434f-a708-f1b5575a2aae",
      "geometry": {
        "type": "Point",
        "coordinates": [
          120.2035939,
          23.0285837
        ]
      },
      "properties": {
        "source": "overture",
        "sourceKey": "overture-connectors",
        "sourceVersion": "latest",
        "sourceFeatureId": "27eead6f-2038-434f-a708-f1b5575a2aae",
        "facilityType": "unknown",
        "pedestrianAllowed": null,
        "bicycleAllowed": null,
        "direction": "unknown",
        "provenance": [
          {
            "property": "",
            "dataset": "OpenStreetMap",
            "license": "ODbL-1.0",
            "record_id": "n13098626302@1",
            "update_time": "2025-08-26T15:34:48Z",
            "confidence": null,
            "between": null,
            "provider": "osm",
            "resource": "planet",
            "version": "2026-08-05"
          }
        ],
        "connectorIds": [],
        "officialInventory": false,
        "name": null,
        "originalCrs": "EPSG:4326",
        "originalProperties": {
          "sources": [
            {
              "property": "",
              "dataset": "OpenStreetMap",
              "license": "ODbL-1.0",
              "record_id": "n13098626302@1",
              "update_time": "2025-08-26T15:34:48Z",
              "confidence": null,
              "between": null,
              "provider": "osm",
              "resource": "planet",
              "version": "2026-08-05"
            }
          ],
          "version": 1
        }
      }
    },
    {
      "type": "Feature",
      "id": "6d192bb8-09a6-4be0-baa2-9ce954232ab1",
      "geometry": {
        "type": "Point",
        "coordinates": [
          120.2040471,
          23.0285473
        ]
      },
      "properties": {
        "source": "overture",
        "sourceKey": "overture-connectors",
        "sourceVersion": "latest",
        "sourceFeatureId": "6d192bb8-09a6-4be0-baa2-9ce954232ab1",
        "facilityType": "unknown",
        "pedestrianAllowed": null,
        "bicycleAllowed": null,
        "direction": "unknown",
        "provenance": [
          {
            "property": "",
            "dataset": "OpenStreetMap",
            "license": "ODbL-1.0",
            "record_id": "n13098626303@1",
            "update_time": "2025-08-26T15:34:48Z",
            "confidence": null,
            "between": null,
            "provider": "osm",
            "resource": "planet",
            "version": "2026-08-05"
          }
        ],
        "connectorIds": [],
        "officialInventory": false,
        "name": null,
        "originalCrs": "EPSG:4326",
        "originalProperties": {
          "sources": [
            {
              "property": "",
              "dataset": "OpenStreetMap",
              "license": "ODbL-1.0",
              "record_id": "n13098626303@1",
              "update_time": "2025-08-26T15:34:48Z",
              "confidence": null,
              "between": null,
              "provider": "osm",
              "resource": "planet",
              "version": "2026-08-05"
            }
          ],
          "version": 1
        }
      }
    },
    {
      "type": "Feature",
      "id": "60cf45f4-25dd-42f9-9261-5f00603138ca",
      "geometry": {
        "type": "Point",
        "coordinates": [
          120.2040752,
          23.0282434
        ]
      },
      "properties": {
        "source": "overture",
        "sourceKey": "overture-connectors",
        "sourceVersion": "latest",
        "sourceFeatureId": "60cf45f4-25dd-42f9-9261-5f00603138ca",
        "facilityType": "unknown",
        "pedestrianAllowed": null,
        "bicycleAllowed": null,
        "direction": "unknown",
        "provenance": [
          {
            "property": "",
            "dataset": "OpenStreetMap",
            "license": "ODbL-1.0",
            "record_id": "n1711304556@5",
            "update_time": "2022-11-09T08:18:20Z",
            "confidence": null,
            "between": null,
            "provider": "osm",
            "resource": "planet",
            "version": "2026-08-05"
          }
        ],
        "connectorIds": [],
        "officialInventory": false,
        "name": null,
        "originalCrs": "EPSG:4326",
        "originalProperties": {
          "sources": [
            {
              "property": "",
              "dataset": "OpenStreetMap",
              "license": "ODbL-1.0",
              "record_id": "n1711304556@5",
              "update_time": "2022-11-09T08:18:20Z",
              "confidence": null,
              "between": null,
              "provider": "osm",
              "resource": "planet",
              "version": "2026-08-05"
            }
          ],
          "version": 1
        }
      }
    },
    {
      "type": "Feature",
      "id": "e96da67a-6686-4167-9548-71c0efef916d",
      "geometry": {
        "type": "Point",
        "coordinates": [
          120.2043278,
          23.0282681
        ]
      },
      "properties": {
        "source": "overture",
        "sourceKey": "overture-connectors",
        "sourceVersion": "latest",
        "sourceFeatureId": "e96da67a-6686-4167-9548-71c0efef916d",
        "facilityType": "unknown",
        "pedestrianAllowed": null,
        "bicycleAllowed": null,
        "direction": "unknown",
        "provenance": [
          {
            "property": "",
            "dataset": "OpenStreetMap",
            "license": "ODbL-1.0",
            "record_id": "n1711304558@4",
            "update_time": "2017-07-19T09:34:27Z",
            "confidence": null,
            "between": null,
            "provider": "osm",
            "resource": "planet",
            "version": "2026-08-05"
          }
        ],
        "connectorIds": [],
        "officialInventory": false,
        "name": null,
        "originalCrs": "EPSG:4326",
        "originalProperties": {
          "sources": [
            {
              "property": "",
              "dataset": "OpenStreetMap",
              "license": "ODbL-1.0",
              "record_id": "n1711304558@4",
              "update_time": "2017-07-19T09:34:27Z",
              "confidence": null,
              "between": null,
              "provider": "osm",
              "resource": "planet",
              "version": "2026-08-05"
            }
          ],
          "version": 1
        }
      }
    },
    {
      "type": "Feature",
      "id": "5814029e-0e6a-4748-9bea-e73e93dd324b",
      "geometry": {
        "type": "Point",
        "coordinates": [
          120.2045941,
          23.0285102
        ]
      },
      "properties": {
        "source": "overture",
        "sourceKey": "overture-connectors",
        "sourceVersion": "latest",
        "sourceFeatureId": "5814029e-0e6a-4748-9bea-e73e93dd324b",
        "facilityType": "unknown",
        "pedestrianAllowed": null,
        "bicycleAllowed": null,
        "direction": "unknown",
        "provenance": [
          {
            "property": "",
            "dataset": "OpenStreetMap",
            "license": "ODbL-1.0",
            "record_id": "n4994319307@2",
            "update_time": "2022-11-15T09:29:38Z",
            "confidence": null,
            "between": null,
            "provider": "osm",
            "resource": "planet",
            "version": "2026-08-05"
          }
        ],
        "connectorIds": [],
        "officialInventory": false,
        "name": null,
        "originalCrs": "EPSG:4326",
        "originalProperties": {
          "sources": [
            {
              "property": "",
              "dataset": "OpenStreetMap",
              "license": "ODbL-1.0",
              "record_id": "n4994319307@2",
              "update_time": "2022-11-15T09:29:38Z",
              "confidence": null,
              "between": null,
              "provider": "osm",
              "resource": "planet",
              "version": "2026-08-05"
            }
          ],
          "version": 1
        }
      }
    },
    {
      "type": "Feature",
      "id": "fc1b6304-2482-47c1-a489-3a4129a768c6",
      "geometry": {
        "type": "Point",
        "coordinates": [
          120.2047834,
          23.028498
        ]
      },
      "properties": {
        "source": "overture",
        "sourceKey": "overture-connectors",
        "sourceVersion": "latest",
        "sourceFeatureId": "fc1b6304-2482-47c1-a489-3a4129a768c6",
        "facilityType": "unknown",
        "pedestrianAllowed": null,
        "bicycleAllowed": null,
        "direction": "unknown",
        "provenance": [
          {
            "property": "",
            "dataset": "OpenStreetMap",
            "license": "ODbL-1.0",
            "record_id": "n4994319306@7",
            "update_time": "2026-07-11T01:32:44Z",
            "confidence": null,
            "between": null,
            "provider": "osm",
            "resource": "planet",
            "version": "2026-08-05"
          }
        ],
        "connectorIds": [],
        "officialInventory": false,
        "name": null,
        "originalCrs": "EPSG:4326",
        "originalProperties": {
          "sources": [
            {
              "property": "",
              "dataset": "OpenStreetMap",
              "license": "ODbL-1.0",
              "record_id": "n4994319306@7",
              "update_time": "2026-07-11T01:32:44Z",
              "confidence": null,
              "between": null,
              "provider": "osm",
              "resource": "planet",
              "version": "2026-08-05"
            }
          ],
          "version": 3
        }
      }
    },
    {
      "type": "Feature",
      "id": "6d8a951f-a7ca-4764-baf6-cc3de1f6d46c",
      "geometry": {
        "type": "Point",
        "coordinates": [
          120.2049057,
          23.0285798
        ]
      },
      "properties": {
        "source": "overture",
        "sourceKey": "overture-connectors",
        "sourceVersion": "latest",
        "sourceFeatureId": "6d8a951f-a7ca-4764-baf6-cc3de1f6d46c",
        "facilityType": "unknown",
        "pedestrianAllowed": null,
        "bicycleAllowed": null,
        "direction": "unknown",
        "provenance": [
          {
            "property": "",
            "dataset": "OpenStreetMap",
            "license": "ODbL-1.0",
            "record_id": "n1557426309@6",
            "update_time": "2026-07-11T01:32:44Z",
            "confidence": null,
            "between": null,
            "provider": "osm",
            "resource": "planet",
            "version": "2026-08-05"
          }
        ],
        "connectorIds": [],
        "officialInventory": false,
        "name": null,
        "originalCrs": "EPSG:4326",
        "originalProperties": {
          "sources": [
            {
              "property": "",
              "dataset": "OpenStreetMap",
              "license": "ODbL-1.0",
              "record_id": "n1557426309@6",
              "update_time": "2026-07-11T01:32:44Z",
              "confidence": null,
              "between": null,
              "provider": "osm",
              "resource": "planet",
              "version": "2026-08-05"
            }
          ],
          "version": 1
        }
      }
    },
    {
      "type": "Feature",
      "id": "1ff9a6f9-0996-4fd1-a346-1cbb8445c309",
      "geometry": {
        "type": "Point",
        "coordinates": [
          120.2049176,
          23.0284853
        ]
      },
      "properties": {
        "source": "overture",
        "sourceKey": "overture-connectors",
        "sourceVersion": "latest",
        "sourceFeatureId": "1ff9a6f9-0996-4fd1-a346-1cbb8445c309",
        "facilityType": "unknown",
        "pedestrianAllowed": null,
        "bicycleAllowed": null,
        "direction": "unknown",
        "provenance": [
          {
            "property": "",
            "dataset": "OpenStreetMap",
            "license": "ODbL-1.0",
            "record_id": "n1585378080@8",
            "update_time": "2026-07-11T01:32:44Z",
            "confidence": null,
            "between": null,
            "provider": "osm",
            "resource": "planet",
            "version": "2026-08-05"
          }
        ],
        "connectorIds": [],
        "officialInventory": false,
        "name": null,
        "originalCrs": "EPSG:4326",
        "originalProperties": {
          "sources": [
            {
              "property": "",
              "dataset": "OpenStreetMap",
              "license": "ODbL-1.0",
              "record_id": "n1585378080@8",
              "update_time": "2026-07-11T01:32:44Z",
              "confidence": null,
              "between": null,
              "provider": "osm",
              "resource": "planet",
              "version": "2026-08-05"
            }
          ],
          "version": 2
        }
      }
    },
    {
      "type": "Feature",
      "id": "76038318-c17b-44be-ba5b-df9ecab5099c",
      "geometry": {
        "type": "Point",
        "coordinates": [
          120.2048537,
          23.0280156
        ]
      },
      "properties": {
        "source": "overture",
        "sourceKey": "overture-connectors",
        "sourceVersion": "latest",
        "sourceFeatureId": "76038318-c17b-44be-ba5b-df9ecab5099c",
        "facilityType": "unknown",
        "pedestrianAllowed": null,
        "bicycleAllowed": null,
        "direction": "unknown",
        "provenance": [
          {
            "property": "",
            "dataset": "OpenStreetMap",
            "license": "ODbL-1.0",
            "record_id": "n1711304545@9",
            "update_time": "2026-07-11T01:32:44Z",
            "confidence": null,
            "between": null,
            "provider": "osm",
            "resource": "planet",
            "version": "2026-08-05"
          }
        ],
        "connectorIds": [],
        "officialInventory": false,
        "name": null,
        "originalCrs": "EPSG:4326",
        "originalProperties": {
          "sources": [
            {
              "property": "",
              "dataset": "OpenStreetMap",
              "license": "ODbL-1.0",
              "record_id": "n1711304545@9",
              "update_time": "2026-07-11T01:32:44Z",
              "confidence": null,
              "between": null,
              "provider": "osm",
              "resource": "planet",
              "version": "2026-08-05"
            }
          ],
          "version": 4
        }
      }
    },
    {
      "type": "Feature",
      "id": "551ff445-d414-45a7-8c6f-0690c6ac1b8d",
      "geometry": {
        "type": "Point",
        "coordinates": [
          120.204653,
          23.0279962
        ]
      },
      "properties": {
        "source": "overture",
        "sourceKey": "overture-connectors",
        "sourceVersion": "latest",
        "sourceFeatureId": "551ff445-d414-45a7-8c6f-0690c6ac1b8d",
        "facilityType": "unknown",
        "pedestrianAllowed": null,
        "bicycleAllowed": null,
        "direction": "unknown",
        "provenance": [
          {
            "property": "",
            "dataset": "OpenStreetMap",
            "license": "ODbL-1.0",
            "record_id": "n1711304543@5",
            "update_time": "2026-02-24T03:16:42Z",
            "confidence": null,
            "between": null,
            "provider": "osm",
            "resource": "planet",
            "version": "2026-08-05"
          }
        ],
        "connectorIds": [],
        "officialInventory": false,
        "name": null,
        "originalCrs": "EPSG:4326",
        "originalProperties": {
          "sources": [
            {
              "property": "",
              "dataset": "OpenStreetMap",
              "license": "ODbL-1.0",
              "record_id": "n1711304543@5",
              "update_time": "2026-02-24T03:16:42Z",
              "confidence": null,
              "between": null,
              "provider": "osm",
              "resource": "planet",
              "version": "2026-08-05"
            }
          ],
          "version": 2
        }
      }
    },
    {
      "type": "Feature",
      "id": "fd8f6763-b627-4372-bef5-edaccc6eee56",
      "geometry": {
        "type": "Point",
        "coordinates": [
          120.2058503,
          23.0278935
        ]
      },
      "properties": {
        "source": "overture",
        "sourceKey": "overture-connectors",
        "sourceVersion": "latest",
        "sourceFeatureId": "fd8f6763-b627-4372-bef5-edaccc6eee56",
        "facilityType": "unknown",
        "pedestrianAllowed": null,
        "bicycleAllowed": null,
        "direction": "unknown",
        "provenance": [
          {
            "property": "",
            "dataset": "OpenStreetMap",
            "license": "ODbL-1.0",
            "record_id": "n1711304535@3",
            "update_time": "2017-07-25T06:33:21Z",
            "confidence": null,
            "between": null,
            "provider": "osm",
            "resource": "planet",
            "version": "2026-08-05"
          }
        ],
        "connectorIds": [],
        "officialInventory": false,
        "name": null,
        "originalCrs": "EPSG:4326",
        "originalProperties": {
          "sources": [
            {
              "property": "",
              "dataset": "OpenStreetMap",
              "license": "ODbL-1.0",
              "record_id": "n1711304535@3",
              "update_time": "2017-07-25T06:33:21Z",
              "confidence": null,
              "between": null,
              "provider": "osm",
              "resource": "planet",
              "version": "2026-08-05"
            }
          ],
          "version": 1
        }
      }
    },
    {
      "type": "Feature",
      "id": "799d309a-74c7-4a42-804e-24b6ae4aec72",
      "geometry": {
        "type": "Point",
        "coordinates": [
          120.2055886,
          23.0278659
        ]
      },
      "properties": {
        "source": "overture",
        "sourceKey": "overture-connectors",
        "sourceVersion": "latest",
        "sourceFeatureId": "799d309a-74c7-4a42-804e-24b6ae4aec72",
        "facilityType": "unknown",
        "pedestrianAllowed": null,
        "bicycleAllowed": null,
        "direction": "unknown",
        "provenance": [
          {
            "property": "",
            "dataset": "OpenStreetMap",
            "license": "ODbL-1.0",
            "record_id": "n1711304536@5",
            "update_time": "2017-07-25T06:33:21Z",
            "confidence": null,
            "between": null,
            "provider": "osm",
            "resource": "planet",
            "version": "2026-08-05"
          }
        ],
        "connectorIds": [],
        "officialInventory": false,
        "name": null,
        "originalCrs": "EPSG:4326",
        "originalProperties": {
          "sources": [
            {
              "property": "",
              "dataset": "OpenStreetMap",
              "license": "ODbL-1.0",
              "record_id": "n1711304536@5",
              "update_time": "2017-07-25T06:33:21Z",
              "confidence": null,
              "between": null,
              "provider": "osm",
              "resource": "planet",
              "version": "2026-08-05"
            }
          ],
          "version": 1
        }
      }
    },
    {
      "type": "Feature",
      "id": "e39da8fc-eaf3-412d-b2dd-ae571efc2875",
      "geometry": {
        "type": "Point",
        "coordinates": [
          120.2052843,
          23.0280543
        ]
      },
      "properties": {
        "source": "overture",
        "sourceKey": "overture-connectors",
        "sourceVersion": "latest",
        "sourceFeatureId": "e39da8fc-eaf3-412d-b2dd-ae571efc2875",
        "facilityType": "unknown",
        "pedestrianAllowed": null,
        "bicycleAllowed": null,
        "direction": "unknown",
        "provenance": [
          {
            "property": "",
            "dataset": "OpenStreetMap",
            "license": "ODbL-1.0",
            "record_id": "n4991815907@1",
            "update_time": "2017-07-25T07:25:43Z",
            "confidence": null,
            "between": null,
            "provider": "osm",
            "resource": "planet",
            "version": "2026-08-05"
          }
        ],
        "connectorIds": [],
        "officialInventory": false,
        "name": null,
        "originalCrs": "EPSG:4326",
        "originalProperties": {
          "sources": [
            {
              "property": "",
              "dataset": "OpenStreetMap",
              "license": "ODbL-1.0",
              "record_id": "n4991815907@1",
              "update_time": "2017-07-25T07:25:43Z",
              "confidence": null,
              "between": null,
              "provider": "osm",
              "resource": "planet",
              "version": "2026-08-05"
            }
          ],
          "version": 1
        }
      }
    },
    {
      "type": "Feature",
      "id": "aa94862c-d8d5-4d43-962b-d9f11502189c",
      "geometry": {
        "type": "Point",
        "coordinates": [
          120.2055191,
          23.0284406
        ]
      },
      "properties": {
        "source": "overture",
        "sourceKey": "overture-connectors",
        "sourceVersion": "latest",
        "sourceFeatureId": "aa94862c-d8d5-4d43-962b-d9f11502189c",
        "facilityType": "unknown",
        "pedestrianAllowed": null,
        "bicycleAllowed": null,
        "direction": "unknown",
        "provenance": [
          {
            "property": "",
            "dataset": "OpenStreetMap",
            "license": "ODbL-1.0",
            "record_id": "n4994319305@4",
            "update_time": "2026-02-20T11:12:42Z",
            "confidence": null,
            "between": null,
            "provider": "osm",
            "resource": "planet",
            "version": "2026-08-05"
          }
        ],
        "connectorIds": [],
        "officialInventory": false,
        "name": null,
        "originalCrs": "EPSG:4326",
        "originalProperties": {
          "sources": [
            {
              "property": "",
              "dataset": "OpenStreetMap",
              "license": "ODbL-1.0",
              "record_id": "n4994319305@4",
              "update_time": "2026-02-20T11:12:42Z",
              "confidence": null,
              "between": null,
              "provider": "osm",
              "resource": "planet",
              "version": "2026-08-05"
            }
          ],
          "version": 1
        }
      }
    },
    {
      "type": "Feature",
      "id": "8356876e-a198-4d06-9b8c-6f20063c3811",
      "geometry": {
        "type": "Point",
        "coordinates": [
          120.2066341,
          23.0283611
        ]
      },
      "properties": {
        "source": "overture",
        "sourceKey": "overture-connectors",
        "sourceVersion": "latest",
        "sourceFeatureId": "8356876e-a198-4d06-9b8c-6f20063c3811",
        "facilityType": "unknown",
        "pedestrianAllowed": null,
        "bicycleAllowed": null,
        "direction": "unknown",
        "provenance": [
          {
            "property": "",
            "dataset": "OpenStreetMap",
            "license": "ODbL-1.0",
            "record_id": "n4994319304@2",
            "update_time": "2022-11-15T09:29:38Z",
            "confidence": null,
            "between": null,
            "provider": "osm",
            "resource": "planet",
            "version": "2026-08-05"
          }
        ],
        "connectorIds": [],
        "officialInventory": false,
        "name": null,
        "originalCrs": "EPSG:4326",
        "originalProperties": {
          "sources": [
            {
              "property": "",
              "dataset": "OpenStreetMap",
              "license": "ODbL-1.0",
              "record_id": "n4994319304@2",
              "update_time": "2022-11-15T09:29:38Z",
              "confidence": null,
              "between": null,
              "provider": "osm",
              "resource": "planet",
              "version": "2026-08-05"
            }
          ],
          "version": 1
        }
      }
    },
    {
      "type": "Feature",
      "id": "f1fc9718-a72e-4c48-a14d-9bd1bd9cb66e",
      "geometry": {
        "type": "Point",
        "coordinates": [
          120.2056643,
          23.0272358
        ]
      },
      "properties": {
        "source": "overture",
        "sourceKey": "overture-connectors",
        "sourceVersion": "latest",
        "sourceFeatureId": "f1fc9718-a72e-4c48-a14d-9bd1bd9cb66e",
        "facilityType": "unknown",
        "pedestrianAllowed": null,
        "bicycleAllowed": null,
        "direction": "unknown",
        "provenance": [
          {
            "property": "",
            "dataset": "OpenStreetMap",
            "license": "ODbL-1.0",
            "record_id": "n2753133415@4",
            "update_time": "2026-02-24T03:16:42Z",
            "confidence": null,
            "between": null,
            "provider": "osm",
            "resource": "planet",
            "version": "2026-08-05"
          }
        ],
        "connectorIds": [],
        "officialInventory": false,
        "name": null,
        "originalCrs": "EPSG:4326",
        "originalProperties": {
          "sources": [
            {
              "property": "",
              "dataset": "OpenStreetMap",
              "license": "ODbL-1.0",
              "record_id": "n2753133415@4",
              "update_time": "2026-02-24T03:16:42Z",
              "confidence": null,
              "between": null,
              "provider": "osm",
              "resource": "planet",
              "version": "2026-08-05"
            }
          ],
          "version": 2
        }
      }
    },
    {
      "type": "Feature",
      "id": "945d96ce-6216-4474-8a18-75dab3a77049",
      "geometry": {
        "type": "Point",
        "coordinates": [
          120.205388,
          23.0272095
        ]
      },
      "properties": {
        "source": "overture",
        "sourceKey": "overture-connectors",
        "sourceVersion": "latest",
        "sourceFeatureId": "945d96ce-6216-4474-8a18-75dab3a77049",
        "facilityType": "unknown",
        "pedestrianAllowed": null,
        "bicycleAllowed": null,
        "direction": "unknown",
        "provenance": [
          {
            "property": "",
            "dataset": "OpenStreetMap",
            "license": "ODbL-1.0",
            "record_id": "n4991815906@3",
            "update_time": "2026-02-24T03:16:42Z",
            "confidence": null,
            "between": null,
            "provider": "osm",
            "resource": "planet",
            "version": "2026-08-05"
          }
        ],
        "connectorIds": [],
        "officialInventory": false,
        "name": null,
        "originalCrs": "EPSG:4326",
        "originalProperties": {
          "sources": [
            {
              "property": "",
              "dataset": "OpenStreetMap",
              "license": "ODbL-1.0",
              "record_id": "n4991815906@3",
              "update_time": "2026-02-24T03:16:42Z",
              "confidence": null,
              "between": null,
              "provider": "osm",
              "resource": "planet",
              "version": "2026-08-05"
            }
          ],
          "version": 3
        }
      }
    },
    {
      "type": "Feature",
      "id": "8fdafb99-e260-440d-9376-2d2ea3cd4ee9",
      "geometry": {
        "type": "Point",
        "coordinates": [
          120.2050966,
          23.0271791
        ]
      },
      "properties": {
        "source": "overture",
        "sourceKey": "overture-connectors",
        "sourceVersion": "latest",
        "sourceFeatureId": "8fdafb99-e260-440d-9376-2d2ea3cd4ee9",
        "facilityType": "unknown",
        "pedestrianAllowed": null,
        "bicycleAllowed": null,
        "direction": "unknown",
        "provenance": [
          {
            "property": "",
            "dataset": "OpenStreetMap",
            "license": "ODbL-1.0",
            "record_id": "n1711304448@11",
            "update_time": "2026-07-11T01:32:44Z",
            "confidence": null,
            "between": null,
            "provider": "osm",
            "resource": "planet",
            "version": "2026-08-05"
          }
        ],
        "connectorIds": [],
        "officialInventory": false,
        "name": null,
        "originalCrs": "EPSG:4326",
        "originalProperties": {
          "sources": [
            {
              "property": "",
              "dataset": "OpenStreetMap",
              "license": "ODbL-1.0",
              "record_id": "n1711304448@11",
              "update_time": "2026-07-11T01:32:44Z",
              "confidence": null,
              "between": null,
              "provider": "osm",
              "resource": "planet",
              "version": "2026-08-05"
            }
          ],
          "version": 5
        }
      }
    },
    {
      "type": "Feature",
      "id": "d64f6b61-a207-4553-89ac-617784e93f9d",
      "geometry": {
        "type": "Point",
        "coordinates": [
          120.2051556,
          23.0267197
        ]
      },
      "properties": {
        "source": "overture",
        "sourceKey": "overture-connectors",
        "sourceVersion": "latest",
        "sourceFeatureId": "d64f6b61-a207-4553-89ac-617784e93f9d",
        "facilityType": "unknown",
        "pedestrianAllowed": null,
        "bicycleAllowed": null,
        "direction": "unknown",
        "provenance": [
          {
            "property": "",
            "dataset": "OpenStreetMap",
            "license": "ODbL-1.0",
            "record_id": "n4445986669@8",
            "update_time": "2026-07-11T01:32:44Z",
            "confidence": null,
            "between": null,
            "provider": "osm",
            "resource": "planet",
            "version": "2026-08-05"
          }
        ],
        "connectorIds": [],
        "officialInventory": false,
        "name": null,
        "originalCrs": "EPSG:4326",
        "originalProperties": {
          "sources": [
            {
              "property": "",
              "dataset": "OpenStreetMap",
              "license": "ODbL-1.0",
              "record_id": "n4445986669@8",
              "update_time": "2026-07-11T01:32:44Z",
              "confidence": null,
              "between": null,
              "provider": "osm",
              "resource": "planet",
              "version": "2026-08-05"
            }
          ],
          "version": 4
        }
      }
    },
    {
      "type": "Feature",
      "id": "4ff3134a-594f-4759-8bd6-c460ce763d47",
      "geometry": {
        "type": "Point",
        "coordinates": [
          120.2059824,
          23.0268258
        ]
      },
      "properties": {
        "source": "overture",
        "sourceKey": "overture-connectors",
        "sourceVersion": "latest",
        "sourceFeatureId": "4ff3134a-594f-4759-8bd6-c460ce763d47",
        "facilityType": "unknown",
        "pedestrianAllowed": null,
        "bicycleAllowed": null,
        "direction": "unknown",
        "provenance": [
          {
            "property": "",
            "dataset": "OpenStreetMap",
            "license": "ODbL-1.0",
            "record_id": "n1711304380@6",
            "update_time": "2024-08-11T01:47:26Z",
            "confidence": null,
            "between": null,
            "provider": "osm",
            "resource": "planet",
            "version": "2026-08-05"
          }
        ],
        "connectorIds": [],
        "officialInventory": false,
        "name": null,
        "originalCrs": "EPSG:4326",
        "originalProperties": {
          "sources": [
            {
              "property": "",
              "dataset": "OpenStreetMap",
              "license": "ODbL-1.0",
              "record_id": "n1711304380@6",
              "update_time": "2024-08-11T01:47:26Z",
              "confidence": null,
              "between": null,
              "provider": "osm",
              "resource": "planet",
              "version": "2026-08-05"
            }
          ],
          "version": 1
        }
      }
    },
    {
      "type": "Feature",
      "id": "d8063e5e-f9dc-4f69-aaf9-2f9fb773dcf6",
      "geometry": {
        "type": "Point",
        "coordinates": [
          120.2059543,
          23.0270167
        ]
      },
      "properties": {
        "source": "overture",
        "sourceKey": "overture-connectors",
        "sourceVersion": "latest",
        "sourceFeatureId": "d8063e5e-f9dc-4f69-aaf9-2f9fb773dcf6",
        "facilityType": "unknown",
        "pedestrianAllowed": null,
        "bicycleAllowed": null,
        "direction": "unknown",
        "provenance": [
          {
            "property": "",
            "dataset": "OpenStreetMap",
            "license": "ODbL-1.0",
            "record_id": "n1711304441@5",
            "update_time": "2017-07-25T07:19:10Z",
            "confidence": null,
            "between": null,
            "provider": "osm",
            "resource": "planet",
            "version": "2026-08-05"
          }
        ],
        "connectorIds": [],
        "officialInventory": false,
        "name": null,
        "originalCrs": "EPSG:4326",
        "originalProperties": {
          "sources": [
            {
              "property": "",
              "dataset": "OpenStreetMap",
              "license": "ODbL-1.0",
              "record_id": "n1711304441@5",
              "update_time": "2017-07-25T07:19:10Z",
              "confidence": null,
              "between": null,
              "provider": "osm",
              "resource": "planet",
              "version": "2026-08-05"
            }
          ],
          "version": 1
        }
      }
    },
    {
      "type": "Feature",
      "id": "b14ef1ad-c3b3-4bdd-9108-ba711649cee7",
      "geometry": {
        "type": "Point",
        "coordinates": [
          120.2065708,
          23.026896
        ]
      },
      "properties": {
        "source": "overture",
        "sourceKey": "overture-connectors",
        "sourceVersion": "latest",
        "sourceFeatureId": "b14ef1ad-c3b3-4bdd-9108-ba711649cee7",
        "facilityType": "unknown",
        "pedestrianAllowed": null,
        "bicycleAllowed": null,
        "direction": "unknown",
        "provenance": [
          {
            "property": "",
            "dataset": "OpenStreetMap",
            "license": "ODbL-1.0",
            "record_id": "n1711304401@4",
            "update_time": "2024-08-11T01:47:26Z",
            "confidence": null,
            "between": null,
            "provider": "osm",
            "resource": "planet",
            "version": "2026-08-05"
          }
        ],
        "connectorIds": [],
        "officialInventory": false,
        "name": null,
        "originalCrs": "EPSG:4326",
        "originalProperties": {
          "sources": [
            {
              "property": "",
              "dataset": "OpenStreetMap",
              "license": "ODbL-1.0",
              "record_id": "n1711304401@4",
              "update_time": "2024-08-11T01:47:26Z",
              "confidence": null,
              "between": null,
              "provider": "osm",
              "resource": "planet",
              "version": "2026-08-05"
            }
          ],
          "version": 1
        }
      }
    },
    {
      "type": "Feature",
      "id": "b45ea2c4-5f64-4e67-a139-a83c2f9b6b78",
      "geometry": {
        "type": "Point",
        "coordinates": [
          120.206996,
          23.0268053
        ]
      },
      "properties": {
        "source": "overture",
        "sourceKey": "overture-connectors",
        "sourceVersion": "latest",
        "sourceFeatureId": "b45ea2c4-5f64-4e67-a139-a83c2f9b6b78",
        "facilityType": "unknown",
        "pedestrianAllowed": null,
        "bicycleAllowed": null,
        "direction": "unknown",
        "provenance": [
          {
            "property": "",
            "dataset": "OpenStreetMap",
            "license": "ODbL-1.0",
            "record_id": "n4991805193@1",
            "update_time": "2017-07-25T07:19:08Z",
            "confidence": null,
            "between": null,
            "provider": "osm",
            "resource": "planet",
            "version": "2026-08-05"
          }
        ],
        "connectorIds": [],
        "officialInventory": false,
        "name": null,
        "originalCrs": "EPSG:4326",
        "originalProperties": {
          "sources": [
            {
              "property": "",
              "dataset": "OpenStreetMap",
              "license": "ODbL-1.0",
              "record_id": "n4991805193@1",
              "update_time": "2017-07-25T07:19:08Z",
              "confidence": null,
              "between": null,
              "provider": "osm",
              "resource": "planet",
              "version": "2026-08-05"
            }
          ],
          "version": 1
        }
      }
    },
    {
      "type": "Feature",
      "id": "dc04c4d6-e15a-4a72-824f-f45b2981638c",
      "geometry": {
        "type": "Point",
        "coordinates": [
          120.206979,
          23.0269374
        ]
      },
      "properties": {
        "source": "overture",
        "sourceKey": "overture-connectors",
        "sourceVersion": "latest",
        "sourceFeatureId": "dc04c4d6-e15a-4a72-824f-f45b2981638c",
        "facilityType": "unknown",
        "pedestrianAllowed": null,
        "bicycleAllowed": null,
        "direction": "unknown",
        "provenance": [
          {
            "property": "",
            "dataset": "OpenStreetMap",
            "license": "ODbL-1.0",
            "record_id": "n1711304386@5",
            "update_time": "2024-08-11T01:47:26Z",
            "confidence": null,
            "between": null,
            "provider": "osm",
            "resource": "planet",
            "version": "2026-08-05"
          }
        ],
        "connectorIds": [],
        "officialInventory": false,
        "name": null,
        "originalCrs": "EPSG:4326",
        "originalProperties": {
          "sources": [
            {
              "property": "",
              "dataset": "OpenStreetMap",
              "license": "ODbL-1.0",
              "record_id": "n1711304386@5",
              "update_time": "2024-08-11T01:47:26Z",
              "confidence": null,
              "between": null,
              "provider": "osm",
              "resource": "planet",
              "version": "2026-08-05"
            }
          ],
          "version": 1
        }
      }
    },
    {
      "type": "Feature",
      "id": "f5aa39a1-d368-4009-be1c-6db5bd13a170",
      "geometry": {
        "type": "Point",
        "coordinates": [
          120.2072389,
          23.0268237
        ]
      },
      "properties": {
        "source": "overture",
        "sourceKey": "overture-connectors",
        "sourceVersion": "latest",
        "sourceFeatureId": "f5aa39a1-d368-4009-be1c-6db5bd13a170",
        "facilityType": "unknown",
        "pedestrianAllowed": null,
        "bicycleAllowed": null,
        "direction": "unknown",
        "provenance": [
          {
            "property": "",
            "dataset": "OpenStreetMap",
            "license": "ODbL-1.0",
            "record_id": "n1711304388@3",
            "update_time": "2016-09-29T14:40:23Z",
            "confidence": null,
            "between": null,
            "provider": "osm",
            "resource": "planet",
            "version": "2026-08-05"
          }
        ],
        "connectorIds": [],
        "officialInventory": false,
        "name": null,
        "originalCrs": "EPSG:4326",
        "originalProperties": {
          "sources": [
            {
              "property": "",
              "dataset": "OpenStreetMap",
              "license": "ODbL-1.0",
              "record_id": "n1711304388@3",
              "update_time": "2016-09-29T14:40:23Z",
              "confidence": null,
              "between": null,
              "provider": "osm",
              "resource": "planet",
              "version": "2026-08-05"
            }
          ],
          "version": 1
        }
      }
    },
    {
      "type": "Feature",
      "id": "19f101fb-4d59-4ab9-87ea-37ba8d643901",
      "geometry": {
        "type": "Point",
        "coordinates": [
          120.207689,
          23.0268221
        ]
      },
      "properties": {
        "source": "overture",
        "sourceKey": "overture-connectors",
        "sourceVersion": "latest",
        "sourceFeatureId": "19f101fb-4d59-4ab9-87ea-37ba8d643901",
        "facilityType": "unknown",
        "pedestrianAllowed": null,
        "bicycleAllowed": null,
        "direction": "unknown",
        "provenance": [
          {
            "property": "",
            "dataset": "OpenStreetMap",
            "license": "ODbL-1.0",
            "record_id": "n1711304390@4",
            "update_time": "2017-07-25T06:33:21Z",
            "confidence": null,
            "between": null,
            "provider": "osm",
            "resource": "planet",
            "version": "2026-08-05"
          }
        ],
        "connectorIds": [],
        "officialInventory": false,
        "name": null,
        "originalCrs": "EPSG:4326",
        "originalProperties": {
          "sources": [
            {
              "property": "",
              "dataset": "OpenStreetMap",
              "license": "ODbL-1.0",
              "record_id": "n1711304390@4",
              "update_time": "2017-07-25T06:33:21Z",
              "confidence": null,
              "between": null,
              "provider": "osm",
              "resource": "planet",
              "version": "2026-08-05"
            }
          ],
          "version": 1
        }
      }
    },
    {
      "type": "Feature",
      "id": "dca33455-366e-4063-8796-538d170cfcd5",
      "geometry": {
        "type": "Point",
        "coordinates": [
          120.2078368,
          23.0275463
        ]
      },
      "properties": {
        "source": "overture",
        "sourceKey": "overture-connectors",
        "sourceVersion": "latest",
        "sourceFeatureId": "dca33455-366e-4063-8796-538d170cfcd5",
        "facilityType": "unknown",
        "pedestrianAllowed": null,
        "bicycleAllowed": null,
        "direction": "unknown",
        "provenance": [
          {
            "property": "",
            "dataset": "OpenStreetMap",
            "license": "ODbL-1.0",
            "record_id": "n4991815909@2",
            "update_time": "2024-08-11T01:47:26Z",
            "confidence": null,
            "between": null,
            "provider": "osm",
            "resource": "planet",
            "version": "2026-08-05"
          }
        ],
        "connectorIds": [],
        "officialInventory": false,
        "name": null,
        "originalCrs": "EPSG:4326",
        "originalProperties": {
          "sources": [
            {
              "property": "",
              "dataset": "OpenStreetMap",
              "license": "ODbL-1.0",
              "record_id": "n4991815909@2",
              "update_time": "2024-08-11T01:47:26Z",
              "confidence": null,
              "between": null,
              "provider": "osm",
              "resource": "planet",
              "version": "2026-08-05"
            }
          ],
          "version": 1
        }
      }
    },
    {
      "type": "Feature",
      "id": "1cffb485-a96e-4b02-a79d-21fd8a6f360f",
      "geometry": {
        "type": "Point",
        "coordinates": [
          120.2080136,
          23.0275398
        ]
      },
      "properties": {
        "source": "overture",
        "sourceKey": "overture-connectors",
        "sourceVersion": "latest",
        "sourceFeatureId": "1cffb485-a96e-4b02-a79d-21fd8a6f360f",
        "facilityType": "unknown",
        "pedestrianAllowed": null,
        "bicycleAllowed": null,
        "direction": "unknown",
        "provenance": [
          {
            "property": "",
            "dataset": "OpenStreetMap",
            "license": "ODbL-1.0",
            "record_id": "n1711304495@4",
            "update_time": "2024-08-11T01:47:26Z",
            "confidence": null,
            "between": null,
            "provider": "osm",
            "resource": "planet",
            "version": "2026-08-05"
          }
        ],
        "connectorIds": [],
        "officialInventory": false,
        "name": null,
        "originalCrs": "EPSG:4326",
        "originalProperties": {
          "sources": [
            {
              "property": "",
              "dataset": "OpenStreetMap",
              "license": "ODbL-1.0",
              "record_id": "n1711304495@4",
              "update_time": "2024-08-11T01:47:26Z",
              "confidence": null,
              "between": null,
              "provider": "osm",
              "resource": "planet",
              "version": "2026-08-05"
            }
          ],
          "version": 1
        }
      }
    },
    {
      "type": "Feature",
      "id": "24e9a7d1-1eb8-423d-8e88-ed8a9d94ee3c",
      "geometry": {
        "type": "Point",
        "coordinates": [
          120.2075848,
          23.0275335
        ]
      },
      "properties": {
        "source": "overture",
        "sourceKey": "overture-connectors",
        "sourceVersion": "latest",
        "sourceFeatureId": "24e9a7d1-1eb8-423d-8e88-ed8a9d94ee3c",
        "facilityType": "unknown",
        "pedestrianAllowed": null,
        "bicycleAllowed": null,
        "direction": "unknown",
        "provenance": [
          {
            "property": "",
            "dataset": "OpenStreetMap",
            "license": "ODbL-1.0",
            "record_id": "n1711304496@6",
            "update_time": "2024-08-11T01:47:26Z",
            "confidence": null,
            "between": null,
            "provider": "osm",
            "resource": "planet",
            "version": "2026-08-05"
          }
        ],
        "connectorIds": [],
        "officialInventory": false,
        "name": null,
        "originalCrs": "EPSG:4326",
        "originalProperties": {
          "sources": [
            {
              "property": "",
              "dataset": "OpenStreetMap",
              "license": "ODbL-1.0",
              "record_id": "n1711304496@6",
              "update_time": "2024-08-11T01:47:26Z",
              "confidence": null,
              "between": null,
              "provider": "osm",
              "resource": "planet",
              "version": "2026-08-05"
            }
          ],
          "version": 1
        }
      }
    },
    {
      "type": "Feature",
      "id": "1370655f-d9d3-4d3f-b740-e99f247feab0",
      "geometry": {
        "type": "Point",
        "coordinates": [
          120.2067396,
          23.0276434
        ]
      },
      "properties": {
        "source": "overture",
        "sourceKey": "overture-connectors",
        "sourceVersion": "latest",
        "sourceFeatureId": "1370655f-d9d3-4d3f-b740-e99f247feab0",
        "facilityType": "unknown",
        "pedestrianAllowed": null,
        "bicycleAllowed": null,
        "direction": "unknown",
        "provenance": [
          {
            "property": "",
            "dataset": "OpenStreetMap",
            "license": "ODbL-1.0",
            "record_id": "n4991729202@1",
            "update_time": "2017-07-25T06:33:20Z",
            "confidence": null,
            "between": null,
            "provider": "osm",
            "resource": "planet",
            "version": "2026-08-05"
          }
        ],
        "connectorIds": [],
        "officialInventory": false,
        "name": null,
        "originalCrs": "EPSG:4326",
        "originalProperties": {
          "sources": [
            {
              "property": "",
              "dataset": "OpenStreetMap",
              "license": "ODbL-1.0",
              "record_id": "n4991729202@1",
              "update_time": "2017-07-25T06:33:20Z",
              "confidence": null,
              "between": null,
              "provider": "osm",
              "resource": "planet",
              "version": "2026-08-05"
            }
          ],
          "version": 1
        }
      }
    },
    {
      "type": "Feature",
      "id": "5a7506d7-feab-4588-a903-fba9b9d8124a",
      "geometry": {
        "type": "Point",
        "coordinates": [
          120.20672,
          23.0276985
        ]
      },
      "properties": {
        "source": "overture",
        "sourceKey": "overture-connectors",
        "sourceVersion": "latest",
        "sourceFeatureId": "5a7506d7-feab-4588-a903-fba9b9d8124a",
        "facilityType": "unknown",
        "pedestrianAllowed": null,
        "bicycleAllowed": null,
        "direction": "unknown",
        "provenance": [
          {
            "property": "",
            "dataset": "OpenStreetMap",
            "license": "ODbL-1.0",
            "record_id": "n4991729203@1",
            "update_time": "2017-07-25T06:33:20Z",
            "confidence": null,
            "between": null,
            "provider": "osm",
            "resource": "planet",
            "version": "2026-08-05"
          }
        ],
        "connectorIds": [],
        "officialInventory": false,
        "name": null,
        "originalCrs": "EPSG:4326",
        "originalProperties": {
          "sources": [
            {
              "property": "",
              "dataset": "OpenStreetMap",
              "license": "ODbL-1.0",
              "record_id": "n4991729203@1",
              "update_time": "2017-07-25T06:33:20Z",
              "confidence": null,
              "between": null,
              "provider": "osm",
              "resource": "planet",
              "version": "2026-08-05"
            }
          ],
          "version": 1
        }
      }
    },
    {
      "type": "Feature",
      "id": "32a40d9f-14d5-4ba0-b0ed-299f452b6282",
      "geometry": {
        "type": "Point",
        "coordinates": [
          120.2070654,
          23.0283342
        ]
      },
      "properties": {
        "source": "overture",
        "sourceKey": "overture-connectors",
        "sourceVersion": "latest",
        "sourceFeatureId": "32a40d9f-14d5-4ba0-b0ed-299f452b6282",
        "facilityType": "unknown",
        "pedestrianAllowed": null,
        "bicycleAllowed": null,
        "direction": "unknown",
        "provenance": [
          {
            "property": "",
            "dataset": "OpenStreetMap",
            "license": "ODbL-1.0",
            "record_id": "n4994319303@2",
            "update_time": "2022-11-15T09:29:38Z",
            "confidence": null,
            "between": null,
            "provider": "osm",
            "resource": "planet",
            "version": "2026-08-05"
          }
        ],
        "connectorIds": [],
        "officialInventory": false,
        "name": null,
        "originalCrs": "EPSG:4326",
        "originalProperties": {
          "sources": [
            {
              "property": "",
              "dataset": "OpenStreetMap",
              "license": "ODbL-1.0",
              "record_id": "n4994319303@2",
              "update_time": "2022-11-15T09:29:38Z",
              "confidence": null,
              "between": null,
              "provider": "osm",
              "resource": "planet",
              "version": "2026-08-05"
            }
          ],
          "version": 1
        }
      }
    },
    {
      "type": "Feature",
      "id": "179bcf90-e2c1-4465-b9ee-ea02bb95b554",
      "geometry": {
        "type": "Point",
        "coordinates": [
          120.207525,
          23.0282987
        ]
      },
      "properties": {
        "source": "overture",
        "sourceKey": "overture-connectors",
        "sourceVersion": "latest",
        "sourceFeatureId": "179bcf90-e2c1-4465-b9ee-ea02bb95b554",
        "facilityType": "unknown",
        "pedestrianAllowed": null,
        "bicycleAllowed": null,
        "direction": "unknown",
        "provenance": [
          {
            "property": "",
            "dataset": "OpenStreetMap",
            "license": "ODbL-1.0",
            "record_id": "n4994319302@4",
            "update_time": "2026-02-20T11:12:42Z",
            "confidence": null,
            "between": null,
            "provider": "osm",
            "resource": "planet",
            "version": "2026-08-05"
          }
        ],
        "connectorIds": [],
        "officialInventory": false,
        "name": null,
        "originalCrs": "EPSG:4326",
        "originalProperties": {
          "sources": [
            {
              "property": "",
              "dataset": "OpenStreetMap",
              "license": "ODbL-1.0",
              "record_id": "n4994319302@4",
              "update_time": "2026-02-20T11:12:42Z",
              "confidence": null,
              "between": null,
              "provider": "osm",
              "resource": "planet",
              "version": "2026-08-05"
            }
          ],
          "version": 1
        }
      }
    },
    {
      "type": "Feature",
      "id": "c8fbe4c7-8ef6-48e7-b8ff-96fabad06a10",
      "geometry": {
        "type": "Point",
        "coordinates": [
          120.2081629,
          23.0279961
        ]
      },
      "properties": {
        "source": "overture",
        "sourceKey": "overture-connectors",
        "sourceVersion": "latest",
        "sourceFeatureId": "c8fbe4c7-8ef6-48e7-b8ff-96fabad06a10",
        "facilityType": "unknown",
        "pedestrianAllowed": null,
        "bicycleAllowed": null,
        "direction": "unknown",
        "provenance": [
          {
            "property": "",
            "dataset": "OpenStreetMap",
            "license": "ODbL-1.0",
            "record_id": "n4991815910@1",
            "update_time": "2017-07-25T07:25:44Z",
            "confidence": null,
            "between": null,
            "provider": "osm",
            "resource": "planet",
            "version": "2026-08-05"
          }
        ],
        "connectorIds": [],
        "officialInventory": false,
        "name": null,
        "originalCrs": "EPSG:4326",
        "originalProperties": {
          "sources": [
            {
              "property": "",
              "dataset": "OpenStreetMap",
              "license": "ODbL-1.0",
              "record_id": "n4991815910@1",
              "update_time": "2017-07-25T07:25:44Z",
              "confidence": null,
              "between": null,
              "provider": "osm",
              "resource": "planet",
              "version": "2026-08-05"
            }
          ],
          "version": 1
        }
      }
    },
    {
      "type": "Feature",
      "id": "558c678e-f05d-4ac8-b8ab-d4dd18a05eb5",
      "geometry": {
        "type": "Point",
        "coordinates": [
          120.2080063,
          23.0280022
        ]
      },
      "properties": {
        "source": "overture",
        "sourceKey": "overture-connectors",
        "sourceVersion": "latest",
        "sourceFeatureId": "558c678e-f05d-4ac8-b8ab-d4dd18a05eb5",
        "facilityType": "unknown",
        "pedestrianAllowed": null,
        "bicycleAllowed": null,
        "direction": "unknown",
        "provenance": [
          {
            "property": "",
            "dataset": "OpenStreetMap",
            "license": "ODbL-1.0",
            "record_id": "n1711304542@3",
            "update_time": "2024-08-11T01:47:26Z",
            "confidence": null,
            "between": null,
            "provider": "osm",
            "resource": "planet",
            "version": "2026-08-05"
          }
        ],
        "connectorIds": [],
        "officialInventory": false,
        "name": null,
        "originalCrs": "EPSG:4326",
        "originalProperties": {
          "sources": [
            {
              "property": "",
              "dataset": "OpenStreetMap",
              "license": "ODbL-1.0",
              "record_id": "n1711304542@3",
              "update_time": "2024-08-11T01:47:26Z",
              "confidence": null,
              "between": null,
              "provider": "osm",
              "resource": "planet",
              "version": "2026-08-05"
            }
          ],
          "version": 1
        }
      }
    },
    {
      "type": "Feature",
      "id": "c62ebeb5-aa87-4a26-95e5-28c50d6b0c53",
      "geometry": {
        "type": "Point",
        "coordinates": [
          120.2078113,
          23.0280107
        ]
      },
      "properties": {
        "source": "overture",
        "sourceKey": "overture-connectors",
        "sourceVersion": "latest",
        "sourceFeatureId": "c62ebeb5-aa87-4a26-95e5-28c50d6b0c53",
        "facilityType": "unknown",
        "pedestrianAllowed": null,
        "bicycleAllowed": null,
        "direction": "unknown",
        "provenance": [
          {
            "property": "",
            "dataset": "OpenStreetMap",
            "license": "ODbL-1.0",
            "record_id": "n4991815908@1",
            "update_time": "2017-07-25T07:25:43Z",
            "confidence": null,
            "between": null,
            "provider": "osm",
            "resource": "planet",
            "version": "2026-08-05"
          }
        ],
        "connectorIds": [],
        "officialInventory": false,
        "name": null,
        "originalCrs": "EPSG:4326",
        "originalProperties": {
          "sources": [
            {
              "property": "",
              "dataset": "OpenStreetMap",
              "license": "ODbL-1.0",
              "record_id": "n4991815908@1",
              "update_time": "2017-07-25T07:25:43Z",
              "confidence": null,
              "between": null,
              "provider": "osm",
              "resource": "planet",
              "version": "2026-08-05"
            }
          ],
          "version": 1
        }
      }
    },
    {
      "type": "Feature",
      "id": "9d896583-05f6-47ec-979b-5f89c7a8da7e",
      "geometry": {
        "type": "Point",
        "coordinates": [
          120.2088029,
          23.0279345
        ]
      },
      "properties": {
        "source": "overture",
        "sourceKey": "overture-connectors",
        "sourceVersion": "latest",
        "sourceFeatureId": "9d896583-05f6-47ec-979b-5f89c7a8da7e",
        "facilityType": "unknown",
        "pedestrianAllowed": null,
        "bicycleAllowed": null,
        "direction": "unknown",
        "provenance": [
          {
            "property": "",
            "dataset": "OpenStreetMap",
            "license": "ODbL-1.0",
            "record_id": "n1711304538@4",
            "update_time": "2017-07-25T07:25:44Z",
            "confidence": null,
            "between": null,
            "provider": "osm",
            "resource": "planet",
            "version": "2026-08-05"
          }
        ],
        "connectorIds": [],
        "officialInventory": false,
        "name": null,
        "originalCrs": "EPSG:4326",
        "originalProperties": {
          "sources": [
            {
              "property": "",
              "dataset": "OpenStreetMap",
              "license": "ODbL-1.0",
              "record_id": "n1711304538@4",
              "update_time": "2017-07-25T07:25:44Z",
              "confidence": null,
              "between": null,
              "provider": "osm",
              "resource": "planet",
              "version": "2026-08-05"
            }
          ],
          "version": 1
        }
      }
    },
    {
      "type": "Feature",
      "id": "d2cb1e72-7927-4203-a0c6-89119727c68a",
      "geometry": {
        "type": "Point",
        "coordinates": [
          120.2083801,
          23.0282382
        ]
      },
      "properties": {
        "source": "overture",
        "sourceKey": "overture-connectors",
        "sourceVersion": "latest",
        "sourceFeatureId": "d2cb1e72-7927-4203-a0c6-89119727c68a",
        "facilityType": "unknown",
        "pedestrianAllowed": null,
        "bicycleAllowed": null,
        "direction": "unknown",
        "provenance": [
          {
            "property": "",
            "dataset": "OpenStreetMap",
            "license": "ODbL-1.0",
            "record_id": "n4994319301@2",
            "update_time": "2022-11-15T09:29:38Z",
            "confidence": null,
            "between": null,
            "provider": "osm",
            "resource": "planet",
            "version": "2026-08-05"
          }
        ],
        "connectorIds": [],
        "officialInventory": false,
        "name": null,
        "originalCrs": "EPSG:4326",
        "originalProperties": {
          "sources": [
            {
              "property": "",
              "dataset": "OpenStreetMap",
              "license": "ODbL-1.0",
              "record_id": "n4994319301@2",
              "update_time": "2022-11-15T09:29:38Z",
              "confidence": null,
              "between": null,
              "provider": "osm",
              "resource": "planet",
              "version": "2026-08-05"
            }
          ],
          "version": 1
        }
      }
    },
    {
      "type": "Feature",
      "id": "64190823-4371-4452-abed-e138248d1a98",
      "geometry": {
        "type": "Point",
        "coordinates": [
          120.209175,
          23.0278909
        ]
      },
      "properties": {
        "source": "overture",
        "sourceKey": "overture-connectors",
        "sourceVersion": "latest",
        "sourceFeatureId": "64190823-4371-4452-abed-e138248d1a98",
        "facilityType": "unknown",
        "pedestrianAllowed": null,
        "bicycleAllowed": null,
        "direction": "unknown",
        "provenance": [
          {
            "property": "",
            "dataset": "OpenStreetMap",
            "license": "ODbL-1.0",
            "record_id": "n4991729212@1",
            "update_time": "2017-07-25T06:33:20Z",
            "confidence": null,
            "between": null,
            "provider": "osm",
            "resource": "planet",
            "version": "2026-08-05"
          }
        ],
        "connectorIds": [],
        "officialInventory": false,
        "name": null,
        "originalCrs": "EPSG:4326",
        "originalProperties": {
          "sources": [
            {
              "property": "",
              "dataset": "OpenStreetMap",
              "license": "ODbL-1.0",
              "record_id": "n4991729212@1",
              "update_time": "2017-07-25T06:33:20Z",
              "confidence": null,
              "between": null,
              "provider": "osm",
              "resource": "planet",
              "version": "2026-08-05"
            }
          ],
          "version": 1
        }
      }
    },
    {
      "type": "Feature",
      "id": "dac74769-9fa3-4b99-951d-b9d0e2d83d4b",
      "geometry": {
        "type": "Point",
        "coordinates": [
          120.2088309,
          23.0275269
        ]
      },
      "properties": {
        "source": "overture",
        "sourceKey": "overture-connectors",
        "sourceVersion": "latest",
        "sourceFeatureId": "dac74769-9fa3-4b99-951d-b9d0e2d83d4b",
        "facilityType": "unknown",
        "pedestrianAllowed": null,
        "bicycleAllowed": null,
        "direction": "unknown",
        "provenance": [
          {
            "property": "",
            "dataset": "OpenStreetMap",
            "license": "ODbL-1.0",
            "record_id": "n1711304493@5",
            "update_time": "2024-08-11T01:47:26Z",
            "confidence": null,
            "between": null,
            "provider": "osm",
            "resource": "planet",
            "version": "2026-08-05"
          }
        ],
        "connectorIds": [],
        "officialInventory": false,
        "name": null,
        "originalCrs": "EPSG:4326",
        "originalProperties": {
          "sources": [
            {
              "property": "",
              "dataset": "OpenStreetMap",
              "license": "ODbL-1.0",
              "record_id": "n1711304493@5",
              "update_time": "2024-08-11T01:47:26Z",
              "confidence": null,
              "between": null,
              "provider": "osm",
              "resource": "planet",
              "version": "2026-08-05"
            }
          ],
          "version": 1
        }
      }
    },
    {
      "type": "Feature",
      "id": "082c529d-636e-440e-b5d2-172615754b92",
      "geometry": {
        "type": "Point",
        "coordinates": [
          120.2086452,
          23.0275161
        ]
      },
      "properties": {
        "source": "overture",
        "sourceKey": "overture-connectors",
        "sourceVersion": "latest",
        "sourceFeatureId": "082c529d-636e-440e-b5d2-172615754b92",
        "facilityType": "unknown",
        "pedestrianAllowed": null,
        "bicycleAllowed": null,
        "direction": "unknown",
        "provenance": [
          {
            "property": "",
            "dataset": "OpenStreetMap",
            "license": "ODbL-1.0",
            "record_id": "n4991729214@2",
            "update_time": "2024-08-11T01:47:26Z",
            "confidence": null,
            "between": null,
            "provider": "osm",
            "resource": "planet",
            "version": "2026-08-05"
          }
        ],
        "connectorIds": [],
        "officialInventory": false,
        "name": null,
        "originalCrs": "EPSG:4326",
        "originalProperties": {
          "sources": [
            {
              "property": "",
              "dataset": "OpenStreetMap",
              "license": "ODbL-1.0",
              "record_id": "n4991729214@2",
              "update_time": "2024-08-11T01:47:26Z",
              "confidence": null,
              "between": null,
              "provider": "osm",
              "resource": "planet",
              "version": "2026-08-05"
            }
          ],
          "version": 1
        }
      }
    },
    {
      "type": "Feature",
      "id": "d09aac9d-ce79-4713-ac10-eac8bfcd0c72",
      "geometry": {
        "type": "Point",
        "coordinates": [
          120.2081877,
          23.0275279
        ]
      },
      "properties": {
        "source": "overture",
        "sourceKey": "overture-connectors",
        "sourceVersion": "latest",
        "sourceFeatureId": "d09aac9d-ce79-4713-ac10-eac8bfcd0c72",
        "facilityType": "unknown",
        "pedestrianAllowed": null,
        "bicycleAllowed": null,
        "direction": "unknown",
        "provenance": [
          {
            "property": "",
            "dataset": "OpenStreetMap",
            "license": "ODbL-1.0",
            "record_id": "n4991815911@2",
            "update_time": "2024-08-11T01:47:26Z",
            "confidence": null,
            "between": null,
            "provider": "osm",
            "resource": "planet",
            "version": "2026-08-05"
          }
        ],
        "connectorIds": [],
        "officialInventory": false,
        "name": null,
        "originalCrs": "EPSG:4326",
        "originalProperties": {
          "sources": [
            {
              "property": "",
              "dataset": "OpenStreetMap",
              "license": "ODbL-1.0",
              "record_id": "n4991815911@2",
              "update_time": "2024-08-11T01:47:26Z",
              "confidence": null,
              "between": null,
              "provider": "osm",
              "resource": "planet",
              "version": "2026-08-05"
            }
          ],
          "version": 1
        }
      }
    },
    {
      "type": "Feature",
      "id": "b933e9f4-49d5-4db2-8185-ecb6f595d4fa",
      "geometry": {
        "type": "Point",
        "coordinates": [
          120.2084263,
          23.0275328
        ]
      },
      "properties": {
        "source": "overture",
        "sourceKey": "overture-connectors",
        "sourceVersion": "latest",
        "sourceFeatureId": "b933e9f4-49d5-4db2-8185-ecb6f595d4fa",
        "facilityType": "unknown",
        "pedestrianAllowed": null,
        "bicycleAllowed": null,
        "direction": "unknown",
        "provenance": [
          {
            "property": "",
            "dataset": "OpenStreetMap",
            "license": "ODbL-1.0",
            "record_id": "n1711304494@5",
            "update_time": "2024-08-11T01:47:26Z",
            "confidence": null,
            "between": null,
            "provider": "osm",
            "resource": "planet",
            "version": "2026-08-05"
          }
        ],
        "connectorIds": [],
        "officialInventory": false,
        "name": null,
        "originalCrs": "EPSG:4326",
        "originalProperties": {
          "sources": [
            {
              "property": "",
              "dataset": "OpenStreetMap",
              "license": "ODbL-1.0",
              "record_id": "n1711304494@5",
              "update_time": "2024-08-11T01:47:26Z",
              "confidence": null,
              "between": null,
              "provider": "osm",
              "resource": "planet",
              "version": "2026-08-05"
            }
          ],
          "version": 1
        }
      }
    },
    {
      "type": "Feature",
      "id": "f9478478-8719-4484-8f87-7bce05e59fb5",
      "geometry": {
        "type": "Point",
        "coordinates": [
          120.2084546,
          23.0268398
        ]
      },
      "properties": {
        "source": "overture",
        "sourceKey": "overture-connectors",
        "sourceVersion": "latest",
        "sourceFeatureId": "f9478478-8719-4484-8f87-7bce05e59fb5",
        "facilityType": "unknown",
        "pedestrianAllowed": null,
        "bicycleAllowed": null,
        "direction": "unknown",
        "provenance": [
          {
            "property": "",
            "dataset": "OpenStreetMap",
            "license": "ODbL-1.0",
            "record_id": "n1711304394@4",
            "update_time": "2017-07-25T06:33:21Z",
            "confidence": null,
            "between": null,
            "provider": "osm",
            "resource": "planet",
            "version": "2026-08-05"
          }
        ],
        "connectorIds": [],
        "officialInventory": false,
        "name": null,
        "originalCrs": "EPSG:4326",
        "originalProperties": {
          "sources": [
            {
              "property": "",
              "dataset": "OpenStreetMap",
              "license": "ODbL-1.0",
              "record_id": "n1711304394@4",
              "update_time": "2017-07-25T06:33:21Z",
              "confidence": null,
              "between": null,
              "provider": "osm",
              "resource": "planet",
              "version": "2026-08-05"
            }
          ],
          "version": 1
        }
      }
    },
    {
      "type": "Feature",
      "id": "c158012a-5458-4283-9b8d-b16a7e3b1be4",
      "geometry": {
        "type": "Point",
        "coordinates": [
          120.2086623,
          23.0268473
        ]
      },
      "properties": {
        "source": "overture",
        "sourceKey": "overture-connectors",
        "sourceVersion": "latest",
        "sourceFeatureId": "c158012a-5458-4283-9b8d-b16a7e3b1be4",
        "facilityType": "unknown",
        "pedestrianAllowed": null,
        "bicycleAllowed": null,
        "direction": "unknown",
        "provenance": [
          {
            "property": "",
            "dataset": "OpenStreetMap",
            "license": "ODbL-1.0",
            "record_id": "n4991729215@1",
            "update_time": "2017-07-25T06:33:20Z",
            "confidence": null,
            "between": null,
            "provider": "osm",
            "resource": "planet",
            "version": "2026-08-05"
          }
        ],
        "connectorIds": [],
        "officialInventory": false,
        "name": null,
        "originalCrs": "EPSG:4326",
        "originalProperties": {
          "sources": [
            {
              "property": "",
              "dataset": "OpenStreetMap",
              "license": "ODbL-1.0",
              "record_id": "n4991729215@1",
              "update_time": "2017-07-25T06:33:20Z",
              "confidence": null,
              "between": null,
              "provider": "osm",
              "resource": "planet",
              "version": "2026-08-05"
            }
          ],
          "version": 1
        }
      }
    },
    {
      "type": "Feature",
      "id": "4b1085ec-b075-4d12-bb52-f2de6aa5ed0e",
      "geometry": {
        "type": "Point",
        "coordinates": [
          120.2088521,
          23.0268553
        ]
      },
      "properties": {
        "source": "overture",
        "sourceKey": "overture-connectors",
        "sourceVersion": "latest",
        "sourceFeatureId": "4b1085ec-b075-4d12-bb52-f2de6aa5ed0e",
        "facilityType": "unknown",
        "pedestrianAllowed": null,
        "bicycleAllowed": null,
        "direction": "unknown",
        "provenance": [
          {
            "property": "",
            "dataset": "OpenStreetMap",
            "license": "ODbL-1.0",
            "record_id": "n1711304398@5",
            "update_time": "2017-07-25T07:25:44Z",
            "confidence": null,
            "between": null,
            "provider": "osm",
            "resource": "planet",
            "version": "2026-08-05"
          }
        ],
        "connectorIds": [],
        "officialInventory": false,
        "name": null,
        "originalCrs": "EPSG:4326",
        "originalProperties": {
          "sources": [
            {
              "property": "",
              "dataset": "OpenStreetMap",
              "license": "ODbL-1.0",
              "record_id": "n1711304398@5",
              "update_time": "2017-07-25T07:25:44Z",
              "confidence": null,
              "between": null,
              "provider": "osm",
              "resource": "planet",
              "version": "2026-08-05"
            }
          ],
          "version": 1
        }
      }
    },
    {
      "type": "Feature",
      "id": "2b0cbb08-ecf5-4709-a426-ee54e69d4dd2",
      "geometry": {
        "type": "Point",
        "coordinates": [
          120.2092673,
          23.0268749
        ]
      },
      "properties": {
        "source": "overture",
        "sourceKey": "overture-connectors",
        "sourceVersion": "latest",
        "sourceFeatureId": "2b0cbb08-ecf5-4709-a426-ee54e69d4dd2",
        "facilityType": "unknown",
        "pedestrianAllowed": null,
        "bicycleAllowed": null,
        "direction": "unknown",
        "provenance": [
          {
            "property": "",
            "dataset": "OpenStreetMap",
            "license": "ODbL-1.0",
            "record_id": "n4991729211@1",
            "update_time": "2017-07-25T06:33:20Z",
            "confidence": null,
            "between": null,
            "provider": "osm",
            "resource": "planet",
            "version": "2026-08-05"
          }
        ],
        "connectorIds": [],
        "officialInventory": false,
        "name": null,
        "originalCrs": "EPSG:4326",
        "originalProperties": {
          "sources": [
            {
              "property": "",
              "dataset": "OpenStreetMap",
              "license": "ODbL-1.0",
              "record_id": "n4991729211@1",
              "update_time": "2017-07-25T06:33:20Z",
              "confidence": null,
              "between": null,
              "provider": "osm",
              "resource": "planet",
              "version": "2026-08-05"
            }
          ],
          "version": 1
        }
      }
    },
    {
      "type": "Feature",
      "id": "3767171c-b7a1-462e-9777-5f5b7f63fbd9",
      "geometry": {
        "type": "Point",
        "coordinates": [
          120.209061,
          23.0268645
        ]
      },
      "properties": {
        "source": "overture",
        "sourceKey": "overture-connectors",
        "sourceVersion": "latest",
        "sourceFeatureId": "3767171c-b7a1-462e-9777-5f5b7f63fbd9",
        "facilityType": "unknown",
        "pedestrianAllowed": null,
        "bicycleAllowed": null,
        "direction": "unknown",
        "provenance": [
          {
            "property": "",
            "dataset": "OpenStreetMap",
            "license": "ODbL-1.0",
            "record_id": "n4991729210@1",
            "update_time": "2017-07-25T06:33:20Z",
            "confidence": null,
            "between": null,
            "provider": "osm",
            "resource": "planet",
            "version": "2026-08-05"
          }
        ],
        "connectorIds": [],
        "officialInventory": false,
        "name": null,
        "originalCrs": "EPSG:4326",
        "originalProperties": {
          "sources": [
            {
              "property": "",
              "dataset": "OpenStreetMap",
              "license": "ODbL-1.0",
              "record_id": "n4991729210@1",
              "update_time": "2017-07-25T06:33:20Z",
              "confidence": null,
              "between": null,
              "provider": "osm",
              "resource": "planet",
              "version": "2026-08-05"
            }
          ],
          "version": 1
        }
      }
    },
    {
      "type": "Feature",
      "id": "df5b4663-a8ca-40f0-8e18-136b09940029",
      "geometry": {
        "type": "Point",
        "coordinates": [
          120.2084675,
          23.0263563
        ]
      },
      "properties": {
        "source": "overture",
        "sourceKey": "overture-connectors",
        "sourceVersion": "latest",
        "sourceFeatureId": "df5b4663-a8ca-40f0-8e18-136b09940029",
        "facilityType": "unknown",
        "pedestrianAllowed": null,
        "bicycleAllowed": null,
        "direction": "unknown",
        "provenance": [
          {
            "property": "",
            "dataset": "OpenStreetMap",
            "license": "ODbL-1.0",
            "record_id": "n1711304289@5",
            "update_time": "2021-02-13T13:17:01Z",
            "confidence": null,
            "between": null,
            "provider": "osm",
            "resource": "planet",
            "version": "2026-08-05"
          }
        ],
        "connectorIds": [],
        "officialInventory": false,
        "name": null,
        "originalCrs": "EPSG:4326",
        "originalProperties": {
          "sources": [
            {
              "property": "",
              "dataset": "OpenStreetMap",
              "license": "ODbL-1.0",
              "record_id": "n1711304289@5",
              "update_time": "2021-02-13T13:17:01Z",
              "confidence": null,
              "between": null,
              "provider": "osm",
              "resource": "planet",
              "version": "2026-08-05"
            }
          ],
          "version": 1
        }
      }
    },
    {
      "type": "Feature",
      "id": "dd179b87-7299-4aab-9a3d-5c7364196a3c",
      "geometry": {
        "type": "Point",
        "coordinates": [
          120.2084632,
          23.0265954
        ]
      },
      "properties": {
        "source": "overture",
        "sourceKey": "overture-connectors",
        "sourceVersion": "latest",
        "sourceFeatureId": "dd179b87-7299-4aab-9a3d-5c7364196a3c",
        "facilityType": "unknown",
        "pedestrianAllowed": null,
        "bicycleAllowed": null,
        "direction": "unknown",
        "provenance": [
          {
            "property": "",
            "dataset": "OpenStreetMap",
            "license": "ODbL-1.0",
            "record_id": "n1711304327@5",
            "update_time": "2017-07-25T06:33:21Z",
            "confidence": null,
            "between": null,
            "provider": "osm",
            "resource": "planet",
            "version": "2026-08-05"
          }
        ],
        "connectorIds": [],
        "officialInventory": false,
        "name": null,
        "originalCrs": "EPSG:4326",
        "originalProperties": {
          "sources": [
            {
              "property": "",
              "dataset": "OpenStreetMap",
              "license": "ODbL-1.0",
              "record_id": "n1711304327@5",
              "update_time": "2017-07-25T06:33:21Z",
              "confidence": null,
              "between": null,
              "provider": "osm",
              "resource": "planet",
              "version": "2026-08-05"
            }
          ],
          "version": 1
        }
      }
    },
    {
      "type": "Feature",
      "id": "3059611c-c8ba-4932-ae80-d90d4bc7d674",
      "geometry": {
        "type": "Point",
        "coordinates": [
          120.2070294,
          23.0265796
        ]
      },
      "properties": {
        "source": "overture",
        "sourceKey": "overture-connectors",
        "sourceVersion": "latest",
        "sourceFeatureId": "3059611c-c8ba-4932-ae80-d90d4bc7d674",
        "facilityType": "unknown",
        "pedestrianAllowed": null,
        "bicycleAllowed": null,
        "direction": "unknown",
        "provenance": [
          {
            "property": "",
            "dataset": "OpenStreetMap",
            "license": "ODbL-1.0",
            "record_id": "n1711304325@5",
            "update_time": "2017-07-25T07:19:09Z",
            "confidence": null,
            "between": null,
            "provider": "osm",
            "resource": "planet",
            "version": "2026-08-05"
          }
        ],
        "connectorIds": [],
        "officialInventory": false,
        "name": null,
        "originalCrs": "EPSG:4326",
        "originalProperties": {
          "sources": [
            {
              "property": "",
              "dataset": "OpenStreetMap",
              "license": "ODbL-1.0",
              "record_id": "n1711304325@5",
              "update_time": "2017-07-25T07:19:09Z",
              "confidence": null,
              "between": null,
              "provider": "osm",
              "resource": "planet",
              "version": "2026-08-05"
            }
          ],
          "version": 1
        }
      }
    },
    {
      "type": "Feature",
      "id": "6a1502a4-8662-4333-bc79-ebeaf014914f",
      "geometry": {
        "type": "Point",
        "coordinates": [
          120.2066374,
          23.0263887
        ]
      },
      "properties": {
        "source": "overture",
        "sourceKey": "overture-connectors",
        "sourceVersion": "latest",
        "sourceFeatureId": "6a1502a4-8662-4333-bc79-ebeaf014914f",
        "facilityType": "unknown",
        "pedestrianAllowed": null,
        "bicycleAllowed": null,
        "direction": "unknown",
        "provenance": [
          {
            "property": "",
            "dataset": "OpenStreetMap",
            "license": "ODbL-1.0",
            "record_id": "n1711304295@4",
            "update_time": "2017-07-25T07:19:09Z",
            "confidence": null,
            "between": null,
            "provider": "osm",
            "resource": "planet",
            "version": "2026-08-05"
          }
        ],
        "connectorIds": [],
        "officialInventory": false,
        "name": null,
        "originalCrs": "EPSG:4326",
        "originalProperties": {
          "sources": [
            {
              "property": "",
              "dataset": "OpenStreetMap",
              "license": "ODbL-1.0",
              "record_id": "n1711304295@4",
              "update_time": "2017-07-25T07:19:09Z",
              "confidence": null,
              "between": null,
              "provider": "osm",
              "resource": "planet",
              "version": "2026-08-05"
            }
          ],
          "version": 1
        }
      }
    },
    {
      "type": "Feature",
      "id": "2578fed3-d80b-4045-a789-af2f8f967a63",
      "geometry": {
        "type": "Point",
        "coordinates": [
          120.2070504,
          23.0263279
        ]
      },
      "properties": {
        "source": "overture",
        "sourceKey": "overture-connectors",
        "sourceVersion": "latest",
        "sourceFeatureId": "2578fed3-d80b-4045-a789-af2f8f967a63",
        "facilityType": "unknown",
        "pedestrianAllowed": null,
        "bicycleAllowed": null,
        "direction": "unknown",
        "provenance": [
          {
            "property": "",
            "dataset": "OpenStreetMap",
            "license": "ODbL-1.0",
            "record_id": "n1711304283@5",
            "update_time": "2017-07-25T07:19:09Z",
            "confidence": null,
            "between": null,
            "provider": "osm",
            "resource": "planet",
            "version": "2026-08-05"
          }
        ],
        "connectorIds": [],
        "officialInventory": false,
        "name": null,
        "originalCrs": "EPSG:4326",
        "originalProperties": {
          "sources": [
            {
              "property": "",
              "dataset": "OpenStreetMap",
              "license": "ODbL-1.0",
              "record_id": "n1711304283@5",
              "update_time": "2017-07-25T07:19:09Z",
              "confidence": null,
              "between": null,
              "provider": "osm",
              "resource": "planet",
              "version": "2026-08-05"
            }
          ],
          "version": 1
        }
      }
    },
    {
      "type": "Feature",
      "id": "4f771567-b1df-4972-b8a2-428e357542bd",
      "geometry": {
        "type": "Point",
        "coordinates": [
          120.2070412,
          23.0264376
        ]
      },
      "properties": {
        "source": "overture",
        "sourceKey": "overture-connectors",
        "sourceVersion": "latest",
        "sourceFeatureId": "4f771567-b1df-4972-b8a2-428e357542bd",
        "facilityType": "unknown",
        "pedestrianAllowed": null,
        "bicycleAllowed": null,
        "direction": "unknown",
        "provenance": [
          {
            "property": "",
            "dataset": "OpenStreetMap",
            "license": "ODbL-1.0",
            "record_id": "n1711304297@4",
            "update_time": "2017-07-25T07:19:09Z",
            "confidence": null,
            "between": null,
            "provider": "osm",
            "resource": "planet",
            "version": "2026-08-05"
          }
        ],
        "connectorIds": [],
        "officialInventory": false,
        "name": null,
        "originalCrs": "EPSG:4326",
        "originalProperties": {
          "sources": [
            {
              "property": "",
              "dataset": "OpenStreetMap",
              "license": "ODbL-1.0",
              "record_id": "n1711304297@4",
              "update_time": "2017-07-25T07:19:09Z",
              "confidence": null,
              "between": null,
              "provider": "osm",
              "resource": "planet",
              "version": "2026-08-05"
            }
          ],
          "version": 1
        }
      }
    },
    {
      "type": "Feature",
      "id": "d89f5533-9d6f-4461-a07a-82ce0b8457d4",
      "geometry": {
        "type": "Point",
        "coordinates": [
          120.2070714,
          23.0260772
        ]
      },
      "properties": {
        "source": "overture",
        "sourceKey": "overture-connectors",
        "sourceVersion": "latest",
        "sourceFeatureId": "d89f5533-9d6f-4461-a07a-82ce0b8457d4",
        "facilityType": "unknown",
        "pedestrianAllowed": null,
        "bicycleAllowed": null,
        "direction": "unknown",
        "provenance": [
          {
            "property": "",
            "dataset": "OpenStreetMap",
            "license": "ODbL-1.0",
            "record_id": "n1711304247@4",
            "update_time": "2017-07-25T07:19:09Z",
            "confidence": null,
            "between": null,
            "provider": "osm",
            "resource": "planet",
            "version": "2026-08-05"
          }
        ],
        "connectorIds": [],
        "officialInventory": false,
        "name": null,
        "originalCrs": "EPSG:4326",
        "originalProperties": {
          "sources": [
            {
              "property": "",
              "dataset": "OpenStreetMap",
              "license": "ODbL-1.0",
              "record_id": "n1711304247@4",
              "update_time": "2017-07-25T07:19:09Z",
              "confidence": null,
              "between": null,
              "provider": "osm",
              "resource": "planet",
              "version": "2026-08-05"
            }
          ],
          "version": 1
        }
      }
    },
    {
      "type": "Feature",
      "id": "f0d2332f-df41-4b43-bc5f-fb3efa9aa2d9",
      "geometry": {
        "type": "Point",
        "coordinates": [
          120.2067031,
          23.0259018
        ]
      },
      "properties": {
        "source": "overture",
        "sourceKey": "overture-connectors",
        "sourceVersion": "latest",
        "sourceFeatureId": "f0d2332f-df41-4b43-bc5f-fb3efa9aa2d9",
        "facilityType": "unknown",
        "pedestrianAllowed": null,
        "bicycleAllowed": null,
        "direction": "unknown",
        "provenance": [
          {
            "property": "",
            "dataset": "OpenStreetMap",
            "license": "ODbL-1.0",
            "record_id": "n1711304216@4",
            "update_time": "2017-07-25T07:19:09Z",
            "confidence": null,
            "between": null,
            "provider": "osm",
            "resource": "planet",
            "version": "2026-08-05"
          }
        ],
        "connectorIds": [],
        "officialInventory": false,
        "name": null,
        "originalCrs": "EPSG:4326",
        "originalProperties": {
          "sources": [
            {
              "property": "",
              "dataset": "OpenStreetMap",
              "license": "ODbL-1.0",
              "record_id": "n1711304216@4",
              "update_time": "2017-07-25T07:19:09Z",
              "confidence": null,
              "between": null,
              "provider": "osm",
              "resource": "planet",
              "version": "2026-08-05"
            }
          ],
          "version": 1
        }
      }
    },
    {
      "type": "Feature",
      "id": "ce4f8423-2259-4cea-a15a-d18493c37f4a",
      "geometry": {
        "type": "Point",
        "coordinates": [
          120.2070909,
          23.025844
        ]
      },
      "properties": {
        "source": "overture",
        "sourceKey": "overture-connectors",
        "sourceVersion": "latest",
        "sourceFeatureId": "ce4f8423-2259-4cea-a15a-d18493c37f4a",
        "facilityType": "unknown",
        "pedestrianAllowed": null,
        "bicycleAllowed": null,
        "direction": "unknown",
        "provenance": [
          {
            "property": "",
            "dataset": "OpenStreetMap",
            "license": "ODbL-1.0",
            "record_id": "n1711304214@4",
            "update_time": "2017-07-25T07:19:09Z",
            "confidence": null,
            "between": null,
            "provider": "osm",
            "resource": "planet",
            "version": "2026-08-05"
          }
        ],
        "connectorIds": [],
        "officialInventory": false,
        "name": null,
        "originalCrs": "EPSG:4326",
        "originalProperties": {
          "sources": [
            {
              "property": "",
              "dataset": "OpenStreetMap",
              "license": "ODbL-1.0",
              "record_id": "n1711304214@4",
              "update_time": "2017-07-25T07:19:09Z",
              "confidence": null,
              "between": null,
              "provider": "osm",
              "resource": "planet",
              "version": "2026-08-05"
            }
          ],
          "version": 1
        }
      }
    },
    {
      "type": "Feature",
      "id": "290c3de6-807c-4124-9270-5b678cd4f515",
      "geometry": {
        "type": "Point",
        "coordinates": [
          120.2070825,
          23.0259439
        ]
      },
      "properties": {
        "source": "overture",
        "sourceKey": "overture-connectors",
        "sourceVersion": "latest",
        "sourceFeatureId": "290c3de6-807c-4124-9270-5b678cd4f515",
        "facilityType": "unknown",
        "pedestrianAllowed": null,
        "bicycleAllowed": null,
        "direction": "unknown",
        "provenance": [
          {
            "property": "",
            "dataset": "OpenStreetMap",
            "license": "ODbL-1.0",
            "record_id": "n1711304220@4",
            "update_time": "2017-07-25T07:19:09Z",
            "confidence": null,
            "between": null,
            "provider": "osm",
            "resource": "planet",
            "version": "2026-08-05"
          }
        ],
        "connectorIds": [],
        "officialInventory": false,
        "name": null,
        "originalCrs": "EPSG:4326",
        "originalProperties": {
          "sources": [
            {
              "property": "",
              "dataset": "OpenStreetMap",
              "license": "ODbL-1.0",
              "record_id": "n1711304220@4",
              "update_time": "2017-07-25T07:19:09Z",
              "confidence": null,
              "between": null,
              "provider": "osm",
              "resource": "planet",
              "version": "2026-08-05"
            }
          ],
          "version": 1
        }
      }
    },
    {
      "type": "Feature",
      "id": "7494d6cc-2f9f-46ce-a2da-7fa915bd7b34",
      "geometry": {
        "type": "Point",
        "coordinates": [
          120.2075886,
          23.0256211
        ]
      },
      "properties": {
        "source": "overture",
        "sourceKey": "overture-connectors",
        "sourceVersion": "latest",
        "sourceFeatureId": "7494d6cc-2f9f-46ce-a2da-7fa915bd7b34",
        "facilityType": "unknown",
        "pedestrianAllowed": null,
        "bicycleAllowed": null,
        "direction": "unknown",
        "provenance": [
          {
            "property": "",
            "dataset": "OpenStreetMap",
            "license": "ODbL-1.0",
            "record_id": "n1711304168@6",
            "update_time": "2017-07-25T07:25:44Z",
            "confidence": null,
            "between": null,
            "provider": "osm",
            "resource": "planet",
            "version": "2026-08-05"
          }
        ],
        "connectorIds": [],
        "officialInventory": false,
        "name": null,
        "originalCrs": "EPSG:4326",
        "originalProperties": {
          "sources": [
            {
              "property": "",
              "dataset": "OpenStreetMap",
              "license": "ODbL-1.0",
              "record_id": "n1711304168@6",
              "update_time": "2017-07-25T07:25:44Z",
              "confidence": null,
              "between": null,
              "provider": "osm",
              "resource": "planet",
              "version": "2026-08-05"
            }
          ],
          "version": 1
        }
      }
    },
    {
      "type": "Feature",
      "id": "32b530d2-8fff-49c2-bd50-bd95ff7d9add",
      "geometry": {
        "type": "Point",
        "coordinates": [
          120.207115,
          23.0255378
        ]
      },
      "properties": {
        "source": "overture",
        "sourceKey": "overture-connectors",
        "sourceVersion": "latest",
        "sourceFeatureId": "32b530d2-8fff-49c2-bd50-bd95ff7d9add",
        "facilityType": "unknown",
        "pedestrianAllowed": null,
        "bicycleAllowed": null,
        "direction": "unknown",
        "provenance": [
          {
            "property": "",
            "dataset": "OpenStreetMap",
            "license": "ODbL-1.0",
            "record_id": "n4991805192@1",
            "update_time": "2017-07-25T07:19:08Z",
            "confidence": null,
            "between": null,
            "provider": "osm",
            "resource": "planet",
            "version": "2026-08-05"
          }
        ],
        "connectorIds": [],
        "officialInventory": false,
        "name": null,
        "originalCrs": "EPSG:4326",
        "originalProperties": {
          "sources": [
            {
              "property": "",
              "dataset": "OpenStreetMap",
              "license": "ODbL-1.0",
              "record_id": "n4991805192@1",
              "update_time": "2017-07-25T07:19:08Z",
              "confidence": null,
              "between": null,
              "provider": "osm",
              "resource": "planet",
              "version": "2026-08-05"
            }
          ],
          "version": 1
        }
      }
    },
    {
      "type": "Feature",
      "id": "4396653e-d05a-40c4-84dc-4456dcacb490",
      "geometry": {
        "type": "Point",
        "coordinates": [
          120.2071104,
          23.0256104
        ]
      },
      "properties": {
        "source": "overture",
        "sourceKey": "overture-connectors",
        "sourceVersion": "latest",
        "sourceFeatureId": "4396653e-d05a-40c4-84dc-4456dcacb490",
        "facilityType": "unknown",
        "pedestrianAllowed": null,
        "bicycleAllowed": null,
        "direction": "unknown",
        "provenance": [
          {
            "property": "",
            "dataset": "OpenStreetMap",
            "license": "ODbL-1.0",
            "record_id": "n4991805191@1",
            "update_time": "2017-07-25T07:19:08Z",
            "confidence": null,
            "between": null,
            "provider": "osm",
            "resource": "planet",
            "version": "2026-08-05"
          }
        ],
        "connectorIds": [],
        "officialInventory": false,
        "name": null,
        "originalCrs": "EPSG:4326",
        "originalProperties": {
          "sources": [
            {
              "property": "",
              "dataset": "OpenStreetMap",
              "license": "ODbL-1.0",
              "record_id": "n4991805191@1",
              "update_time": "2017-07-25T07:19:08Z",
              "confidence": null,
              "between": null,
              "provider": "osm",
              "resource": "planet",
              "version": "2026-08-05"
            }
          ],
          "version": 1
        }
      }
    },
    {
      "type": "Feature",
      "id": "4eb2cd54-aa25-4c14-9d6d-4f3331bba3d7",
      "geometry": {
        "type": "Point",
        "coordinates": [
          120.2067582,
          23.0254935
        ]
      },
      "properties": {
        "source": "overture",
        "sourceKey": "overture-connectors",
        "sourceVersion": "latest",
        "sourceFeatureId": "4eb2cd54-aa25-4c14-9d6d-4f3331bba3d7",
        "facilityType": "unknown",
        "pedestrianAllowed": null,
        "bicycleAllowed": null,
        "direction": "unknown",
        "provenance": [
          {
            "property": "",
            "dataset": "OpenStreetMap",
            "license": "ODbL-1.0",
            "record_id": "n1711304158@4",
            "update_time": "2017-07-25T07:19:09Z",
            "confidence": null,
            "between": null,
            "provider": "osm",
            "resource": "planet",
            "version": "2026-08-05"
          }
        ],
        "connectorIds": [],
        "officialInventory": false,
        "name": null,
        "originalCrs": "EPSG:4326",
        "originalProperties": {
          "sources": [
            {
              "property": "",
              "dataset": "OpenStreetMap",
              "license": "ODbL-1.0",
              "record_id": "n1711304158@4",
              "update_time": "2017-07-25T07:19:09Z",
              "confidence": null,
              "between": null,
              "provider": "osm",
              "resource": "planet",
              "version": "2026-08-05"
            }
          ],
          "version": 1
        }
      }
    },
    {
      "type": "Feature",
      "id": "d02e3e07-c8ac-4a80-b1fb-ece888e1d94a",
      "geometry": {
        "type": "Point",
        "coordinates": [
          120.2069142,
          23.0253135
        ]
      },
      "properties": {
        "source": "overture",
        "sourceKey": "overture-connectors",
        "sourceVersion": "latest",
        "sourceFeatureId": "d02e3e07-c8ac-4a80-b1fb-ece888e1d94a",
        "facilityType": "unknown",
        "pedestrianAllowed": null,
        "bicycleAllowed": null,
        "direction": "unknown",
        "provenance": [
          {
            "property": "",
            "dataset": "OpenStreetMap",
            "license": "ODbL-1.0",
            "record_id": "n1711304120@4",
            "update_time": "2017-07-25T07:19:09Z",
            "confidence": null,
            "between": null,
            "provider": "osm",
            "resource": "planet",
            "version": "2026-08-05"
          }
        ],
        "connectorIds": [],
        "officialInventory": false,
        "name": null,
        "originalCrs": "EPSG:4326",
        "originalProperties": {
          "sources": [
            {
              "property": "",
              "dataset": "OpenStreetMap",
              "license": "ODbL-1.0",
              "record_id": "n1711304120@4",
              "update_time": "2017-07-25T07:19:09Z",
              "confidence": null,
              "between": null,
              "provider": "osm",
              "resource": "planet",
              "version": "2026-08-05"
            }
          ],
          "version": 1
        }
      }
    },
    {
      "type": "Feature",
      "id": "903c9c05-d0b1-4442-aea6-0db989b2f085",
      "geometry": {
        "type": "Point",
        "coordinates": [
          120.2072814,
          23.0253501
        ]
      },
      "properties": {
        "source": "overture",
        "sourceKey": "overture-connectors",
        "sourceVersion": "latest",
        "sourceFeatureId": "903c9c05-d0b1-4442-aea6-0db989b2f085",
        "facilityType": "unknown",
        "pedestrianAllowed": null,
        "bicycleAllowed": null,
        "direction": "unknown",
        "provenance": [
          {
            "property": "",
            "dataset": "OpenStreetMap",
            "license": "ODbL-1.0",
            "record_id": "n1711304127@3",
            "update_time": "2016-09-29T14:40:23Z",
            "confidence": null,
            "between": null,
            "provider": "osm",
            "resource": "planet",
            "version": "2026-08-05"
          }
        ],
        "connectorIds": [],
        "officialInventory": false,
        "name": null,
        "originalCrs": "EPSG:4326",
        "originalProperties": {
          "sources": [
            {
              "property": "",
              "dataset": "OpenStreetMap",
              "license": "ODbL-1.0",
              "record_id": "n1711304127@3",
              "update_time": "2016-09-29T14:40:23Z",
              "confidence": null,
              "between": null,
              "provider": "osm",
              "resource": "planet",
              "version": "2026-08-05"
            }
          ],
          "version": 1
        }
      }
    },
    {
      "type": "Feature",
      "id": "ecd1e4b7-4998-4578-a8ee-21dd9721afb2",
      "geometry": {
        "type": "Point",
        "coordinates": [
          120.2073465,
          23.0247156
        ]
      },
      "properties": {
        "source": "overture",
        "sourceKey": "overture-connectors",
        "sourceVersion": "latest",
        "sourceFeatureId": "ecd1e4b7-4998-4578-a8ee-21dd9721afb2",
        "facilityType": "unknown",
        "pedestrianAllowed": null,
        "bicycleAllowed": null,
        "direction": "unknown",
        "provenance": [
          {
            "property": "",
            "dataset": "OpenStreetMap",
            "license": "ODbL-1.0",
            "record_id": "n10251014704@1",
            "update_time": "2022-12-10T16:46:20Z",
            "confidence": null,
            "between": null,
            "provider": "osm",
            "resource": "planet",
            "version": "2026-08-05"
          }
        ],
        "connectorIds": [],
        "officialInventory": false,
        "name": null,
        "originalCrs": "EPSG:4326",
        "originalProperties": {
          "sources": [
            {
              "property": "",
              "dataset": "OpenStreetMap",
              "license": "ODbL-1.0",
              "record_id": "n10251014704@1",
              "update_time": "2022-12-10T16:46:20Z",
              "confidence": null,
              "between": null,
              "provider": "osm",
              "resource": "planet",
              "version": "2026-08-05"
            }
          ],
          "version": 1
        }
      }
    },
    {
      "type": "Feature",
      "id": "24010c2c-f806-4ed4-b67c-784ececf2135",
      "geometry": {
        "type": "Point",
        "coordinates": [
          120.2077195,
          23.0247489
        ]
      },
      "properties": {
        "source": "overture",
        "sourceKey": "overture-connectors",
        "sourceVersion": "latest",
        "sourceFeatureId": "24010c2c-f806-4ed4-b67c-784ececf2135",
        "facilityType": "unknown",
        "pedestrianAllowed": null,
        "bicycleAllowed": null,
        "direction": "unknown",
        "provenance": [
          {
            "property": "",
            "dataset": "OpenStreetMap",
            "license": "ODbL-1.0",
            "record_id": "n10251014703@1",
            "update_time": "2022-12-10T16:46:20Z",
            "confidence": null,
            "between": null,
            "provider": "osm",
            "resource": "planet",
            "version": "2026-08-05"
          }
        ],
        "connectorIds": [],
        "officialInventory": false,
        "name": null,
        "originalCrs": "EPSG:4326",
        "originalProperties": {
          "sources": [
            {
              "property": "",
              "dataset": "OpenStreetMap",
              "license": "ODbL-1.0",
              "record_id": "n10251014703@1",
              "update_time": "2022-12-10T16:46:20Z",
              "confidence": null,
              "between": null,
              "provider": "osm",
              "resource": "planet",
              "version": "2026-08-05"
            }
          ],
          "version": 1
        }
      }
    },
    {
      "type": "Feature",
      "id": "8e52cb82-725e-4d65-b226-e59b594be78b",
      "geometry": {
        "type": "Point",
        "coordinates": [
          120.2082677,
          23.024739
        ]
      },
      "properties": {
        "source": "overture",
        "sourceKey": "overture-connectors",
        "sourceVersion": "latest",
        "sourceFeatureId": "8e52cb82-725e-4d65-b226-e59b594be78b",
        "facilityType": "unknown",
        "pedestrianAllowed": null,
        "bicycleAllowed": null,
        "direction": "unknown",
        "provenance": [
          {
            "property": "",
            "dataset": "OpenStreetMap",
            "license": "ODbL-1.0",
            "record_id": "n4994319279@1",
            "update_time": "2017-07-26T09:04:55Z",
            "confidence": null,
            "between": null,
            "provider": "osm",
            "resource": "planet",
            "version": "2026-08-05"
          }
        ],
        "connectorIds": [],
        "officialInventory": false,
        "name": null,
        "originalCrs": "EPSG:4326",
        "originalProperties": {
          "sources": [
            {
              "property": "",
              "dataset": "OpenStreetMap",
              "license": "ODbL-1.0",
              "record_id": "n4994319279@1",
              "update_time": "2017-07-26T09:04:55Z",
              "confidence": null,
              "between": null,
              "provider": "osm",
              "resource": "planet",
              "version": "2026-08-05"
            }
          ],
          "version": 1
        }
      }
    },
    {
      "type": "Feature",
      "id": "1ee59a0f-c814-4724-9643-a5a9f238af5d",
      "geometry": {
        "type": "Point",
        "coordinates": [
          120.2082582,
          23.0248099
        ]
      },
      "properties": {
        "source": "overture",
        "sourceKey": "overture-connectors",
        "sourceVersion": "latest",
        "sourceFeatureId": "1ee59a0f-c814-4724-9643-a5a9f238af5d",
        "facilityType": "unknown",
        "pedestrianAllowed": null,
        "bicycleAllowed": null,
        "direction": "unknown",
        "provenance": [
          {
            "property": "",
            "dataset": "OpenStreetMap",
            "license": "ODbL-1.0",
            "record_id": "n10251014694@1",
            "update_time": "2022-12-10T16:46:20Z",
            "confidence": null,
            "between": null,
            "provider": "osm",
            "resource": "planet",
            "version": "2026-08-05"
          }
        ],
        "connectorIds": [],
        "officialInventory": false,
        "name": null,
        "originalCrs": "EPSG:4326",
        "originalProperties": {
          "sources": [
            {
              "property": "",
              "dataset": "OpenStreetMap",
              "license": "ODbL-1.0",
              "record_id": "n10251014694@1",
              "update_time": "2022-12-10T16:46:20Z",
              "confidence": null,
              "between": null,
              "provider": "osm",
              "resource": "planet",
              "version": "2026-08-05"
            }
          ],
          "version": 1
        }
      }
    },
    {
      "type": "Feature",
      "id": "9efae0bf-f40a-419a-9555-b1756c520715",
      "geometry": {
        "type": "Point",
        "coordinates": [
          120.2086765,
          23.0251597
        ]
      },
      "properties": {
        "source": "overture",
        "sourceKey": "overture-connectors",
        "sourceVersion": "latest",
        "sourceFeatureId": "9efae0bf-f40a-419a-9555-b1756c520715",
        "facilityType": "unknown",
        "pedestrianAllowed": null,
        "bicycleAllowed": null,
        "direction": "unknown",
        "provenance": [
          {
            "property": "",
            "dataset": "OpenStreetMap",
            "license": "ODbL-1.0",
            "record_id": "n1711304103@3",
            "update_time": "2024-08-11T01:47:26Z",
            "confidence": null,
            "between": null,
            "provider": "osm",
            "resource": "planet",
            "version": "2026-08-05"
          }
        ],
        "connectorIds": [],
        "officialInventory": false,
        "name": null,
        "originalCrs": "EPSG:4326",
        "originalProperties": {
          "sources": [
            {
              "property": "",
              "dataset": "OpenStreetMap",
              "license": "ODbL-1.0",
              "record_id": "n1711304103@3",
              "update_time": "2024-08-11T01:47:26Z",
              "confidence": null,
              "between": null,
              "provider": "osm",
              "resource": "planet",
              "version": "2026-08-05"
            }
          ],
          "version": 1
        }
      }
    },
    {
      "type": "Feature",
      "id": "d4f28d7e-0d5f-4026-959b-3a5033e541b9",
      "geometry": {
        "type": "Point",
        "coordinates": [
          120.2082281,
          23.0251399
        ]
      },
      "properties": {
        "source": "overture",
        "sourceKey": "overture-connectors",
        "sourceVersion": "latest",
        "sourceFeatureId": "d4f28d7e-0d5f-4026-959b-3a5033e541b9",
        "facilityType": "unknown",
        "pedestrianAllowed": null,
        "bicycleAllowed": null,
        "direction": "unknown",
        "provenance": [
          {
            "property": "",
            "dataset": "OpenStreetMap",
            "license": "ODbL-1.0",
            "record_id": "n1711304098@5",
            "update_time": "2024-08-11T01:47:26Z",
            "confidence": null,
            "between": null,
            "provider": "osm",
            "resource": "planet",
            "version": "2026-08-05"
          }
        ],
        "connectorIds": [],
        "officialInventory": false,
        "name": null,
        "originalCrs": "EPSG:4326",
        "originalProperties": {
          "sources": [
            {
              "property": "",
              "dataset": "OpenStreetMap",
              "license": "ODbL-1.0",
              "record_id": "n1711304098@5",
              "update_time": "2024-08-11T01:47:26Z",
              "confidence": null,
              "between": null,
              "provider": "osm",
              "resource": "planet",
              "version": "2026-08-05"
            }
          ],
          "version": 1
        }
      }
    },
    {
      "type": "Feature",
      "id": "62427d6d-7df0-433f-ab33-f5b41c5771bb",
      "geometry": {
        "type": "Point",
        "coordinates": [
          120.2089383,
          23.0256488
        ]
      },
      "properties": {
        "source": "overture",
        "sourceKey": "overture-connectors",
        "sourceVersion": "latest",
        "sourceFeatureId": "62427d6d-7df0-433f-ab33-f5b41c5771bb",
        "facilityType": "unknown",
        "pedestrianAllowed": null,
        "bicycleAllowed": null,
        "direction": "unknown",
        "provenance": [
          {
            "property": "",
            "dataset": "OpenStreetMap",
            "license": "ODbL-1.0",
            "record_id": "n1711304175@6",
            "update_time": "2024-08-11T01:47:26Z",
            "confidence": null,
            "between": null,
            "provider": "osm",
            "resource": "planet",
            "version": "2026-08-05"
          }
        ],
        "connectorIds": [],
        "officialInventory": false,
        "name": null,
        "originalCrs": "EPSG:4326",
        "originalProperties": {
          "sources": [
            {
              "property": "",
              "dataset": "OpenStreetMap",
              "license": "ODbL-1.0",
              "record_id": "n1711304175@6",
              "update_time": "2024-08-11T01:47:26Z",
              "confidence": null,
              "between": null,
              "provider": "osm",
              "resource": "planet",
              "version": "2026-08-05"
            }
          ],
          "version": 1
        }
      }
    },
    {
      "type": "Feature",
      "id": "6cc842ce-c328-4b0d-8cc3-5a8f2138ee22",
      "geometry": {
        "type": "Point",
        "coordinates": [
          120.2089528,
          23.0254371
        ]
      },
      "properties": {
        "source": "overture",
        "sourceKey": "overture-connectors",
        "sourceVersion": "latest",
        "sourceFeatureId": "6cc842ce-c328-4b0d-8cc3-5a8f2138ee22",
        "facilityType": "unknown",
        "pedestrianAllowed": null,
        "bicycleAllowed": null,
        "direction": "unknown",
        "provenance": [
          {
            "property": "",
            "dataset": "OpenStreetMap",
            "license": "ODbL-1.0",
            "record_id": "n1711304148@5",
            "update_time": "2024-08-11T01:47:26Z",
            "confidence": null,
            "between": null,
            "provider": "osm",
            "resource": "planet",
            "version": "2026-08-05"
          }
        ],
        "connectorIds": [],
        "officialInventory": false,
        "name": null,
        "originalCrs": "EPSG:4326",
        "originalProperties": {
          "sources": [
            {
              "property": "",
              "dataset": "OpenStreetMap",
              "license": "ODbL-1.0",
              "record_id": "n1711304148@5",
              "update_time": "2024-08-11T01:47:26Z",
              "confidence": null,
              "between": null,
              "provider": "osm",
              "resource": "planet",
              "version": "2026-08-05"
            }
          ],
          "version": 1
        }
      }
    },
    {
      "type": "Feature",
      "id": "f8febf0b-0e61-4669-b5e3-02bb47535831",
      "geometry": {
        "type": "Point",
        "coordinates": [
          120.209399,
          23.0256516
        ]
      },
      "properties": {
        "source": "overture",
        "sourceKey": "overture-connectors",
        "sourceVersion": "latest",
        "sourceFeatureId": "f8febf0b-0e61-4669-b5e3-02bb47535831",
        "facilityType": "unknown",
        "pedestrianAllowed": null,
        "bicycleAllowed": null,
        "direction": "unknown",
        "provenance": [
          {
            "property": "",
            "dataset": "OpenStreetMap",
            "license": "ODbL-1.0",
            "record_id": "n3769973032@3",
            "update_time": "2017-07-25T07:19:09Z",
            "confidence": null,
            "between": null,
            "provider": "osm",
            "resource": "planet",
            "version": "2026-08-05"
          }
        ],
        "connectorIds": [],
        "officialInventory": false,
        "name": null,
        "originalCrs": "EPSG:4326",
        "originalProperties": {
          "sources": [
            {
              "property": "",
              "dataset": "OpenStreetMap",
              "license": "ODbL-1.0",
              "record_id": "n3769973032@3",
              "update_time": "2017-07-25T07:19:09Z",
              "confidence": null,
              "between": null,
              "provider": "osm",
              "resource": "planet",
              "version": "2026-08-05"
            }
          ],
          "version": 1
        }
      }
    },
    {
      "type": "Feature",
      "id": "6242a033-e833-4cfd-8904-afed3577bb4d",
      "geometry": {
        "type": "Point",
        "coordinates": [
          120.2090349,
          23.0248691
        ]
      },
      "properties": {
        "source": "overture",
        "sourceKey": "overture-connectors",
        "sourceVersion": "latest",
        "sourceFeatureId": "6242a033-e833-4cfd-8904-afed3577bb4d",
        "facilityType": "unknown",
        "pedestrianAllowed": null,
        "bicycleAllowed": null,
        "direction": "unknown",
        "provenance": [
          {
            "property": "",
            "dataset": "OpenStreetMap",
            "license": "ODbL-1.0",
            "record_id": "n10251014679@1",
            "update_time": "2022-12-10T16:46:20Z",
            "confidence": null,
            "between": null,
            "provider": "osm",
            "resource": "planet",
            "version": "2026-08-05"
          }
        ],
        "connectorIds": [],
        "officialInventory": false,
        "name": null,
        "originalCrs": "EPSG:4326",
        "originalProperties": {
          "sources": [
            {
              "property": "",
              "dataset": "OpenStreetMap",
              "license": "ODbL-1.0",
              "record_id": "n10251014679@1",
              "update_time": "2022-12-10T16:46:20Z",
              "confidence": null,
              "between": null,
              "provider": "osm",
              "resource": "planet",
              "version": "2026-08-05"
            }
          ],
          "version": 1
        }
      }
    },
    {
      "type": "Feature",
      "id": "86792ecf-a324-4a1c-b3c2-4f4a7cabe2ca",
      "geometry": {
        "type": "Point",
        "coordinates": [
          120.2090428,
          23.0247966
        ]
      },
      "properties": {
        "source": "overture",
        "sourceKey": "overture-connectors",
        "sourceVersion": "latest",
        "sourceFeatureId": "86792ecf-a324-4a1c-b3c2-4f4a7cabe2ca",
        "facilityType": "unknown",
        "pedestrianAllowed": null,
        "bicycleAllowed": null,
        "direction": "unknown",
        "provenance": [
          {
            "property": "",
            "dataset": "OpenStreetMap",
            "license": "ODbL-1.0",
            "record_id": "n1711304065@3",
            "update_time": "2017-07-26T09:04:56Z",
            "confidence": null,
            "between": null,
            "provider": "osm",
            "resource": "planet",
            "version": "2026-08-05"
          }
        ],
        "connectorIds": [],
        "officialInventory": false,
        "name": null,
        "originalCrs": "EPSG:4326",
        "originalProperties": {
          "sources": [
            {
              "property": "",
              "dataset": "OpenStreetMap",
              "license": "ODbL-1.0",
              "record_id": "n1711304065@3",
              "update_time": "2017-07-26T09:04:56Z",
              "confidence": null,
              "between": null,
              "provider": "osm",
              "resource": "planet",
              "version": "2026-08-05"
            }
          ],
          "version": 1
        }
      }
    },
    {
      "type": "Feature",
      "id": "6b2739bc-c45f-4679-8aa5-3479cdde043c",
      "geometry": {
        "type": "Point",
        "coordinates": [
          120.20905,
          23.0247975
        ]
      },
      "properties": {
        "source": "overture",
        "sourceKey": "overture-connectors",
        "sourceVersion": "latest",
        "sourceFeatureId": "6b2739bc-c45f-4679-8aa5-3479cdde043c",
        "facilityType": "unknown",
        "pedestrianAllowed": null,
        "bicycleAllowed": null,
        "direction": "unknown",
        "provenance": [
          {
            "property": "",
            "dataset": "OpenStreetMap",
            "license": "ODbL-1.0",
            "record_id": "n10251014677@1",
            "update_time": "2022-12-10T16:46:20Z",
            "confidence": null,
            "between": null,
            "provider": "osm",
            "resource": "planet",
            "version": "2026-08-05"
          }
        ],
        "connectorIds": [],
        "officialInventory": false,
        "name": null,
        "originalCrs": "EPSG:4326",
        "originalProperties": {
          "sources": [
            {
              "property": "",
              "dataset": "OpenStreetMap",
              "license": "ODbL-1.0",
              "record_id": "n10251014677@1",
              "update_time": "2022-12-10T16:46:20Z",
              "confidence": null,
              "between": null,
              "provider": "osm",
              "resource": "planet",
              "version": "2026-08-05"
            }
          ],
          "version": 1
        }
      }
    },
    {
      "type": "Feature",
      "id": "04d4e740-5b36-4ba4-bd06-825086f9200e",
      "geometry": {
        "type": "Point",
        "coordinates": [
          120.2095666,
          23.0248633
        ]
      },
      "properties": {
        "source": "overture",
        "sourceKey": "overture-connectors",
        "sourceVersion": "latest",
        "sourceFeatureId": "04d4e740-5b36-4ba4-bd06-825086f9200e",
        "facilityType": "unknown",
        "pedestrianAllowed": null,
        "bicycleAllowed": null,
        "direction": "unknown",
        "provenance": [
          {
            "property": "",
            "dataset": "OpenStreetMap",
            "license": "ODbL-1.0",
            "record_id": "n4994319280@1",
            "update_time": "2017-07-26T09:04:55Z",
            "confidence": null,
            "between": null,
            "provider": "osm",
            "resource": "planet",
            "version": "2026-08-05"
          }
        ],
        "connectorIds": [],
        "officialInventory": false,
        "name": null,
        "originalCrs": "EPSG:4326",
        "originalProperties": {
          "sources": [
            {
              "property": "",
              "dataset": "OpenStreetMap",
              "license": "ODbL-1.0",
              "record_id": "n4994319280@1",
              "update_time": "2017-07-26T09:04:55Z",
              "confidence": null,
              "between": null,
              "provider": "osm",
              "resource": "planet",
              "version": "2026-08-05"
            }
          ],
          "version": 1
        }
      }
    },
    {
      "type": "Feature",
      "id": "da69be20-bdb8-4158-813d-219297e0c50e",
      "geometry": {
        "type": "Point",
        "coordinates": [
          120.2095793,
          23.0247323
        ]
      },
      "properties": {
        "source": "overture",
        "sourceKey": "overture-connectors",
        "sourceVersion": "latest",
        "sourceFeatureId": "da69be20-bdb8-4158-813d-219297e0c50e",
        "facilityType": "unknown",
        "pedestrianAllowed": null,
        "bicycleAllowed": null,
        "direction": "unknown",
        "provenance": [
          {
            "property": "",
            "dataset": "OpenStreetMap",
            "license": "ODbL-1.0",
            "record_id": "n10251014672@1",
            "update_time": "2022-12-10T16:46:20Z",
            "confidence": null,
            "between": null,
            "provider": "osm",
            "resource": "planet",
            "version": "2026-08-05"
          }
        ],
        "connectorIds": [],
        "officialInventory": false,
        "name": null,
        "originalCrs": "EPSG:4326",
        "originalProperties": {
          "sources": [
            {
              "property": "",
              "dataset": "OpenStreetMap",
              "license": "ODbL-1.0",
              "record_id": "n10251014672@1",
              "update_time": "2022-12-10T16:46:20Z",
              "confidence": null,
              "between": null,
              "provider": "osm",
              "resource": "planet",
              "version": "2026-08-05"
            }
          ],
          "version": 1
        }
      }
    },
    {
      "type": "Feature",
      "id": "ca94643c-749d-4675-a0ac-d2ccdb051f99",
      "geometry": {
        "type": "Point",
        "coordinates": [
          120.2092368,
          23.0247025
        ]
      },
      "properties": {
        "source": "overture",
        "sourceKey": "overture-connectors",
        "sourceVersion": "latest",
        "sourceFeatureId": "ca94643c-749d-4675-a0ac-d2ccdb051f99",
        "facilityType": "unknown",
        "pedestrianAllowed": null,
        "bicycleAllowed": null,
        "direction": "unknown",
        "provenance": [
          {
            "property": "",
            "dataset": "OpenStreetMap",
            "license": "ODbL-1.0",
            "record_id": "n10251014697@1",
            "update_time": "2022-12-10T16:46:20Z",
            "confidence": null,
            "between": null,
            "provider": "osm",
            "resource": "planet",
            "version": "2026-08-05"
          }
        ],
        "connectorIds": [],
        "officialInventory": false,
        "name": null,
        "originalCrs": "EPSG:4326",
        "originalProperties": {
          "sources": [
            {
              "property": "",
              "dataset": "OpenStreetMap",
              "license": "ODbL-1.0",
              "record_id": "n10251014697@1",
              "update_time": "2022-12-10T16:46:20Z",
              "confidence": null,
              "between": null,
              "provider": "osm",
              "resource": "planet",
              "version": "2026-08-05"
            }
          ],
          "version": 1
        }
      }
    },
    {
      "type": "Feature",
      "id": "834f99d9-a608-4304-835b-e97deb0f6a75",
      "geometry": {
        "type": "Point",
        "coordinates": [
          120.2090644,
          23.0246874
        ]
      },
      "properties": {
        "source": "overture",
        "sourceKey": "overture-connectors",
        "sourceVersion": "latest",
        "sourceFeatureId": "834f99d9-a608-4304-835b-e97deb0f6a75",
        "facilityType": "unknown",
        "pedestrianAllowed": null,
        "bicycleAllowed": null,
        "direction": "unknown",
        "provenance": [
          {
            "property": "",
            "dataset": "OpenStreetMap",
            "license": "ODbL-1.0",
            "record_id": "n10251014678@1",
            "update_time": "2022-12-10T16:46:20Z",
            "confidence": null,
            "between": null,
            "provider": "osm",
            "resource": "planet",
            "version": "2026-08-05"
          }
        ],
        "connectorIds": [],
        "officialInventory": false,
        "name": null,
        "originalCrs": "EPSG:4326",
        "originalProperties": {
          "sources": [
            {
              "property": "",
              "dataset": "OpenStreetMap",
              "license": "ODbL-1.0",
              "record_id": "n10251014678@1",
              "update_time": "2022-12-10T16:46:20Z",
              "confidence": null,
              "between": null,
              "provider": "osm",
              "resource": "planet",
              "version": "2026-08-05"
            }
          ],
          "version": 1
        }
      }
    },
    {
      "type": "Feature",
      "id": "ad4960bb-0ba2-477e-8642-165643c01765",
      "geometry": {
        "type": "Point",
        "coordinates": [
          120.2084117,
          23.0244841
        ]
      },
      "properties": {
        "source": "overture",
        "sourceKey": "overture-connectors",
        "sourceVersion": "latest",
        "sourceFeatureId": "ad4960bb-0ba2-477e-8642-165643c01765",
        "facilityType": "unknown",
        "pedestrianAllowed": null,
        "bicycleAllowed": null,
        "direction": "unknown",
        "provenance": [
          {
            "property": "",
            "dataset": "OpenStreetMap",
            "license": "ODbL-1.0",
            "record_id": "n10251014699@1",
            "update_time": "2022-12-10T16:46:20Z",
            "confidence": null,
            "between": null,
            "provider": "osm",
            "resource": "planet",
            "version": "2026-08-05"
          }
        ],
        "connectorIds": [],
        "officialInventory": false,
        "name": null,
        "originalCrs": "EPSG:4326",
        "originalProperties": {
          "sources": [
            {
              "property": "",
              "dataset": "OpenStreetMap",
              "license": "ODbL-1.0",
              "record_id": "n10251014699@1",
              "update_time": "2022-12-10T16:46:20Z",
              "confidence": null,
              "between": null,
              "provider": "osm",
              "resource": "planet",
              "version": "2026-08-05"
            }
          ],
          "version": 1
        }
      }
    },
    {
      "type": "Feature",
      "id": "c1055500-f765-4f53-86d5-9069c100a0a4",
      "geometry": {
        "type": "Point",
        "coordinates": [
          120.2082828,
          23.0246176
        ]
      },
      "properties": {
        "source": "overture",
        "sourceKey": "overture-connectors",
        "sourceVersion": "latest",
        "sourceFeatureId": "c1055500-f765-4f53-86d5-9069c100a0a4",
        "facilityType": "unknown",
        "pedestrianAllowed": null,
        "bicycleAllowed": null,
        "direction": "unknown",
        "provenance": [
          {
            "property": "",
            "dataset": "OpenStreetMap",
            "license": "ODbL-1.0",
            "record_id": "n10251014693@1",
            "update_time": "2022-12-10T16:46:20Z",
            "confidence": null,
            "between": null,
            "provider": "osm",
            "resource": "planet",
            "version": "2026-08-05"
          }
        ],
        "connectorIds": [],
        "officialInventory": false,
        "name": null,
        "originalCrs": "EPSG:4326",
        "originalProperties": {
          "sources": [
            {
              "property": "",
              "dataset": "OpenStreetMap",
              "license": "ODbL-1.0",
              "record_id": "n10251014693@1",
              "update_time": "2022-12-10T16:46:20Z",
              "confidence": null,
              "between": null,
              "provider": "osm",
              "resource": "planet",
              "version": "2026-08-05"
            }
          ],
          "version": 1
        }
      }
    },
    {
      "type": "Feature",
      "id": "de4d2994-a789-4b0b-8022-0685d3fac218",
      "geometry": {
        "type": "Point",
        "coordinates": [
          120.2074084,
          23.024543
        ]
      },
      "properties": {
        "source": "overture",
        "sourceKey": "overture-connectors",
        "sourceVersion": "latest",
        "sourceFeatureId": "de4d2994-a789-4b0b-8022-0685d3fac218",
        "facilityType": "unknown",
        "pedestrianAllowed": null,
        "bicycleAllowed": null,
        "direction": "unknown",
        "provenance": [
          {
            "property": "",
            "dataset": "OpenStreetMap",
            "license": "ODbL-1.0",
            "record_id": "n4993718166@1",
            "update_time": "2017-07-26T02:39:29Z",
            "confidence": null,
            "between": null,
            "provider": "osm",
            "resource": "planet",
            "version": "2026-08-05"
          }
        ],
        "connectorIds": [],
        "officialInventory": false,
        "name": null,
        "originalCrs": "EPSG:4326",
        "originalProperties": {
          "sources": [
            {
              "property": "",
              "dataset": "OpenStreetMap",
              "license": "ODbL-1.0",
              "record_id": "n4993718166@1",
              "update_time": "2017-07-26T02:39:29Z",
              "confidence": null,
              "between": null,
              "provider": "osm",
              "resource": "planet",
              "version": "2026-08-05"
            }
          ],
          "version": 1
        }
      }
    },
    {
      "type": "Feature",
      "id": "f5ed5165-66d7-4243-a22a-d95383d054a2",
      "geometry": {
        "type": "Point",
        "coordinates": [
          120.2077428,
          23.0245715
        ]
      },
      "properties": {
        "source": "overture",
        "sourceKey": "overture-connectors",
        "sourceVersion": "latest",
        "sourceFeatureId": "f5ed5165-66d7-4243-a22a-d95383d054a2",
        "facilityType": "unknown",
        "pedestrianAllowed": null,
        "bicycleAllowed": null,
        "direction": "unknown",
        "provenance": [
          {
            "property": "",
            "dataset": "OpenStreetMap",
            "license": "ODbL-1.0",
            "record_id": "n10251014701@1",
            "update_time": "2022-12-10T16:46:20Z",
            "confidence": null,
            "between": null,
            "provider": "osm",
            "resource": "planet",
            "version": "2026-08-05"
          }
        ],
        "connectorIds": [],
        "officialInventory": false,
        "name": null,
        "originalCrs": "EPSG:4326",
        "originalProperties": {
          "sources": [
            {
              "property": "",
              "dataset": "OpenStreetMap",
              "license": "ODbL-1.0",
              "record_id": "n10251014701@1",
              "update_time": "2022-12-10T16:46:20Z",
              "confidence": null,
              "between": null,
              "provider": "osm",
              "resource": "planet",
              "version": "2026-08-05"
            }
          ],
          "version": 1
        }
      }
    },
    {
      "type": "Feature",
      "id": "5fedf3aa-acd7-4b9b-92b3-86203c6da8c8",
      "geometry": {
        "type": "Point",
        "coordinates": [
          120.207728,
          23.024687
        ]
      },
      "properties": {
        "source": "overture",
        "sourceKey": "overture-connectors",
        "sourceVersion": "latest",
        "sourceFeatureId": "5fedf3aa-acd7-4b9b-92b3-86203c6da8c8",
        "facilityType": "unknown",
        "pedestrianAllowed": null,
        "bicycleAllowed": null,
        "direction": "unknown",
        "provenance": [
          {
            "property": "",
            "dataset": "OpenStreetMap",
            "license": "ODbL-1.0",
            "record_id": "n1711304048@3",
            "update_time": "2017-07-26T09:04:56Z",
            "confidence": null,
            "between": null,
            "provider": "osm",
            "resource": "planet",
            "version": "2026-08-05"
          }
        ],
        "connectorIds": [],
        "officialInventory": false,
        "name": null,
        "originalCrs": "EPSG:4326",
        "originalProperties": {
          "sources": [
            {
              "property": "",
              "dataset": "OpenStreetMap",
              "license": "ODbL-1.0",
              "record_id": "n1711304048@3",
              "update_time": "2017-07-26T09:04:56Z",
              "confidence": null,
              "between": null,
              "provider": "osm",
              "resource": "planet",
              "version": "2026-08-05"
            }
          ],
          "version": 1
        }
      }
    },
    {
      "type": "Feature",
      "id": "dba1958b-fc13-4575-b837-57c984ab5c0b",
      "geometry": {
        "type": "Point",
        "coordinates": [
          120.2073932,
          23.0246567
        ]
      },
      "properties": {
        "source": "overture",
        "sourceKey": "overture-connectors",
        "sourceVersion": "latest",
        "sourceFeatureId": "dba1958b-fc13-4575-b837-57c984ab5c0b",
        "facilityType": "unknown",
        "pedestrianAllowed": null,
        "bicycleAllowed": null,
        "direction": "unknown",
        "provenance": [
          {
            "property": "",
            "dataset": "OpenStreetMap",
            "license": "ODbL-1.0",
            "record_id": "n10251014702@1",
            "update_time": "2022-12-10T16:46:20Z",
            "confidence": null,
            "between": null,
            "provider": "osm",
            "resource": "planet",
            "version": "2026-08-05"
          }
        ],
        "connectorIds": [],
        "officialInventory": false,
        "name": null,
        "originalCrs": "EPSG:4326",
        "originalProperties": {
          "sources": [
            {
              "property": "",
              "dataset": "OpenStreetMap",
              "license": "ODbL-1.0",
              "record_id": "n10251014702@1",
              "update_time": "2022-12-10T16:46:20Z",
              "confidence": null,
              "between": null,
              "provider": "osm",
              "resource": "planet",
              "version": "2026-08-05"
            }
          ],
          "version": 1
        }
      }
    },
    {
      "type": "Feature",
      "id": "e8dbf4b3-a53e-4724-beae-0815a73c5c28",
      "geometry": {
        "type": "Point",
        "coordinates": [
          120.2073529,
          23.024653
        ]
      },
      "properties": {
        "source": "overture",
        "sourceKey": "overture-connectors",
        "sourceVersion": "latest",
        "sourceFeatureId": "e8dbf4b3-a53e-4724-beae-0815a73c5c28",
        "facilityType": "unknown",
        "pedestrianAllowed": null,
        "bicycleAllowed": null,
        "direction": "unknown",
        "provenance": [
          {
            "property": "",
            "dataset": "OpenStreetMap",
            "license": "ODbL-1.0",
            "record_id": "n4994319278@1",
            "update_time": "2017-07-26T09:04:55Z",
            "confidence": null,
            "between": null,
            "provider": "osm",
            "resource": "planet",
            "version": "2026-08-05"
          }
        ],
        "connectorIds": [],
        "officialInventory": false,
        "name": null,
        "originalCrs": "EPSG:4326",
        "originalProperties": {
          "sources": [
            {
              "property": "",
              "dataset": "OpenStreetMap",
              "license": "ODbL-1.0",
              "record_id": "n4994319278@1",
              "update_time": "2017-07-26T09:04:55Z",
              "confidence": null,
              "between": null,
              "provider": "osm",
              "resource": "planet",
              "version": "2026-08-05"
            }
          ],
          "version": 1
        }
      }
    },
    {
      "type": "Feature",
      "id": "2b98d71d-1911-4b1b-b099-22cc26b5d2f2",
      "geometry": {
        "type": "Point",
        "coordinates": [
          120.2069802,
          23.0246897
        ]
      },
      "properties": {
        "source": "overture",
        "sourceKey": "overture-connectors",
        "sourceVersion": "latest",
        "sourceFeatureId": "2b98d71d-1911-4b1b-b099-22cc26b5d2f2",
        "facilityType": "unknown",
        "pedestrianAllowed": null,
        "bicycleAllowed": null,
        "direction": "unknown",
        "provenance": [
          {
            "property": "",
            "dataset": "OpenStreetMap",
            "license": "ODbL-1.0",
            "record_id": "n10251017910@1",
            "update_time": "2022-12-10T16:46:20Z",
            "confidence": null,
            "between": null,
            "provider": "osm",
            "resource": "planet",
            "version": "2026-08-05"
          }
        ],
        "connectorIds": [],
        "officialInventory": false,
        "name": null,
        "originalCrs": "EPSG:4326",
        "originalProperties": {
          "sources": [
            {
              "property": "",
              "dataset": "OpenStreetMap",
              "license": "ODbL-1.0",
              "record_id": "n10251017910@1",
              "update_time": "2022-12-10T16:46:20Z",
              "confidence": null,
              "between": null,
              "provider": "osm",
              "resource": "planet",
              "version": "2026-08-05"
            }
          ],
          "version": 1
        }
      }
    },
    {
      "type": "Feature",
      "id": "75947bdc-5436-4c56-adc9-a62dad83ef35",
      "geometry": {
        "type": "Point",
        "coordinates": [
          120.2069872,
          23.0246238
        ]
      },
      "properties": {
        "source": "overture",
        "sourceKey": "overture-connectors",
        "sourceVersion": "latest",
        "sourceFeatureId": "75947bdc-5436-4c56-adc9-a62dad83ef35",
        "facilityType": "unknown",
        "pedestrianAllowed": null,
        "bicycleAllowed": null,
        "direction": "unknown",
        "provenance": [
          {
            "property": "",
            "dataset": "OpenStreetMap",
            "license": "ODbL-1.0",
            "record_id": "n4994319277@1",
            "update_time": "2017-07-26T09:04:55Z",
            "confidence": null,
            "between": null,
            "provider": "osm",
            "resource": "planet",
            "version": "2026-08-05"
          }
        ],
        "connectorIds": [],
        "officialInventory": false,
        "name": null,
        "originalCrs": "EPSG:4326",
        "originalProperties": {
          "sources": [
            {
              "property": "",
              "dataset": "OpenStreetMap",
              "license": "ODbL-1.0",
              "record_id": "n4994319277@1",
              "update_time": "2017-07-26T09:04:55Z",
              "confidence": null,
              "between": null,
              "provider": "osm",
              "resource": "planet",
              "version": "2026-08-05"
            }
          ],
          "version": 1
        }
      }
    },
    {
      "type": "Feature",
      "id": "995079b5-4734-4df8-b373-62941b438e4f",
      "geometry": {
        "type": "Point",
        "coordinates": [
          120.206998,
          23.0245123
        ]
      },
      "properties": {
        "source": "overture",
        "sourceKey": "overture-connectors",
        "sourceVersion": "latest",
        "sourceFeatureId": "995079b5-4734-4df8-b373-62941b438e4f",
        "facilityType": "unknown",
        "pedestrianAllowed": null,
        "bicycleAllowed": null,
        "direction": "unknown",
        "provenance": [
          {
            "property": "",
            "dataset": "OpenStreetMap",
            "license": "ODbL-1.0",
            "record_id": "n10251017909@1",
            "update_time": "2022-12-10T16:46:20Z",
            "confidence": null,
            "between": null,
            "provider": "osm",
            "resource": "planet",
            "version": "2026-08-05"
          }
        ],
        "connectorIds": [],
        "officialInventory": false,
        "name": null,
        "originalCrs": "EPSG:4326",
        "originalProperties": {
          "sources": [
            {
              "property": "",
              "dataset": "OpenStreetMap",
              "license": "ODbL-1.0",
              "record_id": "n10251017909@1",
              "update_time": "2022-12-10T16:46:20Z",
              "confidence": null,
              "between": null,
              "provider": "osm",
              "resource": "planet",
              "version": "2026-08-05"
            }
          ],
          "version": 1
        }
      }
    },
    {
      "type": "Feature",
      "id": "d23bf956-6963-4931-815c-729a81e8a8de",
      "geometry": {
        "type": "Point",
        "coordinates": [
          120.206546,
          23.0244785
        ]
      },
      "properties": {
        "source": "overture",
        "sourceKey": "overture-connectors",
        "sourceVersion": "latest",
        "sourceFeatureId": "d23bf956-6963-4931-815c-729a81e8a8de",
        "facilityType": "unknown",
        "pedestrianAllowed": null,
        "bicycleAllowed": null,
        "direction": "unknown",
        "provenance": [
          {
            "property": "",
            "dataset": "OpenStreetMap",
            "license": "ODbL-1.0",
            "record_id": "n10251017913@1",
            "update_time": "2022-12-10T16:46:20Z",
            "confidence": null,
            "between": null,
            "provider": "osm",
            "resource": "planet",
            "version": "2026-08-05"
          }
        ],
        "connectorIds": [],
        "officialInventory": false,
        "name": null,
        "originalCrs": "EPSG:4326",
        "originalProperties": {
          "sources": [
            {
              "property": "",
              "dataset": "OpenStreetMap",
              "license": "ODbL-1.0",
              "record_id": "n10251017913@1",
              "update_time": "2022-12-10T16:46:20Z",
              "confidence": null,
              "between": null,
              "provider": "osm",
              "resource": "planet",
              "version": "2026-08-05"
            }
          ],
          "version": 1
        }
      }
    },
    {
      "type": "Feature",
      "id": "1cec694d-31c1-4f81-9a68-fdc250fbdfe4",
      "geometry": {
        "type": "Point",
        "coordinates": [
          120.2065354,
          23.0245883
        ]
      },
      "properties": {
        "source": "overture",
        "sourceKey": "overture-connectors",
        "sourceVersion": "latest",
        "sourceFeatureId": "1cec694d-31c1-4f81-9a68-fdc250fbdfe4",
        "facilityType": "unknown",
        "pedestrianAllowed": null,
        "bicycleAllowed": null,
        "direction": "unknown",
        "provenance": [
          {
            "property": "",
            "dataset": "OpenStreetMap",
            "license": "ODbL-1.0",
            "record_id": "n4994319276@1",
            "update_time": "2017-07-26T09:04:55Z",
            "confidence": null,
            "between": null,
            "provider": "osm",
            "resource": "planet",
            "version": "2026-08-05"
          }
        ],
        "connectorIds": [],
        "officialInventory": false,
        "name": null,
        "originalCrs": "EPSG:4326",
        "originalProperties": {
          "sources": [
            {
              "property": "",
              "dataset": "OpenStreetMap",
              "license": "ODbL-1.0",
              "record_id": "n4994319276@1",
              "update_time": "2017-07-26T09:04:55Z",
              "confidence": null,
              "between": null,
              "provider": "osm",
              "resource": "planet",
              "version": "2026-08-05"
            }
          ],
          "version": 1
        }
      }
    },
    {
      "type": "Feature",
      "id": "dafeaa4d-6aef-4afb-9f09-91fd114b365e",
      "geometry": {
        "type": "Point",
        "coordinates": [
          120.2055493,
          23.0246525
        ]
      },
      "properties": {
        "source": "overture",
        "sourceKey": "overture-connectors",
        "sourceVersion": "latest",
        "sourceFeatureId": "dafeaa4d-6aef-4afb-9f09-91fd114b365e",
        "facilityType": "unknown",
        "pedestrianAllowed": null,
        "bicycleAllowed": null,
        "direction": "unknown",
        "provenance": [
          {
            "property": "",
            "dataset": "OpenStreetMap",
            "license": "ODbL-1.0",
            "record_id": "n10251017915@2",
            "update_time": "2026-02-24T03:16:42Z",
            "confidence": null,
            "between": null,
            "provider": "osm",
            "resource": "planet",
            "version": "2026-08-05"
          }
        ],
        "connectorIds": [],
        "officialInventory": false,
        "name": null,
        "originalCrs": "EPSG:4326",
        "originalProperties": {
          "sources": [
            {
              "property": "",
              "dataset": "OpenStreetMap",
              "license": "ODbL-1.0",
              "record_id": "n10251017915@2",
              "update_time": "2026-02-24T03:16:42Z",
              "confidence": null,
              "between": null,
              "provider": "osm",
              "resource": "planet",
              "version": "2026-08-05"
            }
          ],
          "version": 2
        }
      }
    },
    {
      "type": "Feature",
      "id": "7eccba3f-2cc5-493f-8cf8-d8bf094e33a2",
      "geometry": {
        "type": "Point",
        "coordinates": [
          120.205644,
          23.0245388
        ]
      },
      "properties": {
        "source": "overture",
        "sourceKey": "overture-connectors",
        "sourceVersion": "latest",
        "sourceFeatureId": "7eccba3f-2cc5-493f-8cf8-d8bf094e33a2",
        "facilityType": "unknown",
        "pedestrianAllowed": null,
        "bicycleAllowed": null,
        "direction": "unknown",
        "provenance": [
          {
            "property": "",
            "dataset": "OpenStreetMap",
            "license": "ODbL-1.0",
            "record_id": "n10251017914@1",
            "update_time": "2022-12-10T16:46:20Z",
            "confidence": null,
            "between": null,
            "provider": "osm",
            "resource": "planet",
            "version": "2026-08-05"
          }
        ],
        "connectorIds": [],
        "officialInventory": false,
        "name": null,
        "originalCrs": "EPSG:4326",
        "originalProperties": {
          "sources": [
            {
              "property": "",
              "dataset": "OpenStreetMap",
              "license": "ODbL-1.0",
              "record_id": "n10251017914@1",
              "update_time": "2022-12-10T16:46:20Z",
              "confidence": null,
              "between": null,
              "provider": "osm",
              "resource": "planet",
              "version": "2026-08-05"
            }
          ],
          "version": 1
        }
      }
    },
    {
      "type": "Feature",
      "id": "b47fb1d9-17f3-4a67-b61d-30c30afb5d66",
      "geometry": {
        "type": "Point",
        "coordinates": [
          120.2054929,
          23.024527
        ]
      },
      "properties": {
        "source": "overture",
        "sourceKey": "overture-connectors",
        "sourceVersion": "latest",
        "sourceFeatureId": "b47fb1d9-17f3-4a67-b61d-30c30afb5d66",
        "facilityType": "unknown",
        "pedestrianAllowed": null,
        "bicycleAllowed": null,
        "direction": "unknown",
        "provenance": [
          {
            "property": "",
            "dataset": "OpenStreetMap",
            "license": "ODbL-1.0",
            "record_id": "n10251017923@1",
            "update_time": "2022-12-10T16:46:20Z",
            "confidence": null,
            "between": null,
            "provider": "osm",
            "resource": "planet",
            "version": "2026-08-05"
          }
        ],
        "connectorIds": [],
        "officialInventory": false,
        "name": null,
        "originalCrs": "EPSG:4326",
        "originalProperties": {
          "sources": [
            {
              "property": "",
              "dataset": "OpenStreetMap",
              "license": "ODbL-1.0",
              "record_id": "n10251017923@1",
              "update_time": "2022-12-10T16:46:20Z",
              "confidence": null,
              "between": null,
              "provider": "osm",
              "resource": "planet",
              "version": "2026-08-05"
            }
          ],
          "version": 1
        }
      }
    },
    {
      "type": "Feature",
      "id": "c87b500b-2f02-46aa-8fb0-cce21f5cfb6c",
      "geometry": {
        "type": "Point",
        "coordinates": [
          120.2055586,
          23.0245333
        ]
      },
      "properties": {
        "source": "overture",
        "sourceKey": "overture-connectors",
        "sourceVersion": "latest",
        "sourceFeatureId": "c87b500b-2f02-46aa-8fb0-cce21f5cfb6c",
        "facilityType": "unknown",
        "pedestrianAllowed": null,
        "bicycleAllowed": null,
        "direction": "unknown",
        "provenance": [
          {
            "property": "",
            "dataset": "OpenStreetMap",
            "license": "ODbL-1.0",
            "record_id": "n13098626307@2",
            "update_time": "2026-02-24T03:16:42Z",
            "confidence": null,
            "between": null,
            "provider": "osm",
            "resource": "planet",
            "version": "2026-08-05"
          }
        ],
        "connectorIds": [],
        "officialInventory": false,
        "name": null,
        "originalCrs": "EPSG:4326",
        "originalProperties": {
          "sources": [
            {
              "property": "",
              "dataset": "OpenStreetMap",
              "license": "ODbL-1.0",
              "record_id": "n13098626307@2",
              "update_time": "2026-02-24T03:16:42Z",
              "confidence": null,
              "between": null,
              "provider": "osm",
              "resource": "planet",
              "version": "2026-08-05"
            }
          ],
          "version": 2
        }
      }
    },
    {
      "type": "Feature",
      "id": "36d9d037-cf8d-4fca-be83-c214bfef3f35",
      "geometry": {
        "type": "Point",
        "coordinates": [
          120.2057936,
          23.0245471
        ]
      },
      "properties": {
        "source": "overture",
        "sourceKey": "overture-connectors",
        "sourceVersion": "latest",
        "sourceFeatureId": "36d9d037-cf8d-4fca-be83-c214bfef3f35",
        "facilityType": "unknown",
        "pedestrianAllowed": null,
        "bicycleAllowed": null,
        "direction": "unknown",
        "provenance": [
          {
            "property": "",
            "dataset": "OpenStreetMap",
            "license": "ODbL-1.0",
            "record_id": "n10251017916@1",
            "update_time": "2022-12-10T16:46:20Z",
            "confidence": null,
            "between": null,
            "provider": "osm",
            "resource": "planet",
            "version": "2026-08-05"
          }
        ],
        "connectorIds": [],
        "officialInventory": false,
        "name": null,
        "originalCrs": "EPSG:4326",
        "originalProperties": {
          "sources": [
            {
              "property": "",
              "dataset": "OpenStreetMap",
              "license": "ODbL-1.0",
              "record_id": "n10251017916@1",
              "update_time": "2022-12-10T16:46:20Z",
              "confidence": null,
              "between": null,
              "provider": "osm",
              "resource": "planet",
              "version": "2026-08-05"
            }
          ],
          "version": 1
        }
      }
    },
    {
      "type": "Feature",
      "id": "c89ac226-e265-420e-90f6-52b209613a10",
      "geometry": {
        "type": "Point",
        "coordinates": [
          120.2058047,
          23.0244231
        ]
      },
      "properties": {
        "source": "overture",
        "sourceKey": "overture-connectors",
        "sourceVersion": "latest",
        "sourceFeatureId": "c89ac226-e265-420e-90f6-52b209613a10",
        "facilityType": "unknown",
        "pedestrianAllowed": null,
        "bicycleAllowed": null,
        "direction": "unknown",
        "provenance": [
          {
            "property": "",
            "dataset": "OpenStreetMap",
            "license": "ODbL-1.0",
            "record_id": "n10251017917@1",
            "update_time": "2022-12-10T16:46:20Z",
            "confidence": null,
            "between": null,
            "provider": "osm",
            "resource": "planet",
            "version": "2026-08-05"
          }
        ],
        "connectorIds": [],
        "officialInventory": false,
        "name": null,
        "originalCrs": "EPSG:4326",
        "originalProperties": {
          "sources": [
            {
              "property": "",
              "dataset": "OpenStreetMap",
              "license": "ODbL-1.0",
              "record_id": "n10251017917@1",
              "update_time": "2022-12-10T16:46:20Z",
              "confidence": null,
              "between": null,
              "provider": "osm",
              "resource": "planet",
              "version": "2026-08-05"
            }
          ],
          "version": 1
        }
      }
    },
    {
      "type": "Feature",
      "id": "9e9d726d-1e16-48fa-88b9-86e5f86f2ed9",
      "geometry": {
        "type": "Point",
        "coordinates": [
          120.2052516,
          23.0243681
        ]
      },
      "properties": {
        "source": "overture",
        "sourceKey": "overture-connectors",
        "sourceVersion": "latest",
        "sourceFeatureId": "9e9d726d-1e16-48fa-88b9-86e5f86f2ed9",
        "facilityType": "unknown",
        "pedestrianAllowed": null,
        "bicycleAllowed": null,
        "direction": "unknown",
        "provenance": [
          {
            "property": "",
            "dataset": "OpenStreetMap",
            "license": "ODbL-1.0",
            "record_id": "n10251017932@1",
            "update_time": "2022-12-10T16:46:20Z",
            "confidence": null,
            "between": null,
            "provider": "osm",
            "resource": "planet",
            "version": "2026-08-05"
          }
        ],
        "connectorIds": [],
        "officialInventory": false,
        "name": null,
        "originalCrs": "EPSG:4326",
        "originalProperties": {
          "sources": [
            {
              "property": "",
              "dataset": "OpenStreetMap",
              "license": "ODbL-1.0",
              "record_id": "n10251017932@1",
              "update_time": "2022-12-10T16:46:20Z",
              "confidence": null,
              "between": null,
              "provider": "osm",
              "resource": "planet",
              "version": "2026-08-05"
            }
          ],
          "version": 1
        }
      }
    },
    {
      "type": "Feature",
      "id": "7ed44a82-3a5a-42c4-b975-2877d2b65f4d",
      "geometry": {
        "type": "Point",
        "coordinates": [
          120.2051563,
          23.0244909
        ]
      },
      "properties": {
        "source": "overture",
        "sourceKey": "overture-connectors",
        "sourceVersion": "latest",
        "sourceFeatureId": "7ed44a82-3a5a-42c4-b975-2877d2b65f4d",
        "facilityType": "unknown",
        "pedestrianAllowed": null,
        "bicycleAllowed": null,
        "direction": "unknown",
        "provenance": [
          {
            "property": "",
            "dataset": "OpenStreetMap",
            "license": "ODbL-1.0",
            "record_id": "n4994319274@2",
            "update_time": "2021-01-03T14:44:12Z",
            "confidence": null,
            "between": null,
            "provider": "osm",
            "resource": "planet",
            "version": "2026-08-05"
          }
        ],
        "connectorIds": [],
        "officialInventory": false,
        "name": null,
        "originalCrs": "EPSG:4326",
        "originalProperties": {
          "sources": [
            {
              "property": "",
              "dataset": "OpenStreetMap",
              "license": "ODbL-1.0",
              "record_id": "n4994319274@2",
              "update_time": "2021-01-03T14:44:12Z",
              "confidence": null,
              "between": null,
              "provider": "osm",
              "resource": "planet",
              "version": "2026-08-05"
            }
          ],
          "version": 1
        }
      }
    },
    {
      "type": "Feature",
      "id": "2a8203da-6914-4b3d-bcb8-558f9936537b",
      "geometry": {
        "type": "Point",
        "coordinates": [
          120.2051464,
          23.024575
        ]
      },
      "properties": {
        "source": "overture",
        "sourceKey": "overture-connectors",
        "sourceVersion": "latest",
        "sourceFeatureId": "2a8203da-6914-4b3d-bcb8-558f9936537b",
        "facilityType": "unknown",
        "pedestrianAllowed": null,
        "bicycleAllowed": null,
        "direction": "unknown",
        "provenance": [
          {
            "property": "",
            "dataset": "OpenStreetMap",
            "license": "ODbL-1.0",
            "record_id": "n10251017921@1",
            "update_time": "2022-12-10T16:46:20Z",
            "confidence": null,
            "between": null,
            "provider": "osm",
            "resource": "planet",
            "version": "2026-08-05"
          }
        ],
        "connectorIds": [],
        "officialInventory": false,
        "name": null,
        "originalCrs": "EPSG:4326",
        "originalProperties": {
          "sources": [
            {
              "property": "",
              "dataset": "OpenStreetMap",
              "license": "ODbL-1.0",
              "record_id": "n10251017921@1",
              "update_time": "2022-12-10T16:46:20Z",
              "confidence": null,
              "between": null,
              "provider": "osm",
              "resource": "planet",
              "version": "2026-08-05"
            }
          ],
          "version": 1
        }
      }
    },
    {
      "type": "Feature",
      "id": "8e7e7bd4-2385-45bf-8390-d6d8e10f0029",
      "geometry": {
        "type": "Point",
        "coordinates": [
          120.2052379,
          23.0244996
        ]
      },
      "properties": {
        "source": "overture",
        "sourceKey": "overture-connectors",
        "sourceVersion": "latest",
        "sourceFeatureId": "8e7e7bd4-2385-45bf-8390-d6d8e10f0029",
        "facilityType": "unknown",
        "pedestrianAllowed": null,
        "bicycleAllowed": null,
        "direction": "unknown",
        "provenance": [
          {
            "property": "",
            "dataset": "OpenStreetMap",
            "license": "ODbL-1.0",
            "record_id": "n10251017931@1",
            "update_time": "2022-12-10T16:46:20Z",
            "confidence": null,
            "between": null,
            "provider": "osm",
            "resource": "planet",
            "version": "2026-08-05"
          }
        ],
        "connectorIds": [],
        "officialInventory": false,
        "name": null,
        "originalCrs": "EPSG:4326",
        "originalProperties": {
          "sources": [
            {
              "property": "",
              "dataset": "OpenStreetMap",
              "license": "ODbL-1.0",
              "record_id": "n10251017931@1",
              "update_time": "2022-12-10T16:46:20Z",
              "confidence": null,
              "between": null,
              "provider": "osm",
              "resource": "planet",
              "version": "2026-08-05"
            }
          ],
          "version": 1
        }
      }
    },
    {
      "type": "Feature",
      "id": "79b26d66-8283-42f6-aeb7-94d99f739afc",
      "geometry": {
        "type": "Point",
        "coordinates": [
          120.2053169,
          23.0245779
        ]
      },
      "properties": {
        "source": "overture",
        "sourceKey": "overture-connectors",
        "sourceVersion": "latest",
        "sourceFeatureId": "79b26d66-8283-42f6-aeb7-94d99f739afc",
        "facilityType": "unknown",
        "pedestrianAllowed": null,
        "bicycleAllowed": null,
        "direction": "unknown",
        "provenance": [
          {
            "property": "",
            "dataset": "OpenStreetMap",
            "license": "ODbL-1.0",
            "record_id": "n10251017928@1",
            "update_time": "2022-12-10T16:46:20Z",
            "confidence": null,
            "between": null,
            "provider": "osm",
            "resource": "planet",
            "version": "2026-08-05"
          }
        ],
        "connectorIds": [],
        "officialInventory": false,
        "name": null,
        "originalCrs": "EPSG:4326",
        "originalProperties": {
          "sources": [
            {
              "property": "",
              "dataset": "OpenStreetMap",
              "license": "ODbL-1.0",
              "record_id": "n10251017928@1",
              "update_time": "2022-12-10T16:46:20Z",
              "confidence": null,
              "between": null,
              "provider": "osm",
              "resource": "planet",
              "version": "2026-08-05"
            }
          ],
          "version": 1
        }
      }
    },
    {
      "type": "Feature",
      "id": "9f9dd571-053e-45a8-975f-47f185fd456d",
      "geometry": {
        "type": "Point",
        "coordinates": [
          120.2054438,
          23.0245995
        ]
      },
      "properties": {
        "source": "overture",
        "sourceKey": "overture-connectors",
        "sourceVersion": "latest",
        "sourceFeatureId": "9f9dd571-053e-45a8-975f-47f185fd456d",
        "facilityType": "unknown",
        "pedestrianAllowed": null,
        "bicycleAllowed": null,
        "direction": "unknown",
        "provenance": [
          {
            "property": "",
            "dataset": "OpenStreetMap",
            "license": "ODbL-1.0",
            "record_id": "n10251017918@2",
            "update_time": "2025-10-07T08:13:52Z",
            "confidence": null,
            "between": null,
            "provider": "osm",
            "resource": "planet",
            "version": "2026-08-05"
          }
        ],
        "connectorIds": [],
        "officialInventory": false,
        "name": null,
        "originalCrs": "EPSG:4326",
        "originalProperties": {
          "sources": [
            {
              "property": "",
              "dataset": "OpenStreetMap",
              "license": "ODbL-1.0",
              "record_id": "n10251017918@2",
              "update_time": "2025-10-07T08:13:52Z",
              "confidence": null,
              "between": null,
              "provider": "osm",
              "resource": "planet",
              "version": "2026-08-05"
            }
          ],
          "version": 2
        }
      }
    },
    {
      "type": "Feature",
      "id": "c649a2c2-8e1c-4634-9827-819eae51913e",
      "geometry": {
        "type": "Point",
        "coordinates": [
          120.2050724,
          23.024476
        ]
      },
      "properties": {
        "source": "overture",
        "sourceKey": "overture-connectors",
        "sourceVersion": "latest",
        "sourceFeatureId": "c649a2c2-8e1c-4634-9827-819eae51913e",
        "facilityType": "unknown",
        "pedestrianAllowed": null,
        "bicycleAllowed": null,
        "direction": "unknown",
        "provenance": [
          {
            "property": "",
            "dataset": "OpenStreetMap",
            "license": "ODbL-1.0",
            "record_id": "n10251017922@1",
            "update_time": "2022-12-10T16:46:20Z",
            "confidence": null,
            "between": null,
            "provider": "osm",
            "resource": "planet",
            "version": "2026-08-05"
          }
        ],
        "connectorIds": [],
        "officialInventory": false,
        "name": null,
        "originalCrs": "EPSG:4326",
        "originalProperties": {
          "sources": [
            {
              "property": "",
              "dataset": "OpenStreetMap",
              "license": "ODbL-1.0",
              "record_id": "n10251017922@1",
              "update_time": "2022-12-10T16:46:20Z",
              "confidence": null,
              "between": null,
              "provider": "osm",
              "resource": "planet",
              "version": "2026-08-05"
            }
          ],
          "version": 1
        }
      }
    },
    {
      "type": "Feature",
      "id": "6540aa18-b148-4a46-9a25-27f70cd7b334",
      "geometry": {
        "type": "Point",
        "coordinates": [
          120.204689,
          23.024408
        ]
      },
      "properties": {
        "source": "overture",
        "sourceKey": "overture-connectors",
        "sourceVersion": "latest",
        "sourceFeatureId": "6540aa18-b148-4a46-9a25-27f70cd7b334",
        "facilityType": "unknown",
        "pedestrianAllowed": null,
        "bicycleAllowed": null,
        "direction": "unknown",
        "provenance": [
          {
            "property": "",
            "dataset": "OpenStreetMap",
            "license": "ODbL-1.0",
            "record_id": "n1585378061@3",
            "update_time": "2017-07-26T09:04:56Z",
            "confidence": null,
            "between": null,
            "provider": "osm",
            "resource": "planet",
            "version": "2026-08-05"
          }
        ],
        "connectorIds": [],
        "officialInventory": false,
        "name": null,
        "originalCrs": "EPSG:4326",
        "originalProperties": {
          "sources": [
            {
              "property": "",
              "dataset": "OpenStreetMap",
              "license": "ODbL-1.0",
              "record_id": "n1585378061@3",
              "update_time": "2017-07-26T09:04:56Z",
              "confidence": null,
              "between": null,
              "provider": "osm",
              "resource": "planet",
              "version": "2026-08-05"
            }
          ],
          "version": 1
        }
      }
    },
    {
      "type": "Feature",
      "id": "2d6f2ecd-ed6b-4958-bdc6-e2788d99194c",
      "geometry": {
        "type": "Point",
        "coordinates": [
          120.2036164,
          23.024243
        ]
      },
      "properties": {
        "source": "overture",
        "sourceKey": "overture-connectors",
        "sourceVersion": "latest",
        "sourceFeatureId": "2d6f2ecd-ed6b-4958-bdc6-e2788d99194c",
        "facilityType": "unknown",
        "pedestrianAllowed": null,
        "bicycleAllowed": null,
        "direction": "unknown",
        "provenance": [
          {
            "property": "",
            "dataset": "OpenStreetMap",
            "license": "ODbL-1.0",
            "record_id": "n4994319271@1",
            "update_time": "2017-07-26T09:04:55Z",
            "confidence": null,
            "between": null,
            "provider": "osm",
            "resource": "planet",
            "version": "2026-08-05"
          }
        ],
        "connectorIds": [],
        "officialInventory": false,
        "name": null,
        "originalCrs": "EPSG:4326",
        "originalProperties": {
          "sources": [
            {
              "property": "",
              "dataset": "OpenStreetMap",
              "license": "ODbL-1.0",
              "record_id": "n4994319271@1",
              "update_time": "2017-07-26T09:04:55Z",
              "confidence": null,
              "between": null,
              "provider": "osm",
              "resource": "planet",
              "version": "2026-08-05"
            }
          ],
          "version": 1
        }
      }
    },
    {
      "type": "Feature",
      "id": "509de1f5-e787-4fc8-b79b-852eb83df72a",
      "geometry": {
        "type": "Point",
        "coordinates": [
          120.2039757,
          23.0242929
        ]
      },
      "properties": {
        "source": "overture",
        "sourceKey": "overture-connectors",
        "sourceVersion": "latest",
        "sourceFeatureId": "509de1f5-e787-4fc8-b79b-852eb83df72a",
        "facilityType": "unknown",
        "pedestrianAllowed": null,
        "bicycleAllowed": null,
        "direction": "unknown",
        "provenance": [
          {
            "property": "",
            "dataset": "OpenStreetMap",
            "license": "ODbL-1.0",
            "record_id": "n4994319272@1",
            "update_time": "2017-07-26T09:04:55Z",
            "confidence": null,
            "between": null,
            "provider": "osm",
            "resource": "planet",
            "version": "2026-08-05"
          }
        ],
        "connectorIds": [],
        "officialInventory": false,
        "name": null,
        "originalCrs": "EPSG:4326",
        "originalProperties": {
          "sources": [
            {
              "property": "",
              "dataset": "OpenStreetMap",
              "license": "ODbL-1.0",
              "record_id": "n4994319272@1",
              "update_time": "2017-07-26T09:04:55Z",
              "confidence": null,
              "between": null,
              "provider": "osm",
              "resource": "planet",
              "version": "2026-08-05"
            }
          ],
          "version": 1
        }
      }
    },
    {
      "type": "Feature",
      "id": "e8d17460-6364-449f-9259-cd5ca7612ff7",
      "geometry": {
        "type": "Point",
        "coordinates": [
          120.2042762,
          23.0243378
        ]
      },
      "properties": {
        "source": "overture",
        "sourceKey": "overture-connectors",
        "sourceVersion": "latest",
        "sourceFeatureId": "e8d17460-6364-449f-9259-cd5ca7612ff7",
        "facilityType": "unknown",
        "pedestrianAllowed": null,
        "bicycleAllowed": null,
        "direction": "unknown",
        "provenance": [
          {
            "property": "",
            "dataset": "OpenStreetMap",
            "license": "ODbL-1.0",
            "record_id": "n4994319273@1",
            "update_time": "2017-07-26T09:04:55Z",
            "confidence": null,
            "between": null,
            "provider": "osm",
            "resource": "planet",
            "version": "2026-08-05"
          }
        ],
        "connectorIds": [],
        "officialInventory": false,
        "name": null,
        "originalCrs": "EPSG:4326",
        "originalProperties": {
          "sources": [
            {
              "property": "",
              "dataset": "OpenStreetMap",
              "license": "ODbL-1.0",
              "record_id": "n4994319273@1",
              "update_time": "2017-07-26T09:04:55Z",
              "confidence": null,
              "between": null,
              "provider": "osm",
              "resource": "planet",
              "version": "2026-08-05"
            }
          ],
          "version": 1
        }
      }
    },
    {
      "type": "Feature",
      "id": "0ef2d72f-89d7-4ab0-a47c-06df21165126",
      "geometry": {
        "type": "Point",
        "coordinates": [
          120.2029734,
          23.0245423
        ]
      },
      "properties": {
        "source": "overture",
        "sourceKey": "overture-connectors",
        "sourceVersion": "latest",
        "sourceFeatureId": "0ef2d72f-89d7-4ab0-a47c-06df21165126",
        "facilityType": "unknown",
        "pedestrianAllowed": null,
        "bicycleAllowed": null,
        "direction": "unknown",
        "provenance": [
          {
            "property": "",
            "dataset": "OpenStreetMap",
            "license": "ODbL-1.0",
            "record_id": "n1711338674@3",
            "update_time": "2016-09-29T14:40:24Z",
            "confidence": null,
            "between": null,
            "provider": "osm",
            "resource": "planet",
            "version": "2026-08-05"
          }
        ],
        "connectorIds": [],
        "officialInventory": false,
        "name": null,
        "originalCrs": "EPSG:4326",
        "originalProperties": {
          "sources": [
            {
              "property": "",
              "dataset": "OpenStreetMap",
              "license": "ODbL-1.0",
              "record_id": "n1711338674@3",
              "update_time": "2016-09-29T14:40:24Z",
              "confidence": null,
              "between": null,
              "provider": "osm",
              "resource": "planet",
              "version": "2026-08-05"
            }
          ],
          "version": 1
        }
      }
    },
    {
      "type": "Feature",
      "id": "3c93b979-24ca-42ae-8ee4-bdf127d84e2a",
      "geometry": {
        "type": "Point",
        "coordinates": [
          120.2027201,
          23.0244985
        ]
      },
      "properties": {
        "source": "overture",
        "sourceKey": "overture-connectors",
        "sourceVersion": "latest",
        "sourceFeatureId": "3c93b979-24ca-42ae-8ee4-bdf127d84e2a",
        "facilityType": "unknown",
        "pedestrianAllowed": null,
        "bicycleAllowed": null,
        "direction": "unknown",
        "provenance": [
          {
            "property": "",
            "dataset": "OpenStreetMap",
            "license": "ODbL-1.0",
            "record_id": "n1711338672@6",
            "update_time": "2026-03-11T16:47:13Z",
            "confidence": null,
            "between": null,
            "provider": "osm",
            "resource": "planet",
            "version": "2026-08-05"
          }
        ],
        "connectorIds": [],
        "officialInventory": false,
        "name": null,
        "originalCrs": "EPSG:4326",
        "originalProperties": {
          "sources": [
            {
              "property": "",
              "dataset": "OpenStreetMap",
              "license": "ODbL-1.0",
              "record_id": "n1711338672@6",
              "update_time": "2026-03-11T16:47:13Z",
              "confidence": null,
              "between": null,
              "provider": "osm",
              "resource": "planet",
              "version": "2026-08-05"
            }
          ],
          "version": 2
        }
      }
    },
    {
      "type": "Feature",
      "id": "1e4ac911-ee3e-4b0c-9fc6-d9c04eff1e1d",
      "geometry": {
        "type": "Point",
        "coordinates": [
          120.2021859,
          23.024384
        ]
      },
      "properties": {
        "source": "overture",
        "sourceKey": "overture-connectors",
        "sourceVersion": "latest",
        "sourceFeatureId": "1e4ac911-ee3e-4b0c-9fc6-d9c04eff1e1d",
        "facilityType": "unknown",
        "pedestrianAllowed": null,
        "bicycleAllowed": null,
        "direction": "unknown",
        "provenance": [
          {
            "property": "",
            "dataset": "OpenStreetMap",
            "license": "ODbL-1.0",
            "record_id": "n8419976956@3",
            "update_time": "2026-02-24T03:16:42Z",
            "confidence": null,
            "between": null,
            "provider": "osm",
            "resource": "planet",
            "version": "2026-08-05"
          }
        ],
        "connectorIds": [],
        "officialInventory": false,
        "name": null,
        "originalCrs": "EPSG:4326",
        "originalProperties": {
          "sources": [
            {
              "property": "",
              "dataset": "OpenStreetMap",
              "license": "ODbL-1.0",
              "record_id": "n8419976956@3",
              "update_time": "2026-02-24T03:16:42Z",
              "confidence": null,
              "between": null,
              "provider": "osm",
              "resource": "planet",
              "version": "2026-08-05"
            }
          ],
          "version": 2
        }
      }
    },
    {
      "type": "Feature",
      "id": "286fc06d-f6a4-4ccd-895b-bfd32aeeaaf6",
      "geometry": {
        "type": "Point",
        "coordinates": [
          120.2028129,
          23.0240943
        ]
      },
      "properties": {
        "source": "overture",
        "sourceKey": "overture-connectors",
        "sourceVersion": "latest",
        "sourceFeatureId": "286fc06d-f6a4-4ccd-895b-bfd32aeeaaf6",
        "facilityType": "unknown",
        "pedestrianAllowed": null,
        "bicycleAllowed": null,
        "direction": "unknown",
        "provenance": [
          {
            "property": "",
            "dataset": "OpenStreetMap",
            "license": "ODbL-1.0",
            "record_id": "n4994319270@4",
            "update_time": "2026-03-11T16:47:13Z",
            "confidence": null,
            "between": null,
            "provider": "osm",
            "resource": "planet",
            "version": "2026-08-05"
          }
        ],
        "connectorIds": [],
        "officialInventory": false,
        "name": null,
        "originalCrs": "EPSG:4326",
        "originalProperties": {
          "sources": [
            {
              "property": "",
              "dataset": "OpenStreetMap",
              "license": "ODbL-1.0",
              "record_id": "n4994319270@4",
              "update_time": "2026-03-11T16:47:13Z",
              "confidence": null,
              "between": null,
              "provider": "osm",
              "resource": "planet",
              "version": "2026-08-05"
            }
          ],
          "version": 2
        }
      }
    },
    {
      "type": "Feature",
      "id": "2ce37286-4a8e-487e-9009-f9da4cf17fbf",
      "geometry": {
        "type": "Point",
        "coordinates": [
          120.2032565,
          23.0241806
        ]
      },
      "properties": {
        "source": "overture",
        "sourceKey": "overture-connectors",
        "sourceVersion": "latest",
        "sourceFeatureId": "2ce37286-4a8e-487e-9009-f9da4cf17fbf",
        "facilityType": "unknown",
        "pedestrianAllowed": null,
        "bicycleAllowed": null,
        "direction": "unknown",
        "provenance": [
          {
            "property": "",
            "dataset": "OpenStreetMap",
            "license": "ODbL-1.0",
            "record_id": "n1711338662@3",
            "update_time": "2017-07-26T09:04:56Z",
            "confidence": null,
            "between": null,
            "provider": "osm",
            "resource": "planet",
            "version": "2026-08-05"
          }
        ],
        "connectorIds": [],
        "officialInventory": false,
        "name": null,
        "originalCrs": "EPSG:4326",
        "originalProperties": {
          "sources": [
            {
              "property": "",
              "dataset": "OpenStreetMap",
              "license": "ODbL-1.0",
              "record_id": "n1711338662@3",
              "update_time": "2017-07-26T09:04:56Z",
              "confidence": null,
              "between": null,
              "provider": "osm",
              "resource": "planet",
              "version": "2026-08-05"
            }
          ],
          "version": 1
        }
      }
    },
    {
      "type": "Feature",
      "id": "8018abb5-187f-4b41-a429-1e46330c9952",
      "geometry": {
        "type": "Point",
        "coordinates": [
          120.2012602,
          23.0242158
        ]
      },
      "properties": {
        "source": "overture",
        "sourceKey": "overture-connectors",
        "sourceVersion": "latest",
        "sourceFeatureId": "8018abb5-187f-4b41-a429-1e46330c9952",
        "facilityType": "unknown",
        "pedestrianAllowed": null,
        "bicycleAllowed": null,
        "direction": "unknown",
        "provenance": [
          {
            "property": "",
            "dataset": "OpenStreetMap",
            "license": "ODbL-1.0",
            "record_id": "n5114745544@2",
            "update_time": "2023-01-19T02:21:11Z",
            "confidence": null,
            "between": null,
            "provider": "osm",
            "resource": "planet",
            "version": "2026-08-05"
          }
        ],
        "connectorIds": [],
        "officialInventory": false,
        "name": null,
        "originalCrs": "EPSG:4326",
        "originalProperties": {
          "sources": [
            {
              "property": "",
              "dataset": "OpenStreetMap",
              "license": "ODbL-1.0",
              "record_id": "n5114745544@2",
              "update_time": "2023-01-19T02:21:11Z",
              "confidence": null,
              "between": null,
              "provider": "osm",
              "resource": "planet",
              "version": "2026-08-05"
            }
          ],
          "version": 1
        }
      }
    },
    {
      "type": "Feature",
      "id": "06f6bcae-accc-472b-a227-a043e3d35abf",
      "geometry": {
        "type": "Point",
        "coordinates": [
          120.1997311,
          23.0246642
        ]
      },
      "properties": {
        "source": "overture",
        "sourceKey": "overture-connectors",
        "sourceVersion": "latest",
        "sourceFeatureId": "06f6bcae-accc-472b-a227-a043e3d35abf",
        "facilityType": "unknown",
        "pedestrianAllowed": null,
        "bicycleAllowed": null,
        "direction": "unknown",
        "provenance": [
          {
            "property": "",
            "dataset": "OpenStreetMap",
            "license": "ODbL-1.0",
            "record_id": "n8419976951@1",
            "update_time": "2021-02-13T09:13:12Z",
            "confidence": null,
            "between": null,
            "provider": "osm",
            "resource": "planet",
            "version": "2026-08-05"
          }
        ],
        "connectorIds": [],
        "officialInventory": false,
        "name": null,
        "originalCrs": "EPSG:4326",
        "originalProperties": {
          "sources": [
            {
              "property": "",
              "dataset": "OpenStreetMap",
              "license": "ODbL-1.0",
              "record_id": "n8419976951@1",
              "update_time": "2021-02-13T09:13:12Z",
              "confidence": null,
              "between": null,
              "provider": "osm",
              "resource": "planet",
              "version": "2026-08-05"
            }
          ],
          "version": 1
        }
      }
    },
    {
      "type": "Feature",
      "id": "9c2a6ced-ef67-4986-8006-9b02d028972d",
      "geometry": {
        "type": "Point",
        "coordinates": [
          120.1991743,
          23.0242505
        ]
      },
      "properties": {
        "source": "overture",
        "sourceKey": "overture-connectors",
        "sourceVersion": "latest",
        "sourceFeatureId": "9c2a6ced-ef67-4986-8006-9b02d028972d",
        "facilityType": "unknown",
        "pedestrianAllowed": null,
        "bicycleAllowed": null,
        "direction": "unknown",
        "provenance": [
          {
            "property": "",
            "dataset": "OpenStreetMap",
            "license": "ODbL-1.0",
            "record_id": "n1711338664@4",
            "update_time": "2017-07-19T09:08:49Z",
            "confidence": null,
            "between": null,
            "provider": "osm",
            "resource": "planet",
            "version": "2026-08-05"
          }
        ],
        "connectorIds": [],
        "officialInventory": false,
        "name": null,
        "originalCrs": "EPSG:4326",
        "originalProperties": {
          "sources": [
            {
              "property": "",
              "dataset": "OpenStreetMap",
              "license": "ODbL-1.0",
              "record_id": "n1711338664@4",
              "update_time": "2017-07-19T09:08:49Z",
              "confidence": null,
              "between": null,
              "provider": "osm",
              "resource": "planet",
              "version": "2026-08-05"
            }
          ],
          "version": 1
        }
      }
    },
    {
      "type": "Feature",
      "id": "db32a851-a629-416e-aa71-c83ee8862389",
      "geometry": {
        "type": "Point",
        "coordinates": [
          120.1992767,
          23.0242714
        ]
      },
      "properties": {
        "source": "overture",
        "sourceKey": "overture-connectors",
        "sourceVersion": "latest",
        "sourceFeatureId": "db32a851-a629-416e-aa71-c83ee8862389",
        "facilityType": "unknown",
        "pedestrianAllowed": null,
        "bicycleAllowed": null,
        "direction": "unknown",
        "provenance": [
          {
            "property": "",
            "dataset": "OpenStreetMap",
            "license": "ODbL-1.0",
            "record_id": "n1711338665@4",
            "update_time": "2017-07-19T09:08:49Z",
            "confidence": null,
            "between": null,
            "provider": "osm",
            "resource": "planet",
            "version": "2026-08-05"
          }
        ],
        "connectorIds": [],
        "officialInventory": false,
        "name": null,
        "originalCrs": "EPSG:4326",
        "originalProperties": {
          "sources": [
            {
              "property": "",
              "dataset": "OpenStreetMap",
              "license": "ODbL-1.0",
              "record_id": "n1711338665@4",
              "update_time": "2017-07-19T09:08:49Z",
              "confidence": null,
              "between": null,
              "provider": "osm",
              "resource": "planet",
              "version": "2026-08-05"
            }
          ],
          "version": 1
        }
      }
    },
    {
      "type": "Feature",
      "id": "efa546a0-4d99-4249-95ae-5e51a006d010",
      "geometry": {
        "type": "Point",
        "coordinates": [
          120.1996231,
          23.0243418
        ]
      },
      "properties": {
        "source": "overture",
        "sourceKey": "overture-connectors",
        "sourceVersion": "latest",
        "sourceFeatureId": "efa546a0-4d99-4249-95ae-5e51a006d010",
        "facilityType": "unknown",
        "pedestrianAllowed": null,
        "bicycleAllowed": null,
        "direction": "unknown",
        "provenance": [
          {
            "property": "",
            "dataset": "OpenStreetMap",
            "license": "ODbL-1.0",
            "record_id": "n1711338667@5",
            "update_time": "2022-11-09T08:18:20Z",
            "confidence": null,
            "between": null,
            "provider": "osm",
            "resource": "planet",
            "version": "2026-08-05"
          }
        ],
        "connectorIds": [],
        "officialInventory": false,
        "name": null,
        "originalCrs": "EPSG:4326",
        "originalProperties": {
          "sources": [
            {
              "property": "",
              "dataset": "OpenStreetMap",
              "license": "ODbL-1.0",
              "record_id": "n1711338667@5",
              "update_time": "2022-11-09T08:18:20Z",
              "confidence": null,
              "between": null,
              "provider": "osm",
              "resource": "planet",
              "version": "2026-08-05"
            }
          ],
          "version": 1
        }
      }
    }
  ],
  "metadata": {
    "originalCrs": "EPSG:4326"
  }
}
