{
  "type": "FeatureCollection",
  "features": [
    {
      "type": "Feature",
      "id": "a1b808f7-9bdf-4b03-af2f-4227e727250a",
      "geometry": {
        "type": "LineString",
        "coordinates": [
          [
            120.2742236,
            22.6185465
          ],
          [
            120.2743578,
            22.6182404
          ],
          [
            120.2743235,
            22.6180065
          ],
          [
            120.2741519,
            22.6177118
          ],
          [
            120.2738085,
            22.617378
          ],
          [
            120.2734072,
            22.6171022
          ],
          [
            120.2729186,
            22.6168541
          ],
          [
            120.2722597,
            22.6166022
          ],
          [
            120.2716117,
            22.6163978
          ],
          [
            120.270962,
            22.6162292
          ],
          [
            120.270252,
            22.6161104
          ],
          [
            120.2694282,
            22.6160056
          ],
          [
            120.268819,
            22.6159799
          ],
          [
            120.2679987,
            22.6160134
          ],
          [
            120.2672596,
            22.6161297
          ],
          [
            120.266621,
            22.6162884
          ],
          [
            120.2652577,
            22.6167156
          ],
          [
            120.2637111,
            22.6172438
          ],
          [
            120.2581894,
            22.6193493
          ],
          [
            120.2528244,
            22.6210945
          ],
          [
            120.2502927,
            22.6219793
          ],
          [
            120.2470451,
            22.6231486
          ],
          [
            120.2441898,
            22.624404
          ],
          [
            120.2403168,
            22.6261768
          ],
          [
            120.2358715,
            22.6285035
          ],
          [
            120.230935,
            22.6313654
          ],
          [
            120.2269131,
            22.6339071
          ],
          [
            120.221919,
            22.637083
          ],
          [
            120.2156654,
            22.6411952
          ],
          [
            119.42458,
            23.1790534
          ],
          [
            119.4217758,
            23.1812059
          ],
          [
            119.419584,
            23.1830793
          ],
          [
            119.4182084,
            23.1843955
          ],
          [
            119.4176054,
            23.1853073
          ],
          [
            119.4170796,
            23.1866634
          ],
          [
            119.4168816,
            23.1878389
          ],
          [
            119.4168552,
            23.1887975
          ],
          [
            119.4169051,
            23.1902162
          ],
          [
            119.4171641,
            23.1922364
          ],
          [
            119.4173092,
            23.1930772
          ],
          [
            119.417485,
            23.1935293
          ],
          [
            119.4176394,
            23.1938188
          ],
          [
            119.4178618,
            23.1940624
          ],
          [
            119.4180308,
            23.1942042
          ],
          [
            119.4182915,
            23.1943328
          ],
          [
            119.4185415,
            23.1944051
          ],
          [
            119.4187494,
            23.1944529
          ],
          [
            119.4188961,
            23.1945111
          ],
          [
            119.4189905,
            23.1945718
          ],
          [
            119.4190498,
            23.1946649
          ],
          [
            119.4190729,
            23.1947628
          ],
          [
            119.4190689,
            23.1948682
          ],
          [
            119.4190477,
            23.1949657
          ],
          [
            119.4189881,
            23.1950398
          ],
          [
            119.4189263,
            23.1950721
          ],
          [
            119.4188089,
            23.1950794
          ]
        ]
      },
      "properties": {
        "source": "overture",
        "sourceKey": "overture-segments",
        "sourceVersion": "latest",
        "sourceFeatureId": "a1b808f7-9bdf-4b03-af2f-4227e727250a",
        "facilityType": "water",
        "pedestrianAllowed": null,
        "bicycleAllowed": null,
        "direction": "unknown",
        "provenance": [
          {
            "property": "",
            "dataset": "OpenStreetMap",
            "license": "ODbL-1.0",
            "record_id": "w644790520@14",
            "update_time": "2025-10-10T16:28:22Z",
            "confidence": null,
            "between": null,
            "provider": "osm",
            "resource": "planet",
            "version": "2026-08-05"
          }
        ],
        "connectorIds": [
          "20b3864a-e6d2-49d8-8ad8-c88c8198ba69",
          "5ecada3b-17de-4315-91bb-9927b9372790"
        ],
        "officialInventory": false,
        "name": "高雄 - 澎湖七美",
        "originalCrs": "EPSG:4326",
        "originalProperties": {
          "names": {
            "primary": "高雄 - 澎湖七美",
            "common": [
              [
                "zh-Hans",
                "高雄 - 澎湖七美"
              ],
              [
                "zh-Hant",
                "高雄 - 澎湖七美"
              ],
              [
                "nan-Latn-pehoeji",
                "Ko-hiông - Phêⁿ-ô͘ Chhit-bí"
              ],
              [
                "en",
                "Kaohsiung - Penghu Chimei"
              ],
              [
                "nan",
                "Ko-hiông - Phêⁿ-ô͘ Chhit-bí"
              ],
              [
                "zh",
                "高雄 - 澎湖七美"
              ],
              [
                "nan-Hant",
                "高雄 - 澎湖七美"
              ]
            ],
            "rules": [
              {
                "variant": "common",
                "language": null,
                "perspectives": null,
                "value": "高雄 - 澎湖七美",
                "between": null,
                "side": null
              }
            ]
          },
          "subtype": "water",
          "connectors": [
            {
              "connector_id": "20b3864a-e6d2-49d8-8ad8-c88c8198ba69",
              "at": 0.0
            },
            {
              "connector_id": "5ecada3b-17de-4315-91bb-9927b9372790",
              "at": 1.0
            }
          ],
          "sources": [
            {
              "property": "",
              "dataset": "OpenStreetMap",
              "license": "ODbL-1.0",
              "record_id": "w644790520@14",
              "update_time": "2025-10-10T16:28:22Z",
              "confidence": null,
              "between": null,
              "provider": "osm",
              "resource": "planet",
              "version": "2026-08-05"
            }
          ],
          "version": 2
        }
      }
    },
    {
      "type": "Feature",
      "id": "3ce7476f-74f7-4cd3-ae33-0ff2f95c3ad9",
      "geometry": {
        "type": "LineString",
        "coordinates": [
          [
            120.2046081,
            23.0305971
          ],
          [
            120.2044852,
            23.0315477
          ],
          [
            120.2043806,
            23.0322871
          ]
        ]
      },
      "properties": {
        "source": "overture",
        "sourceKey": "overture-segments",
        "sourceVersion": "latest",
        "sourceFeatureId": "3ce7476f-74f7-4cd3-ae33-0ff2f95c3ad9",
        "facilityType": "tertiary",
        "pedestrianAllowed": null,
        "bicycleAllowed": null,
        "direction": "unknown",
        "provenance": [
          {
            "property": "",
            "dataset": "OpenStreetMap",
            "license": "ODbL-1.0",
            "record_id": "w158799046@31",
            "update_time": "2026-07-11T01:32:44Z",
            "confidence": null,
            "between": null,
            "provider": "osm",
            "resource": "planet",
            "version": "2026-08-05"
          }
        ],
        "connectorIds": [
          "698a3cf9-6035-4a92-bc03-55fa6e80a7b1",
          "e859fa20-3e8b-47db-adfb-2b709c9d6890"
        ],
        "officialInventory": false,
        "name": "北安路二段",
        "originalCrs": "EPSG:4326",
        "originalProperties": {
          "names": {
            "primary": "北安路二段",
            "common": [
              [
                "en",
                "Bei’an Road Section 2"
              ],
              [
                "zh",
                "北安路二段"
              ]
            ],
            "rules": [
              {
                "variant": "common",
                "language": null,
                "perspectives": null,
                "value": "北安路二段",
                "between": null,
                "side": null
              }
            ]
          },
          "subtype": "road",
          "class": "tertiary",
          "connectors": [
            {
              "connector_id": "698a3cf9-6035-4a92-bc03-55fa6e80a7b1",
              "at": 0.0
            },
            {
              "connector_id": "e859fa20-3e8b-47db-adfb-2b709c9d6890",
              "at": 1.0
            }
          ],
          "road_surface": [
            {
              "value": "paved",
              "between": null
            }
          ],
          "access_restrictions": [
            {
              "access_type": "denied",
              "when": {
                "during": null,
                "heading": "backward",
                "using": null,
                "recognized": null,
                "mode": null,
                "vehicle": null
              },
              "between": null
            }
          ],
          "speed_limits": [
            {
              "min_speed": null,
              "max_speed": {
                "value": 60,
                "unit": "km/h"
              },
              "is_max_speed_variable": null,
              "when": null,
              "between": null
            }
          ],
          "sources": [
            {
              "property": "",
              "dataset": "OpenStreetMap",
              "license": "ODbL-1.0",
              "record_id": "w158799046@31",
              "update_time": "2026-07-11T01:32:44Z",
              "confidence": null,
              "between": null,
              "provider": "osm",
              "resource": "planet",
              "version": "2026-08-05"
            }
          ],
          "version": 4
        }
      }
    },
    {
      "type": "Feature",
      "id": "f367c793-e704-454b-a19f-e55ec45799ab",
      "geometry": {
        "type": "LineString",
        "coordinates": [
          [
            120.2078872,
            23.0307638
          ],
          [
            120.209256,
            23.0308615
          ]
        ]
      },
      "properties": {
        "source": "overture",
        "sourceKey": "overture-segments",
        "sourceVersion": "latest",
        "sourceFeatureId": "f367c793-e704-454b-a19f-e55ec45799ab",
        "facilityType": "service",
        "pedestrianAllowed": null,
        "bicycleAllowed": null,
        "direction": "unknown",
        "provenance": [
          {
            "property": "",
            "dataset": "OpenStreetMap",
            "license": "ODbL-1.0",
            "record_id": "w565193170@1",
            "update_time": "2018-03-01T03:30:23Z",
            "confidence": null,
            "between": null,
            "provider": "osm",
            "resource": "planet",
            "version": "2026-08-05"
          }
        ],
        "connectorIds": [
          "acaedbc8-63a8-4462-8527-9b2a9e6c6bd2",
          "46c16b95-003a-4916-9dab-cf5b28d5983b"
        ],
        "officialInventory": false,
        "name": "安西路83巷",
        "originalCrs": "EPSG:4326",
        "originalProperties": {
          "names": {
            "primary": "安西路83巷",
            "common": null,
            "rules": [
              {
                "variant": "common",
                "language": null,
                "perspectives": null,
                "value": "安西路83巷",
                "between": null,
                "side": null
              }
            ]
          },
          "subtype": "road",
          "class": "service",
          "subclass": "alley",
          "subclass_rules": [
            {
              "value": "alley",
              "between": null
            }
          ],
          "connectors": [
            {
              "connector_id": "acaedbc8-63a8-4462-8527-9b2a9e6c6bd2",
              "at": 0.0
            },
            {
              "connector_id": "46c16b95-003a-4916-9dab-cf5b28d5983b",
              "at": 1.0
            }
          ],
          "sources": [
            {
              "property": "",
              "dataset": "OpenStreetMap",
              "license": "ODbL-1.0",
              "record_id": "w565193170@1",
              "update_time": "2018-03-01T03:30:23Z",
              "confidence": null,
              "between": null,
              "provider": "osm",
              "resource": "planet",
              "version": "2026-08-05"
            }
          ],
          "version": 1
        }
      }
    },
    {
      "type": "Feature",
      "id": "7135f6e8-c173-4a80-b1e0-86ad2b138b00",
      "geometry": {
        "type": "LineString",
        "coordinates": [
          [
            120.2062068,
            23.0307806
          ],
          [
            120.2054006,
            23.0307481
          ]
        ]
      },
      "properties": {
        "source": "overture",
        "sourceKey": "overture-segments",
        "sourceVersion": "latest",
        "sourceFeatureId": "7135f6e8-c173-4a80-b1e0-86ad2b138b00",
        "facilityType": "residential",
        "pedestrianAllowed": null,
        "bicycleAllowed": null,
        "direction": "unknown",
        "provenance": [
          {
            "property": "",
            "dataset": "OpenStreetMap",
            "license": "ODbL-1.0",
            "record_id": "w152801149@9",
            "update_time": "2026-02-20T10:19:01Z",
            "confidence": null,
            "between": null,
            "provider": "osm",
            "resource": "planet",
            "version": "2026-08-05"
          }
        ],
        "connectorIds": [
          "76a85b71-a4a2-4742-a2c5-cd8cf261b399",
          "a1329560-3527-4bd1-9a76-23ca121cba8c"
        ],
        "officialInventory": false,
        "name": "安西一街",
        "originalCrs": "EPSG:4326",
        "originalProperties": {
          "names": {
            "primary": "安西一街",
            "common": null,
            "rules": [
              {
                "variant": "common",
                "language": null,
                "perspectives": null,
                "value": "安西一街",
                "between": null,
                "side": null
              }
            ]
          },
          "subtype": "road",
          "class": "residential",
          "connectors": [
            {
              "connector_id": "76a85b71-a4a2-4742-a2c5-cd8cf261b399",
              "at": 0.0
            },
            {
              "connector_id": "a1329560-3527-4bd1-9a76-23ca121cba8c",
              "at": 1.0
            }
          ],
          "sources": [
            {
              "property": "",
              "dataset": "OpenStreetMap",
              "license": "ODbL-1.0",
              "record_id": "w152801149@9",
              "update_time": "2026-02-20T10:19:01Z",
              "confidence": null,
              "between": null,
              "provider": "osm",
              "resource": "planet",
              "version": "2026-08-05"
            }
          ],
          "version": 1
        }
      }
    },
    {
      "type": "Feature",
      "id": "75410bb3-af63-4643-a870-4c7936c8aba4",
      "geometry": {
        "type": "LineString",
        "coordinates": [
          [
            120.2078396,
            23.0311113
          ],
          [
            120.2076389,
            23.0310505
          ],
          [
            120.2074282,
            23.0309866
          ],
          [
            120.2072883,
            23.0309869
          ],
          [
            120.2071345,
            23.0309777
          ],
          [
            120.206676,
            23.0309245
          ],
          [
            120.2062068,
            23.0307806
          ]
        ]
      },
      "properties": {
        "source": "overture",
        "sourceKey": "overture-segments",
        "sourceVersion": "latest",
        "sourceFeatureId": "75410bb3-af63-4643-a870-4c7936c8aba4",
        "facilityType": "residential",
        "pedestrianAllowed": null,
        "bicycleAllowed": null,
        "direction": "unknown",
        "provenance": [
          {
            "property": "",
            "dataset": "OpenStreetMap",
            "license": "ODbL-1.0",
            "record_id": "w152801149@9",
            "update_time": "2026-02-20T10:19:01Z",
            "confidence": null,
            "between": null,
            "provider": "osm",
            "resource": "planet",
            "version": "2026-08-05"
          }
        ],
        "connectorIds": [
          "078818ec-cb28-46af-89f1-0d0b6c65a7b5",
          "c11bba8c-4e9c-4b4c-911e-ce1f3a7d812d",
          "8e1f06b9-c520-4f06-a109-d7514808f6d0",
          "a76545f2-1827-47cc-bd10-344ffefd6262",
          "13da07f0-722a-4a42-a544-8f7ff49559f0",
          "76a85b71-a4a2-4742-a2c5-cd8cf261b399"
        ],
        "officialInventory": false,
        "name": "安西一街",
        "originalCrs": "EPSG:4326",
        "originalProperties": {
          "names": {
            "primary": "安西一街",
            "common": null,
            "rules": [
              {
                "variant": "common",
                "language": null,
                "perspectives": null,
                "value": "安西一街",
                "between": null,
                "side": null
              }
            ]
          },
          "subtype": "road",
          "class": "residential",
          "connectors": [
            {
              "connector_id": "078818ec-cb28-46af-89f1-0d0b6c65a7b5",
              "at": 0.0
            },
            {
              "connector_id": "c11bba8c-4e9c-4b4c-911e-ce1f3a7d812d",
              "at": 0.125454227
            },
            {
              "connector_id": "8e1f06b9-c520-4f06-a109-d7514808f6d0",
              "at": 0.340284258
            },
            {
              "connector_id": "a76545f2-1827-47cc-bd10-344ffefd6262",
              "at": 0.431843068
            },
            {
              "connector_id": "13da07f0-722a-4a42-a544-8f7ff49559f0",
              "at": 0.706356941
            },
            {
              "connector_id": "76a85b71-a4a2-4742-a2c5-cd8cf261b399",
              "at": 1.0
            }
          ],
          "sources": [
            {
              "property": "",
              "dataset": "OpenStreetMap",
              "license": "ODbL-1.0",
              "record_id": "w152801149@9",
              "update_time": "2026-02-20T10:19:01Z",
              "confidence": null,
              "between": null,
              "provider": "osm",
              "resource": "planet",
              "version": "2026-08-05"
            }
          ],
          "version": 2
        }
      }
    },
    {
      "type": "Feature",
      "id": "d5b18b06-fe0e-4575-9c02-a8e3c5b83844",
      "geometry": {
        "type": "LineString",
        "coordinates": [
          [
            120.2054821,
            23.0309879
          ],
          [
            120.2054861,
            23.0309386
          ],
          [
            120.2054928,
            23.0309275
          ],
          [
            120.2055089,
            23.0309201
          ],
          [
            120.2060359,
            23.0309287
          ],
          [
            120.206052,
            23.0309312
          ],
          [
            120.2060614,
            23.030941
          ],
          [
            120.2060614,
            23.0310077
          ]
        ]
      },
      "properties": {
        "source": "overture",
        "sourceKey": "overture-segments",
        "sourceVersion": "latest",
        "sourceFeatureId": "d5b18b06-fe0e-4575-9c02-a8e3c5b83844",
        "facilityType": "unknown",
        "pedestrianAllowed": null,
        "bicycleAllowed": null,
        "direction": "unknown",
        "provenance": [
          {
            "property": "",
            "dataset": "TomTom",
            "license": "ODbL-1.0",
            "record_id": null,
            "update_time": null,
            "confidence": null,
            "between": null,
            "provider": "tomtom",
            "resource": "orbis",
            "version": "2633"
          }
        ],
        "connectorIds": [
          "064248bc-0588-4f4e-ba18-7ae6de4ddc3f",
          "6cd02dd8-9b87-4e0d-bc2f-535208a80cf3"
        ],
        "officialInventory": false,
        "name": null,
        "originalCrs": "EPSG:4326",
        "originalProperties": {
          "subtype": "road",
          "class": "unknown",
          "connectors": [
            {
              "connector_id": "064248bc-0588-4f4e-ba18-7ae6de4ddc3f",
              "at": 0.0
            },
            {
              "connector_id": "6cd02dd8-9b87-4e0d-bc2f-535208a80cf3",
              "at": 1.0
            }
          ],
          "sources": [
            {
              "property": "",
              "dataset": "TomTom",
              "license": "ODbL-1.0",
              "record_id": null,
              "update_time": null,
              "confidence": null,
              "between": null,
              "provider": "tomtom",
              "resource": "orbis",
              "version": "2633"
            }
          ],
          "version": 1
        }
      }
    },
    {
      "type": "Feature",
      "id": "039cf5d3-084f-423d-ba61-1d2e44fb9027",
      "geometry": {
        "type": "LineString",
        "coordinates": [
          [
            120.2053964,
            23.0309842
          ],
          [
            120.2054821,
            23.0309879
          ]
        ]
      },
      "properties": {
        "source": "overture",
        "sourceKey": "overture-segments",
        "sourceVersion": "latest",
        "sourceFeatureId": "039cf5d3-084f-423d-ba61-1d2e44fb9027",
        "facilityType": "unknown",
        "pedestrianAllowed": null,
        "bicycleAllowed": null,
        "direction": "unknown",
        "provenance": [
          {
            "property": "",
            "dataset": "TomTom",
            "license": "ODbL-1.0",
            "record_id": null,
            "update_time": null,
            "confidence": null,
            "between": null,
            "provider": "tomtom",
            "resource": "orbis",
            "version": "2633"
          }
        ],
        "connectorIds": [
          "6a33fc98-da11-4383-8c41-8ab4c6ac86a2",
          "064248bc-0588-4f4e-ba18-7ae6de4ddc3f"
        ],
        "officialInventory": false,
        "name": null,
        "originalCrs": "EPSG:4326",
        "originalProperties": {
          "subtype": "road",
          "class": "unknown",
          "connectors": [
            {
              "connector_id": "6a33fc98-da11-4383-8c41-8ab4c6ac86a2",
              "at": 0.0
            },
            {
              "connector_id": "064248bc-0588-4f4e-ba18-7ae6de4ddc3f",
              "at": 1.0
            }
          ],
          "sources": [
            {
              "property": "",
              "dataset": "TomTom",
              "license": "ODbL-1.0",
              "record_id": null,
              "update_time": null,
              "confidence": null,
              "between": null,
              "provider": "tomtom",
              "resource": "orbis",
              "version": "2633"
            }
          ],
          "version": 1
        }
      }
    },
    {
      "type": "Feature",
      "id": "c2e25fef-8856-4ce0-a0b2-e5129fd8e978",
      "geometry": {
        "type": "LineString",
        "coordinates": [
          [
            120.2054821,
            23.0309879
          ],
          [
            120.2054834,
            23.0310546
          ],
          [
            120.2054915,
            23.0310669
          ],
          [
            120.2055062,
            23.031078
          ],
          [
            120.2060306,
            23.0310879
          ],
          [
            120.206044,
            23.031083
          ],
          [
            120.2060574,
            23.0310694
          ],
          [
            120.2060614,
            23.0310077
          ]
        ]
      },
      "properties": {
        "source": "overture",
        "sourceKey": "overture-segments",
        "sourceVersion": "latest",
        "sourceFeatureId": "c2e25fef-8856-4ce0-a0b2-e5129fd8e978",
        "facilityType": "unknown",
        "pedestrianAllowed": null,
        "bicycleAllowed": null,
        "direction": "unknown",
        "provenance": [
          {
            "property": "",
            "dataset": "TomTom",
            "license": "ODbL-1.0",
            "record_id": null,
            "update_time": null,
            "confidence": null,
            "between": null,
            "provider": "tomtom",
            "resource": "orbis",
            "version": "2633"
          }
        ],
        "connectorIds": [
          "064248bc-0588-4f4e-ba18-7ae6de4ddc3f",
          "6cd02dd8-9b87-4e0d-bc2f-535208a80cf3"
        ],
        "officialInventory": false,
        "name": null,
        "originalCrs": "EPSG:4326",
        "originalProperties": {
          "subtype": "road",
          "class": "unknown",
          "connectors": [
            {
              "connector_id": "064248bc-0588-4f4e-ba18-7ae6de4ddc3f",
              "at": 0.0
            },
            {
              "connector_id": "6cd02dd8-9b87-4e0d-bc2f-535208a80cf3",
              "at": 1.0
            }
          ],
          "sources": [
            {
              "property": "",
              "dataset": "TomTom",
              "license": "ODbL-1.0",
              "record_id": null,
              "update_time": null,
              "confidence": null,
              "between": null,
              "provider": "tomtom",
              "resource": "orbis",
              "version": "2633"
            }
          ],
          "version": 1
        }
      }
    },
    {
      "type": "Feature",
      "id": "af397fb6-de8e-42f2-b8ff-fd816ee0cfff",
      "geometry": {
        "type": "LineString",
        "coordinates": [
          [
            120.2072883,
            23.0309869
          ],
          [
            120.2073259,
            23.031204
          ],
          [
            120.2073784,
            23.0314737
          ]
        ]
      },
      "properties": {
        "source": "overture",
        "sourceKey": "overture-segments",
        "sourceVersion": "latest",
        "sourceFeatureId": "af397fb6-de8e-42f2-b8ff-fd816ee0cfff",
        "facilityType": "service",
        "pedestrianAllowed": null,
        "bicycleAllowed": null,
        "direction": "unknown",
        "provenance": [
          {
            "property": "",
            "dataset": "OpenStreetMap",
            "license": "ODbL-1.0",
            "record_id": "w565193180@1",
            "update_time": "2024-08-11T01:47:26Z",
            "confidence": null,
            "between": null,
            "provider": "osm",
            "resource": "planet",
            "version": "2026-08-05"
          }
        ],
        "connectorIds": [
          "8e1f06b9-c520-4f06-a109-d7514808f6d0",
          "6fb4cc57-c304-4d3e-af53-a72dc7c87d21",
          "6cfdc9cd-ef10-4a14-aa98-d9a65b72ed4b"
        ],
        "officialInventory": false,
        "name": "安通路四段119巷",
        "originalCrs": "EPSG:4326",
        "originalProperties": {
          "names": {
            "primary": "安通路四段119巷",
            "common": null,
            "rules": [
              {
                "variant": "common",
                "language": null,
                "perspectives": null,
                "value": "安通路四段119巷",
                "between": null,
                "side": null
              }
            ]
          },
          "subtype": "road",
          "class": "service",
          "subclass": "alley",
          "subclass_rules": [
            {
              "value": "alley",
              "between": null
            }
          ],
          "connectors": [
            {
              "connector_id": "8e1f06b9-c520-4f06-a109-d7514808f6d0",
              "at": 0.0
            },
            {
              "connector_id": "6fb4cc57-c304-4d3e-af53-a72dc7c87d21",
              "at": 0.445161705
            },
            {
              "connector_id": "6cfdc9cd-ef10-4a14-aa98-d9a65b72ed4b",
              "at": 1.0
            }
          ],
          "sources": [
            {
              "property": "",
              "dataset": "OpenStreetMap",
              "license": "ODbL-1.0",
              "record_id": "w565193180@1",
              "update_time": "2024-08-11T01:47:26Z",
              "confidence": null,
              "between": null,
              "provider": "osm",
              "resource": "planet",
              "version": "2026-08-05"
            }
          ],
          "version": 1
        }
      }
    },
    {
      "type": "Feature",
      "id": "bd449506-b8e7-4ae4-befb-eeb63a2d6d69",
      "geometry": {
        "type": "LineString",
        "coordinates": [
          [
            120.2066434,
            23.0314766
          ],
          [
            120.2066645,
            23.0311609
          ],
          [
            120.206676,
            23.0309245
          ]
        ]
      },
      "properties": {
        "source": "overture",
        "sourceKey": "overture-segments",
        "sourceVersion": "latest",
        "sourceFeatureId": "bd449506-b8e7-4ae4-befb-eeb63a2d6d69",
        "facilityType": "service",
        "pedestrianAllowed": null,
        "bicycleAllowed": null,
        "direction": "unknown",
        "provenance": [
          {
            "property": "",
            "dataset": "OpenStreetMap",
            "license": "ODbL-1.0",
            "record_id": "w1113284344@2",
            "update_time": "2024-04-26T07:32:06Z",
            "confidence": null,
            "between": null,
            "provider": "osm",
            "resource": "planet",
            "version": "2026-08-05"
          }
        ],
        "connectorIds": [
          "2d280c35-f390-409e-9ded-69625e50409f",
          "13da07f0-722a-4a42-a544-8f7ff49559f0"
        ],
        "officialInventory": false,
        "name": "安西一街68巷",
        "originalCrs": "EPSG:4326",
        "originalProperties": {
          "names": {
            "primary": "安西一街68巷",
            "common": null,
            "rules": [
              {
                "variant": "common",
                "language": null,
                "perspectives": null,
                "value": "安西一街68巷",
                "between": null,
                "side": null
              }
            ]
          },
          "subtype": "road",
          "class": "service",
          "subclass": "alley",
          "subclass_rules": [
            {
              "value": "alley",
              "between": null
            }
          ],
          "connectors": [
            {
              "connector_id": "2d280c35-f390-409e-9ded-69625e50409f",
              "at": 0.0
            },
            {
              "connector_id": "13da07f0-722a-4a42-a544-8f7ff49559f0",
              "at": 1.0
            }
          ],
          "sources": [
            {
              "property": "",
              "dataset": "OpenStreetMap",
              "license": "ODbL-1.0",
              "record_id": "w1113284344@2",
              "update_time": "2024-04-26T07:32:06Z",
              "confidence": null,
              "between": null,
              "provider": "osm",
              "resource": "planet",
              "version": "2026-08-05"
            }
          ],
          "version": 1
        }
      }
    },
    {
      "type": "Feature",
      "id": "ed1ebd5a-0153-4636-a161-f49067bfd373",
      "geometry": {
        "type": "LineString",
        "coordinates": [
          [
            120.2054006,
            23.0307481
          ],
          [
            120.2053964,
            23.0309842
          ],
          [
            120.2053948,
            23.0310748
          ],
          [
            120.2053902,
            23.0313347
          ],
          [
            120.2053845,
            23.0316565
          ],
          [
            120.2053839,
            23.0316889
          ]
        ]
      },
      "properties": {
        "source": "overture",
        "sourceKey": "overture-segments",
        "sourceVersion": "latest",
        "sourceFeatureId": "ed1ebd5a-0153-4636-a161-f49067bfd373",
        "facilityType": "residential",
        "pedestrianAllowed": null,
        "bicycleAllowed": null,
        "direction": "unknown",
        "provenance": [
          {
            "property": "",
            "dataset": "OpenStreetMap",
            "license": "ODbL-1.0",
            "record_id": "w152801155@9",
            "update_time": "2025-10-07T08:12:04Z",
            "confidence": null,
            "between": null,
            "provider": "osm",
            "resource": "planet",
            "version": "2026-08-05"
          }
        ],
        "connectorIds": [
          "a1329560-3527-4bd1-9a76-23ca121cba8c",
          "6a33fc98-da11-4383-8c41-8ab4c6ac86a2",
          "45f1e20e-95d6-4aec-a110-8ff0f0368058",
          "f8d85f37-448d-4ba5-8fc0-98de40e328d9",
          "ef66d2c9-c22c-4390-ae42-92d21438741e",
          "43224fd0-b290-4bce-8e56-a71f7cfc58be"
        ],
        "officialInventory": false,
        "name": "安通三街",
        "originalCrs": "EPSG:4326",
        "originalProperties": {
          "names": {
            "primary": "安通三街",
            "common": null,
            "rules": [
              {
                "variant": "common",
                "language": null,
                "perspectives": null,
                "value": "安通三街",
                "between": null,
                "side": null
              }
            ]
          },
          "subtype": "road",
          "class": "residential",
          "connectors": [
            {
              "connector_id": "a1329560-3527-4bd1-9a76-23ca121cba8c",
              "at": 0.0
            },
            {
              "connector_id": "6a33fc98-da11-4383-8c41-8ab4c6ac86a2",
              "at": 0.250956765
            },
            {
              "connector_id": "45f1e20e-95d6-4aec-a110-8ff0f0368058",
              "at": 0.34725765
            },
            {
              "connector_id": "f8d85f37-448d-4ba5-8fc0-98de40e328d9",
              "at": 0.623511681
            },
            {
              "connector_id": "ef66d2c9-c22c-4390-ae42-92d21438741e",
              "at": 0.965560812
            },
            {
              "connector_id": "43224fd0-b290-4bce-8e56-a71f7cfc58be",
              "at": 1.0
            }
          ],
          "road_surface": [
            {
              "value": "paved",
              "between": null
            }
          ],
          "sources": [
            {
              "property": "",
              "dataset": "OpenStreetMap",
              "license": "ODbL-1.0",
              "record_id": "w152801155@9",
              "update_time": "2025-10-07T08:12:04Z",
              "confidence": null,
              "between": null,
              "provider": "osm",
              "resource": "planet",
              "version": "2026-08-05"
            }
          ],
          "version": 2
        }
      }
    },
    {
      "type": "Feature",
      "id": "6fcf5eab-4430-4c56-83d3-a2d8abba70e0",
      "geometry": {
        "type": "LineString",
        "coordinates": [
          [
            120.206159,
            23.0317343
          ],
          [
            120.2061734,
            23.0313818
          ],
          [
            120.2061939,
            23.0310122
          ],
          [
            120.2062068,
            23.0307806
          ]
        ]
      },
      "properties": {
        "source": "overture",
        "sourceKey": "overture-segments",
        "sourceVersion": "latest",
        "sourceFeatureId": "6fcf5eab-4430-4c56-83d3-a2d8abba70e0",
        "facilityType": "residential",
        "pedestrianAllowed": null,
        "bicycleAllowed": null,
        "direction": "unknown",
        "provenance": [
          {
            "property": "",
            "dataset": "OpenStreetMap",
            "license": "ODbL-1.0",
            "record_id": "w155849330@7",
            "update_time": "2026-02-20T11:12:42Z",
            "confidence": null,
            "between": null,
            "provider": "osm",
            "resource": "planet",
            "version": "2026-08-05"
          }
        ],
        "connectorIds": [
          "b5a9cfcb-d829-4859-bf6c-65976314673c",
          "86e2b227-364f-4108-a4a3-123ca3d926ee",
          "1cc65771-a928-4af1-adc3-78e2e9a3b5e4",
          "76a85b71-a4a2-4742-a2c5-cd8cf261b399"
        ],
        "officialInventory": false,
        "name": "安通二街",
        "originalCrs": "EPSG:4326",
        "originalProperties": {
          "names": {
            "primary": "安通二街",
            "common": null,
            "rules": [
              {
                "variant": "common",
                "language": null,
                "perspectives": null,
                "value": "安通二街",
                "between": null,
                "side": null
              }
            ]
          },
          "subtype": "road",
          "class": "residential",
          "connectors": [
            {
              "connector_id": "b5a9cfcb-d829-4859-bf6c-65976314673c",
              "at": 0.0
            },
            {
              "connector_id": "86e2b227-364f-4108-a4a3-123ca3d926ee",
              "at": 0.369471922
            },
            {
              "connector_id": "1cc65771-a928-4af1-adc3-78e2e9a3b5e4",
              "at": 0.757100303
            },
            {
              "connector_id": "76a85b71-a4a2-4742-a2c5-cd8cf261b399",
              "at": 1.0
            }
          ],
          "road_surface": [
            {
              "value": "paved",
              "between": null
            }
          ],
          "sources": [
            {
              "property": "",
              "dataset": "OpenStreetMap",
              "license": "ODbL-1.0",
              "record_id": "w155849330@7",
              "update_time": "2026-02-20T11:12:42Z",
              "confidence": null,
              "between": null,
              "provider": "osm",
              "resource": "planet",
              "version": "2026-08-05"
            }
          ],
          "version": 2
        }
      }
    },
    {
      "type": "Feature",
      "id": "0c381b9c-3f89-4fea-9729-4f684f82ebac",
      "geometry": {
        "type": "LineString",
        "coordinates": [
          [
            120.2042548,
            23.0322746
          ],
          [
            120.2044849,
            23.0306053
          ]
        ]
      },
      "properties": {
        "source": "overture",
        "sourceKey": "overture-segments",
        "sourceVersion": "latest",
        "sourceFeatureId": "0c381b9c-3f89-4fea-9729-4f684f82ebac",
        "facilityType": "tertiary",
        "pedestrianAllowed": null,
        "bicycleAllowed": null,
        "direction": "unknown",
        "provenance": [
          {
            "property": "",
            "dataset": "OpenStreetMap",
            "license": "ODbL-1.0",
            "record_id": "w298344325@26",
            "update_time": "2026-07-11T01:32:44Z",
            "confidence": null,
            "between": null,
            "provider": "osm",
            "resource": "planet",
            "version": "2026-08-05"
          }
        ],
        "connectorIds": [
          "a85e2aab-debc-4989-b3e8-3dd4abebfe6d",
          "2fcc06cf-b847-4550-9cb1-ddafa53d9cf4"
        ],
        "officialInventory": false,
        "name": "北安路二段",
        "originalCrs": "EPSG:4326",
        "originalProperties": {
          "names": {
            "primary": "北安路二段",
            "common": [
              [
                "en",
                "Bei’an Road Section 2"
              ],
              [
                "zh",
                "北安路二段"
              ]
            ],
            "rules": [
              {
                "variant": "common",
                "language": null,
                "perspectives": null,
                "value": "北安路二段",
                "between": null,
                "side": null
              }
            ]
          },
          "subtype": "road",
          "class": "tertiary",
          "connectors": [
            {
              "connector_id": "a85e2aab-debc-4989-b3e8-3dd4abebfe6d",
              "at": 0.0
            },
            {
              "connector_id": "2fcc06cf-b847-4550-9cb1-ddafa53d9cf4",
              "at": 1.0
            }
          ],
          "road_surface": [
            {
              "value": "paved",
              "between": null
            }
          ],
          "access_restrictions": [
            {
              "access_type": "denied",
              "when": {
                "during": null,
                "heading": "backward",
                "using": null,
                "recognized": null,
                "mode": null,
                "vehicle": null
              },
              "between": null
            }
          ],
          "speed_limits": [
            {
              "min_speed": null,
              "max_speed": {
                "value": 60,
                "unit": "km/h"
              },
              "is_max_speed_variable": null,
              "when": null,
              "between": null
            }
          ],
          "sources": [
            {
              "property": "",
              "dataset": "OpenStreetMap",
              "license": "ODbL-1.0",
              "record_id": "w298344325@26",
              "update_time": "2026-07-11T01:32:44Z",
              "confidence": null,
              "between": null,
              "provider": "osm",
              "resource": "planet",
              "version": "2026-08-05"
            }
          ],
          "version": 2
        }
      }
    },
    {
      "type": "Feature",
      "id": "615c0706-64ad-42ca-9d21-bf4730ed0cc2",
      "geometry": {
        "type": "LineString",
        "coordinates": [
          [
            120.2019632,
            23.0307265
          ],
          [
            120.2019458,
            23.0323219
          ]
        ]
      },
      "properties": {
        "source": "overture",
        "sourceKey": "overture-segments",
        "sourceVersion": "latest",
        "sourceFeatureId": "615c0706-64ad-42ca-9d21-bf4730ed0cc2",
        "facilityType": "residential",
        "pedestrianAllowed": null,
        "bicycleAllowed": null,
        "direction": "unknown",
        "provenance": [
          {
            "property": "",
            "dataset": "OpenStreetMap",
            "license": "ODbL-1.0",
            "record_id": "w919636913@13",
            "update_time": "2026-07-11T01:26:48Z",
            "confidence": null,
            "between": null,
            "provider": "osm",
            "resource": "planet",
            "version": "2026-08-05"
          }
        ],
        "connectorIds": [
          "4515e4d6-5125-4e2f-b2c0-473d7d40e213",
          "a6c13043-867e-40a2-a4d7-c5a314af2f59"
        ],
        "officialInventory": false,
        "name": "興福大道",
        "originalCrs": "EPSG:4326",
        "originalProperties": {
          "names": {
            "primary": "興福大道",
            "common": null,
            "rules": [
              {
                "variant": "common",
                "language": null,
                "perspectives": null,
                "value": "興福大道",
                "between": null,
                "side": null
              }
            ]
          },
          "subtype": "road",
          "class": "residential",
          "connectors": [
            {
              "connector_id": "4515e4d6-5125-4e2f-b2c0-473d7d40e213",
              "at": 0.0
            },
            {
              "connector_id": "a6c13043-867e-40a2-a4d7-c5a314af2f59",
              "at": 1.0
            }
          ],
          "road_surface": [
            {
              "value": "paved",
              "between": null
            }
          ],
          "access_restrictions": [
            {
              "access_type": "denied",
              "when": {
                "during": null,
                "heading": "backward",
                "using": null,
                "recognized": null,
                "mode": null,
                "vehicle": null
              },
              "between": null
            }
          ],
          "sources": [
            {
              "property": "",
              "dataset": "OpenStreetMap",
              "license": "ODbL-1.0",
              "record_id": "w919636913@13",
              "update_time": "2026-07-11T01:26:48Z",
              "confidence": null,
              "between": null,
              "provider": "osm",
              "resource": "planet",
              "version": "2026-08-05"
            }
          ],
          "version": 2
        }
      }
    },
    {
      "type": "Feature",
      "id": "56557814-ac24-45e7-83dd-aaa51e630aa2",
      "geometry": {
        "type": "LineString",
        "coordinates": [
          [
            120.2017995,
            23.0323337
          ],
          [
            120.2018309,
            23.0307296
          ]
        ]
      },
      "properties": {
        "source": "overture",
        "sourceKey": "overture-segments",
        "sourceVersion": "latest",
        "sourceFeatureId": "56557814-ac24-45e7-83dd-aaa51e630aa2",
        "facilityType": "residential",
        "pedestrianAllowed": null,
        "bicycleAllowed": null,
        "direction": "unknown",
        "provenance": [
          {
            "property": "",
            "dataset": "OpenStreetMap",
            "license": "ODbL-1.0",
            "record_id": "w919636914@15",
            "update_time": "2026-07-11T01:26:48Z",
            "confidence": null,
            "between": null,
            "provider": "osm",
            "resource": "planet",
            "version": "2026-08-05"
          }
        ],
        "connectorIds": [
          "142f5ddc-05fd-468e-9c39-80fb04b78613",
          "d3320129-c61a-49ea-8614-35302a8bf0cb"
        ],
        "officialInventory": false,
        "name": "興福大道",
        "originalCrs": "EPSG:4326",
        "originalProperties": {
          "names": {
            "primary": "興福大道",
            "common": null,
            "rules": [
              {
                "variant": "common",
                "language": null,
                "perspectives": null,
                "value": "興福大道",
                "between": null,
                "side": null
              }
            ]
          },
          "subtype": "road",
          "class": "residential",
          "connectors": [
            {
              "connector_id": "142f5ddc-05fd-468e-9c39-80fb04b78613",
              "at": 0.0
            },
            {
              "connector_id": "d3320129-c61a-49ea-8614-35302a8bf0cb",
              "at": 1.0
            }
          ],
          "road_surface": [
            {
              "value": "paved",
              "between": null
            }
          ],
          "access_restrictions": [
            {
              "access_type": "denied",
              "when": {
                "during": null,
                "heading": "backward",
                "using": null,
                "recognized": null,
                "mode": null,
                "vehicle": null
              },
              "between": null
            }
          ],
          "sources": [
            {
              "property": "",
              "dataset": "OpenStreetMap",
              "license": "ODbL-1.0",
              "record_id": "w919636914@15",
              "update_time": "2026-07-11T01:26:48Z",
              "confidence": null,
              "between": null,
              "provider": "osm",
              "resource": "planet",
              "version": "2026-08-05"
            }
          ],
          "version": 2
        }
      }
    },
    {
      "type": "Feature",
      "id": "be4e470b-00f1-48e2-a987-86099b0fdb15",
      "geometry": {
        "type": "LineString",
        "coordinates": [
          [
            120.2001459,
            23.0297991
          ],
          [
            120.2018931,
            23.0296713
          ]
        ]
      },
      "properties": {
        "source": "overture",
        "sourceKey": "overture-segments",
        "sourceVersion": "latest",
        "sourceFeatureId": "be4e470b-00f1-48e2-a987-86099b0fdb15",
        "facilityType": "tertiary",
        "pedestrianAllowed": null,
        "bicycleAllowed": null,
        "direction": "unknown",
        "provenance": [
          {
            "property": "",
            "dataset": "OpenStreetMap",
            "license": "ODbL-1.0",
            "record_id": "w152801166@16",
            "update_time": "2026-07-11T01:52:14Z",
            "confidence": null,
            "between": null,
            "provider": "osm",
            "resource": "planet",
            "version": "2026-08-05"
          }
        ],
        "connectorIds": [
          "685d0580-cf77-4ef3-902c-07a401551a7e",
          "d8f59397-4636-4c00-bcc8-647c035374c6"
        ],
        "officialInventory": false,
        "name": "安通路五段",
        "originalCrs": "EPSG:4326",
        "originalProperties": {
          "names": {
            "primary": "安通路五段",
            "common": [
              [
                "en",
                "Antong Road Section 5"
              ],
              [
                "zh",
                "安通路五段"
              ]
            ],
            "rules": [
              {
                "variant": "common",
                "language": null,
                "perspectives": null,
                "value": "安通路五段",
                "between": null,
                "side": null
              }
            ]
          },
          "subtype": "road",
          "class": "tertiary",
          "connectors": [
            {
              "connector_id": "685d0580-cf77-4ef3-902c-07a401551a7e",
              "at": 0.0
            },
            {
              "connector_id": "d8f59397-4636-4c00-bcc8-647c035374c6",
              "at": 1.0
            }
          ],
          "road_surface": [
            {
              "value": "paved",
              "between": null
            }
          ],
          "sources": [
            {
              "property": "",
              "dataset": "OpenStreetMap",
              "license": "ODbL-1.0",
              "record_id": "w152801166@16",
              "update_time": "2026-07-11T01:52:14Z",
              "confidence": null,
              "between": null,
              "provider": "osm",
              "resource": "planet",
              "version": "2026-08-05"
            }
          ],
          "version": 3
        }
      }
    },
    {
      "type": "Feature",
      "id": "aa6ed7b7-545f-423c-8845-e46973af95aa",
      "geometry": {
        "type": "LineString",
        "coordinates": [
          [
            120.198424,
            23.0299198
          ],
          [
            120.1989779,
            23.0298815
          ],
          [
            120.2001459,
            23.0297991
          ]
        ]
      },
      "properties": {
        "source": "overture",
        "sourceKey": "overture-segments",
        "sourceVersion": "latest",
        "sourceFeatureId": "aa6ed7b7-545f-423c-8845-e46973af95aa",
        "facilityType": "tertiary",
        "pedestrianAllowed": null,
        "bicycleAllowed": null,
        "direction": "unknown",
        "provenance": [
          {
            "property": "",
            "dataset": "OpenStreetMap",
            "license": "ODbL-1.0",
            "record_id": "w152801166@16",
            "update_time": "2026-07-11T01:52:14Z",
            "confidence": null,
            "between": null,
            "provider": "osm",
            "resource": "planet",
            "version": "2026-08-05"
          }
        ],
        "connectorIds": [
          "31fa8723-86c8-4d80-a20e-ebaa787de921",
          "685d0580-cf77-4ef3-902c-07a401551a7e"
        ],
        "officialInventory": false,
        "name": "安通路五段",
        "originalCrs": "EPSG:4326",
        "originalProperties": {
          "names": {
            "primary": "安通路五段",
            "common": [
              [
                "en",
                "Antong Road Section 5"
              ],
              [
                "zh",
                "安通路五段"
              ]
            ],
            "rules": [
              {
                "variant": "common",
                "language": null,
                "perspectives": null,
                "value": "安通路五段",
                "between": null,
                "side": null
              }
            ]
          },
          "subtype": "road",
          "class": "tertiary",
          "connectors": [
            {
              "connector_id": "31fa8723-86c8-4d80-a20e-ebaa787de921",
              "at": 0.0
            },
            {
              "connector_id": "685d0580-cf77-4ef3-902c-07a401551a7e",
              "at": 1.0
            }
          ],
          "road_surface": [
            {
              "value": "paved",
              "between": null
            }
          ],
          "sources": [
            {
              "property": "",
              "dataset": "OpenStreetMap",
              "license": "ODbL-1.0",
              "record_id": "w152801166@16",
              "update_time": "2026-07-11T01:52:14Z",
              "confidence": null,
              "between": null,
              "provider": "osm",
              "resource": "planet",
              "version": "2026-08-05"
            }
          ],
          "version": 3
        }
      }
    },
    {
      "type": "Feature",
      "id": "783eebbb-35a6-48c4-a244-dcf665b740c7",
      "geometry": {
        "type": "LineString",
        "coordinates": [
          [
            120.1968401,
            23.0300399
          ],
          [
            120.198424,
            23.0299198
          ]
        ]
      },
      "properties": {
        "source": "overture",
        "sourceKey": "overture-segments",
        "sourceVersion": "latest",
        "sourceFeatureId": "783eebbb-35a6-48c4-a244-dcf665b740c7",
        "facilityType": "tertiary",
        "pedestrianAllowed": null,
        "bicycleAllowed": null,
        "direction": "unknown",
        "provenance": [
          {
            "property": "",
            "dataset": "OpenStreetMap",
            "license": "ODbL-1.0",
            "record_id": "w152801166@16",
            "update_time": "2026-07-11T01:52:14Z",
            "confidence": null,
            "between": null,
            "provider": "osm",
            "resource": "planet",
            "version": "2026-08-05"
          }
        ],
        "connectorIds": [
          "aa073ae1-4d06-42c7-9c1c-650f85e81824",
          "31fa8723-86c8-4d80-a20e-ebaa787de921"
        ],
        "officialInventory": false,
        "name": "安通路五段",
        "originalCrs": "EPSG:4326",
        "originalProperties": {
          "names": {
            "primary": "安通路五段",
            "common": [
              [
                "en",
                "Antong Road Section 5"
              ],
              [
                "zh",
                "安通路五段"
              ]
            ],
            "rules": [
              {
                "variant": "common",
                "language": null,
                "perspectives": null,
                "value": "安通路五段",
                "between": null,
                "side": null
              }
            ]
          },
          "subtype": "road",
          "class": "tertiary",
          "connectors": [
            {
              "connector_id": "aa073ae1-4d06-42c7-9c1c-650f85e81824",
              "at": 0.0
            },
            {
              "connector_id": "31fa8723-86c8-4d80-a20e-ebaa787de921",
              "at": 1.0
            }
          ],
          "road_surface": [
            {
              "value": "paved",
              "between": null
            }
          ],
          "sources": [
            {
              "property": "",
              "dataset": "OpenStreetMap",
              "license": "ODbL-1.0",
              "record_id": "w152801166@16",
              "update_time": "2026-07-11T01:52:14Z",
              "confidence": null,
              "between": null,
              "provider": "osm",
              "resource": "planet",
              "version": "2026-08-05"
            }
          ],
          "version": 3
        }
      }
    },
    {
      "type": "Feature",
      "id": "11f8f1b3-dfb7-4a31-8bee-52d408d76e3a",
      "geometry": {
        "type": "LineString",
        "coordinates": [
          [
            120.2018931,
            23.0296713
          ],
          [
            120.2019546,
            23.0298441
          ],
          [
            120.2019632,
            23.0307265
          ]
        ]
      },
      "properties": {
        "source": "overture",
        "sourceKey": "overture-segments",
        "sourceVersion": "latest",
        "sourceFeatureId": "11f8f1b3-dfb7-4a31-8bee-52d408d76e3a",
        "facilityType": "residential",
        "pedestrianAllowed": null,
        "bicycleAllowed": null,
        "direction": "unknown",
        "provenance": [
          {
            "property": "",
            "dataset": "OpenStreetMap",
            "license": "ODbL-1.0",
            "record_id": "w919636913@13",
            "update_time": "2026-07-11T01:26:48Z",
            "confidence": null,
            "between": null,
            "provider": "osm",
            "resource": "planet",
            "version": "2026-08-05"
          }
        ],
        "connectorIds": [
          "d8f59397-4636-4c00-bcc8-647c035374c6",
          "4515e4d6-5125-4e2f-b2c0-473d7d40e213"
        ],
        "officialInventory": false,
        "name": "興福大道",
        "originalCrs": "EPSG:4326",
        "originalProperties": {
          "names": {
            "primary": "興福大道",
            "common": null,
            "rules": [
              {
                "variant": "common",
                "language": null,
                "perspectives": null,
                "value": "興福大道",
                "between": null,
                "side": null
              }
            ]
          },
          "subtype": "road",
          "class": "residential",
          "connectors": [
            {
              "connector_id": "d8f59397-4636-4c00-bcc8-647c035374c6",
              "at": 0.0
            },
            {
              "connector_id": "4515e4d6-5125-4e2f-b2c0-473d7d40e213",
              "at": 1.0
            }
          ],
          "road_surface": [
            {
              "value": "paved",
              "between": null
            }
          ],
          "access_restrictions": [
            {
              "access_type": "denied",
              "when": {
                "during": null,
                "heading": "backward",
                "using": null,
                "recognized": null,
                "mode": null,
                "vehicle": null
              },
              "between": null
            }
          ],
          "sources": [
            {
              "property": "",
              "dataset": "OpenStreetMap",
              "license": "ODbL-1.0",
              "record_id": "w919636913@13",
              "update_time": "2026-07-11T01:26:48Z",
              "confidence": null,
              "between": null,
              "provider": "osm",
              "resource": "planet",
              "version": "2026-08-05"
            }
          ],
          "version": 2
        }
      }
    },
    {
      "type": "Feature",
      "id": "16c285af-4d4b-4c22-a49e-66df3f0c8e49",
      "geometry": {
        "type": "LineString",
        "coordinates": [
          [
            120.2018309,
            23.0307296
          ],
          [
            120.2018254,
            23.029842
          ],
          [
            120.2018931,
            23.0296713
          ]
        ]
      },
      "properties": {
        "source": "overture",
        "sourceKey": "overture-segments",
        "sourceVersion": "latest",
        "sourceFeatureId": "16c285af-4d4b-4c22-a49e-66df3f0c8e49",
        "facilityType": "residential",
        "pedestrianAllowed": null,
        "bicycleAllowed": null,
        "direction": "unknown",
        "provenance": [
          {
            "property": "",
            "dataset": "OpenStreetMap",
            "license": "ODbL-1.0",
            "record_id": "w919636914@15",
            "update_time": "2026-07-11T01:26:48Z",
            "confidence": null,
            "between": null,
            "provider": "osm",
            "resource": "planet",
            "version": "2026-08-05"
          }
        ],
        "connectorIds": [
          "d3320129-c61a-49ea-8614-35302a8bf0cb",
          "d8f59397-4636-4c00-bcc8-647c035374c6"
        ],
        "officialInventory": false,
        "name": "興福大道",
        "originalCrs": "EPSG:4326",
        "originalProperties": {
          "names": {
            "primary": "興福大道",
            "common": null,
            "rules": [
              {
                "variant": "common",
                "language": null,
                "perspectives": null,
                "value": "興福大道",
                "between": null,
                "side": null
              }
            ]
          },
          "subtype": "road",
          "class": "residential",
          "connectors": [
            {
              "connector_id": "d3320129-c61a-49ea-8614-35302a8bf0cb",
              "at": 0.0
            },
            {
              "connector_id": "d8f59397-4636-4c00-bcc8-647c035374c6",
              "at": 1.0
            }
          ],
          "road_surface": [
            {
              "value": "paved",
              "between": null
            }
          ],
          "access_restrictions": [
            {
              "access_type": "denied",
              "when": {
                "during": null,
                "heading": "backward",
                "using": null,
                "recognized": null,
                "mode": null,
                "vehicle": null
              },
              "between": null
            }
          ],
          "sources": [
            {
              "property": "",
              "dataset": "OpenStreetMap",
              "license": "ODbL-1.0",
              "record_id": "w919636914@15",
              "update_time": "2026-07-11T01:26:48Z",
              "confidence": null,
              "between": null,
              "provider": "osm",
              "resource": "planet",
              "version": "2026-08-05"
            }
          ],
          "version": 2
        }
      }
    },
    {
      "type": "Feature",
      "id": "75e98c66-40d8-4356-b948-7ddb41bc77ef",
      "geometry": {
        "type": "LineString",
        "coordinates": [
          [
            120.1984297,
            23.0311219
          ],
          [
            120.198424,
            23.0299198
          ]
        ]
      },
      "properties": {
        "source": "overture",
        "sourceKey": "overture-segments",
        "sourceVersion": "latest",
        "sourceFeatureId": "75e98c66-40d8-4356-b948-7ddb41bc77ef",
        "facilityType": "residential",
        "pedestrianAllowed": null,
        "bicycleAllowed": null,
        "direction": "unknown",
        "provenance": [
          {
            "property": "",
            "dataset": "OpenStreetMap",
            "license": "ODbL-1.0",
            "record_id": "w919636919@5",
            "update_time": "2026-07-11T01:26:48Z",
            "confidence": null,
            "between": null,
            "provider": "osm",
            "resource": "planet",
            "version": "2026-08-05"
          }
        ],
        "connectorIds": [
          "807962e5-52c2-4694-903c-f3c38d4fd772",
          "31fa8723-86c8-4d80-a20e-ebaa787de921"
        ],
        "officialInventory": false,
        "name": "草湖一路",
        "originalCrs": "EPSG:4326",
        "originalProperties": {
          "names": {
            "primary": "草湖一路",
            "common": [
              [
                "en",
                "Caohu 1st Road"
              ],
              [
                "zh",
                "草湖一路"
              ]
            ],
            "rules": [
              {
                "variant": "common",
                "language": null,
                "perspectives": null,
                "value": "草湖一路",
                "between": null,
                "side": null
              }
            ]
          },
          "subtype": "road",
          "class": "residential",
          "connectors": [
            {
              "connector_id": "807962e5-52c2-4694-903c-f3c38d4fd772",
              "at": 0.0
            },
            {
              "connector_id": "31fa8723-86c8-4d80-a20e-ebaa787de921",
              "at": 1.0
            }
          ],
          "road_surface": [
            {
              "value": "paved",
              "between": null
            }
          ],
          "sources": [
            {
              "property": "",
              "dataset": "OpenStreetMap",
              "license": "ODbL-1.0",
              "record_id": "w919636919@5",
              "update_time": "2026-07-11T01:26:48Z",
              "confidence": null,
              "between": null,
              "provider": "osm",
              "resource": "planet",
              "version": "2026-08-05"
            }
          ],
          "version": 2
        }
      }
    },
    {
      "type": "Feature",
      "id": "a43a12ca-d836-4dec-90fc-7a6fb33c27b4",
      "geometry": {
        "type": "LineString",
        "coordinates": [
          [
            120.2019632,
            23.0307265
          ],
          [
            120.2018309,
            23.0307296
          ]
        ]
      },
      "properties": {
        "source": "overture",
        "sourceKey": "overture-segments",
        "sourceVersion": "latest",
        "sourceFeatureId": "a43a12ca-d836-4dec-90fc-7a6fb33c27b4",
        "facilityType": "residential",
        "pedestrianAllowed": null,
        "bicycleAllowed": null,
        "direction": "unknown",
        "provenance": [
          {
            "property": "",
            "dataset": "OpenStreetMap",
            "license": "ODbL-1.0",
            "record_id": "w919636915@10",
            "update_time": "2026-07-11T01:32:44Z",
            "confidence": null,
            "between": null,
            "provider": "osm",
            "resource": "planet",
            "version": "2026-08-05"
          }
        ],
        "connectorIds": [
          "4515e4d6-5125-4e2f-b2c0-473d7d40e213",
          "d3320129-c61a-49ea-8614-35302a8bf0cb"
        ],
        "officialInventory": false,
        "name": "安圳路",
        "originalCrs": "EPSG:4326",
        "originalProperties": {
          "names": {
            "primary": "安圳路",
            "common": null,
            "rules": [
              {
                "variant": "common",
                "language": null,
                "perspectives": null,
                "value": "安圳路",
                "between": null,
                "side": null
              }
            ]
          },
          "subtype": "road",
          "class": "residential",
          "connectors": [
            {
              "connector_id": "4515e4d6-5125-4e2f-b2c0-473d7d40e213",
              "at": 0.0
            },
            {
              "connector_id": "d3320129-c61a-49ea-8614-35302a8bf0cb",
              "at": 1.0
            }
          ],
          "road_surface": [
            {
              "value": "paved",
              "between": null
            }
          ],
          "sources": [
            {
              "property": "",
              "dataset": "OpenStreetMap",
              "license": "ODbL-1.0",
              "record_id": "w919636915@10",
              "update_time": "2026-07-11T01:32:44Z",
              "confidence": null,
              "between": null,
              "provider": "osm",
              "resource": "planet",
              "version": "2026-08-05"
            }
          ],
          "version": 3
        }
      }
    },
    {
      "type": "Feature",
      "id": "ef1da437-2a89-41ec-bbc1-baeace0250ef",
      "geometry": {
        "type": "LineString",
        "coordinates": [
          [
            120.2044849,
            23.0306053
          ],
          [
            120.2019632,
            23.0307265
          ]
        ]
      },
      "properties": {
        "source": "overture",
        "sourceKey": "overture-segments",
        "sourceVersion": "latest",
        "sourceFeatureId": "ef1da437-2a89-41ec-bbc1-baeace0250ef",
        "facilityType": "residential",
        "pedestrianAllowed": null,
        "bicycleAllowed": null,
        "direction": "unknown",
        "provenance": [
          {
            "property": "",
            "dataset": "OpenStreetMap",
            "license": "ODbL-1.0",
            "record_id": "w919636915@10",
            "update_time": "2026-07-11T01:32:44Z",
            "confidence": null,
            "between": null,
            "provider": "osm",
            "resource": "planet",
            "version": "2026-08-05"
          }
        ],
        "connectorIds": [
          "2fcc06cf-b847-4550-9cb1-ddafa53d9cf4",
          "4515e4d6-5125-4e2f-b2c0-473d7d40e213"
        ],
        "officialInventory": false,
        "name": "安圳路",
        "originalCrs": "EPSG:4326",
        "originalProperties": {
          "names": {
            "primary": "安圳路",
            "common": null,
            "rules": [
              {
                "variant": "common",
                "language": null,
                "perspectives": null,
                "value": "安圳路",
                "between": null,
                "side": null
              }
            ]
          },
          "subtype": "road",
          "class": "residential",
          "connectors": [
            {
              "connector_id": "2fcc06cf-b847-4550-9cb1-ddafa53d9cf4",
              "at": 0.0
            },
            {
              "connector_id": "4515e4d6-5125-4e2f-b2c0-473d7d40e213",
              "at": 1.0
            }
          ],
          "road_surface": [
            {
              "value": "paved",
              "between": null
            }
          ],
          "sources": [
            {
              "property": "",
              "dataset": "OpenStreetMap",
              "license": "ODbL-1.0",
              "record_id": "w919636915@10",
              "update_time": "2026-07-11T01:32:44Z",
              "confidence": null,
              "between": null,
              "provider": "osm",
              "resource": "planet",
              "version": "2026-08-05"
            }
          ],
          "version": 3
        }
      }
    },
    {
      "type": "Feature",
      "id": "2475ba68-b2cc-49b0-9186-4779f7d2d943",
      "geometry": {
        "type": "LineString",
        "coordinates": [
          [
            120.2001512,
            23.0310445
          ],
          [
            120.2001459,
            23.0297991
          ]
        ]
      },
      "properties": {
        "source": "overture",
        "sourceKey": "overture-segments",
        "sourceVersion": "latest",
        "sourceFeatureId": "2475ba68-b2cc-49b0-9186-4779f7d2d943",
        "facilityType": "residential",
        "pedestrianAllowed": null,
        "bicycleAllowed": null,
        "direction": "unknown",
        "provenance": [
          {
            "property": "",
            "dataset": "OpenStreetMap",
            "license": "ODbL-1.0",
            "record_id": "w919636922@6",
            "update_time": "2026-07-11T01:26:48Z",
            "confidence": null,
            "between": null,
            "provider": "osm",
            "resource": "planet",
            "version": "2026-08-05"
          }
        ],
        "connectorIds": [
          "c517bb34-68db-49b5-a7f9-e8a0627cfeed",
          "685d0580-cf77-4ef3-902c-07a401551a7e"
        ],
        "officialInventory": false,
        "name": "安晴三路",
        "originalCrs": "EPSG:4326",
        "originalProperties": {
          "names": {
            "primary": "安晴三路",
            "common": null,
            "rules": [
              {
                "variant": "common",
                "language": null,
                "perspectives": null,
                "value": "安晴三路",
                "between": null,
                "side": null
              }
            ]
          },
          "subtype": "road",
          "class": "residential",
          "connectors": [
            {
              "connector_id": "c517bb34-68db-49b5-a7f9-e8a0627cfeed",
              "at": 0.0
            },
            {
              "connector_id": "685d0580-cf77-4ef3-902c-07a401551a7e",
              "at": 1.0
            }
          ],
          "road_surface": [
            {
              "value": "paved",
              "between": null
            }
          ],
          "sources": [
            {
              "property": "",
              "dataset": "OpenStreetMap",
              "license": "ODbL-1.0",
              "record_id": "w919636922@6",
              "update_time": "2026-07-11T01:26:48Z",
              "confidence": null,
              "between": null,
              "provider": "osm",
              "resource": "planet",
              "version": "2026-08-05"
            }
          ],
          "version": 2
        }
      }
    },
    {
      "type": "Feature",
      "id": "b5a31a65-df32-47a8-9273-3aaa27f9109e",
      "geometry": {
        "type": "LineString",
        "coordinates": [
          [
            120.207389,
            23.0302959
          ],
          [
            120.2071067,
            23.0302999
          ]
        ]
      },
      "properties": {
        "source": "overture",
        "sourceKey": "overture-segments",
        "sourceVersion": "latest",
        "sourceFeatureId": "b5a31a65-df32-47a8-9273-3aaa27f9109e",
        "facilityType": "service",
        "pedestrianAllowed": null,
        "bicycleAllowed": null,
        "direction": "unknown",
        "provenance": [
          {
            "property": "",
            "dataset": "OpenStreetMap",
            "license": "ODbL-1.0",
            "record_id": "w1372602027@1",
            "update_time": "2025-03-29T07:40:12Z",
            "confidence": null,
            "between": null,
            "provider": "osm",
            "resource": "planet",
            "version": "2026-08-05"
          }
        ],
        "connectorIds": [
          "e2626744-617e-417a-85b6-593aa03f5d25",
          "a7be8c12-678f-4261-8e69-205ab82b2302"
        ],
        "officialInventory": false,
        "name": "安通路四段119巷30弄",
        "originalCrs": "EPSG:4326",
        "originalProperties": {
          "names": {
            "primary": "安通路四段119巷30弄",
            "common": null,
            "rules": [
              {
                "variant": "common",
                "language": null,
                "perspectives": null,
                "value": "安通路四段119巷30弄",
                "between": null,
                "side": null
              }
            ]
          },
          "subtype": "road",
          "class": "service",
          "subclass": "alley",
          "subclass_rules": [
            {
              "value": "alley",
              "between": null
            }
          ],
          "connectors": [
            {
              "connector_id": "e2626744-617e-417a-85b6-593aa03f5d25",
              "at": 0.0
            },
            {
              "connector_id": "a7be8c12-678f-4261-8e69-205ab82b2302",
              "at": 1.0
            }
          ],
          "sources": [
            {
              "property": "",
              "dataset": "OpenStreetMap",
              "license": "ODbL-1.0",
              "record_id": "w1372602027@1",
              "update_time": "2025-03-29T07:40:12Z",
              "confidence": null,
              "between": null,
              "provider": "osm",
              "resource": "planet",
              "version": "2026-08-05"
            }
          ],
          "version": 1
        }
      }
    },
    {
      "type": "Feature",
      "id": "5bff218d-e0ed-4f60-8846-af1a67078ea6",
      "geometry": {
        "type": "LineString",
        "coordinates": [
          [
            120.2097194,
            23.0314342
          ],
          [
            120.2098785,
            23.0298852
          ],
          [
            120.2099292,
            23.0293808
          ]
        ]
      },
      "properties": {
        "source": "overture",
        "sourceKey": "overture-segments",
        "sourceVersion": "latest",
        "sourceFeatureId": "5bff218d-e0ed-4f60-8846-af1a67078ea6",
        "facilityType": "service",
        "pedestrianAllowed": null,
        "bicycleAllowed": null,
        "direction": "unknown",
        "provenance": [
          {
            "property": "",
            "dataset": "OpenStreetMap",
            "license": "ODbL-1.0",
            "record_id": "w444573967@2",
            "update_time": "2018-03-01T03:30:32Z",
            "confidence": null,
            "between": null,
            "provider": "osm",
            "resource": "planet",
            "version": "2026-08-05"
          }
        ],
        "connectorIds": [
          "410a2797-c3fb-4d00-9918-e941a154c11f",
          "cf5ccba2-ebc4-4ade-99a4-2cdf59da4c06",
          "b4a9cfae-9117-4a47-baec-cbfc5c44596b"
        ],
        "officialInventory": false,
        "name": "安通路四段47巷23弄",
        "originalCrs": "EPSG:4326",
        "originalProperties": {
          "names": {
            "primary": "安通路四段47巷23弄",
            "common": null,
            "rules": [
              {
                "variant": "common",
                "language": null,
                "perspectives": null,
                "value": "安通路四段47巷23弄",
                "between": null,
                "side": null
              }
            ]
          },
          "subtype": "road",
          "class": "service",
          "subclass": "alley",
          "subclass_rules": [
            {
              "value": "alley",
              "between": null
            }
          ],
          "connectors": [
            {
              "connector_id": "410a2797-c3fb-4d00-9918-e941a154c11f",
              "at": 0.0
            },
            {
              "connector_id": "cf5ccba2-ebc4-4ade-99a4-2cdf59da4c06",
              "at": 0.754393745
            },
            {
              "connector_id": "b4a9cfae-9117-4a47-baec-cbfc5c44596b",
              "at": 1.0
            }
          ],
          "sources": [
            {
              "property": "",
              "dataset": "OpenStreetMap",
              "license": "ODbL-1.0",
              "record_id": "w444573967@2",
              "update_time": "2018-03-01T03:30:32Z",
              "confidence": null,
              "between": null,
              "provider": "osm",
              "resource": "planet",
              "version": "2026-08-05"
            }
          ],
          "version": 1
        }
      }
    },
    {
      "type": "Feature",
      "id": "260b70ef-5ae9-4f57-92bf-9e7638241dd6",
      "geometry": {
        "type": "LineString",
        "coordinates": [
          [
            120.2079379,
            23.0303934
          ],
          [
            120.2085862,
            23.0304378
          ]
        ]
      },
      "properties": {
        "source": "overture",
        "sourceKey": "overture-segments",
        "sourceVersion": "latest",
        "sourceFeatureId": "260b70ef-5ae9-4f57-92bf-9e7638241dd6",
        "facilityType": "service",
        "pedestrianAllowed": null,
        "bicycleAllowed": null,
        "direction": "unknown",
        "provenance": [
          {
            "property": "",
            "dataset": "OpenStreetMap",
            "license": "ODbL-1.0",
            "record_id": "w565193168@1",
            "update_time": "2018-03-01T03:30:23Z",
            "confidence": null,
            "between": null,
            "provider": "osm",
            "resource": "planet",
            "version": "2026-08-05"
          }
        ],
        "connectorIds": [
          "3c62f0de-a2f7-4b19-a23a-287d04d97c60",
          "f76071cf-460f-4dd3-bab9-3ec500d5bee1"
        ],
        "officialInventory": false,
        "name": "安通一街62巷",
        "originalCrs": "EPSG:4326",
        "originalProperties": {
          "names": {
            "primary": "安通一街62巷",
            "common": null,
            "rules": [
              {
                "variant": "common",
                "language": null,
                "perspectives": null,
                "value": "安通一街62巷",
                "between": null,
                "side": null
              }
            ]
          },
          "subtype": "road",
          "class": "service",
          "subclass": "alley",
          "subclass_rules": [
            {
              "value": "alley",
              "between": null
            }
          ],
          "connectors": [
            {
              "connector_id": "3c62f0de-a2f7-4b19-a23a-287d04d97c60",
              "at": 0.0
            },
            {
              "connector_id": "f76071cf-460f-4dd3-bab9-3ec500d5bee1",
              "at": 1.0
            }
          ],
          "sources": [
            {
              "property": "",
              "dataset": "OpenStreetMap",
              "license": "ODbL-1.0",
              "record_id": "w565193168@1",
              "update_time": "2018-03-01T03:30:23Z",
              "confidence": null,
              "between": null,
              "provider": "osm",
              "resource": "planet",
              "version": "2026-08-05"
            }
          ],
          "version": 1
        }
      }
    },
    {
      "type": "Feature",
      "id": "936b84c8-f7f7-4f37-b519-87bb8c5f653a",
      "geometry": {
        "type": "LineString",
        "coordinates": [
          [
            120.206201,
            23.030555
          ],
          [
            120.2071207,
            23.030493
          ]
        ]
      },
      "properties": {
        "source": "overture",
        "sourceKey": "overture-segments",
        "sourceVersion": "latest",
        "sourceFeatureId": "936b84c8-f7f7-4f37-b519-87bb8c5f653a",
        "facilityType": "service",
        "pedestrianAllowed": null,
        "bicycleAllowed": null,
        "direction": "unknown",
        "provenance": [
          {
            "property": "",
            "dataset": "OpenStreetMap",
            "license": "ODbL-1.0",
            "record_id": "w565193165@1",
            "update_time": "2024-04-26T07:32:06Z",
            "confidence": null,
            "between": null,
            "provider": "osm",
            "resource": "planet",
            "version": "2026-08-05"
          }
        ],
        "connectorIds": [
          "cab80fc9-8343-481b-8b91-be7f683d8a2c",
          "8be9704d-16ca-49ed-b48c-6e3e2b9bd928"
        ],
        "officialInventory": false,
        "name": "安通路四段119巷45弄",
        "originalCrs": "EPSG:4326",
        "originalProperties": {
          "names": {
            "primary": "安通路四段119巷45弄",
            "common": null,
            "rules": [
              {
                "variant": "common",
                "language": null,
                "perspectives": null,
                "value": "安通路四段119巷45弄",
                "between": null,
                "side": null
              }
            ]
          },
          "subtype": "road",
          "class": "service",
          "subclass": "alley",
          "subclass_rules": [
            {
              "value": "alley",
              "between": null
            }
          ],
          "connectors": [
            {
              "connector_id": "cab80fc9-8343-481b-8b91-be7f683d8a2c",
              "at": 0.0
            },
            {
              "connector_id": "8be9704d-16ca-49ed-b48c-6e3e2b9bd928",
              "at": 1.0
            }
          ],
          "sources": [
            {
              "property": "",
              "dataset": "OpenStreetMap",
              "license": "ODbL-1.0",
              "record_id": "w565193165@1",
              "update_time": "2024-04-26T07:32:06Z",
              "confidence": null,
              "between": null,
              "provider": "osm",
              "resource": "planet",
              "version": "2026-08-05"
            }
          ],
          "version": 1
        }
      }
    },
    {
      "type": "Feature",
      "id": "a1c8f249-83d9-4618-9363-441a4860950d",
      "geometry": {
        "type": "LineString",
        "coordinates": [
          [
            120.2046081,
            23.0305971
          ],
          [
            120.2044849,
            23.0306053
          ]
        ]
      },
      "properties": {
        "source": "overture",
        "sourceKey": "overture-segments",
        "sourceVersion": "latest",
        "sourceFeatureId": "a1c8f249-83d9-4618-9363-441a4860950d",
        "facilityType": "residential",
        "pedestrianAllowed": null,
        "bicycleAllowed": null,
        "direction": "unknown",
        "provenance": [
          {
            "property": "",
            "dataset": "OpenStreetMap",
            "license": "ODbL-1.0",
            "record_id": "w919636915@10",
            "update_time": "2026-07-11T01:32:44Z",
            "confidence": null,
            "between": null,
            "provider": "osm",
            "resource": "planet",
            "version": "2026-08-05"
          }
        ],
        "connectorIds": [
          "698a3cf9-6035-4a92-bc03-55fa6e80a7b1",
          "2fcc06cf-b847-4550-9cb1-ddafa53d9cf4"
        ],
        "officialInventory": false,
        "name": "安圳路",
        "originalCrs": "EPSG:4326",
        "originalProperties": {
          "names": {
            "primary": "安圳路",
            "common": null,
            "rules": [
              {
                "variant": "common",
                "language": null,
                "perspectives": null,
                "value": "安圳路",
                "between": null,
                "side": null
              }
            ]
          },
          "subtype": "road",
          "class": "residential",
          "connectors": [
            {
              "connector_id": "698a3cf9-6035-4a92-bc03-55fa6e80a7b1",
              "at": 0.0
            },
            {
              "connector_id": "2fcc06cf-b847-4550-9cb1-ddafa53d9cf4",
              "at": 1.0
            }
          ],
          "road_surface": [
            {
              "value": "paved",
              "between": null
            }
          ],
          "sources": [
            {
              "property": "",
              "dataset": "OpenStreetMap",
              "license": "ODbL-1.0",
              "record_id": "w919636915@10",
              "update_time": "2026-07-11T01:32:44Z",
              "confidence": null,
              "between": null,
              "provider": "osm",
              "resource": "planet",
              "version": "2026-08-05"
            }
          ],
          "version": 5
        }
      }
    },
    {
      "type": "Feature",
      "id": "161c0e1f-7410-431f-900b-c5dac0c7b564",
      "geometry": {
        "type": "LineString",
        "coordinates": [
          [
            120.20928,
            23.0305402
          ],
          [
            120.2086269,
            23.0304894
          ]
        ]
      },
      "properties": {
        "source": "overture",
        "sourceKey": "overture-segments",
        "sourceVersion": "latest",
        "sourceFeatureId": "161c0e1f-7410-431f-900b-c5dac0c7b564",
        "facilityType": "service",
        "pedestrianAllowed": null,
        "bicycleAllowed": null,
        "direction": "unknown",
        "provenance": [
          {
            "property": "",
            "dataset": "OpenStreetMap",
            "license": "ODbL-1.0",
            "record_id": "w1372602029@1",
            "update_time": "2025-03-29T07:40:12Z",
            "confidence": null,
            "between": null,
            "provider": "osm",
            "resource": "planet",
            "version": "2026-08-05"
          }
        ],
        "connectorIds": [
          "ebd13565-14c3-4609-8dc7-4be444318e41",
          "0ab2a36e-36a6-4c93-8759-f488a716b2b0"
        ],
        "officialInventory": false,
        "name": "安西路69巷",
        "originalCrs": "EPSG:4326",
        "originalProperties": {
          "names": {
            "primary": "安西路69巷",
            "common": null,
            "rules": [
              {
                "variant": "common",
                "language": null,
                "perspectives": null,
                "value": "安西路69巷",
                "between": null,
                "side": null
              }
            ]
          },
          "subtype": "road",
          "class": "service",
          "subclass": "alley",
          "subclass_rules": [
            {
              "value": "alley",
              "between": null
            }
          ],
          "connectors": [
            {
              "connector_id": "ebd13565-14c3-4609-8dc7-4be444318e41",
              "at": 0.0
            },
            {
              "connector_id": "0ab2a36e-36a6-4c93-8759-f488a716b2b0",
              "at": 1.0
            }
          ],
          "sources": [
            {
              "property": "",
              "dataset": "OpenStreetMap",
              "license": "ODbL-1.0",
              "record_id": "w1372602029@1",
              "update_time": "2025-03-29T07:40:12Z",
              "confidence": null,
              "between": null,
              "provider": "osm",
              "resource": "planet",
              "version": "2026-08-05"
            }
          ],
          "version": 1
        }
      }
    },
    {
      "type": "Feature",
      "id": "2e592afd-2817-49ec-9f4c-021342727631",
      "geometry": {
        "type": "LineString",
        "coordinates": [
          [
            120.2088293,
            23.0303411
          ],
          [
            120.2088766,
            23.0299655
          ]
        ]
      },
      "properties": {
        "source": "overture",
        "sourceKey": "overture-segments",
        "sourceVersion": "latest",
        "sourceFeatureId": "2e592afd-2817-49ec-9f4c-021342727631",
        "facilityType": "service",
        "pedestrianAllowed": null,
        "bicycleAllowed": null,
        "direction": "unknown",
        "provenance": [
          {
            "property": "",
            "dataset": "OpenStreetMap",
            "license": "ODbL-1.0",
            "record_id": "w565193188@1",
            "update_time": "2018-03-01T03:30:24Z",
            "confidence": null,
            "between": null,
            "provider": "osm",
            "resource": "planet",
            "version": "2026-08-05"
          }
        ],
        "connectorIds": [
          "480d4117-cda6-4937-aacb-b3b0ceabd818",
          "b32058d9-03f2-44eb-9e49-d577ce8d1931"
        ],
        "officialInventory": false,
        "name": "安西路39巷30弄",
        "originalCrs": "EPSG:4326",
        "originalProperties": {
          "names": {
            "primary": "安西路39巷30弄",
            "common": null,
            "rules": [
              {
                "variant": "common",
                "language": null,
                "perspectives": null,
                "value": "安西路39巷30弄",
                "between": null,
                "side": null
              }
            ]
          },
          "subtype": "road",
          "class": "service",
          "subclass": "alley",
          "subclass_rules": [
            {
              "value": "alley",
              "between": null
            }
          ],
          "connectors": [
            {
              "connector_id": "480d4117-cda6-4937-aacb-b3b0ceabd818",
              "at": 0.0
            },
            {
              "connector_id": "b32058d9-03f2-44eb-9e49-d577ce8d1931",
              "at": 1.0
            }
          ],
          "sources": [
            {
              "property": "",
              "dataset": "OpenStreetMap",
              "license": "ODbL-1.0",
              "record_id": "w565193188@1",
              "update_time": "2018-03-01T03:30:24Z",
              "confidence": null,
              "between": null,
              "provider": "osm",
              "resource": "planet",
              "version": "2026-08-05"
            }
          ],
          "version": 1
        }
      }
    },
    {
      "type": "Feature",
      "id": "ec321dbd-d285-4ced-b1c8-d00b61291fab",
      "geometry": {
        "type": "LineString",
        "coordinates": [
          [
            120.2092099,
            23.0313515
          ],
          [
            120.209256,
            23.0308615
          ],
          [
            120.209273,
            23.0306665
          ],
          [
            120.20928,
            23.0305402
          ],
          [
            120.2093135,
            23.0299381
          ],
          [
            120.2092358,
            23.0291015
          ]
        ]
      },
      "properties": {
        "source": "overture",
        "sourceKey": "overture-segments",
        "sourceVersion": "latest",
        "sourceFeatureId": "ec321dbd-d285-4ced-b1c8-d00b61291fab",
        "facilityType": "residential",
        "pedestrianAllowed": null,
        "bicycleAllowed": null,
        "direction": "unknown",
        "provenance": [
          {
            "property": "",
            "dataset": "OpenStreetMap",
            "license": "ODbL-1.0",
            "record_id": "w155849329@10",
            "update_time": "2026-02-25T17:19:50Z",
            "confidence": null,
            "between": null,
            "provider": "osm",
            "resource": "planet",
            "version": "2026-08-05"
          }
        ],
        "connectorIds": [
          "3bae40e5-73e6-49be-b85c-6bde861b584e",
          "46c16b95-003a-4916-9dab-cf5b28d5983b",
          "ebd13565-14c3-4609-8dc7-4be444318e41",
          "c97c9537-1f3c-4612-b664-e12662347c69",
          "861b9544-0ccd-497c-bddd-22ad5f606c19"
        ],
        "officialInventory": false,
        "name": "安西路",
        "originalCrs": "EPSG:4326",
        "originalProperties": {
          "names": {
            "primary": "安西路",
            "common": null,
            "rules": [
              {
                "variant": "common",
                "language": null,
                "perspectives": null,
                "value": "安西路",
                "between": null,
                "side": null
              }
            ]
          },
          "subtype": "road",
          "class": "residential",
          "connectors": [
            {
              "connector_id": "3bae40e5-73e6-49be-b85c-6bde861b584e",
              "at": 0.0
            },
            {
              "connector_id": "46c16b95-003a-4916-9dab-cf5b28d5983b",
              "at": 0.217968595
            },
            {
              "connector_id": "ebd13565-14c3-4609-8dc7-4be444318e41",
              "at": 0.360709363
            },
            {
              "connector_id": "c97c9537-1f3c-4612-b664-e12662347c69",
              "at": 0.627887691
            },
            {
              "connector_id": "861b9544-0ccd-497c-bddd-22ad5f606c19",
              "at": 1.0
            }
          ],
          "sources": [
            {
              "property": "",
              "dataset": "OpenStreetMap",
              "license": "ODbL-1.0",
              "record_id": "w155849329@10",
              "update_time": "2026-02-25T17:19:50Z",
              "confidence": null,
              "between": null,
              "provider": "osm",
              "resource": "planet",
              "version": "2026-08-05"
            }
          ],
          "version": 1
        }
      }
    },
    {
      "type": "Feature",
      "id": "97b3c5fa-14fa-445b-b994-441840973320",
      "geometry": {
        "type": "LineString",
        "coordinates": [
          [
            120.2061805,
            23.0301763
          ],
          [
            120.2058,
            23.0301682
          ]
        ]
      },
      "properties": {
        "source": "overture",
        "sourceKey": "overture-segments",
        "sourceVersion": "latest",
        "sourceFeatureId": "97b3c5fa-14fa-445b-b994-441840973320",
        "facilityType": "unknown",
        "pedestrianAllowed": null,
        "bicycleAllowed": null,
        "direction": "unknown",
        "provenance": [
          {
            "property": "",
            "dataset": "TomTom",
            "license": "ODbL-1.0",
            "record_id": null,
            "update_time": null,
            "confidence": null,
            "between": null,
            "provider": "tomtom",
            "resource": "orbis",
            "version": "2633"
          }
        ],
        "connectorIds": [
          "34a52314-6008-4196-84c8-c8863b66133a",
          "1a92a2d4-9265-4e04-8db3-2f97bee9dc51"
        ],
        "officialInventory": false,
        "name": null,
        "originalCrs": "EPSG:4326",
        "originalProperties": {
          "subtype": "road",
          "class": "unknown",
          "connectors": [
            {
              "connector_id": "34a52314-6008-4196-84c8-c8863b66133a",
              "at": 0.0
            },
            {
              "connector_id": "1a92a2d4-9265-4e04-8db3-2f97bee9dc51",
              "at": 1.0
            }
          ],
          "sources": [
            {
              "property": "",
              "dataset": "TomTom",
              "license": "ODbL-1.0",
              "record_id": null,
              "update_time": null,
              "confidence": null,
              "between": null,
              "provider": "tomtom",
              "resource": "orbis",
              "version": "2633"
            }
          ],
          "version": 1
        }
      }
    },
    {
      "type": "Feature",
      "id": "f1f78757-02eb-418c-9fd9-9a9f680430ca",
      "geometry": {
        "type": "LineString",
        "coordinates": [
          [
            120.2071345,
            23.0309777
          ],
          [
            120.2071207,
            23.030493
          ],
          [
            120.2071067,
            23.0302999
          ],
          [
            120.2070925,
            23.0301045
          ],
          [
            120.2070642,
            23.0297143
          ],
          [
            120.2070311,
            23.0292557
          ]
        ]
      },
      "properties": {
        "source": "overture",
        "sourceKey": "overture-segments",
        "sourceVersion": "latest",
        "sourceFeatureId": "f1f78757-02eb-418c-9fd9-9a9f680430ca",
        "facilityType": "service",
        "pedestrianAllowed": null,
        "bicycleAllowed": null,
        "direction": "unknown",
        "provenance": [
          {
            "property": "",
            "dataset": "OpenStreetMap",
            "license": "ODbL-1.0",
            "record_id": "w152801140@6",
            "update_time": "2025-03-29T07:40:12Z",
            "confidence": null,
            "between": null,
            "provider": "osm",
            "resource": "planet",
            "version": "2026-08-05"
          }
        ],
        "connectorIds": [
          "a76545f2-1827-47cc-bd10-344ffefd6262",
          "8be9704d-16ca-49ed-b48c-6e3e2b9bd928",
          "a7be8c12-678f-4261-8e69-205ab82b2302",
          "0d12e463-a726-48f4-84fc-7527b04e0d17",
          "5fa3622a-e0fc-4cd3-b1a6-cb3becd6ece8",
          "098c7397-986e-4067-a1f8-c0ad9565f8f4"
        ],
        "officialInventory": false,
        "name": "安通路四段119巷",
        "originalCrs": "EPSG:4326",
        "originalProperties": {
          "names": {
            "primary": "安通路四段119巷",
            "common": null,
            "rules": [
              {
                "variant": "common",
                "language": null,
                "perspectives": null,
                "value": "安通路四段119巷",
                "between": null,
                "side": null
              }
            ]
          },
          "subtype": "road",
          "class": "service",
          "subclass": "alley",
          "subclass_rules": [
            {
              "value": "alley",
              "between": null
            }
          ],
          "connectors": [
            {
              "connector_id": "a76545f2-1827-47cc-bd10-344ffefd6262",
              "at": 0.0
            },
            {
              "connector_id": "8be9704d-16ca-49ed-b48c-6e3e2b9bd928",
              "at": 0.281092142
            },
            {
              "connector_id": "a7be8c12-678f-4261-8e69-205ab82b2302",
              "at": 0.393289544
            },
            {
              "connector_id": "0d12e463-a726-48f4-84fc-7527b04e0d17",
              "at": 0.506824515
            },
            {
              "connector_id": "5fa3622a-e0fc-4cd3-b1a6-cb3becd6ece8",
              "at": 0.733543799
            },
            {
              "connector_id": "098c7397-986e-4067-a1f8-c0ad9565f8f4",
              "at": 1.0
            }
          ],
          "sources": [
            {
              "property": "",
              "dataset": "OpenStreetMap",
              "license": "ODbL-1.0",
              "record_id": "w152801140@6",
              "update_time": "2025-03-29T07:40:12Z",
              "confidence": null,
              "between": null,
              "provider": "osm",
              "resource": "planet",
              "version": "2026-08-05"
            }
          ],
          "version": 1
        }
      }
    },
    {
      "type": "Feature",
      "id": "ab7dd65d-5a65-4202-ba43-7fe5e0d482b3",
      "geometry": {
        "type": "LineString",
        "coordinates": [
          [
            120.2078396,
            23.0311113
          ],
          [
            120.2078872,
            23.0307638
          ],
          [
            120.2079379,
            23.0303934
          ],
          [
            120.2079869,
            23.0300361
          ],
          [
            120.207918,
            23.0291887
          ]
        ]
      },
      "properties": {
        "source": "overture",
        "sourceKey": "overture-segments",
        "sourceVersion": "latest",
        "sourceFeatureId": "ab7dd65d-5a65-4202-ba43-7fe5e0d482b3",
        "facilityType": "residential",
        "pedestrianAllowed": null,
        "bicycleAllowed": null,
        "direction": "unknown",
        "provenance": [
          {
            "property": "",
            "dataset": "OpenStreetMap",
            "license": "ODbL-1.0",
            "record_id": "w152801156@7",
            "update_time": "2026-02-20T11:12:42Z",
            "confidence": null,
            "between": null,
            "provider": "osm",
            "resource": "planet",
            "version": "2026-08-05"
          }
        ],
        "connectorIds": [
          "078818ec-cb28-46af-89f1-0d0b6c65a7b5",
          "acaedbc8-63a8-4462-8527-9b2a9e6c6bd2",
          "3c62f0de-a2f7-4b19-a23a-287d04d97c60",
          "8d09ce34-96df-4e2f-b5d8-5d80384661be",
          "4ff3e828-cc27-4db4-85ae-ab65ce51be94"
        ],
        "officialInventory": false,
        "name": "安通一街",
        "originalCrs": "EPSG:4326",
        "originalProperties": {
          "names": {
            "primary": "安通一街",
            "common": null,
            "rules": [
              {
                "variant": "common",
                "language": null,
                "perspectives": null,
                "value": "安通一街",
                "between": null,
                "side": null
              }
            ]
          },
          "subtype": "road",
          "class": "residential",
          "connectors": [
            {
              "connector_id": "078818ec-cb28-46af-89f1-0d0b6c65a7b5",
              "at": 0.0
            },
            {
              "connector_id": "acaedbc8-63a8-4462-8527-9b2a9e6c6bd2",
              "at": 0.18115468
            },
            {
              "connector_id": "3c62f0de-a2f7-4b19-a23a-287d04d97c60",
              "at": 0.374245108
            },
            {
              "connector_id": "8d09ce34-96df-4e2f-b5d8-5d80384661be",
              "at": 0.56051208
            },
            {
              "connector_id": "4ff3e828-cc27-4db4-85ae-ab65ce51be94",
              "at": 1.0
            }
          ],
          "sources": [
            {
              "property": "",
              "dataset": "OpenStreetMap",
              "license": "ODbL-1.0",
              "record_id": "w152801156@7",
              "update_time": "2026-02-20T11:12:42Z",
              "confidence": null,
              "between": null,
              "provider": "osm",
              "resource": "planet",
              "version": "2026-08-05"
            }
          ],
          "version": 1
        }
      }
    },
    {
      "type": "Feature",
      "id": "eae09a83-0798-4d3c-aa7f-64569031797c",
      "geometry": {
        "type": "LineString",
        "coordinates": [
          [
            120.205425,
            23.0293771
          ],
          [
            120.2054006,
            23.0307481
          ]
        ]
      },
      "properties": {
        "source": "overture",
        "sourceKey": "overture-segments",
        "sourceVersion": "latest",
        "sourceFeatureId": "eae09a83-0798-4d3c-aa7f-64569031797c",
        "facilityType": "residential",
        "pedestrianAllowed": null,
        "bicycleAllowed": null,
        "direction": "unknown",
        "provenance": [
          {
            "property": "",
            "dataset": "OpenStreetMap",
            "license": "ODbL-1.0",
            "record_id": "w152801155@9",
            "update_time": "2025-10-07T08:12:04Z",
            "confidence": null,
            "between": null,
            "provider": "osm",
            "resource": "planet",
            "version": "2026-08-05"
          }
        ],
        "connectorIds": [
          "e08481d7-30e3-4ef7-9c4e-1abd6deeaa4b",
          "a1329560-3527-4bd1-9a76-23ca121cba8c"
        ],
        "officialInventory": false,
        "name": "安通三街",
        "originalCrs": "EPSG:4326",
        "originalProperties": {
          "names": {
            "primary": "安通三街",
            "common": null,
            "rules": [
              {
                "variant": "common",
                "language": null,
                "perspectives": null,
                "value": "安通三街",
                "between": null,
                "side": null
              }
            ]
          },
          "subtype": "road",
          "class": "residential",
          "connectors": [
            {
              "connector_id": "e08481d7-30e3-4ef7-9c4e-1abd6deeaa4b",
              "at": 0.0
            },
            {
              "connector_id": "a1329560-3527-4bd1-9a76-23ca121cba8c",
              "at": 1.0
            }
          ],
          "road_surface": [
            {
              "value": "paved",
              "between": null
            }
          ],
          "sources": [
            {
              "property": "",
              "dataset": "OpenStreetMap",
              "license": "ODbL-1.0",
              "record_id": "w152801155@9",
              "update_time": "2025-10-07T08:12:04Z",
              "confidence": null,
              "between": null,
              "provider": "osm",
              "resource": "planet",
              "version": "2026-08-05"
            }
          ],
          "version": 1
        }
      }
    },
    {
      "type": "Feature",
      "id": "3b92b02f-d3d6-4dd6-a6bb-01697f305a2e",
      "geometry": {
        "type": "LineString",
        "coordinates": [
          [
            120.2062068,
            23.0307806
          ],
          [
            120.206201,
            23.030555
          ],
          [
            120.2061805,
            23.0301763
          ],
          [
            120.2061679,
            23.0297801
          ],
          [
            120.2061392,
            23.0293232
          ]
        ]
      },
      "properties": {
        "source": "overture",
        "sourceKey": "overture-segments",
        "sourceVersion": "latest",
        "sourceFeatureId": "3b92b02f-d3d6-4dd6-a6bb-01697f305a2e",
        "facilityType": "residential",
        "pedestrianAllowed": null,
        "bicycleAllowed": null,
        "direction": "unknown",
        "provenance": [
          {
            "property": "",
            "dataset": "OpenStreetMap",
            "license": "ODbL-1.0",
            "record_id": "w155849330@7",
            "update_time": "2026-02-20T11:12:42Z",
            "confidence": null,
            "between": null,
            "provider": "osm",
            "resource": "planet",
            "version": "2026-08-05"
          }
        ],
        "connectorIds": [
          "76a85b71-a4a2-4742-a2c5-cd8cf261b399",
          "cab80fc9-8343-481b-8b91-be7f683d8a2c",
          "34a52314-6008-4196-84c8-c8863b66133a",
          "4cdcb5eb-f0ed-4841-bf21-7d054025fab0",
          "593ee321-b385-493d-b57a-e0124c006eb5"
        ],
        "officialInventory": false,
        "name": "安通二街",
        "originalCrs": "EPSG:4326",
        "originalProperties": {
          "names": {
            "primary": "安通二街",
            "common": null,
            "rules": [
              {
                "variant": "common",
                "language": null,
                "perspectives": null,
                "value": "安通二街",
                "between": null,
                "side": null
              }
            ]
          },
          "subtype": "road",
          "class": "residential",
          "connectors": [
            {
              "connector_id": "76a85b71-a4a2-4742-a2c5-cd8cf261b399",
              "at": 0.0
            },
            {
              "connector_id": "cab80fc9-8343-481b-8b91-be7f683d8a2c",
              "at": 0.154682748
            },
            {
              "connector_id": "34a52314-6008-4196-84c8-c8863b66133a",
              "at": 0.4145907
            },
            {
              "connector_id": "4cdcb5eb-f0ed-4841-bf21-7d054025fab0",
              "at": 0.686286143
            },
            {
              "connector_id": "593ee321-b385-493d-b57a-e0124c006eb5",
              "at": 1.0
            }
          ],
          "road_surface": [
            {
              "value": "paved",
              "between": null
            }
          ],
          "sources": [
            {
              "property": "",
              "dataset": "OpenStreetMap",
              "license": "ODbL-1.0",
              "record_id": "w155849330@7",
              "update_time": "2026-02-20T11:12:42Z",
              "confidence": null,
              "between": null,
              "provider": "osm",
              "resource": "planet",
              "version": "2026-08-05"
            }
          ],
          "version": 1
        }
      }
    },
    {
      "type": "Feature",
      "id": "da6a39cf-02d9-4cd3-b4b7-7bbf2b9be219",
      "geometry": {
        "type": "LineString",
        "coordinates": [
          [
            120.2044849,
            23.0306053
          ],
          [
            120.2046567,
            23.0294501
          ]
        ]
      },
      "properties": {
        "source": "overture",
        "sourceKey": "overture-segments",
        "sourceVersion": "latest",
        "sourceFeatureId": "da6a39cf-02d9-4cd3-b4b7-7bbf2b9be219",
        "facilityType": "tertiary",
        "pedestrianAllowed": null,
        "bicycleAllowed": null,
        "direction": "unknown",
        "provenance": [
          {
            "property": "",
            "dataset": "OpenStreetMap",
            "license": "ODbL-1.0",
            "record_id": "w298344325@26",
            "update_time": "2026-07-11T01:32:44Z",
            "confidence": null,
            "between": null,
            "provider": "osm",
            "resource": "planet",
            "version": "2026-08-05"
          }
        ],
        "connectorIds": [
          "2fcc06cf-b847-4550-9cb1-ddafa53d9cf4",
          "a16e7b43-ee37-4a72-8e5c-1c247c5c7990"
        ],
        "officialInventory": false,
        "name": "北安路二段",
        "originalCrs": "EPSG:4326",
        "originalProperties": {
          "names": {
            "primary": "北安路二段",
            "common": [
              [
                "en",
                "Bei’an Road Section 2"
              ],
              [
                "zh",
                "北安路二段"
              ]
            ],
            "rules": [
              {
                "variant": "common",
                "language": null,
                "perspectives": null,
                "value": "北安路二段",
                "between": null,
                "side": null
              }
            ]
          },
          "subtype": "road",
          "class": "tertiary",
          "connectors": [
            {
              "connector_id": "2fcc06cf-b847-4550-9cb1-ddafa53d9cf4",
              "at": 0.0
            },
            {
              "connector_id": "a16e7b43-ee37-4a72-8e5c-1c247c5c7990",
              "at": 1.0
            }
          ],
          "road_surface": [
            {
              "value": "paved",
              "between": null
            }
          ],
          "access_restrictions": [
            {
              "access_type": "denied",
              "when": {
                "during": null,
                "heading": "backward",
                "using": null,
                "recognized": null,
                "mode": null,
                "vehicle": null
              },
              "between": null
            }
          ],
          "speed_limits": [
            {
              "min_speed": null,
              "max_speed": {
                "value": 60,
                "unit": "km/h"
              },
              "is_max_speed_variable": null,
              "when": null,
              "between": null
            }
          ],
          "sources": [
            {
              "property": "",
              "dataset": "OpenStreetMap",
              "license": "ODbL-1.0",
              "record_id": "w298344325@26",
              "update_time": "2026-07-11T01:32:44Z",
              "confidence": null,
              "between": null,
              "provider": "osm",
              "resource": "planet",
              "version": "2026-08-05"
            }
          ],
          "version": 2
        }
      }
    },
    {
      "type": "Feature",
      "id": "1afbb000-c76c-4b5c-a003-225fbdc8d82c",
      "geometry": {
        "type": "LineString",
        "coordinates": [
          [
            120.2047898,
            23.0294431
          ],
          [
            120.2046081,
            23.0305971
          ]
        ]
      },
      "properties": {
        "source": "overture",
        "sourceKey": "overture-segments",
        "sourceVersion": "latest",
        "sourceFeatureId": "1afbb000-c76c-4b5c-a003-225fbdc8d82c",
        "facilityType": "tertiary",
        "pedestrianAllowed": null,
        "bicycleAllowed": null,
        "direction": "unknown",
        "provenance": [
          {
            "property": "",
            "dataset": "OpenStreetMap",
            "license": "ODbL-1.0",
            "record_id": "w158799046@31",
            "update_time": "2026-07-11T01:32:44Z",
            "confidence": null,
            "between": null,
            "provider": "osm",
            "resource": "planet",
            "version": "2026-08-05"
          }
        ],
        "connectorIds": [
          "1bc274bf-8757-40ef-b0d4-b6867ee6912a",
          "698a3cf9-6035-4a92-bc03-55fa6e80a7b1"
        ],
        "officialInventory": false,
        "name": "北安路二段",
        "originalCrs": "EPSG:4326",
        "originalProperties": {
          "names": {
            "primary": "北安路二段",
            "common": [
              [
                "en",
                "Bei’an Road Section 2"
              ],
              [
                "zh",
                "北安路二段"
              ]
            ],
            "rules": [
              {
                "variant": "common",
                "language": null,
                "perspectives": null,
                "value": "北安路二段",
                "between": null,
                "side": null
              }
            ]
          },
          "subtype": "road",
          "class": "tertiary",
          "connectors": [
            {
              "connector_id": "1bc274bf-8757-40ef-b0d4-b6867ee6912a",
              "at": 0.0
            },
            {
              "connector_id": "698a3cf9-6035-4a92-bc03-55fa6e80a7b1",
              "at": 1.0
            }
          ],
          "road_surface": [
            {
              "value": "paved",
              "between": null
            }
          ],
          "access_restrictions": [
            {
              "access_type": "denied",
              "when": {
                "during": null,
                "heading": "backward",
                "using": null,
                "recognized": null,
                "mode": null,
                "vehicle": null
              },
              "between": null
            }
          ],
          "speed_limits": [
            {
              "min_speed": null,
              "max_speed": {
                "value": 60,
                "unit": "km/h"
              },
              "is_max_speed_variable": null,
              "when": null,
              "between": null
            }
          ],
          "sources": [
            {
              "property": "",
              "dataset": "OpenStreetMap",
              "license": "ODbL-1.0",
              "record_id": "w158799046@31",
              "update_time": "2026-07-11T01:32:44Z",
              "confidence": null,
              "between": null,
              "provider": "osm",
              "resource": "planet",
              "version": "2026-08-05"
            }
          ],
          "version": 4
        }
      }
    },
    {
      "type": "Feature",
      "id": "943ec681-5e7f-41a1-a979-1534e70b1581",
      "geometry": {
        "type": "LineString",
        "coordinates": [
          [
            120.2110966,
            23.0297944
          ],
          [
            120.2098785,
            23.0298852
          ],
          [
            120.2093135,
            23.0299381
          ],
          [
            120.2088766,
            23.0299655
          ],
          [
            120.2085291,
            23.0299925
          ],
          [
            120.2079869,
            23.0300361
          ],
          [
            120.207559,
            23.0300681
          ],
          [
            120.2070925,
            23.0301045
          ],
          [
            120.2061805,
            23.0301763
          ]
        ]
      },
      "properties": {
        "source": "overture",
        "sourceKey": "overture-segments",
        "sourceVersion": "latest",
        "sourceFeatureId": "943ec681-5e7f-41a1-a979-1534e70b1581",
        "facilityType": "service",
        "pedestrianAllowed": null,
        "bicycleAllowed": null,
        "direction": "unknown",
        "provenance": [
          {
            "property": "",
            "dataset": "OpenStreetMap",
            "license": "ODbL-1.0",
            "record_id": "w305144046@8",
            "update_time": "2025-01-10T10:47:19Z",
            "confidence": null,
            "between": [
              0.0,
              0.632565293
            ],
            "provider": "osm",
            "resource": "planet",
            "version": "2026-08-05"
          },
          {
            "property": "",
            "dataset": "OpenStreetMap",
            "license": "ODbL-1.0",
            "record_id": "w565193157@1",
            "update_time": "2018-03-01T03:30:28Z",
            "confidence": null,
            "between": [
              0.632565293,
              0.814476263
            ],
            "provider": "osm",
            "resource": "planet",
            "version": "2026-08-05"
          },
          {
            "property": "",
            "dataset": "OpenStreetMap",
            "license": "ODbL-1.0",
            "record_id": "w565193163@1",
            "update_time": "2024-04-26T07:32:06Z",
            "confidence": null,
            "between": [
              0.814476263,
              1.0
            ],
            "provider": "osm",
            "resource": "planet",
            "version": "2026-08-05"
          }
        ],
        "connectorIds": [
          "7b9805b7-78b8-41a8-a080-c3c78b74b650",
          "cf5ccba2-ebc4-4ade-99a4-2cdf59da4c06",
          "c97c9537-1f3c-4612-b664-e12662347c69",
          "b32058d9-03f2-44eb-9e49-d577ce8d1931",
          "f4f817db-3e3a-4a26-b8bc-d2d28ff6675d",
          "8d09ce34-96df-4e2f-b5d8-5d80384661be",
          "933a4d34-5c1d-45ac-b00a-27dcfa9f2e0f",
          "0d12e463-a726-48f4-84fc-7527b04e0d17",
          "34a52314-6008-4196-84c8-c8863b66133a"
        ],
        "officialInventory": false,
        "name": "安西路39巷",
        "originalCrs": "EPSG:4326",
        "originalProperties": {
          "names": {
            "primary": "安西路39巷",
            "common": null,
            "rules": [
              {
                "variant": "common",
                "language": null,
                "perspectives": null,
                "value": "安西路39巷",
                "between": [
                  0.0,
                  0.814476263
                ],
                "side": null
              },
              {
                "variant": "common",
                "language": null,
                "perspectives": null,
                "value": "安通路四段119巷27弄",
                "between": [
                  0.814476263,
                  1.0
                ],
                "side": null
              }
            ]
          },
          "subtype": "road",
          "class": "service",
          "subclass_rules": [
            {
              "value": "alley",
              "between": [
                0.632565293,
                1.0
              ]
            }
          ],
          "connectors": [
            {
              "connector_id": "7b9805b7-78b8-41a8-a080-c3c78b74b650",
              "at": 0.0
            },
            {
              "connector_id": "cf5ccba2-ebc4-4ade-99a4-2cdf59da4c06",
              "at": 0.247701691
            },
            {
              "connector_id": "c97c9537-1f3c-4612-b664-e12662347c69",
              "at": 0.362808527
            },
            {
              "connector_id": "b32058d9-03f2-44eb-9e49-d577ce8d1931",
              "at": 0.451568767
            },
            {
              "connector_id": "f4f817db-3e3a-4a26-b8bc-d2d28ff6675d",
              "at": 0.522252804
            },
            {
              "connector_id": "8d09ce34-96df-4e2f-b5d8-5d80384661be",
              "at": 0.632567654
            },
            {
              "connector_id": "933a4d34-5c1d-45ac-b00a-27dcfa9f2e0f",
              "at": 0.719583175
            },
            {
              "connector_id": "0d12e463-a726-48f4-84fc-7527b04e0d17",
              "at": 0.814475433
            },
            {
              "connector_id": "34a52314-6008-4196-84c8-c8863b66133a",
              "at": 1.0
            }
          ],
          "sources": [
            {
              "property": "",
              "dataset": "OpenStreetMap",
              "license": "ODbL-1.0",
              "record_id": "w305144046@8",
              "update_time": "2025-01-10T10:47:19Z",
              "confidence": null,
              "between": [
                0.0,
                0.632565293
              ],
              "provider": "osm",
              "resource": "planet",
              "version": "2026-08-05"
            },
            {
              "property": "",
              "dataset": "OpenStreetMap",
              "license": "ODbL-1.0",
              "record_id": "w565193157@1",
              "update_time": "2018-03-01T03:30:28Z",
              "confidence": null,
              "between": [
                0.632565293,
                0.814476263
              ],
              "provider": "osm",
              "resource": "planet",
              "version": "2026-08-05"
            },
            {
              "property": "",
              "dataset": "OpenStreetMap",
              "license": "ODbL-1.0",
              "record_id": "w565193163@1",
              "update_time": "2024-04-26T07:32:06Z",
              "confidence": null,
              "between": [
                0.814476263,
                1.0
              ],
              "provider": "osm",
              "resource": "planet",
              "version": "2026-08-05"
            }
          ],
          "version": 1
        }
      }
    },
    {
      "type": "Feature",
      "id": "4221897b-2b7e-4e21-b4a6-589296b52979",
      "geometry": {
        "type": "LineString",
        "coordinates": [
          [
            120.2056575,
            23.0302495
          ],
          [
            120.2056523,
            23.0293599
          ]
        ]
      },
      "properties": {
        "source": "overture",
        "sourceKey": "overture-segments",
        "sourceVersion": "latest",
        "sourceFeatureId": "4221897b-2b7e-4e21-b4a6-589296b52979",
        "facilityType": "service",
        "pedestrianAllowed": null,
        "bicycleAllowed": null,
        "direction": "unknown",
        "provenance": [
          {
            "property": "",
            "dataset": "OpenStreetMap",
            "license": "ODbL-1.0",
            "record_id": "w1372602028@1",
            "update_time": "2025-03-29T07:40:12Z",
            "confidence": null,
            "between": null,
            "provider": "osm",
            "resource": "planet",
            "version": "2026-08-05"
          }
        ],
        "connectorIds": [
          "1670a556-e6fe-49c5-a997-cd156e0b8591",
          "a15aac51-08e3-4caf-8a30-7db974e18dfa"
        ],
        "officialInventory": false,
        "name": "安通路四段145巷",
        "originalCrs": "EPSG:4326",
        "originalProperties": {
          "names": {
            "primary": "安通路四段145巷",
            "common": null,
            "rules": [
              {
                "variant": "common",
                "language": null,
                "perspectives": null,
                "value": "安通路四段145巷",
                "between": null,
                "side": null
              }
            ]
          },
          "subtype": "road",
          "class": "service",
          "subclass": "alley",
          "subclass_rules": [
            {
              "value": "alley",
              "between": null
            }
          ],
          "connectors": [
            {
              "connector_id": "1670a556-e6fe-49c5-a997-cd156e0b8591",
              "at": 0.0
            },
            {
              "connector_id": "a15aac51-08e3-4caf-8a30-7db974e18dfa",
              "at": 1.0
            }
          ],
          "sources": [
            {
              "property": "",
              "dataset": "OpenStreetMap",
              "license": "ODbL-1.0",
              "record_id": "w1372602028@1",
              "update_time": "2025-03-29T07:40:12Z",
              "confidence": null,
              "between": null,
              "provider": "osm",
              "resource": "planet",
              "version": "2026-08-05"
            }
          ],
          "version": 1
        }
      }
    },
    {
      "type": "Feature",
      "id": "51ab9145-3a3a-47e9-9105-82c5ae2b69e0",
      "geometry": {
        "type": "LineString",
        "coordinates": [
          [
            120.2061679,
            23.0297801
          ],
          [
            120.2070642,
            23.0297143
          ]
        ]
      },
      "properties": {
        "source": "overture",
        "sourceKey": "overture-segments",
        "sourceVersion": "latest",
        "sourceFeatureId": "51ab9145-3a3a-47e9-9105-82c5ae2b69e0",
        "facilityType": "service",
        "pedestrianAllowed": null,
        "bicycleAllowed": null,
        "direction": "unknown",
        "provenance": [
          {
            "property": "",
            "dataset": "OpenStreetMap",
            "license": "ODbL-1.0",
            "record_id": "w565193160@1",
            "update_time": "2018-03-01T03:30:23Z",
            "confidence": null,
            "between": null,
            "provider": "osm",
            "resource": "planet",
            "version": "2026-08-05"
          }
        ],
        "connectorIds": [
          "4cdcb5eb-f0ed-4841-bf21-7d054025fab0",
          "5fa3622a-e0fc-4cd3-b1a6-cb3becd6ece8"
        ],
        "officialInventory": false,
        "name": "安通路四段119巷9弄",
        "originalCrs": "EPSG:4326",
        "originalProperties": {
          "names": {
            "primary": "安通路四段119巷9弄",
            "common": null,
            "rules": [
              {
                "variant": "common",
                "language": null,
                "perspectives": null,
                "value": "安通路四段119巷9弄",
                "between": null,
                "side": null
              }
            ]
          },
          "subtype": "road",
          "class": "service",
          "subclass": "alley",
          "subclass_rules": [
            {
              "value": "alley",
              "between": null
            }
          ],
          "connectors": [
            {
              "connector_id": "4cdcb5eb-f0ed-4841-bf21-7d054025fab0",
              "at": 0.0
            },
            {
              "connector_id": "5fa3622a-e0fc-4cd3-b1a6-cb3becd6ece8",
              "at": 1.0
            }
          ],
          "sources": [
            {
              "property": "",
              "dataset": "OpenStreetMap",
              "license": "ODbL-1.0",
              "record_id": "w565193160@1",
              "update_time": "2018-03-01T03:30:23Z",
              "confidence": null,
              "between": null,
              "provider": "osm",
              "resource": "planet",
              "version": "2026-08-05"
            }
          ],
          "version": 1
        }
      }
    },
    {
      "type": "Feature",
      "id": "f851fd6f-e7e1-4fb4-a06f-bfd44ab4b672",
      "geometry": {
        "type": "LineString",
        "coordinates": [
          [
            120.2135942,
            23.0297699
          ],
          [
            120.2129889,
            23.0294687
          ],
          [
            120.2124168,
            23.0292573
          ],
          [
            120.2120563,
            23.029138
          ],
          [
            120.2116548,
            23.0290616
          ],
          [
            120.211196,
            23.029013
          ],
          [
            120.2109022,
            23.0289911
          ],
          [
            120.2105485,
            23.0289899
          ],
          [
            120.2092358,
            23.0291015
          ]
        ]
      },
      "properties": {
        "source": "overture",
        "sourceKey": "overture-segments",
        "sourceVersion": "latest",
        "sourceFeatureId": "f851fd6f-e7e1-4fb4-a06f-bfd44ab4b672",
        "facilityType": "tertiary",
        "pedestrianAllowed": null,
        "bicycleAllowed": null,
        "direction": "unknown",
        "provenance": [
          {
            "property": "",
            "dataset": "OpenStreetMap",
            "license": "ODbL-1.0",
            "record_id": "w152801139@18",
            "update_time": "2026-07-11T01:32:44Z",
            "confidence": null,
            "between": null,
            "provider": "osm",
            "resource": "planet",
            "version": "2026-08-05"
          }
        ],
        "connectorIds": [
          "f188f002-1f30-492b-ab3c-cb4395b0887d",
          "15994520-f28a-4635-8ce6-1da2f2eb1c42",
          "861b9544-0ccd-497c-bddd-22ad5f606c19"
        ],
        "officialInventory": false,
        "name": "安通路四段",
        "originalCrs": "EPSG:4326",
        "originalProperties": {
          "names": {
            "primary": "安通路四段",
            "common": [
              [
                "en",
                "Antong Road Section 4"
              ],
              [
                "zh",
                "安通路四段"
              ]
            ],
            "rules": [
              {
                "variant": "common",
                "language": null,
                "perspectives": null,
                "value": "安通路四段",
                "between": null,
                "side": null
              }
            ]
          },
          "subtype": "road",
          "class": "tertiary",
          "connectors": [
            {
              "connector_id": "f188f002-1f30-492b-ab3c-cb4395b0887d",
              "at": 0.0
            },
            {
              "connector_id": "15994520-f28a-4635-8ce6-1da2f2eb1c42",
              "at": 0.565322694
            },
            {
              "connector_id": "861b9544-0ccd-497c-bddd-22ad5f606c19",
              "at": 1.0
            }
          ],
          "road_surface": [
            {
              "value": "paved",
              "between": null
            }
          ],
          "speed_limits": [
            {
              "min_speed": null,
              "max_speed": {
                "value": 60,
                "unit": "km/h"
              },
              "is_max_speed_variable": null,
              "when": null,
              "between": null
            }
          ],
          "sources": [
            {
              "property": "",
              "dataset": "OpenStreetMap",
              "license": "ODbL-1.0",
              "record_id": "w152801139@18",
              "update_time": "2026-07-11T01:32:44Z",
              "confidence": null,
              "between": null,
              "provider": "osm",
              "resource": "planet",
              "version": "2026-08-05"
            }
          ],
          "version": 3
        }
      }
    },
    {
      "type": "Feature",
      "id": "10ea8a43-a4c3-4657-a97d-4963d37193f0",
      "geometry": {
        "type": "LineString",
        "coordinates": [
          [
            120.207918,
            23.0291887
          ],
          [
            120.207484,
            23.0292215
          ],
          [
            120.2070311,
            23.0292557
          ],
          [
            120.2061392,
            23.0293232
          ]
        ]
      },
      "properties": {
        "source": "overture",
        "sourceKey": "overture-segments",
        "sourceVersion": "latest",
        "sourceFeatureId": "10ea8a43-a4c3-4657-a97d-4963d37193f0",
        "facilityType": "tertiary",
        "pedestrianAllowed": null,
        "bicycleAllowed": null,
        "direction": "unknown",
        "provenance": [
          {
            "property": "",
            "dataset": "OpenStreetMap",
            "license": "ODbL-1.0",
            "record_id": "w152801139@18",
            "update_time": "2026-07-11T01:32:44Z",
            "confidence": null,
            "between": null,
            "provider": "osm",
            "resource": "planet",
            "version": "2026-08-05"
          }
        ],
        "connectorIds": [
          "4ff3e828-cc27-4db4-85ae-ab65ce51be94",
          "bfc52e7b-7cc9-4f36-bbca-ff55ab55fd65",
          "098c7397-986e-4067-a1f8-c0ad9565f8f4",
          "593ee321-b385-493d-b57a-e0124c006eb5"
        ],
        "officialInventory": false,
        "name": "安通路四段",
        "originalCrs": "EPSG:4326",
        "originalProperties": {
          "names": {
            "primary": "安通路四段",
            "common": [
              [
                "en",
                "Antong Road Section 4"
              ],
              [
                "zh",
                "安通路四段"
              ]
            ],
            "rules": [
              {
                "variant": "common",
                "language": null,
                "perspectives": null,
                "value": "安通路四段",
                "between": null,
                "side": null
              }
            ]
          },
          "subtype": "road",
          "class": "tertiary",
          "connectors": [
            {
              "connector_id": "4ff3e828-cc27-4db4-85ae-ab65ce51be94",
              "at": 0.0
            },
            {
              "connector_id": "bfc52e7b-7cc9-4f36-bbca-ff55ab55fd65",
              "at": 0.243984013
            },
            {
              "connector_id": "098c7397-986e-4067-a1f8-c0ad9565f8f4",
              "at": 0.498591676
            },
            {
              "connector_id": "593ee321-b385-493d-b57a-e0124c006eb5",
              "at": 1.0
            }
          ],
          "road_surface": [
            {
              "value": "paved",
              "between": null
            }
          ],
          "speed_limits": [
            {
              "min_speed": null,
              "max_speed": {
                "value": 60,
                "unit": "km/h"
              },
              "is_max_speed_variable": null,
              "when": null,
              "between": null
            }
          ],
          "sources": [
            {
              "property": "",
              "dataset": "OpenStreetMap",
              "license": "ODbL-1.0",
              "record_id": "w152801139@18",
              "update_time": "2026-07-11T01:32:44Z",
              "confidence": null,
              "between": null,
              "provider": "osm",
              "resource": "planet",
              "version": "2026-08-05"
            }
          ],
          "version": 2
        }
      }
    },
    {
      "type": "Feature",
      "id": "93004546-3797-4ba5-b06b-ef6d657e49c1",
      "geometry": {
        "type": "LineString",
        "coordinates": [
          [
            120.2061392,
            23.0293232
          ],
          [
            120.2056523,
            23.0293599
          ],
          [
            120.205425,
            23.0293771
          ]
        ]
      },
      "properties": {
        "source": "overture",
        "sourceKey": "overture-segments",
        "sourceVersion": "latest",
        "sourceFeatureId": "93004546-3797-4ba5-b06b-ef6d657e49c1",
        "facilityType": "tertiary",
        "pedestrianAllowed": null,
        "bicycleAllowed": null,
        "direction": "unknown",
        "provenance": [
          {
            "property": "",
            "dataset": "OpenStreetMap",
            "license": "ODbL-1.0",
            "record_id": "w152801139@18",
            "update_time": "2026-07-11T01:32:44Z",
            "confidence": null,
            "between": null,
            "provider": "osm",
            "resource": "planet",
            "version": "2026-08-05"
          }
        ],
        "connectorIds": [
          "593ee321-b385-493d-b57a-e0124c006eb5",
          "a15aac51-08e3-4caf-8a30-7db974e18dfa",
          "e08481d7-30e3-4ef7-9c4e-1abd6deeaa4b"
        ],
        "officialInventory": false,
        "name": "安通路四段",
        "originalCrs": "EPSG:4326",
        "originalProperties": {
          "names": {
            "primary": "安通路四段",
            "common": [
              [
                "en",
                "Antong Road Section 4"
              ],
              [
                "zh",
                "安通路四段"
              ]
            ],
            "rules": [
              {
                "variant": "common",
                "language": null,
                "perspectives": null,
                "value": "安通路四段",
                "between": null,
                "side": null
              }
            ]
          },
          "subtype": "road",
          "class": "tertiary",
          "connectors": [
            {
              "connector_id": "593ee321-b385-493d-b57a-e0124c006eb5",
              "at": 0.0
            },
            {
              "connector_id": "a15aac51-08e3-4caf-8a30-7db974e18dfa",
              "at": 0.681736225
            },
            {
              "connector_id": "e08481d7-30e3-4ef7-9c4e-1abd6deeaa4b",
              "at": 1.0
            }
          ],
          "road_surface": [
            {
              "value": "paved",
              "between": null
            }
          ],
          "speed_limits": [
            {
              "min_speed": null,
              "max_speed": {
                "value": 60,
                "unit": "km/h"
              },
              "is_max_speed_variable": null,
              "when": null,
              "between": null
            }
          ],
          "sources": [
            {
              "property": "",
              "dataset": "OpenStreetMap",
              "license": "ODbL-1.0",
              "record_id": "w152801139@18",
              "update_time": "2026-07-11T01:32:44Z",
              "confidence": null,
              "between": null,
              "provider": "osm",
              "resource": "planet",
              "version": "2026-08-05"
            }
          ],
          "version": 3
        }
      }
    },
    {
      "type": "Feature",
      "id": "fbe65794-57f3-45c0-915b-6d7d5516dd74",
      "geometry": {
        "type": "LineString",
        "coordinates": [
          [
            120.205425,
            23.0293771
          ],
          [
            120.2047898,
            23.0294431
          ]
        ]
      },
      "properties": {
        "source": "overture",
        "sourceKey": "overture-segments",
        "sourceVersion": "latest",
        "sourceFeatureId": "fbe65794-57f3-45c0-915b-6d7d5516dd74",
        "facilityType": "tertiary",
        "pedestrianAllowed": null,
        "bicycleAllowed": null,
        "direction": "unknown",
        "provenance": [
          {
            "property": "",
            "dataset": "OpenStreetMap",
            "license": "ODbL-1.0",
            "record_id": "w152801139@18",
            "update_time": "2026-07-11T01:32:44Z",
            "confidence": null,
            "between": null,
            "provider": "osm",
            "resource": "planet",
            "version": "2026-08-05"
          }
        ],
        "connectorIds": [
          "e08481d7-30e3-4ef7-9c4e-1abd6deeaa4b",
          "1bc274bf-8757-40ef-b0d4-b6867ee6912a"
        ],
        "officialInventory": false,
        "name": "安通路四段",
        "originalCrs": "EPSG:4326",
        "originalProperties": {
          "names": {
            "primary": "安通路四段",
            "common": [
              [
                "en",
                "Antong Road Section 4"
              ],
              [
                "zh",
                "安通路四段"
              ]
            ],
            "rules": [
              {
                "variant": "common",
                "language": null,
                "perspectives": null,
                "value": "安通路四段",
                "between": null,
                "side": null
              }
            ]
          },
          "subtype": "road",
          "class": "tertiary",
          "connectors": [
            {
              "connector_id": "e08481d7-30e3-4ef7-9c4e-1abd6deeaa4b",
              "at": 0.0
            },
            {
              "connector_id": "1bc274bf-8757-40ef-b0d4-b6867ee6912a",
              "at": 1.0
            }
          ],
          "road_surface": [
            {
              "value": "paved",
              "between": null
            }
          ],
          "speed_limits": [
            {
              "min_speed": null,
              "max_speed": {
                "value": 60,
                "unit": "km/h"
              },
              "is_max_speed_variable": null,
              "when": null,
              "between": null
            }
          ],
          "sources": [
            {
              "property": "",
              "dataset": "OpenStreetMap",
              "license": "ODbL-1.0",
              "record_id": "w152801139@18",
              "update_time": "2026-07-11T01:32:44Z",
              "confidence": null,
              "between": null,
              "provider": "osm",
              "resource": "planet",
              "version": "2026-08-05"
            }
          ],
          "version": 5
        }
      }
    },
    {
      "type": "Feature",
      "id": "983bbe79-4c40-4fab-b7a4-f66608f06309",
      "geometry": {
        "type": "LineString",
        "coordinates": [
          [
            120.2046567,
            23.0294501
          ],
          [
            120.2047898,
            23.0294431
          ]
        ]
      },
      "properties": {
        "source": "overture",
        "sourceKey": "overture-segments",
        "sourceVersion": "latest",
        "sourceFeatureId": "983bbe79-4c40-4fab-b7a4-f66608f06309",
        "facilityType": "tertiary",
        "pedestrianAllowed": null,
        "bicycleAllowed": null,
        "direction": "unknown",
        "provenance": [
          {
            "property": "",
            "dataset": "OpenStreetMap",
            "license": "ODbL-1.0",
            "record_id": "w152801166@16",
            "update_time": "2026-07-11T01:52:14Z",
            "confidence": null,
            "between": null,
            "provider": "osm",
            "resource": "planet",
            "version": "2026-08-05"
          }
        ],
        "connectorIds": [
          "a16e7b43-ee37-4a72-8e5c-1c247c5c7990",
          "1bc274bf-8757-40ef-b0d4-b6867ee6912a"
        ],
        "officialInventory": false,
        "name": "安通路五段",
        "originalCrs": "EPSG:4326",
        "originalProperties": {
          "names": {
            "primary": "安通路五段",
            "common": [
              [
                "en",
                "Antong Road Section 5"
              ],
              [
                "zh",
                "安通路五段"
              ]
            ],
            "rules": [
              {
                "variant": "common",
                "language": null,
                "perspectives": null,
                "value": "安通路五段",
                "between": null,
                "side": null
              }
            ]
          },
          "subtype": "road",
          "class": "tertiary",
          "connectors": [
            {
              "connector_id": "a16e7b43-ee37-4a72-8e5c-1c247c5c7990",
              "at": 0.0
            },
            {
              "connector_id": "1bc274bf-8757-40ef-b0d4-b6867ee6912a",
              "at": 1.0
            }
          ],
          "road_surface": [
            {
              "value": "paved",
              "between": null
            }
          ],
          "sources": [
            {
              "property": "",
              "dataset": "OpenStreetMap",
              "license": "ODbL-1.0",
              "record_id": "w152801166@16",
              "update_time": "2026-07-11T01:52:14Z",
              "confidence": null,
              "between": null,
              "provider": "osm",
              "resource": "planet",
              "version": "2026-08-05"
            }
          ],
          "version": 5
        }
      }
    },
    {
      "type": "Feature",
      "id": "5d351924-9349-47f1-b603-a54720baecf7",
      "geometry": {
        "type": "LineString",
        "coordinates": [
          [
            120.2085291,
            23.0299925
          ],
          [
            120.208479,
            23.0291516
          ]
        ]
      },
      "properties": {
        "source": "overture",
        "sourceKey": "overture-segments",
        "sourceVersion": "latest",
        "sourceFeatureId": "5d351924-9349-47f1-b603-a54720baecf7",
        "facilityType": "service",
        "pedestrianAllowed": null,
        "bicycleAllowed": null,
        "direction": "unknown",
        "provenance": [
          {
            "property": "",
            "dataset": "OpenStreetMap",
            "license": "ODbL-1.0",
            "record_id": "w565193173@1",
            "update_time": "2018-03-01T03:30:23Z",
            "confidence": null,
            "between": null,
            "provider": "osm",
            "resource": "planet",
            "version": "2026-08-05"
          }
        ],
        "connectorIds": [
          "f4f817db-3e3a-4a26-b8bc-d2d28ff6675d",
          "cd7b94fb-e9f1-4814-8c70-a6b21d7ac549"
        ],
        "officialInventory": false,
        "name": null,
        "originalCrs": "EPSG:4326",
        "originalProperties": {
          "subtype": "road",
          "class": "service",
          "subclass": "alley",
          "subclass_rules": [
            {
              "value": "alley",
              "between": null
            }
          ],
          "connectors": [
            {
              "connector_id": "f4f817db-3e3a-4a26-b8bc-d2d28ff6675d",
              "at": 0.0
            },
            {
              "connector_id": "cd7b94fb-e9f1-4814-8c70-a6b21d7ac549",
              "at": 1.0
            }
          ],
          "sources": [
            {
              "property": "",
              "dataset": "OpenStreetMap",
              "license": "ODbL-1.0",
              "record_id": "w565193173@1",
              "update_time": "2018-03-01T03:30:23Z",
              "confidence": null,
              "between": null,
              "provider": "osm",
              "resource": "planet",
              "version": "2026-08-05"
            }
          ],
          "version": 1
        }
      }
    },
    {
      "type": "Feature",
      "id": "6a3bd006-984b-4925-88e6-0caefe18f281",
      "geometry": {
        "type": "LineString",
        "coordinates": [
          [
            120.207559,
            23.0300681
          ],
          [
            120.207484,
            23.0292215
          ]
        ]
      },
      "properties": {
        "source": "overture",
        "sourceKey": "overture-segments",
        "sourceVersion": "latest",
        "sourceFeatureId": "6a3bd006-984b-4925-88e6-0caefe18f281",
        "facilityType": "service",
        "pedestrianAllowed": null,
        "bicycleAllowed": null,
        "direction": "unknown",
        "provenance": [
          {
            "property": "",
            "dataset": "OpenStreetMap",
            "license": "ODbL-1.0",
            "record_id": "w565193175@1",
            "update_time": "2018-03-01T03:30:23Z",
            "confidence": null,
            "between": null,
            "provider": "osm",
            "resource": "planet",
            "version": "2026-08-05"
          }
        ],
        "connectorIds": [
          "933a4d34-5c1d-45ac-b00a-27dcfa9f2e0f",
          "bfc52e7b-7cc9-4f36-bbca-ff55ab55fd65"
        ],
        "officialInventory": false,
        "name": "安通路四段109巷",
        "originalCrs": "EPSG:4326",
        "originalProperties": {
          "names": {
            "primary": "安通路四段109巷",
            "common": null,
            "rules": [
              {
                "variant": "common",
                "language": null,
                "perspectives": null,
                "value": "安通路四段109巷",
                "between": null,
                "side": null
              }
            ]
          },
          "subtype": "road",
          "class": "service",
          "subclass": "alley",
          "subclass_rules": [
            {
              "value": "alley",
              "between": null
            }
          ],
          "connectors": [
            {
              "connector_id": "933a4d34-5c1d-45ac-b00a-27dcfa9f2e0f",
              "at": 0.0
            },
            {
              "connector_id": "bfc52e7b-7cc9-4f36-bbca-ff55ab55fd65",
              "at": 1.0
            }
          ],
          "sources": [
            {
              "property": "",
              "dataset": "OpenStreetMap",
              "license": "ODbL-1.0",
              "record_id": "w565193175@1",
              "update_time": "2018-03-01T03:30:23Z",
              "confidence": null,
              "between": null,
              "provider": "osm",
              "resource": "planet",
              "version": "2026-08-05"
            }
          ],
          "version": 1
        }
      }
    },
    {
      "type": "Feature",
      "id": "797817ee-9793-419a-bfb7-41534e6f3448",
      "geometry": {
        "type": "LineString",
        "coordinates": [
          [
            120.2018931,
            23.0296713
          ],
          [
            120.2046567,
            23.0294501
          ]
        ]
      },
      "properties": {
        "source": "overture",
        "sourceKey": "overture-segments",
        "sourceVersion": "latest",
        "sourceFeatureId": "797817ee-9793-419a-bfb7-41534e6f3448",
        "facilityType": "tertiary",
        "pedestrianAllowed": null,
        "bicycleAllowed": null,
        "direction": "unknown",
        "provenance": [
          {
            "property": "",
            "dataset": "OpenStreetMap",
            "license": "ODbL-1.0",
            "record_id": "w152801166@16",
            "update_time": "2026-07-11T01:52:14Z",
            "confidence": null,
            "between": null,
            "provider": "osm",
            "resource": "planet",
            "version": "2026-08-05"
          }
        ],
        "connectorIds": [
          "d8f59397-4636-4c00-bcc8-647c035374c6",
          "a16e7b43-ee37-4a72-8e5c-1c247c5c7990"
        ],
        "officialInventory": false,
        "name": "安通路五段",
        "originalCrs": "EPSG:4326",
        "originalProperties": {
          "names": {
            "primary": "安通路五段",
            "common": [
              [
                "en",
                "Antong Road Section 5"
              ],
              [
                "zh",
                "安通路五段"
              ]
            ],
            "rules": [
              {
                "variant": "common",
                "language": null,
                "perspectives": null,
                "value": "安通路五段",
                "between": null,
                "side": null
              }
            ]
          },
          "subtype": "road",
          "class": "tertiary",
          "connectors": [
            {
              "connector_id": "d8f59397-4636-4c00-bcc8-647c035374c6",
              "at": 0.0
            },
            {
              "connector_id": "a16e7b43-ee37-4a72-8e5c-1c247c5c7990",
              "at": 1.0
            }
          ],
          "road_surface": [
            {
              "value": "paved",
              "between": null
            }
          ],
          "sources": [
            {
              "property": "",
              "dataset": "OpenStreetMap",
              "license": "ODbL-1.0",
              "record_id": "w152801166@16",
              "update_time": "2026-07-11T01:52:14Z",
              "confidence": null,
              "between": null,
              "provider": "osm",
              "resource": "planet",
              "version": "2026-08-05"
            }
          ],
          "version": 3
        }
      }
    },
    {
      "type": "Feature",
      "id": "09ca8890-0e77-4e3c-837f-cdce18edfbdf",
      "geometry": {
        "type": "LineString",
        "coordinates": [
          [
            120.197405,
            23.0290841
          ],
          [
            120.1975844,
            23.0290713
          ],
          [
            120.1975812,
            23.029014
          ],
          [
            120.1975774,
            23.028943
          ],
          [
            120.1974949,
            23.028926
          ],
          [
            120.197445,
            23.0289158
          ]
        ]
      },
      "properties": {
        "source": "overture",
        "sourceKey": "overture-segments",
        "sourceVersion": "latest",
        "sourceFeatureId": "09ca8890-0e77-4e3c-837f-cdce18edfbdf",
        "facilityType": "footway",
        "pedestrianAllowed": null,
        "bicycleAllowed": null,
        "direction": "unknown",
        "provenance": [
          {
            "property": "",
            "dataset": "OpenStreetMap",
            "license": "ODbL-1.0",
            "record_id": "w1481086147@1",
            "update_time": "2026-02-20T11:12:42Z",
            "confidence": null,
            "between": [
              0.0,
              0.39595326
            ],
            "provider": "osm",
            "resource": "planet",
            "version": "2026-08-05"
          },
          {
            "property": "",
            "dataset": "OpenStreetMap",
            "license": "ODbL-1.0",
            "record_id": "w1481086144@1",
            "update_time": "2026-02-20T11:12:42Z",
            "confidence": null,
            "between": [
              0.39595326,
              1.0
            ],
            "provider": "osm",
            "resource": "planet",
            "version": "2026-08-05"
          }
        ],
        "connectorIds": [
          "ed6861a1-e685-4fe6-8487-84378f1e3391",
          "5a1d2368-78c7-41e7-8aca-7814ede13bcf",
          "71db10d4-30d9-46f0-b122-dfdb3bab0860",
          "cfdf7530-7e36-43eb-9f24-80a79991275e"
        ],
        "officialInventory": false,
        "name": null,
        "originalCrs": "EPSG:4326",
        "originalProperties": {
          "subtype": "road",
          "class": "footway",
          "subclass_rules": [
            {
              "value": "sidewalk",
              "between": [
                0.0,
                0.39595326
              ]
            },
            {
              "value": "crosswalk",
              "between": [
                0.39595326,
                1.0
              ]
            }
          ],
          "connectors": [
            {
              "connector_id": "ed6861a1-e685-4fe6-8487-84378f1e3391",
              "at": 0.0
            },
            {
              "connector_id": "5a1d2368-78c7-41e7-8aca-7814ede13bcf",
              "at": 0.532460147
            },
            {
              "connector_id": "71db10d4-30d9-46f0-b122-dfdb3bab0860",
              "at": 0.887526222
            },
            {
              "connector_id": "cfdf7530-7e36-43eb-9f24-80a79991275e",
              "at": 1.0
            }
          ],
          "sources": [
            {
              "property": "",
              "dataset": "OpenStreetMap",
              "license": "ODbL-1.0",
              "record_id": "w1481086147@1",
              "update_time": "2026-02-20T11:12:42Z",
              "confidence": null,
              "between": [
                0.0,
                0.39595326
              ],
              "provider": "osm",
              "resource": "planet",
              "version": "2026-08-05"
            },
            {
              "property": "",
              "dataset": "OpenStreetMap",
              "license": "ODbL-1.0",
              "record_id": "w1481086144@1",
              "update_time": "2026-02-20T11:12:42Z",
              "confidence": null,
              "between": [
                0.39595326,
                1.0
              ],
              "provider": "osm",
              "resource": "planet",
              "version": "2026-08-05"
            }
          ],
          "version": 1
        }
      }
    },
    {
      "type": "Feature",
      "id": "b011c6b5-404c-4008-9713-9abb4b315b8d",
      "geometry": {
        "type": "LineString",
        "coordinates": [
          [
            120.197405,
            23.0290841
          ],
          [
            120.1973978,
            23.0290273
          ],
          [
            120.1973893,
            23.0289607
          ],
          [
            120.197445,
            23.0289158
          ]
        ]
      },
      "properties": {
        "source": "overture",
        "sourceKey": "overture-segments",
        "sourceVersion": "latest",
        "sourceFeatureId": "b011c6b5-404c-4008-9713-9abb4b315b8d",
        "facilityType": "footway",
        "pedestrianAllowed": null,
        "bicycleAllowed": null,
        "direction": "unknown",
        "provenance": [
          {
            "property": "",
            "dataset": "OpenStreetMap",
            "license": "ODbL-1.0",
            "record_id": "w1481086145@1",
            "update_time": "2026-02-20T11:12:42Z",
            "confidence": null,
            "between": [
              0.0,
              0.645060037
            ],
            "provider": "osm",
            "resource": "planet",
            "version": "2026-08-05"
          },
          {
            "property": "",
            "dataset": "OpenStreetMap",
            "license": "ODbL-1.0",
            "record_id": "w1481086146@1",
            "update_time": "2026-02-20T11:12:42Z",
            "confidence": null,
            "between": [
              0.645060037,
              1.0
            ],
            "provider": "osm",
            "resource": "planet",
            "version": "2026-08-05"
          }
        ],
        "connectorIds": [
          "ed6861a1-e685-4fe6-8487-84378f1e3391",
          "a30559a1-b4e9-4bc4-9e6f-12ce5911f5f9",
          "cfdf7530-7e36-43eb-9f24-80a79991275e"
        ],
        "officialInventory": false,
        "name": null,
        "originalCrs": "EPSG:4326",
        "originalProperties": {
          "subtype": "road",
          "class": "footway",
          "subclass_rules": [
            {
              "value": "crosswalk",
              "between": [
                0.0,
                0.645060037
              ]
            },
            {
              "value": "sidewalk",
              "between": [
                0.645060037,
                1.0
              ]
            }
          ],
          "connectors": [
            {
              "connector_id": "ed6861a1-e685-4fe6-8487-84378f1e3391",
              "at": 0.0
            },
            {
              "connector_id": "a30559a1-b4e9-4bc4-9e6f-12ce5911f5f9",
              "at": 0.296907062
            },
            {
              "connector_id": "cfdf7530-7e36-43eb-9f24-80a79991275e",
              "at": 1.0
            }
          ],
          "sources": [
            {
              "property": "",
              "dataset": "OpenStreetMap",
              "license": "ODbL-1.0",
              "record_id": "w1481086145@1",
              "update_time": "2026-02-20T11:12:42Z",
              "confidence": null,
              "between": [
                0.0,
                0.645060037
              ],
              "provider": "osm",
              "resource": "planet",
              "version": "2026-08-05"
            },
            {
              "property": "",
              "dataset": "OpenStreetMap",
              "license": "ODbL-1.0",
              "record_id": "w1481086146@1",
              "update_time": "2026-02-20T11:12:42Z",
              "confidence": null,
              "between": [
                0.645060037,
                1.0
              ],
              "provider": "osm",
              "resource": "planet",
              "version": "2026-08-05"
            }
          ],
          "version": 1
        }
      }
    },
    {
      "type": "Feature",
      "id": "72770495-c4d4-44f1-ad21-a7cdb587453b",
      "geometry": {
        "type": "LineString",
        "coordinates": [
          [
            120.1964498,
            23.0291108
          ],
          [
            120.1973978,
            23.0290273
          ],
          [
            120.197476,
            23.0290204
          ]
        ]
      },
      "properties": {
        "source": "overture",
        "sourceKey": "overture-segments",
        "sourceVersion": "latest",
        "sourceFeatureId": "72770495-c4d4-44f1-ad21-a7cdb587453b",
        "facilityType": "tertiary",
        "pedestrianAllowed": null,
        "bicycleAllowed": null,
        "direction": "unknown",
        "provenance": [
          {
            "property": "",
            "dataset": "OpenStreetMap",
            "license": "ODbL-1.0",
            "record_id": "w152801177@20",
            "update_time": "2026-07-11T01:32:44Z",
            "confidence": null,
            "between": null,
            "provider": "osm",
            "resource": "planet",
            "version": "2026-08-05"
          }
        ],
        "connectorIds": [
          "b8be6b7e-2765-4ac5-9ae3-55664bb74160",
          "a30559a1-b4e9-4bc4-9e6f-12ce5911f5f9",
          "d8f8844f-a8ee-4baa-98ec-a0137e9c8e34"
        ],
        "officialInventory": false,
        "name": "郡安路五段",
        "originalCrs": "EPSG:4326",
        "originalProperties": {
          "names": {
            "primary": "郡安路五段",
            "common": [
              [
                "en",
                "Jun’an Road Section 5"
              ],
              [
                "zh",
                "郡安路五段"
              ]
            ],
            "rules": [
              {
                "variant": "common",
                "language": null,
                "perspectives": null,
                "value": "郡安路五段",
                "between": null,
                "side": null
              }
            ]
          },
          "subtype": "road",
          "class": "tertiary",
          "connectors": [
            {
              "connector_id": "b8be6b7e-2765-4ac5-9ae3-55664bb74160",
              "at": 0.0
            },
            {
              "connector_id": "a30559a1-b4e9-4bc4-9e6f-12ce5911f5f9",
              "at": 0.923795394
            },
            {
              "connector_id": "d8f8844f-a8ee-4baa-98ec-a0137e9c8e34",
              "at": 1.0
            }
          ],
          "road_surface": [
            {
              "value": "paved",
              "between": null
            }
          ],
          "speed_limits": [
            {
              "min_speed": null,
              "max_speed": {
                "value": 60,
                "unit": "km/h"
              },
              "is_max_speed_variable": null,
              "when": null,
              "between": null
            }
          ],
          "sources": [
            {
              "property": "",
              "dataset": "OpenStreetMap",
              "license": "ODbL-1.0",
              "record_id": "w152801177@20",
              "update_time": "2026-07-11T01:32:44Z",
              "confidence": null,
              "between": null,
              "provider": "osm",
              "resource": "planet",
              "version": "2026-08-05"
            }
          ],
          "version": 3
        }
      }
    },
    {
      "type": "Feature",
      "id": "b41933e7-ba0c-4f8c-9f70-a7309d453567",
      "geometry": {
        "type": "LineString",
        "coordinates": [
          [
            120.1975019,
            23.0288931
          ],
          [
            120.1965344,
            23.0287295
          ],
          [
            120.1953997,
            23.028522
          ]
        ]
      },
      "properties": {
        "source": "overture",
        "sourceKey": "overture-segments",
        "sourceVersion": "latest",
        "sourceFeatureId": "b41933e7-ba0c-4f8c-9f70-a7309d453567",
        "facilityType": "service",
        "pedestrianAllowed": null,
        "bicycleAllowed": null,
        "direction": "unknown",
        "provenance": [
          {
            "property": "",
            "dataset": "OpenStreetMap",
            "license": "ODbL-1.0",
            "record_id": "w906616792@1",
            "update_time": "2026-02-20T11:12:42Z",
            "confidence": null,
            "between": [
              0.0,
              0.459549428
            ],
            "provider": "osm",
            "resource": "planet",
            "version": "2026-08-05"
          },
          {
            "property": "",
            "dataset": "OpenStreetMap",
            "license": "ODbL-1.0",
            "record_id": "w159029661@3",
            "update_time": "2021-02-12T17:02:48Z",
            "confidence": null,
            "between": [
              0.459549428,
              1.0
            ],
            "provider": "osm",
            "resource": "planet",
            "version": "2026-08-05"
          }
        ],
        "connectorIds": [
          "4bb4dc44-a142-4ec8-b75b-7918d0325401",
          "e4f0f07a-b4d1-4bb9-9fe0-3e7de91242d6",
          "0d4f6b9e-24c8-436c-8a19-519499c5529e"
        ],
        "officialInventory": false,
        "name": "郡安路五段164巷4弄",
        "originalCrs": "EPSG:4326",
        "originalProperties": {
          "names": {
            "primary": "郡安路五段164巷4弄",
            "common": null,
            "rules": [
              {
                "variant": "common",
                "language": null,
                "perspectives": null,
                "value": "郡安路五段164巷3弄",
                "between": [
                  0.0,
                  0.459549428
                ],
                "side": null
              },
              {
                "variant": "common",
                "language": null,
                "perspectives": null,
                "value": "郡安路五段164巷4弄",
                "between": [
                  0.459549428,
                  1.0
                ],
                "side": null
              }
            ]
          },
          "subtype": "road",
          "class": "service",
          "subclass": "alley",
          "subclass_rules": [
            {
              "value": "alley",
              "between": null
            }
          ],
          "connectors": [
            {
              "connector_id": "4bb4dc44-a142-4ec8-b75b-7918d0325401",
              "at": 0.0
            },
            {
              "connector_id": "e4f0f07a-b4d1-4bb9-9fe0-3e7de91242d6",
              "at": 0.459553625
            },
            {
              "connector_id": "0d4f6b9e-24c8-436c-8a19-519499c5529e",
              "at": 1.0
            }
          ],
          "sources": [
            {
              "property": "",
              "dataset": "OpenStreetMap",
              "license": "ODbL-1.0",
              "record_id": "w906616792@1",
              "update_time": "2026-02-20T11:12:42Z",
              "confidence": null,
              "between": [
                0.0,
                0.459549428
              ],
              "provider": "osm",
              "resource": "planet",
              "version": "2026-08-05"
            },
            {
              "property": "",
              "dataset": "OpenStreetMap",
              "license": "ODbL-1.0",
              "record_id": "w159029661@3",
              "update_time": "2021-02-12T17:02:48Z",
              "confidence": null,
              "between": [
                0.459549428,
                1.0
              ],
              "provider": "osm",
              "resource": "planet",
              "version": "2026-08-05"
            }
          ],
          "version": 3
        }
      }
    },
    {
      "type": "Feature",
      "id": "86d5172a-e2ad-4821-a899-9cb1b96e1b99",
      "geometry": {
        "type": "LineString",
        "coordinates": [
          [
            120.197476,
            23.0290204
          ],
          [
            120.1975812,
            23.029014
          ],
          [
            120.1995705,
            23.0288882
          ],
          [
            120.1996208,
            23.028885
          ],
          [
            120.1996783,
            23.0288805
          ],
          [
            120.2011863,
            23.0287629
          ]
        ]
      },
      "properties": {
        "source": "overture",
        "sourceKey": "overture-segments",
        "sourceVersion": "latest",
        "sourceFeatureId": "86d5172a-e2ad-4821-a899-9cb1b96e1b99",
        "facilityType": "tertiary",
        "pedestrianAllowed": null,
        "bicycleAllowed": null,
        "direction": "unknown",
        "provenance": [
          {
            "property": "",
            "dataset": "OpenStreetMap",
            "license": "ODbL-1.0",
            "record_id": "w152801177@20",
            "update_time": "2026-07-11T01:32:44Z",
            "confidence": null,
            "between": null,
            "provider": "osm",
            "resource": "planet",
            "version": "2026-08-05"
          }
        ],
        "connectorIds": [
          "d8f8844f-a8ee-4baa-98ec-a0137e9c8e34",
          "5a1d2368-78c7-41e7-8aca-7814ede13bcf",
          "84ea8703-0125-4ffb-a450-c9d6dade6fbe",
          "4ffccc32-bdd1-4cbf-92e5-0988df4b552d",
          "c2fcc670-ba78-4b4e-ba2d-14faf01b1b46"
        ],
        "officialInventory": false,
        "name": "郡安路五段",
        "originalCrs": "EPSG:4326",
        "originalProperties": {
          "names": {
            "primary": "郡安路五段",
            "common": [
              [
                "en",
                "Jun’an Road Section 5"
              ],
              [
                "zh",
                "郡安路五段"
              ]
            ],
            "rules": [
              {
                "variant": "common",
                "language": null,
                "perspectives": null,
                "value": "郡安路五段",
                "between": null,
                "side": null
              }
            ]
          },
          "subtype": "road",
          "class": "tertiary",
          "connectors": [
            {
              "connector_id": "d8f8844f-a8ee-4baa-98ec-a0137e9c8e34",
              "at": 0.0
            },
            {
              "connector_id": "5a1d2368-78c7-41e7-8aca-7814ede13bcf",
              "at": 0.028334231
            },
            {
              "connector_id": "84ea8703-0125-4ffb-a450-c9d6dade6fbe",
              "at": 0.564218973
            },
            {
              "connector_id": "4ffccc32-bdd1-4cbf-92e5-0988df4b552d",
              "at": 0.593278032
            },
            {
              "connector_id": "c2fcc670-ba78-4b4e-ba2d-14faf01b1b46",
              "at": 1.0
            }
          ],
          "road_surface": [
            {
              "value": "paved",
              "between": null
            }
          ],
          "speed_limits": [
            {
              "min_speed": null,
              "max_speed": {
                "value": 60,
                "unit": "km/h"
              },
              "is_max_speed_variable": null,
              "when": null,
              "between": null
            }
          ],
          "sources": [
            {
              "property": "",
              "dataset": "OpenStreetMap",
              "license": "ODbL-1.0",
              "record_id": "w152801177@20",
              "update_time": "2026-07-11T01:32:44Z",
              "confidence": null,
              "between": null,
              "provider": "osm",
              "resource": "planet",
              "version": "2026-08-05"
            }
          ],
          "version": 3
        }
      }
    },
    {
      "type": "Feature",
      "id": "ffbed656-65a9-46fb-bdbe-f03177f8d8bf",
      "geometry": {
        "type": "LineString",
        "coordinates": [
          [
            120.1995744,
            23.0289484
          ],
          [
            120.1995705,
            23.0288882
          ],
          [
            120.1995664,
            23.0288262
          ]
        ]
      },
      "properties": {
        "source": "overture",
        "sourceKey": "overture-segments",
        "sourceVersion": "latest",
        "sourceFeatureId": "ffbed656-65a9-46fb-bdbe-f03177f8d8bf",
        "facilityType": "footway",
        "pedestrianAllowed": null,
        "bicycleAllowed": null,
        "direction": "unknown",
        "provenance": [
          {
            "property": "",
            "dataset": "OpenStreetMap",
            "license": "ODbL-1.0",
            "record_id": "w1481086148@1",
            "update_time": "2026-02-20T11:12:42Z",
            "confidence": null,
            "between": null,
            "provider": "osm",
            "resource": "planet",
            "version": "2026-08-05"
          }
        ],
        "connectorIds": [
          "66c56226-70a6-4ee6-b22e-59545ece4d53",
          "84ea8703-0125-4ffb-a450-c9d6dade6fbe",
          "2b492d7e-07a4-4202-b138-089133a5a665"
        ],
        "officialInventory": false,
        "name": null,
        "originalCrs": "EPSG:4326",
        "originalProperties": {
          "subtype": "road",
          "class": "footway",
          "subclass": "crosswalk",
          "subclass_rules": [
            {
              "value": "crosswalk",
              "between": null
            }
          ],
          "connectors": [
            {
              "connector_id": "66c56226-70a6-4ee6-b22e-59545ece4d53",
              "at": 0.0
            },
            {
              "connector_id": "84ea8703-0125-4ffb-a450-c9d6dade6fbe",
              "at": 0.492616244
            },
            {
              "connector_id": "2b492d7e-07a4-4202-b138-089133a5a665",
              "at": 1.0
            }
          ],
          "road_surface": [
            {
              "value": "paved",
              "between": null
            }
          ],
          "sources": [
            {
              "property": "",
              "dataset": "OpenStreetMap",
              "license": "ODbL-1.0",
              "record_id": "w1481086148@1",
              "update_time": "2026-02-20T11:12:42Z",
              "confidence": null,
              "between": null,
              "provider": "osm",
              "resource": "planet",
              "version": "2026-08-05"
            }
          ],
          "version": 1
        }
      }
    },
    {
      "type": "Feature",
      "id": "f5cbafb7-2a95-47b3-ac02-7ab043ad46da",
      "geometry": {
        "type": "LineString",
        "coordinates": [
          [
            120.1996821,
            23.0289382
          ],
          [
            120.1996783,
            23.0288805
          ],
          [
            120.199674,
            23.0288161
          ]
        ]
      },
      "properties": {
        "source": "overture",
        "sourceKey": "overture-segments",
        "sourceVersion": "latest",
        "sourceFeatureId": "f5cbafb7-2a95-47b3-ac02-7ab043ad46da",
        "facilityType": "footway",
        "pedestrianAllowed": null,
        "bicycleAllowed": null,
        "direction": "unknown",
        "provenance": [
          {
            "property": "",
            "dataset": "OpenStreetMap",
            "license": "ODbL-1.0",
            "record_id": "w1481086149@1",
            "update_time": "2026-02-20T11:12:42Z",
            "confidence": null,
            "between": null,
            "provider": "osm",
            "resource": "planet",
            "version": "2026-08-05"
          }
        ],
        "connectorIds": [
          "d58bbcb7-9a76-47f3-bef8-afdf1c4034dd",
          "4ffccc32-bdd1-4cbf-92e5-0988df4b552d",
          "a46805fb-d105-42a9-9bb8-49016224c5c5"
        ],
        "officialInventory": false,
        "name": null,
        "originalCrs": "EPSG:4326",
        "originalProperties": {
          "subtype": "road",
          "class": "footway",
          "subclass": "crosswalk",
          "subclass_rules": [
            {
              "value": "crosswalk",
              "between": null
            }
          ],
          "connectors": [
            {
              "connector_id": "d58bbcb7-9a76-47f3-bef8-afdf1c4034dd",
              "at": 0.0
            },
            {
              "connector_id": "4ffccc32-bdd1-4cbf-92e5-0988df4b552d",
              "at": 0.472550605
            },
            {
              "connector_id": "a46805fb-d105-42a9-9bb8-49016224c5c5",
              "at": 1.0
            }
          ],
          "road_surface": [
            {
              "value": "paved",
              "between": null
            }
          ],
          "sources": [
            {
              "property": "",
              "dataset": "OpenStreetMap",
              "license": "ODbL-1.0",
              "record_id": "w1481086149@1",
              "update_time": "2026-02-20T11:12:42Z",
              "confidence": null,
              "between": null,
              "provider": "osm",
              "resource": "planet",
              "version": "2026-08-05"
            }
          ],
          "version": 1
        }
      }
    },
    {
      "type": "Feature",
      "id": "5bac8215-ff56-4778-b65e-e8f0aa0ff849",
      "geometry": {
        "type": "LineString",
        "coordinates": [
          [
            120.2140209,
            23.0290575
          ],
          [
            120.213391,
            23.0287446
          ],
          [
            120.2126086,
            23.0284307
          ],
          [
            120.2124929,
            23.0283853
          ],
          [
            120.2115142,
            23.0281741
          ],
          [
            120.2103431,
            23.0281667
          ],
          [
            120.2070783,
            23.0284095
          ],
          [
            120.2049498,
            23.0285763
          ],
          [
            120.2049057,
            23.0285798
          ],
          [
            120.2042212,
            23.0286344
          ],
          [
            120.2004807,
            23.0289336
          ],
          [
            120.1949652,
            23.0293735
          ],
          [
            120.1933962,
            23.0294891
          ],
          [
            120.1929644,
            23.0294693
          ],
          [
            120.1925379,
            23.0294299
          ],
          [
            120.1921382,
            23.0293706
          ],
          [
            120.1911612,
            23.0290905
          ],
          [
            120.1907868,
            23.0289452
          ],
          [
            120.1906309,
            23.0288974
          ],
          [
            120.1905232,
            23.0288669
          ],
          [
            120.1904349,
            23.0288394
          ],
          [
            120.1903153,
            23.0288366
          ]
        ]
      },
      "properties": {
        "source": "overture",
        "sourceKey": "overture-segments",
        "sourceVersion": "latest",
        "sourceFeatureId": "5bac8215-ff56-4778-b65e-e8f0aa0ff849",
        "facilityType": "cycleway",
        "pedestrianAllowed": null,
        "bicycleAllowed": null,
        "direction": "unknown",
        "provenance": [
          {
            "property": "",
            "dataset": "OpenStreetMap",
            "license": "ODbL-1.0",
            "record_id": "w764376782@5",
            "update_time": "2026-07-11T01:32:44Z",
            "confidence": null,
            "between": null,
            "provider": "osm",
            "resource": "planet",
            "version": "2026-08-05"
          }
        ],
        "connectorIds": [
          "34a2cb38-ff83-4a7c-a27a-ee08f0f23bc9",
          "6d8a951f-a7ca-4764-baf6-cc3de1f6d46c",
          "138f4207-52fd-4509-a44e-e986dd90f56c",
          "345b6651-66b7-4142-aede-d0b5fdc00c3d",
          "3a4b41f5-1ab3-467d-b478-4a5033fe1582"
        ],
        "officialInventory": false,
        "name": "雙博物館自行車道",
        "originalCrs": "EPSG:4326",
        "originalProperties": {
          "names": {
            "primary": "雙博物館自行車道",
            "common": null,
            "rules": [
              {
                "variant": "common",
                "language": null,
                "perspectives": null,
                "value": "雙博物館自行車道",
                "between": null,
                "side": null
              }
            ]
          },
          "subtype": "road",
          "class": "cycleway",
          "connectors": [
            {
              "connector_id": "34a2cb38-ff83-4a7c-a27a-ee08f0f23bc9",
              "at": 0.0
            },
            {
              "connector_id": "6d8a951f-a7ca-4764-baf6-cc3de1f6d46c",
              "at": 0.387566514
            },
            {
              "connector_id": "138f4207-52fd-4509-a44e-e986dd90f56c",
              "at": 0.986474533
            },
            {
              "connector_id": "345b6651-66b7-4142-aede-d0b5fdc00c3d",
              "at": 0.991155558
            },
            {
              "connector_id": "3a4b41f5-1ab3-467d-b478-4a5033fe1582",
              "at": 1.0
            }
          ],
          "road_surface": [
            {
              "value": "paving_stones",
              "between": null
            }
          ],
          "sources": [
            {
              "property": "",
              "dataset": "OpenStreetMap",
              "license": "ODbL-1.0",
              "record_id": "w764376782@5",
              "update_time": "2026-07-11T01:32:44Z",
              "confidence": null,
              "between": null,
              "provider": "osm",
              "resource": "planet",
              "version": "2026-08-05"
            }
          ],
          "version": 3
        }
      }
    },
    {
      "type": "Feature",
      "id": "3d5dd6fd-3085-4ea8-bbd5-55a649178a1d",
      "geometry": {
        "type": "LineString",
        "coordinates": [
          [
            120.2049176,
            23.0284853
          ],
          [
            120.2049057,
            23.0285798
          ],
          [
            120.2048048,
            23.0293451
          ],
          [
            120.2047898,
            23.0294431
          ]
        ]
      },
      "properties": {
        "source": "overture",
        "sourceKey": "overture-segments",
        "sourceVersion": "latest",
        "sourceFeatureId": "3d5dd6fd-3085-4ea8-bbd5-55a649178a1d",
        "facilityType": "tertiary",
        "pedestrianAllowed": null,
        "bicycleAllowed": null,
        "direction": "unknown",
        "provenance": [
          {
            "property": "",
            "dataset": "OpenStreetMap",
            "license": "ODbL-1.0",
            "record_id": "w142297112@27",
            "update_time": "2026-07-11T01:32:44Z",
            "confidence": null,
            "between": [
              0.0,
              0.098616275
            ],
            "provider": "osm",
            "resource": "planet",
            "version": "2026-08-05"
          },
          {
            "property": "",
            "dataset": "OpenStreetMap",
            "license": "ODbL-1.0",
            "record_id": "w142297109@12",
            "update_time": "2026-07-11T01:32:44Z",
            "confidence": null,
            "between": [
              0.098616275,
              0.897464243
            ],
            "provider": "osm",
            "resource": "planet",
            "version": "2026-08-05"
          },
          {
            "property": "",
            "dataset": "OpenStreetMap",
            "license": "ODbL-1.0",
            "record_id": "w158799046@31",
            "update_time": "2026-07-11T01:32:44Z",
            "confidence": null,
            "between": [
              0.897464243,
              1.0
            ],
            "provider": "osm",
            "resource": "planet",
            "version": "2026-08-05"
          }
        ],
        "connectorIds": [
          "1ff9a6f9-0996-4fd1-a346-1cbb8445c309",
          "6d8a951f-a7ca-4764-baf6-cc3de1f6d46c",
          "2581b09b-dad9-44a1-944c-6af3348ee463",
          "1bc274bf-8757-40ef-b0d4-b6867ee6912a"
        ],
        "officialInventory": false,
        "name": "安南橋",
        "originalCrs": "EPSG:4326",
        "originalProperties": {
          "names": {
            "primary": "安南橋",
            "common": null,
            "rules": [
              {
                "variant": "common",
                "language": "en",
                "perspectives": null,
                "value": "Bei’an Road Section 2",
                "between": [
                  0.0,
                  0.098616275
                ],
                "side": null
              },
              {
                "variant": "common",
                "language": null,
                "perspectives": null,
                "value": "北安路二段",
                "between": [
                  0.0,
                  0.098616275
                ],
                "side": null
              },
              {
                "variant": "common",
                "language": "zh",
                "perspectives": null,
                "value": "北安路二段",
                "between": [
                  0.0,
                  0.098616275
                ],
                "side": null
              },
              {
                "variant": "common",
                "language": "en",
                "perspectives": null,
                "value": "Annan Bridge",
                "between": [
                  0.098616275,
                  0.897464243
                ],
                "side": null
              },
              {
                "variant": "common",
                "language": null,
                "perspectives": null,
                "value": "安南橋",
                "between": [
                  0.098616275,
                  0.897464243
                ],
                "side": null
              },
              {
                "variant": "common",
                "language": "zh",
                "perspectives": null,
                "value": "安南橋",
                "between": [
                  0.098616275,
                  0.897464243
                ],
                "side": null
              },
              {
                "variant": "common",
                "language": "en",
                "perspectives": null,
                "value": "Bei’an Road Section 2",
                "between": [
                  0.897464243,
                  1.0
                ],
                "side": null
              },
              {
                "variant": "common",
                "language": null,
                "perspectives": null,
                "value": "北安路二段",
                "between": [
                  0.897464243,
                  1.0
                ],
                "side": null
              },
              {
                "variant": "common",
                "language": "zh",
                "perspectives": null,
                "value": "北安路二段",
                "between": [
                  0.897464243,
                  1.0
                ],
                "side": null
              }
            ]
          },
          "subtype": "road",
          "class": "tertiary",
          "connectors": [
            {
              "connector_id": "1ff9a6f9-0996-4fd1-a346-1cbb8445c309",
              "at": 0.0
            },
            {
              "connector_id": "6d8a951f-a7ca-4764-baf6-cc3de1f6d46c",
              "at": 0.098580626
            },
            {
              "connector_id": "2581b09b-dad9-44a1-944c-6af3348ee463",
              "at": 0.897441703
            },
            {
              "connector_id": "1bc274bf-8757-40ef-b0d4-b6867ee6912a",
              "at": 1.0
            }
          ],
          "road_surface": [
            {
              "value": "paved",
              "between": null
            }
          ],
          "road_flags": [
            {
              "values": [
                "is_bridge"
              ],
              "between": [
                0.098616275,
                0.897464243
              ]
            }
          ],
          "access_restrictions": [
            {
              "access_type": "denied",
              "when": {
                "during": null,
                "heading": "backward",
                "using": null,
                "recognized": null,
                "mode": null,
                "vehicle": null
              },
              "between": null
            }
          ],
          "speed_limits": [
            {
              "min_speed": null,
              "max_speed": {
                "value": 60,
                "unit": "km/h"
              },
              "is_max_speed_variable": null,
              "when": null,
              "between": null
            }
          ],
          "sources": [
            {
              "property": "",
              "dataset": "OpenStreetMap",
              "license": "ODbL-1.0",
              "record_id": "w142297112@27",
              "update_time": "2026-07-11T01:32:44Z",
              "confidence": null,
              "between": [
                0.0,
                0.098616275
              ],
              "provider": "osm",
              "resource": "planet",
              "version": "2026-08-05"
            },
            {
              "property": "",
              "dataset": "OpenStreetMap",
              "license": "ODbL-1.0",
              "record_id": "w142297109@12",
              "update_time": "2026-07-11T01:32:44Z",
              "confidence": null,
              "between": [
                0.098616275,
                0.897464243
              ],
              "provider": "osm",
              "resource": "planet",
              "version": "2026-08-05"
            },
            {
              "property": "",
              "dataset": "OpenStreetMap",
              "license": "ODbL-1.0",
              "record_id": "w158799046@31",
              "update_time": "2026-07-11T01:32:44Z",
              "confidence": null,
              "between": [
                0.897464243,
                1.0
              ],
              "provider": "osm",
              "resource": "planet",
              "version": "2026-08-05"
            }
          ],
          "version": 5
        }
      }
    },
    {
      "type": "Feature",
      "id": "cb74c862-db14-484b-b8af-b8878b572d88",
      "geometry": {
        "type": "LineString",
        "coordinates": [
          [
            120.2046567,
            23.0294501
          ],
          [
            120.20467,
            23.0293551
          ],
          [
            120.2046746,
            23.0293048
          ],
          [
            120.204775,
            23.0285595
          ],
          [
            120.2047834,
            23.028498
          ]
        ]
      },
      "properties": {
        "source": "overture",
        "sourceKey": "overture-segments",
        "sourceVersion": "latest",
        "sourceFeatureId": "cb74c862-db14-484b-b8af-b8878b572d88",
        "facilityType": "tertiary",
        "pedestrianAllowed": null,
        "bicycleAllowed": null,
        "direction": "unknown",
        "provenance": [
          {
            "property": "",
            "dataset": "OpenStreetMap",
            "license": "ODbL-1.0",
            "record_id": "w298344325@26",
            "update_time": "2026-07-11T01:32:44Z",
            "confidence": null,
            "between": [
              0.0,
              0.15248361
            ],
            "provider": "osm",
            "resource": "planet",
            "version": "2026-08-05"
          },
          {
            "property": "",
            "dataset": "OpenStreetMap",
            "license": "ODbL-1.0",
            "record_id": "w142297108@12",
            "update_time": "2026-07-11T01:32:44Z",
            "confidence": null,
            "between": [
              0.15248361,
              0.935421057
            ],
            "provider": "osm",
            "resource": "planet",
            "version": "2026-08-05"
          },
          {
            "property": "",
            "dataset": "OpenStreetMap",
            "license": "ODbL-1.0",
            "record_id": "w142297111@20",
            "update_time": "2026-07-11T01:32:44Z",
            "confidence": null,
            "between": [
              0.935421057,
              1.0
            ],
            "provider": "osm",
            "resource": "planet",
            "version": "2026-08-05"
          }
        ],
        "connectorIds": [
          "a16e7b43-ee37-4a72-8e5c-1c247c5c7990",
          "68117ad1-a839-4bee-afbd-a172a976b238",
          "fc1b6304-2482-47c1-a489-3a4129a768c6"
        ],
        "officialInventory": false,
        "name": "安南橋",
        "originalCrs": "EPSG:4326",
        "originalProperties": {
          "names": {
            "primary": "安南橋",
            "common": null,
            "rules": [
              {
                "variant": "common",
                "language": "en",
                "perspectives": null,
                "value": "Bei’an Road Section 2",
                "between": [
                  0.0,
                  0.15248361
                ],
                "side": null
              },
              {
                "variant": "common",
                "language": null,
                "perspectives": null,
                "value": "北安路二段",
                "between": [
                  0.0,
                  0.15248361
                ],
                "side": null
              },
              {
                "variant": "common",
                "language": "zh",
                "perspectives": null,
                "value": "北安路二段",
                "between": [
                  0.0,
                  0.15248361
                ],
                "side": null
              },
              {
                "variant": "common",
                "language": "en",
                "perspectives": null,
                "value": "Annan Bridge",
                "between": [
                  0.15248361,
                  0.935421057
                ],
                "side": null
              },
              {
                "variant": "common",
                "language": null,
                "perspectives": null,
                "value": "安南橋",
                "between": [
                  0.15248361,
                  0.935421057
                ],
                "side": null
              },
              {
                "variant": "common",
                "language": "zh",
                "perspectives": null,
                "value": "安南橋",
                "between": [
                  0.15248361,
                  0.935421057
                ],
                "side": null
              },
              {
                "variant": "common",
                "language": "en",
                "perspectives": null,
                "value": "Bei’an Road Section 2",
                "between": [
                  0.935421057,
                  1.0
                ],
                "side": null
              },
              {
                "variant": "common",
                "language": null,
                "perspectives": null,
                "value": "北安路二段",
                "between": [
                  0.935421057,
                  1.0
                ],
                "side": null
              },
              {
                "variant": "common",
                "language": "zh",
                "perspectives": null,
                "value": "北安路二段",
                "between": [
                  0.935421057,
                  1.0
                ],
                "side": null
              }
            ]
          },
          "subtype": "road",
          "class": "tertiary",
          "connectors": [
            {
              "connector_id": "a16e7b43-ee37-4a72-8e5c-1c247c5c7990",
              "at": 0.0
            },
            {
              "connector_id": "68117ad1-a839-4bee-afbd-a172a976b238",
              "at": 0.099854891
            },
            {
              "connector_id": "fc1b6304-2482-47c1-a489-3a4129a768c6",
              "at": 1.0
            }
          ],
          "road_surface": [
            {
              "value": "paved",
              "between": null
            }
          ],
          "road_flags": [
            {
              "values": [
                "is_bridge"
              ],
              "between": [
                0.15248361,
                0.935421057
              ]
            }
          ],
          "level_rules": [
            {
              "value": 1,
              "between": [
                0.15248361,
                0.935421057
              ]
            }
          ],
          "access_restrictions": [
            {
              "access_type": "denied",
              "when": {
                "during": null,
                "heading": "backward",
                "using": null,
                "recognized": null,
                "mode": null,
                "vehicle": null
              },
              "between": null
            }
          ],
          "speed_limits": [
            {
              "min_speed": null,
              "max_speed": {
                "value": 60,
                "unit": "km/h"
              },
              "is_max_speed_variable": null,
              "when": null,
              "between": null
            }
          ],
          "sources": [
            {
              "property": "",
              "dataset": "OpenStreetMap",
              "license": "ODbL-1.0",
              "record_id": "w298344325@26",
              "update_time": "2026-07-11T01:32:44Z",
              "confidence": null,
              "between": [
                0.0,
                0.15248361
              ],
              "provider": "osm",
              "resource": "planet",
              "version": "2026-08-05"
            },
            {
              "property": "",
              "dataset": "OpenStreetMap",
              "license": "ODbL-1.0",
              "record_id": "w142297108@12",
              "update_time": "2026-07-11T01:32:44Z",
              "confidence": null,
              "between": [
                0.15248361,
                0.935421057
              ],
              "provider": "osm",
              "resource": "planet",
              "version": "2026-08-05"
            },
            {
              "property": "",
              "dataset": "OpenStreetMap",
              "license": "ODbL-1.0",
              "record_id": "w142297111@20",
              "update_time": "2026-07-11T01:32:44Z",
              "confidence": null,
              "between": [
                0.935421057,
                1.0
              ],
              "provider": "osm",
              "resource": "planet",
              "version": "2026-08-05"
            }
          ],
          "version": 4
        }
      }
    },
    {
      "type": "Feature",
      "id": "9508fca8-ea61-4137-80b5-8cd492dea634",
      "geometry": {
        "type": "LineString",
        "coordinates": [
          [
            120.2092358,
            23.0291015
          ],
          [
            120.208479,
            23.0291516
          ],
          [
            120.207918,
            23.0291887
          ]
        ]
      },
      "properties": {
        "source": "overture",
        "sourceKey": "overture-segments",
        "sourceVersion": "latest",
        "sourceFeatureId": "9508fca8-ea61-4137-80b5-8cd492dea634",
        "facilityType": "tertiary",
        "pedestrianAllowed": null,
        "bicycleAllowed": null,
        "direction": "unknown",
        "provenance": [
          {
            "property": "",
            "dataset": "OpenStreetMap",
            "license": "ODbL-1.0",
            "record_id": "w152801139@18",
            "update_time": "2026-07-11T01:32:44Z",
            "confidence": null,
            "between": null,
            "provider": "osm",
            "resource": "planet",
            "version": "2026-08-05"
          }
        ],
        "connectorIds": [
          "861b9544-0ccd-497c-bddd-22ad5f606c19",
          "cd7b94fb-e9f1-4814-8c70-a6b21d7ac549",
          "4ff3e828-cc27-4db4-85ae-ab65ce51be94"
        ],
        "officialInventory": false,
        "name": "安通路四段",
        "originalCrs": "EPSG:4326",
        "originalProperties": {
          "names": {
            "primary": "安通路四段",
            "common": [
              [
                "en",
                "Antong Road Section 4"
              ],
              [
                "zh",
                "安通路四段"
              ]
            ],
            "rules": [
              {
                "variant": "common",
                "language": null,
                "perspectives": null,
                "value": "安通路四段",
                "between": null,
                "side": null
              }
            ]
          },
          "subtype": "road",
          "class": "tertiary",
          "connectors": [
            {
              "connector_id": "861b9544-0ccd-497c-bddd-22ad5f606c19",
              "at": 0.0
            },
            {
              "connector_id": "cd7b94fb-e9f1-4814-8c70-a6b21d7ac549",
              "at": 0.574291838
            },
            {
              "connector_id": "4ff3e828-cc27-4db4-85ae-ab65ce51be94",
              "at": 1.0
            }
          ],
          "road_surface": [
            {
              "value": "paved",
              "between": null
            }
          ],
          "speed_limits": [
            {
              "min_speed": null,
              "max_speed": {
                "value": 60,
                "unit": "km/h"
              },
              "is_max_speed_variable": null,
              "when": null,
              "between": null
            }
          ],
          "sources": [
            {
              "property": "",
              "dataset": "OpenStreetMap",
              "license": "ODbL-1.0",
              "record_id": "w152801139@18",
              "update_time": "2026-07-11T01:32:44Z",
              "confidence": null,
              "between": null,
              "provider": "osm",
              "resource": "planet",
              "version": "2026-08-05"
            }
          ],
          "version": 2
        }
      }
    },
    {
      "type": "Feature",
      "id": "457f5a6e-85d2-458e-8eeb-90e1df28e220",
      "geometry": {
        "type": "LineString",
        "coordinates": [
          [
            120.2047834,
            23.028498
          ],
          [
            120.2049176,
            23.0284853
          ]
        ]
      },
      "properties": {
        "source": "overture",
        "sourceKey": "overture-segments",
        "sourceVersion": "latest",
        "sourceFeatureId": "457f5a6e-85d2-458e-8eeb-90e1df28e220",
        "facilityType": "tertiary",
        "pedestrianAllowed": null,
        "bicycleAllowed": null,
        "direction": "unknown",
        "provenance": [
          {
            "property": "",
            "dataset": "OpenStreetMap",
            "license": "ODbL-1.0",
            "record_id": "w152801180@21",
            "update_time": "2026-07-11T01:32:44Z",
            "confidence": null,
            "between": null,
            "provider": "osm",
            "resource": "planet",
            "version": "2026-08-05"
          }
        ],
        "connectorIds": [
          "fc1b6304-2482-47c1-a489-3a4129a768c6",
          "1ff9a6f9-0996-4fd1-a346-1cbb8445c309"
        ],
        "officialInventory": false,
        "name": "郡安路四段",
        "originalCrs": "EPSG:4326",
        "originalProperties": {
          "names": {
            "primary": "郡安路四段",
            "common": [
              [
                "en",
                "Jun’an Road Section 4"
              ],
              [
                "zh",
                "郡安路四段"
              ]
            ],
            "rules": [
              {
                "variant": "common",
                "language": null,
                "perspectives": null,
                "value": "郡安路四段",
                "between": null,
                "side": null
              }
            ]
          },
          "subtype": "road",
          "class": "tertiary",
          "connectors": [
            {
              "connector_id": "fc1b6304-2482-47c1-a489-3a4129a768c6",
              "at": 0.0
            },
            {
              "connector_id": "1ff9a6f9-0996-4fd1-a346-1cbb8445c309",
              "at": 1.0
            }
          ],
          "road_surface": [
            {
              "value": "paved",
              "between": null
            }
          ],
          "speed_limits": [
            {
              "min_speed": null,
              "max_speed": {
                "value": 60,
                "unit": "km/h"
              },
              "is_max_speed_variable": null,
              "when": null,
              "between": null
            }
          ],
          "sources": [
            {
              "property": "",
              "dataset": "OpenStreetMap",
              "license": "ODbL-1.0",
              "record_id": "w152801180@21",
              "update_time": "2026-07-11T01:32:44Z",
              "confidence": null,
              "between": null,
              "provider": "osm",
              "resource": "planet",
              "version": "2026-08-05"
            }
          ],
          "version": 4
        }
      }
    },
    {
      "type": "Feature",
      "id": "a6f362d7-0c65-44a1-b412-4dff716972cb",
      "geometry": {
        "type": "LineString",
        "coordinates": [
          [
            120.2049176,
            23.0284853
          ],
          [
            120.2055191,
            23.0284406
          ],
          [
            120.2066341,
            23.0283611
          ],
          [
            120.2070654,
            23.0283342
          ],
          [
            120.207525,
            23.0282987
          ],
          [
            120.2083801,
            23.0282382
          ],
          [
            120.2097991,
            23.0281293
          ],
          [
            120.2110913,
            23.0280706
          ]
        ]
      },
      "properties": {
        "source": "overture",
        "sourceKey": "overture-segments",
        "sourceVersion": "latest",
        "sourceFeatureId": "a6f362d7-0c65-44a1-b412-4dff716972cb",
        "facilityType": "tertiary",
        "pedestrianAllowed": null,
        "bicycleAllowed": null,
        "direction": "unknown",
        "provenance": [
          {
            "property": "",
            "dataset": "OpenStreetMap",
            "license": "ODbL-1.0",
            "record_id": "w152801180@21",
            "update_time": "2026-07-11T01:32:44Z",
            "confidence": null,
            "between": null,
            "provider": "osm",
            "resource": "planet",
            "version": "2026-08-05"
          }
        ],
        "connectorIds": [
          "1ff9a6f9-0996-4fd1-a346-1cbb8445c309",
          "aa94862c-d8d5-4d43-962b-d9f11502189c",
          "8356876e-a198-4d06-9b8c-6f20063c3811",
          "32a40d9f-14d5-4ba0-b0ed-299f452b6282",
          "179bcf90-e2c1-4465-b9ee-ea02bb95b554",
          "d2cb1e72-7927-4203-a0c6-89119727c68a",
          "6e9d80fb-0218-401e-bdbd-00ef1e57d02a",
          "66992c08-7ad9-43f1-adaa-296e09fd0b97"
        ],
        "officialInventory": false,
        "name": "郡安路四段",
        "originalCrs": "EPSG:4326",
        "originalProperties": {
          "names": {
            "primary": "郡安路四段",
            "common": [
              [
                "en",
                "Jun’an Road Section 4"
              ],
              [
                "zh",
                "郡安路四段"
              ]
            ],
            "rules": [
              {
                "variant": "common",
                "language": null,
                "perspectives": null,
                "value": "郡安路四段",
                "between": null,
                "side": null
              }
            ]
          },
          "subtype": "road",
          "class": "tertiary",
          "connectors": [
            {
              "connector_id": "1ff9a6f9-0996-4fd1-a346-1cbb8445c309",
              "at": 0.0
            },
            {
              "connector_id": "aa94862c-d8d5-4d43-962b-d9f11502189c",
              "at": 0.097478589
            },
            {
              "connector_id": "8356876e-a198-4d06-9b8c-6f20063c3811",
              "at": 0.27812865
            },
            {
              "connector_id": "32a40d9f-14d5-4ba0-b0ed-299f452b6282",
              "at": 0.34795862
            },
            {
              "connector_id": "179bcf90-e2c1-4465-b9ee-ea02bb95b554",
              "at": 0.42246025
            },
            {
              "connector_id": "d2cb1e72-7927-4203-a0c6-89119727c68a",
              "at": 0.560995707
            },
            {
              "connector_id": "6e9d80fb-0218-401e-bdbd-00ef1e57d02a",
              "at": 0.791007082
            },
            {
              "connector_id": "66992c08-7ad9-43f1-adaa-296e09fd0b97",
              "at": 1.0
            }
          ],
          "road_surface": [
            {
              "value": "paved",
              "between": null
            }
          ],
          "speed_limits": [
            {
              "min_speed": null,
              "max_speed": {
                "value": 60,
                "unit": "km/h"
              },
              "is_max_speed_variable": null,
              "when": null,
              "between": null
            }
          ],
          "sources": [
            {
              "property": "",
              "dataset": "OpenStreetMap",
              "license": "ODbL-1.0",
              "record_id": "w152801180@21",
              "update_time": "2026-07-11T01:32:44Z",
              "confidence": null,
              "between": null,
              "provider": "osm",
              "resource": "planet",
              "version": "2026-08-05"
            }
          ],
          "version": 3
        }
      }
    },
    {
      "type": "Feature",
      "id": "87e85a4c-05aa-46c8-9e41-a62e9b791eb1",
      "geometry": {
        "type": "LineString",
        "coordinates": [
          [
            120.2081629,
            23.0279961
          ],
          [
            120.2081877,
            23.0275279
          ]
        ]
      },
      "properties": {
        "source": "overture",
        "sourceKey": "overture-segments",
        "sourceVersion": "latest",
        "sourceFeatureId": "87e85a4c-05aa-46c8-9e41-a62e9b791eb1",
        "facilityType": "service",
        "pedestrianAllowed": null,
        "bicycleAllowed": null,
        "direction": "unknown",
        "provenance": [
          {
            "property": "",
            "dataset": "OpenStreetMap",
            "license": "ODbL-1.0",
            "record_id": "w510093263@1",
            "update_time": "2024-08-11T01:47:26Z",
            "confidence": null,
            "between": null,
            "provider": "osm",
            "resource": "planet",
            "version": "2026-08-05"
          }
        ],
        "connectorIds": [
          "c8fbe4c7-8ef6-48e7-b8ff-96fabad06a10",
          "d09aac9d-ce79-4713-ac10-eac8bfcd0c72"
        ],
        "officialInventory": false,
        "name": null,
        "originalCrs": "EPSG:4326",
        "originalProperties": {
          "subtype": "road",
          "class": "service",
          "subclass": "alley",
          "subclass_rules": [
            {
              "value": "alley",
              "between": null
            }
          ],
          "connectors": [
            {
              "connector_id": "c8fbe4c7-8ef6-48e7-b8ff-96fabad06a10",
              "at": 0.0
            },
            {
              "connector_id": "d09aac9d-ce79-4713-ac10-eac8bfcd0c72",
              "at": 1.0
            }
          ],
          "sources": [
            {
              "property": "",
              "dataset": "OpenStreetMap",
              "license": "ODbL-1.0",
              "record_id": "w510093263@1",
              "update_time": "2024-08-11T01:47:26Z",
              "confidence": null,
              "between": null,
              "provider": "osm",
              "resource": "planet",
              "version": "2026-08-05"
            }
          ],
          "version": 1
        }
      }
    },
    {
      "type": "Feature",
      "id": "187e9dba-2ea3-4f81-bbeb-af3bf1ee73b6",
      "geometry": {
        "type": "LineString",
        "coordinates": [
          [
            120.2080136,
            23.0275398
          ],
          [
            120.2080063,
            23.0280022
          ]
        ]
      },
      "properties": {
        "source": "overture",
        "sourceKey": "overture-segments",
        "sourceVersion": "latest",
        "sourceFeatureId": "187e9dba-2ea3-4f81-bbeb-af3bf1ee73b6",
        "facilityType": "service",
        "pedestrianAllowed": null,
        "bicycleAllowed": null,
        "direction": "unknown",
        "provenance": [
          {
            "property": "",
            "dataset": "OpenStreetMap",
            "license": "ODbL-1.0",
            "record_id": "w159025820@3",
            "update_time": "2024-08-11T01:47:26Z",
            "confidence": null,
            "between": null,
            "provider": "osm",
            "resource": "planet",
            "version": "2026-08-05"
          }
        ],
        "connectorIds": [
          "1cffb485-a96e-4b02-a79d-21fd8a6f360f",
          "558c678e-f05d-4ac8-b8ab-d4dd18a05eb5"
        ],
        "officialInventory": false,
        "name": "泰安街16巷7弄",
        "originalCrs": "EPSG:4326",
        "originalProperties": {
          "names": {
            "primary": "泰安街16巷7弄",
            "common": null,
            "rules": [
              {
                "variant": "common",
                "language": null,
                "perspectives": null,
                "value": "泰安街16巷7弄",
                "between": null,
                "side": null
              }
            ]
          },
          "subtype": "road",
          "class": "service",
          "subclass": "alley",
          "subclass_rules": [
            {
              "value": "alley",
              "between": null
            }
          ],
          "connectors": [
            {
              "connector_id": "1cffb485-a96e-4b02-a79d-21fd8a6f360f",
              "at": 0.0
            },
            {
              "connector_id": "558c678e-f05d-4ac8-b8ab-d4dd18a05eb5",
              "at": 1.0
            }
          ],
          "sources": [
            {
              "property": "",
              "dataset": "OpenStreetMap",
              "license": "ODbL-1.0",
              "record_id": "w159025820@3",
              "update_time": "2024-08-11T01:47:26Z",
              "confidence": null,
              "between": null,
              "provider": "osm",
              "resource": "planet",
              "version": "2026-08-05"
            }
          ],
          "version": 1
        }
      }
    },
    {
      "type": "Feature",
      "id": "c860c07f-4d39-463f-ac26-b796a9693dc5",
      "geometry": {
        "type": "LineString",
        "coordinates": [
          [
            120.2078113,
            23.0280107
          ],
          [
            120.2078368,
            23.0275463
          ]
        ]
      },
      "properties": {
        "source": "overture",
        "sourceKey": "overture-segments",
        "sourceVersion": "latest",
        "sourceFeatureId": "c860c07f-4d39-463f-ac26-b796a9693dc5",
        "facilityType": "service",
        "pedestrianAllowed": null,
        "bicycleAllowed": null,
        "direction": "unknown",
        "provenance": [
          {
            "property": "",
            "dataset": "OpenStreetMap",
            "license": "ODbL-1.0",
            "record_id": "w510093262@1",
            "update_time": "2024-08-11T01:47:26Z",
            "confidence": null,
            "between": null,
            "provider": "osm",
            "resource": "planet",
            "version": "2026-08-05"
          }
        ],
        "connectorIds": [
          "c62ebeb5-aa87-4a26-95e5-28c50d6b0c53",
          "dca33455-366e-4063-8796-538d170cfcd5"
        ],
        "officialInventory": false,
        "name": null,
        "originalCrs": "EPSG:4326",
        "originalProperties": {
          "subtype": "road",
          "class": "service",
          "subclass": "alley",
          "subclass_rules": [
            {
              "value": "alley",
              "between": null
            }
          ],
          "connectors": [
            {
              "connector_id": "c62ebeb5-aa87-4a26-95e5-28c50d6b0c53",
              "at": 0.0
            },
            {
              "connector_id": "dca33455-366e-4063-8796-538d170cfcd5",
              "at": 1.0
            }
          ],
          "sources": [
            {
              "property": "",
              "dataset": "OpenStreetMap",
              "license": "ODbL-1.0",
              "record_id": "w510093262@1",
              "update_time": "2024-08-11T01:47:26Z",
              "confidence": null,
              "between": null,
              "provider": "osm",
              "resource": "planet",
              "version": "2026-08-05"
            }
          ],
          "version": 1
        }
      }
    },
    {
      "type": "Feature",
      "id": "ebb64ce2-b8b2-469c-9257-1cbefcfec6c8",
      "geometry": {
        "type": "LineString",
        "coordinates": [
          [
            120.2056643,
            23.0272358
          ],
          [
            120.2055886,
            23.0278659
          ],
          [
            120.2055191,
            23.0284406
          ]
        ]
      },
      "properties": {
        "source": "overture",
        "sourceKey": "overture-segments",
        "sourceVersion": "latest",
        "sourceFeatureId": "ebb64ce2-b8b2-469c-9257-1cbefcfec6c8",
        "facilityType": "service",
        "pedestrianAllowed": null,
        "bicycleAllowed": null,
        "direction": "unknown",
        "provenance": [
          {
            "property": "",
            "dataset": "OpenStreetMap",
            "license": "ODbL-1.0",
            "record_id": "w159025853@6",
            "update_time": "2026-02-24T03:16:42Z",
            "confidence": null,
            "between": null,
            "provider": "osm",
            "resource": "planet",
            "version": "2026-08-05"
          }
        ],
        "connectorIds": [
          "f1fc9718-a72e-4c48-a14d-9bd1bd9cb66e",
          "799d309a-74c7-4a42-804e-24b6ae4aec72",
          "aa94862c-d8d5-4d43-962b-d9f11502189c"
        ],
        "officialInventory": false,
        "name": "郡安路四段278巷",
        "originalCrs": "EPSG:4326",
        "originalProperties": {
          "names": {
            "primary": "郡安路四段278巷",
            "common": null,
            "rules": [
              {
                "variant": "common",
                "language": null,
                "perspectives": null,
                "value": "郡安路四段278巷",
                "between": null,
                "side": null
              }
            ]
          },
          "subtype": "road",
          "class": "service",
          "subclass": "alley",
          "subclass_rules": [
            {
              "value": "alley",
              "between": null
            }
          ],
          "connectors": [
            {
              "connector_id": "f1fc9718-a72e-4c48-a14d-9bd1bd9cb66e",
              "at": 0.0
            },
            {
              "connector_id": "799d309a-74c7-4a42-804e-24b6ae4aec72",
              "at": 0.522971186
            },
            {
              "connector_id": "aa94862c-d8d5-4d43-962b-d9f11502189c",
              "at": 1.0
            }
          ],
          "sources": [
            {
              "property": "",
              "dataset": "OpenStreetMap",
              "license": "ODbL-1.0",
              "record_id": "w159025853@6",
              "update_time": "2026-02-24T03:16:42Z",
              "confidence": null,
              "between": null,
              "provider": "osm",
              "resource": "planet",
              "version": "2026-08-05"
            }
          ],
          "version": 2
        }
      }
    },
    {
      "type": "Feature",
      "id": "ff9f045e-c928-4fe8-942c-279c54b4e9bb",
      "geometry": {
        "type": "LineString",
        "coordinates": [
          [
            120.2058503,
            23.0278935
          ],
          [
            120.2055886,
            23.0278659
          ]
        ]
      },
      "properties": {
        "source": "overture",
        "sourceKey": "overture-segments",
        "sourceVersion": "latest",
        "sourceFeatureId": "ff9f045e-c928-4fe8-942c-279c54b4e9bb",
        "facilityType": "service",
        "pedestrianAllowed": null,
        "bicycleAllowed": null,
        "direction": "unknown",
        "provenance": [
          {
            "property": "",
            "dataset": "OpenStreetMap",
            "license": "ODbL-1.0",
            "record_id": "w159025821@3",
            "update_time": "2021-02-13T13:17:01Z",
            "confidence": null,
            "between": null,
            "provider": "osm",
            "resource": "planet",
            "version": "2026-08-05"
          }
        ],
        "connectorIds": [
          "fd8f6763-b627-4372-bef5-edaccc6eee56",
          "799d309a-74c7-4a42-804e-24b6ae4aec72"
        ],
        "officialInventory": false,
        "name": "郡安路四段278巷15弄",
        "originalCrs": "EPSG:4326",
        "originalProperties": {
          "names": {
            "primary": "郡安路四段278巷15弄",
            "common": null,
            "rules": [
              {
                "variant": "common",
                "language": null,
                "perspectives": null,
                "value": "郡安路四段278巷15弄",
                "between": null,
                "side": null
              }
            ]
          },
          "subtype": "road",
          "class": "service",
          "subclass": "alley",
          "subclass_rules": [
            {
              "value": "alley",
              "between": null
            }
          ],
          "connectors": [
            {
              "connector_id": "fd8f6763-b627-4372-bef5-edaccc6eee56",
              "at": 0.0
            },
            {
              "connector_id": "799d309a-74c7-4a42-804e-24b6ae4aec72",
              "at": 1.0
            }
          ],
          "sources": [
            {
              "property": "",
              "dataset": "OpenStreetMap",
              "license": "ODbL-1.0",
              "record_id": "w159025821@3",
              "update_time": "2021-02-13T13:17:01Z",
              "confidence": null,
              "between": null,
              "provider": "osm",
              "resource": "planet",
              "version": "2026-08-05"
            }
          ],
          "version": 1
        }
      }
    },
    {
      "type": "Feature",
      "id": "8151ccd8-296d-4d88-b68e-6539dbe1c52e",
      "geometry": {
        "type": "LineString",
        "coordinates": [
          [
            120.2066341,
            23.0283611
          ],
          [
            120.20672,
            23.0276985
          ]
        ]
      },
      "properties": {
        "source": "overture",
        "sourceKey": "overture-segments",
        "sourceVersion": "latest",
        "sourceFeatureId": "8151ccd8-296d-4d88-b68e-6539dbe1c52e",
        "facilityType": "service",
        "pedestrianAllowed": null,
        "bicycleAllowed": null,
        "direction": "unknown",
        "provenance": [
          {
            "property": "",
            "dataset": "OpenStreetMap",
            "license": "ODbL-1.0",
            "record_id": "w510080098@3",
            "update_time": "2022-11-15T09:29:38Z",
            "confidence": null,
            "between": null,
            "provider": "osm",
            "resource": "planet",
            "version": "2026-08-05"
          }
        ],
        "connectorIds": [
          "8356876e-a198-4d06-9b8c-6f20063c3811",
          "5a7506d7-feab-4588-a903-fba9b9d8124a"
        ],
        "officialInventory": false,
        "name": "郡安路四段253巷",
        "originalCrs": "EPSG:4326",
        "originalProperties": {
          "names": {
            "primary": "郡安路四段253巷",
            "common": null,
            "rules": [
              {
                "variant": "common",
                "language": null,
                "perspectives": null,
                "value": "郡安路四段253巷",
                "between": null,
                "side": null
              }
            ]
          },
          "subtype": "road",
          "class": "service",
          "subclass": "alley",
          "subclass_rules": [
            {
              "value": "alley",
              "between": null
            }
          ],
          "connectors": [
            {
              "connector_id": "8356876e-a198-4d06-9b8c-6f20063c3811",
              "at": 0.0
            },
            {
              "connector_id": "5a7506d7-feab-4588-a903-fba9b9d8124a",
              "at": 1.0
            }
          ],
          "sources": [
            {
              "property": "",
              "dataset": "OpenStreetMap",
              "license": "ODbL-1.0",
              "record_id": "w510080098@3",
              "update_time": "2022-11-15T09:29:38Z",
              "confidence": null,
              "between": null,
              "provider": "osm",
              "resource": "planet",
              "version": "2026-08-05"
            }
          ],
          "version": 1
        }
      }
    },
    {
      "type": "Feature",
      "id": "41bae058-cc46-443f-a0b8-9622b223bdb8",
      "geometry": {
        "type": "LineString",
        "coordinates": [
          [
            120.2043278,
            23.0282681
          ],
          [
            120.2040752,
            23.0282434
          ],
          [
            120.202757,
            23.028109
          ],
          [
            120.2025864,
            23.0280968
          ],
          [
            120.2023966,
            23.0280838
          ]
        ]
      },
      "properties": {
        "source": "overture",
        "sourceKey": "overture-segments",
        "sourceVersion": "latest",
        "sourceFeatureId": "41bae058-cc46-443f-a0b8-9622b223bdb8",
        "facilityType": "service",
        "pedestrianAllowed": null,
        "bicycleAllowed": null,
        "direction": "unknown",
        "provenance": [
          {
            "property": "",
            "dataset": "OpenStreetMap",
            "license": "ODbL-1.0",
            "record_id": "w906752620@1",
            "update_time": "2022-11-09T08:18:20Z",
            "confidence": null,
            "between": [
              0.0,
              0.130843008
            ],
            "provider": "osm",
            "resource": "planet",
            "version": "2026-08-05"
          },
          {
            "property": "",
            "dataset": "OpenStreetMap",
            "license": "ODbL-1.0",
            "record_id": "w159025866@4",
            "update_time": "2026-02-24T03:16:42Z",
            "confidence": null,
            "between": [
              0.130843008,
              1.0
            ],
            "provider": "osm",
            "resource": "planet",
            "version": "2026-08-05"
          }
        ],
        "connectorIds": [
          "e96da67a-6686-4167-9548-71c0efef916d",
          "60cf45f4-25dd-42f9-9261-5f00603138ca",
          "75c1b61c-6432-46d8-b09e-5b7c3a3258e7",
          "e7d285df-2a04-45ac-a90e-93e92c0e6a32"
        ],
        "officialInventory": false,
        "name": "府安路五段11巷93弄",
        "originalCrs": "EPSG:4326",
        "originalProperties": {
          "names": {
            "primary": "府安路五段11巷93弄",
            "common": null,
            "rules": [
              {
                "variant": "common",
                "language": null,
                "perspectives": null,
                "value": "府安路五段11巷",
                "between": [
                  0.0,
                  0.130843008
                ],
                "side": null
              },
              {
                "variant": "common",
                "language": null,
                "perspectives": null,
                "value": "府安路五段11巷93弄",
                "between": [
                  0.130843008,
                  1.0
                ],
                "side": null
              }
            ]
          },
          "subtype": "road",
          "class": "service",
          "subclass": "alley",
          "subclass_rules": [
            {
              "value": "alley",
              "between": null
            }
          ],
          "connectors": [
            {
              "connector_id": "e96da67a-6686-4167-9548-71c0efef916d",
              "at": 0.0
            },
            {
              "connector_id": "60cf45f4-25dd-42f9-9261-5f00603138ca",
              "at": 0.13082236
            },
            {
              "connector_id": "75c1b61c-6432-46d8-b09e-5b7c3a3258e7",
              "at": 0.813851284
            },
            {
              "connector_id": "e7d285df-2a04-45ac-a90e-93e92c0e6a32",
              "at": 1.0
            }
          ],
          "sources": [
            {
              "property": "",
              "dataset": "OpenStreetMap",
              "license": "ODbL-1.0",
              "record_id": "w906752620@1",
              "update_time": "2022-11-09T08:18:20Z",
              "confidence": null,
              "between": [
                0.0,
                0.130843008
              ],
              "provider": "osm",
              "resource": "planet",
              "version": "2026-08-05"
            },
            {
              "property": "",
              "dataset": "OpenStreetMap",
              "license": "ODbL-1.0",
              "record_id": "w159025866@4",
              "update_time": "2026-02-24T03:16:42Z",
              "confidence": null,
              "between": [
                0.130843008,
                1.0
              ],
              "provider": "osm",
              "resource": "planet",
              "version": "2026-08-05"
            }
          ],
          "version": 2
        }
      }
    },
    {
      "type": "Feature",
      "id": "89134636-5fbe-49cd-8969-5d3309faf25a",
      "geometry": {
        "type": "LineString",
        "coordinates": [
          [
            120.2019229,
            23.0287091
          ],
          [
            120.2019951,
            23.0283473
          ],
          [
            120.2020535,
            23.0280061
          ],
          [
            120.2021147,
            23.0277044
          ],
          [
            120.2021196,
            23.0276639
          ],
          [
            120.2021408,
            23.0274893
          ]
        ]
      },
      "properties": {
        "source": "overture",
        "sourceKey": "overture-segments",
        "sourceVersion": "latest",
        "sourceFeatureId": "89134636-5fbe-49cd-8969-5d3309faf25a",
        "facilityType": "service",
        "pedestrianAllowed": null,
        "bicycleAllowed": null,
        "direction": "unknown",
        "provenance": [
          {
            "property": "",
            "dataset": "OpenStreetMap",
            "license": "ODbL-1.0",
            "record_id": "w159025868@4",
            "update_time": "2024-08-11T17:33:52Z",
            "confidence": null,
            "between": [
              0.0,
              0.825007121
            ],
            "provider": "osm",
            "resource": "planet",
            "version": "2026-08-05"
          },
          {
            "property": "",
            "dataset": "OpenStreetMap",
            "license": "ODbL-1.0",
            "record_id": "w906752627@1",
            "update_time": "2021-02-13T09:13:12Z",
            "confidence": null,
            "between": [
              0.825007121,
              1.0
            ],
            "provider": "osm",
            "resource": "planet",
            "version": "2026-08-05"
          }
        ],
        "connectorIds": [
          "02c5fbc8-3179-4f65-8c9a-482c3c8dbb74",
          "1d7f5dd7-6924-4033-9850-157c5bf3d4ac",
          "924a19f4-abdc-465f-bff8-4eedca7dbb4f",
          "1815cde2-bedf-4d10-b9b6-c9b99a275f3d",
          "3fc1977f-8085-4789-8139-81c5987060b0"
        ],
        "officialInventory": false,
        "name": "郡安路五段31巷",
        "originalCrs": "EPSG:4326",
        "originalProperties": {
          "names": {
            "primary": "郡安路五段31巷",
            "common": null,
            "rules": [
              {
                "variant": "common",
                "language": null,
                "perspectives": null,
                "value": "郡安路五段31巷",
                "between": [
                  0.0,
                  0.825007121
                ],
                "side": null
              },
              {
                "variant": "common",
                "language": null,
                "perspectives": null,
                "value": "郡安路五段31巷8弄",
                "between": [
                  0.825007121,
                  1.0
                ],
                "side": null
              }
            ]
          },
          "subtype": "road",
          "class": "service",
          "subclass": "alley",
          "subclass_rules": [
            {
              "value": "alley",
              "between": null
            }
          ],
          "connectors": [
            {
              "connector_id": "02c5fbc8-3179-4f65-8c9a-482c3c8dbb74",
              "at": 0.0
            },
            {
              "connector_id": "1d7f5dd7-6924-4033-9850-157c5bf3d4ac",
              "at": 0.297477492
            },
            {
              "connector_id": "924a19f4-abdc-465f-bff8-4eedca7dbb4f",
              "at": 0.576791393
            },
            {
              "connector_id": "1815cde2-bedf-4d10-b9b6-c9b99a275f3d",
              "at": 0.824989875
            },
            {
              "connector_id": "3fc1977f-8085-4789-8139-81c5987060b0",
              "at": 1.0
            }
          ],
          "sources": [
            {
              "property": "",
              "dataset": "OpenStreetMap",
              "license": "ODbL-1.0",
              "record_id": "w159025868@4",
              "update_time": "2024-08-11T17:33:52Z",
              "confidence": null,
              "between": [
                0.0,
                0.825007121
              ],
              "provider": "osm",
              "resource": "planet",
              "version": "2026-08-05"
            },
            {
              "property": "",
              "dataset": "OpenStreetMap",
              "license": "ODbL-1.0",
              "record_id": "w906752627@1",
              "update_time": "2021-02-13T09:13:12Z",
              "confidence": null,
              "between": [
                0.825007121,
                1.0
              ],
              "provider": "osm",
              "resource": "planet",
              "version": "2026-08-05"
            }
          ],
          "version": 1
        }
      }
    },
    {
      "type": "Feature",
      "id": "99dc562c-9f3a-4984-b50b-2cdce30cad16",
      "geometry": {
        "type": "LineString",
        "coordinates": [
          [
            120.1955273,
            23.0279166
          ],
          [
            120.1966702,
            23.0281171
          ],
          [
            120.1976279,
            23.0283094
          ]
        ]
      },
      "properties": {
        "source": "overture",
        "sourceKey": "overture-segments",
        "sourceVersion": "latest",
        "sourceFeatureId": "99dc562c-9f3a-4984-b50b-2cdce30cad16",
        "facilityType": "service",
        "pedestrianAllowed": null,
        "bicycleAllowed": null,
        "direction": "unknown",
        "provenance": [
          {
            "property": "",
            "dataset": "OpenStreetMap",
            "license": "ODbL-1.0",
            "record_id": "w159032622@3",
            "update_time": "2021-02-12T17:02:48Z",
            "confidence": null,
            "between": [
              0.0,
              0.54273561
            ],
            "provider": "osm",
            "resource": "planet",
            "version": "2026-08-05"
          },
          {
            "property": "",
            "dataset": "OpenStreetMap",
            "license": "ODbL-1.0",
            "record_id": "w906616790@1",
            "update_time": "2026-02-20T11:12:42Z",
            "confidence": null,
            "between": [
              0.54273561,
              1.0
            ],
            "provider": "osm",
            "resource": "planet",
            "version": "2026-08-05"
          }
        ],
        "connectorIds": [
          "730b7cae-c167-43d0-ba42-fdd9efdd4d89",
          "307e8b72-7c97-44ad-9309-21784a82275e",
          "2b55311c-5077-486a-a164-eaffa7959d9e"
        ],
        "officialInventory": false,
        "name": "郡安路五段164巷8弄",
        "originalCrs": "EPSG:4326",
        "originalProperties": {
          "names": {
            "primary": "郡安路五段164巷8弄",
            "common": null,
            "rules": [
              {
                "variant": "common",
                "language": null,
                "perspectives": null,
                "value": "郡安路五段164巷8弄",
                "between": [
                  0.0,
                  0.54273561
                ],
                "side": null
              },
              {
                "variant": "common",
                "language": null,
                "perspectives": null,
                "value": "郡安路五段164巷7弄",
                "between": [
                  0.54273561,
                  1.0
                ],
                "side": null
              }
            ]
          },
          "subtype": "road",
          "class": "service",
          "subclass": "alley",
          "subclass_rules": [
            {
              "value": "alley",
              "between": null
            }
          ],
          "connectors": [
            {
              "connector_id": "730b7cae-c167-43d0-ba42-fdd9efdd4d89",
              "at": 0.0
            },
            {
              "connector_id": "307e8b72-7c97-44ad-9309-21784a82275e",
              "at": 0.542756217
            },
            {
              "connector_id": "2b55311c-5077-486a-a164-eaffa7959d9e",
              "at": 1.0
            }
          ],
          "sources": [
            {
              "property": "",
              "dataset": "OpenStreetMap",
              "license": "ODbL-1.0",
              "record_id": "w159032622@3",
              "update_time": "2021-02-12T17:02:48Z",
              "confidence": null,
              "between": [
                0.0,
                0.54273561
              ],
              "provider": "osm",
              "resource": "planet",
              "version": "2026-08-05"
            },
            {
              "property": "",
              "dataset": "OpenStreetMap",
              "license": "ODbL-1.0",
              "record_id": "w906616790@1",
              "update_time": "2026-02-20T11:12:42Z",
              "confidence": null,
              "between": [
                0.54273561,
                1.0
              ],
              "provider": "osm",
              "resource": "planet",
              "version": "2026-08-05"
            }
          ],
          "version": 3
        }
      }
    },
    {
      "type": "Feature",
      "id": "0ef6d593-056c-4ba5-b8d9-2872e91fa6ab",
      "geometry": {
        "type": "LineString",
        "coordinates": [
          [
            120.1979234,
            23.0269964
          ],
          [
            120.1978356,
            23.0273722
          ],
          [
            120.1977614,
            23.0276895
          ],
          [
            120.1977057,
            23.027944
          ],
          [
            120.1976279,
            23.0283094
          ],
          [
            120.1975602,
            23.02862
          ],
          [
            120.1975019,
            23.0288931
          ],
          [
            120.1974949,
            23.028926
          ],
          [
            120.197476,
            23.0290204
          ]
        ]
      },
      "properties": {
        "source": "overture",
        "sourceKey": "overture-segments",
        "sourceVersion": "latest",
        "sourceFeatureId": "0ef6d593-056c-4ba5-b8d9-2872e91fa6ab",
        "facilityType": "residential",
        "pedestrianAllowed": null,
        "bicycleAllowed": null,
        "direction": "unknown",
        "provenance": [
          {
            "property": "",
            "dataset": "OpenStreetMap",
            "license": "ODbL-1.0",
            "record_id": "w662864111@11",
            "update_time": "2026-02-24T03:16:42Z",
            "confidence": null,
            "between": null,
            "provider": "osm",
            "resource": "planet",
            "version": "2026-08-05"
          }
        ],
        "connectorIds": [
          "2914126e-31d4-4930-8f5f-940e649f975d",
          "3d130b20-af09-4323-9171-0c573a205bd4",
          "0d1a3329-754e-4745-bb02-ca4c89f9143a",
          "a2754902-a017-4d1e-a29b-b0eb3d46b0d3",
          "2b55311c-5077-486a-a164-eaffa7959d9e",
          "f12ace1f-21ee-4234-83c0-6f7bf925d88b",
          "4bb4dc44-a142-4ec8-b75b-7918d0325401",
          "71db10d4-30d9-46f0-b122-dfdb3bab0860",
          "d8f8844f-a8ee-4baa-98ec-a0137e9c8e34"
        ],
        "officialInventory": false,
        "name": "富東路",
        "originalCrs": "EPSG:4326",
        "originalProperties": {
          "names": {
            "primary": "富東路",
            "common": [
              [
                "en",
                "Fudong Road"
              ],
              [
                "zh",
                "富東路"
              ]
            ],
            "rules": [
              {
                "variant": "common",
                "language": null,
                "perspectives": null,
                "value": "富東路",
                "between": null,
                "side": null
              }
            ]
          },
          "subtype": "road",
          "class": "residential",
          "connectors": [
            {
              "connector_id": "2914126e-31d4-4930-8f5f-940e649f975d",
              "at": 0.0
            },
            {
              "connector_id": "3d130b20-af09-4323-9171-0c573a205bd4",
              "at": 0.186101132
            },
            {
              "connector_id": "0d1a3329-754e-4745-bb02-ca4c89f9143a",
              "at": 0.343238686
            },
            {
              "connector_id": "a2754902-a017-4d1e-a29b-b0eb3d46b0d3",
              "at": 0.468925183
            },
            {
              "connector_id": "2b55311c-5077-486a-a164-eaffa7959d9e",
              "at": 0.649189731
            },
            {
              "connector_id": "f12ace1f-21ee-4234-83c0-6f7bf925d88b",
              "at": 0.802556879
            },
            {
              "connector_id": "4bb4dc44-a142-4ec8-b75b-7918d0325401",
              "at": 0.937299816
            },
            {
              "connector_id": "71db10d4-30d9-46f0-b122-dfdb3bab0860",
              "at": 0.953530099
            },
            {
              "connector_id": "d8f8844f-a8ee-4baa-98ec-a0137e9c8e34",
              "at": 1.0
            }
          ],
          "sources": [
            {
              "property": "",
              "dataset": "OpenStreetMap",
              "license": "ODbL-1.0",
              "record_id": "w662864111@11",
              "update_time": "2026-02-24T03:16:42Z",
              "confidence": null,
              "between": null,
              "provider": "osm",
              "resource": "planet",
              "version": "2026-08-05"
            }
          ],
          "version": 3
        }
      }
    },
    {
      "type": "Feature",
      "id": "c2e145fe-cb1d-4c1a-a3dc-c4d3f8d8699b",
      "geometry": {
        "type": "LineString",
        "coordinates": [
          [
            120.2020535,
            23.0280061
          ],
          [
            120.2020882,
            23.0280101
          ],
          [
            120.2023724,
            23.0280431
          ]
        ]
      },
      "properties": {
        "source": "overture",
        "sourceKey": "overture-segments",
        "sourceVersion": "latest",
        "sourceFeatureId": "c2e145fe-cb1d-4c1a-a3dc-c4d3f8d8699b",
        "facilityType": "service",
        "pedestrianAllowed": null,
        "bicycleAllowed": null,
        "direction": "unknown",
        "provenance": [
          {
            "property": "",
            "dataset": "OpenStreetMap",
            "license": "ODbL-1.0",
            "record_id": "w906752624@1",
            "update_time": "2021-02-13T09:13:12Z",
            "confidence": null,
            "between": null,
            "provider": "osm",
            "resource": "planet",
            "version": "2026-08-05"
          }
        ],
        "connectorIds": [
          "924a19f4-abdc-465f-bff8-4eedca7dbb4f",
          "4a4bef50-9622-4170-ab7a-78cc1e99b036"
        ],
        "officialInventory": false,
        "name": "郡安路五段31巷3弄",
        "originalCrs": "EPSG:4326",
        "originalProperties": {
          "names": {
            "primary": "郡安路五段31巷3弄",
            "common": null,
            "rules": [
              {
                "variant": "common",
                "language": null,
                "perspectives": null,
                "value": "郡安路五段31巷3弄",
                "between": null,
                "side": null
              }
            ]
          },
          "subtype": "road",
          "class": "service",
          "subclass": "alley",
          "subclass_rules": [
            {
              "value": "alley",
              "between": null
            }
          ],
          "connectors": [
            {
              "connector_id": "924a19f4-abdc-465f-bff8-4eedca7dbb4f",
              "at": 0.0
            },
            {
              "connector_id": "4a4bef50-9622-4170-ab7a-78cc1e99b036",
              "at": 1.0
            }
          ],
          "sources": [
            {
              "property": "",
              "dataset": "OpenStreetMap",
              "license": "ODbL-1.0",
              "record_id": "w906752624@1",
              "update_time": "2021-02-13T09:13:12Z",
              "confidence": null,
              "between": null,
              "provider": "osm",
              "resource": "planet",
              "version": "2026-08-05"
            }
          ],
          "version": 1
        }
      }
    },
    {
      "type": "Feature",
      "id": "75f056a0-6e35-4c2c-ac9e-1b270591b641",
      "geometry": {
        "type": "LineString",
        "coordinates": [
          [
            120.2020535,
            23.0280061
          ],
          [
            120.2020108,
            23.027999
          ],
          [
            120.2018306,
            23.027969
          ]
        ]
      },
      "properties": {
        "source": "overture",
        "sourceKey": "overture-segments",
        "sourceVersion": "latest",
        "sourceFeatureId": "75f056a0-6e35-4c2c-ac9e-1b270591b641",
        "facilityType": "service",
        "pedestrianAllowed": null,
        "bicycleAllowed": null,
        "direction": "unknown",
        "provenance": [
          {
            "property": "",
            "dataset": "OpenStreetMap",
            "license": "ODbL-1.0",
            "record_id": "w906752625@1",
            "update_time": "2021-02-13T09:13:12Z",
            "confidence": null,
            "between": null,
            "provider": "osm",
            "resource": "planet",
            "version": "2026-08-05"
          }
        ],
        "connectorIds": [
          "924a19f4-abdc-465f-bff8-4eedca7dbb4f",
          "3f39428c-a5b0-4f9e-8ec4-16d3a4d132ef"
        ],
        "officialInventory": false,
        "name": "郡安路五段31巷4弄",
        "originalCrs": "EPSG:4326",
        "originalProperties": {
          "names": {
            "primary": "郡安路五段31巷4弄",
            "common": null,
            "rules": [
              {
                "variant": "common",
                "language": null,
                "perspectives": null,
                "value": "郡安路五段31巷4弄",
                "between": null,
                "side": null
              }
            ]
          },
          "subtype": "road",
          "class": "service",
          "subclass": "alley",
          "subclass_rules": [
            {
              "value": "alley",
              "between": null
            }
          ],
          "connectors": [
            {
              "connector_id": "924a19f4-abdc-465f-bff8-4eedca7dbb4f",
              "at": 0.0
            },
            {
              "connector_id": "3f39428c-a5b0-4f9e-8ec4-16d3a4d132ef",
              "at": 1.0
            }
          ],
          "sources": [
            {
              "property": "",
              "dataset": "OpenStreetMap",
              "license": "ODbL-1.0",
              "record_id": "w906752625@1",
              "update_time": "2021-02-13T09:13:12Z",
              "confidence": null,
              "between": null,
              "provider": "osm",
              "resource": "planet",
              "version": "2026-08-05"
            }
          ],
          "version": 1
        }
      }
    },
    {
      "type": "Feature",
      "id": "bfc671fd-4fec-43ea-b5fc-b98cbed292ee",
      "geometry": {
        "type": "LineString",
        "coordinates": [
          [
            120.2048537,
            23.0280156
          ],
          [
            120.204653,
            23.0279962
          ],
          [
            120.2043767,
            23.0279776
          ],
          [
            120.2041096,
            23.0279568
          ],
          [
            120.2028085,
            23.0277823
          ],
          [
            120.2024438,
            23.0277485
          ],
          [
            120.2023507,
            23.0277276
          ],
          [
            120.2021147,
            23.0277044
          ],
          [
            120.2019328,
            23.0276931
          ]
        ]
      },
      "properties": {
        "source": "overture",
        "sourceKey": "overture-segments",
        "sourceVersion": "latest",
        "sourceFeatureId": "bfc671fd-4fec-43ea-b5fc-b98cbed292ee",
        "facilityType": "service",
        "pedestrianAllowed": null,
        "bicycleAllowed": null,
        "direction": "unknown",
        "provenance": [
          {
            "property": "",
            "dataset": "OpenStreetMap",
            "license": "ODbL-1.0",
            "record_id": "w159025882@8",
            "update_time": "2026-07-11T01:32:44Z",
            "confidence": null,
            "between": [
              0.0,
              0.82488585
            ],
            "provider": "osm",
            "resource": "planet",
            "version": "2026-08-05"
          },
          {
            "property": "",
            "dataset": "OpenStreetMap",
            "license": "ODbL-1.0",
            "record_id": "w906752626@1",
            "update_time": "2024-08-11T17:33:52Z",
            "confidence": null,
            "between": [
              0.82488585,
              1.0
            ],
            "provider": "osm",
            "resource": "planet",
            "version": "2026-08-05"
          }
        ],
        "connectorIds": [
          "76038318-c17b-44be-ba5b-df9ecab5099c",
          "551ff445-d414-45a7-8c6f-0690c6ac1b8d",
          "85f94107-7f41-4512-a824-fe4a2c52f060",
          "db89e486-62c2-48bc-af9f-d173d8fb405d",
          "37f1797b-a505-4cc7-b843-ad4837f6208c",
          "1815cde2-bedf-4d10-b9b6-c9b99a275f3d",
          "fd843241-d3e2-4dbd-83dd-319e7c1ebe4c"
        ],
        "officialInventory": false,
        "name": "北安路二段147巷",
        "originalCrs": "EPSG:4326",
        "originalProperties": {
          "names": {
            "primary": "北安路二段147巷",
            "common": null,
            "rules": [
              {
                "variant": "common",
                "language": null,
                "perspectives": null,
                "value": "北安路二段147巷",
                "between": [
                  0.0,
                  0.82488585
                ],
                "side": null
              },
              {
                "variant": "common",
                "language": null,
                "perspectives": null,
                "value": "郡安路五段31巷",
                "between": [
                  0.82488585,
                  1.0
                ],
                "side": null
              }
            ]
          },
          "subtype": "road",
          "class": "service",
          "subclass": "alley",
          "subclass_rules": [
            {
              "value": "alley",
              "between": null
            }
          ],
          "connectors": [
            {
              "connector_id": "76038318-c17b-44be-ba5b-df9ecab5099c",
              "at": 0.0
            },
            {
              "connector_id": "551ff445-d414-45a7-8c6f-0690c6ac1b8d",
              "at": 0.068554575
            },
            {
              "connector_id": "85f94107-7f41-4512-a824-fe4a2c52f060",
              "at": 0.253732298
            },
            {
              "connector_id": "db89e486-62c2-48bc-af9f-d173d8fb405d",
              "at": 0.700371501
            },
            {
              "connector_id": "37f1797b-a505-4cc7-b843-ad4837f6208c",
              "at": 0.857436652
            },
            {
              "connector_id": "1815cde2-bedf-4d10-b9b6-c9b99a275f3d",
              "at": 0.93806399
            },
            {
              "connector_id": "fd843241-d3e2-4dbd-83dd-319e7c1ebe4c",
              "at": 1.0
            }
          ],
          "sources": [
            {
              "property": "",
              "dataset": "OpenStreetMap",
              "license": "ODbL-1.0",
              "record_id": "w159025882@8",
              "update_time": "2026-07-11T01:32:44Z",
              "confidence": null,
              "between": [
                0.0,
                0.82488585
              ],
              "provider": "osm",
              "resource": "planet",
              "version": "2026-08-05"
            },
            {
              "property": "",
              "dataset": "OpenStreetMap",
              "license": "ODbL-1.0",
              "record_id": "w906752626@1",
              "update_time": "2024-08-11T17:33:52Z",
              "confidence": null,
              "between": [
                0.82488585,
                1.0
              ],
              "provider": "osm",
              "resource": "planet",
              "version": "2026-08-05"
            }
          ],
          "version": 4
        }
      }
    },
    {
      "type": "Feature",
      "id": "69579026-91f8-4d34-8e4f-9ba247775b51",
      "geometry": {
        "type": "LineString",
        "coordinates": [
          [
            120.1977057,
            23.027944
          ],
          [
            120.1967465,
            23.0277729
          ],
          [
            120.1956116,
            23.0275711
          ]
        ]
      },
      "properties": {
        "source": "overture",
        "sourceKey": "overture-segments",
        "sourceVersion": "latest",
        "sourceFeatureId": "69579026-91f8-4d34-8e4f-9ba247775b51",
        "facilityType": "service",
        "pedestrianAllowed": null,
        "bicycleAllowed": null,
        "direction": "unknown",
        "provenance": [
          {
            "property": "",
            "dataset": "OpenStreetMap",
            "license": "ODbL-1.0",
            "record_id": "w906616789@1",
            "update_time": "2026-02-20T11:12:42Z",
            "confidence": null,
            "between": [
              0.0,
              0.458082686
            ],
            "provider": "osm",
            "resource": "planet",
            "version": "2026-08-05"
          },
          {
            "property": "",
            "dataset": "OpenStreetMap",
            "license": "ODbL-1.0",
            "record_id": "w159032635@4",
            "update_time": "2021-02-12T17:02:48Z",
            "confidence": null,
            "between": [
              0.458082686,
              1.0
            ],
            "provider": "osm",
            "resource": "planet",
            "version": "2026-08-05"
          }
        ],
        "connectorIds": [
          "a2754902-a017-4d1e-a29b-b0eb3d46b0d3",
          "c0510ded-1fe5-46d0-a6d3-efab28724ab4",
          "068ef86e-27f2-4ebf-8bde-5fa78671eca2"
        ],
        "officialInventory": false,
        "name": "郡安路五段164巷10弄",
        "originalCrs": "EPSG:4326",
        "originalProperties": {
          "names": {
            "primary": "郡安路五段164巷10弄",
            "common": null,
            "rules": [
              {
                "variant": "common",
                "language": null,
                "perspectives": null,
                "value": "郡安路五段164巷9弄",
                "between": [
                  0.0,
                  0.458082686
                ],
                "side": null
              },
              {
                "variant": "common",
                "language": null,
                "perspectives": null,
                "value": "郡安路五段164巷10弄",
                "between": [
                  0.458082686,
                  1.0
                ],
                "side": null
              }
            ]
          },
          "subtype": "road",
          "class": "service",
          "subclass": "alley",
          "subclass_rules": [
            {
              "value": "alley",
              "between": null
            }
          ],
          "connectors": [
            {
              "connector_id": "a2754902-a017-4d1e-a29b-b0eb3d46b0d3",
              "at": 0.0
            },
            {
              "connector_id": "c0510ded-1fe5-46d0-a6d3-efab28724ab4",
              "at": 0.458076581
            },
            {
              "connector_id": "068ef86e-27f2-4ebf-8bde-5fa78671eca2",
              "at": 1.0
            }
          ],
          "sources": [
            {
              "property": "",
              "dataset": "OpenStreetMap",
              "license": "ODbL-1.0",
              "record_id": "w906616789@1",
              "update_time": "2026-02-20T11:12:42Z",
              "confidence": null,
              "between": [
                0.0,
                0.458082686
              ],
              "provider": "osm",
              "resource": "planet",
              "version": "2026-08-05"
            },
            {
              "property": "",
              "dataset": "OpenStreetMap",
              "license": "ODbL-1.0",
              "record_id": "w159032635@4",
              "update_time": "2021-02-12T17:02:48Z",
              "confidence": null,
              "between": [
                0.458082686,
                1.0
              ],
              "provider": "osm",
              "resource": "planet",
              "version": "2026-08-05"
            }
          ],
          "version": 3
        }
      }
    },
    {
      "type": "Feature",
      "id": "cdb3826e-a19e-4e32-af34-8d23d7d92460",
      "geometry": {
        "type": "LineString",
        "coordinates": [
          [
            120.2014191,
            23.0276355
          ],
          [
            120.2011863,
            23.0287629
          ]
        ]
      },
      "properties": {
        "source": "overture",
        "sourceKey": "overture-segments",
        "sourceVersion": "latest",
        "sourceFeatureId": "cdb3826e-a19e-4e32-af34-8d23d7d92460",
        "facilityType": "residential",
        "pedestrianAllowed": null,
        "bicycleAllowed": null,
        "direction": "unknown",
        "provenance": [
          {
            "property": "",
            "dataset": "OpenStreetMap",
            "license": "ODbL-1.0",
            "record_id": "w376660037@6",
            "update_time": "2026-02-24T03:16:42Z",
            "confidence": null,
            "between": null,
            "provider": "osm",
            "resource": "planet",
            "version": "2026-08-05"
          }
        ],
        "connectorIds": [
          "a92747eb-d092-4b60-9255-88635f2654af",
          "c2fcc670-ba78-4b4e-ba2d-14faf01b1b46"
        ],
        "officialInventory": false,
        "name": "溪東路",
        "originalCrs": "EPSG:4326",
        "originalProperties": {
          "names": {
            "primary": "溪東路",
            "common": [
              [
                "en",
                "Sidong Road"
              ],
              [
                "zh",
                "溪東路"
              ]
            ],
            "rules": [
              {
                "variant": "common",
                "language": null,
                "perspectives": null,
                "value": "溪東路",
                "between": null,
                "side": null
              }
            ]
          },
          "subtype": "road",
          "class": "residential",
          "connectors": [
            {
              "connector_id": "a92747eb-d092-4b60-9255-88635f2654af",
              "at": 0.0
            },
            {
              "connector_id": "c2fcc670-ba78-4b4e-ba2d-14faf01b1b46",
              "at": 1.0
            }
          ],
          "sources": [
            {
              "property": "",
              "dataset": "OpenStreetMap",
              "license": "ODbL-1.0",
              "record_id": "w376660037@6",
              "update_time": "2026-02-24T03:16:42Z",
              "confidence": null,
              "between": null,
              "provider": "osm",
              "resource": "planet",
              "version": "2026-08-05"
            }
          ],
          "version": 2
        }
      }
    },
    {
      "type": "Feature",
      "id": "4162465f-eaa5-4eda-9214-06131d138cb0",
      "geometry": {
        "type": "LineString",
        "coordinates": [
          [
            120.1975602,
            23.02862
          ],
          [
            120.1966044,
            23.0284139
          ],
          [
            120.1954721,
            23.0281993
          ]
        ]
      },
      "properties": {
        "source": "overture",
        "sourceKey": "overture-segments",
        "sourceVersion": "latest",
        "sourceFeatureId": "4162465f-eaa5-4eda-9214-06131d138cb0",
        "facilityType": "service",
        "pedestrianAllowed": null,
        "bicycleAllowed": null,
        "direction": "unknown",
        "provenance": [
          {
            "property": "",
            "dataset": "OpenStreetMap",
            "license": "ODbL-1.0",
            "record_id": "w906616791@1",
            "update_time": "2026-02-20T11:12:42Z",
            "confidence": null,
            "between": [
              0.0,
              0.459180176
            ],
            "provider": "osm",
            "resource": "planet",
            "version": "2026-08-05"
          },
          {
            "property": "",
            "dataset": "OpenStreetMap",
            "license": "ODbL-1.0",
            "record_id": "w159032632@3",
            "update_time": "2021-02-12T17:02:48Z",
            "confidence": null,
            "between": [
              0.459180176,
              1.0
            ],
            "provider": "osm",
            "resource": "planet",
            "version": "2026-08-05"
          }
        ],
        "connectorIds": [
          "f12ace1f-21ee-4234-83c0-6f7bf925d88b",
          "558bd74e-1786-4963-8d70-5a6e939e9955",
          "f8de255b-f32d-4234-a502-ae8a2ce30838"
        ],
        "officialInventory": false,
        "name": "郡安路五段164巷6弄",
        "originalCrs": "EPSG:4326",
        "originalProperties": {
          "names": {
            "primary": "郡安路五段164巷6弄",
            "common": null,
            "rules": [
              {
                "variant": "common",
                "language": null,
                "perspectives": null,
                "value": "郡安路五段164巷5弄",
                "between": [
                  0.0,
                  0.459180176
                ],
                "side": null
              },
              {
                "variant": "common",
                "language": null,
                "perspectives": null,
                "value": "郡安路五段164巷6弄",
                "between": [
                  0.459180176,
                  1.0
                ],
                "side": null
              }
            ]
          },
          "subtype": "road",
          "class": "service",
          "subclass": "alley",
          "subclass_rules": [
            {
              "value": "alley",
              "between": null
            }
          ],
          "connectors": [
            {
              "connector_id": "f12ace1f-21ee-4234-83c0-6f7bf925d88b",
              "at": 0.0
            },
            {
              "connector_id": "558bd74e-1786-4963-8d70-5a6e939e9955",
              "at": 0.459198642
            },
            {
              "connector_id": "f8de255b-f32d-4234-a502-ae8a2ce30838",
              "at": 1.0
            }
          ],
          "sources": [
            {
              "property": "",
              "dataset": "OpenStreetMap",
              "license": "ODbL-1.0",
              "record_id": "w906616791@1",
              "update_time": "2026-02-20T11:12:42Z",
              "confidence": null,
              "between": [
                0.0,
                0.459180176
              ],
              "provider": "osm",
              "resource": "planet",
              "version": "2026-08-05"
            },
            {
              "property": "",
              "dataset": "OpenStreetMap",
              "license": "ODbL-1.0",
              "record_id": "w159032632@3",
              "update_time": "2021-02-12T17:02:48Z",
              "confidence": null,
              "between": [
                0.459180176,
                1.0
              ],
              "provider": "osm",
              "resource": "planet",
              "version": "2026-08-05"
            }
          ],
          "version": 3
        }
      }
    },
    {
      "type": "Feature",
      "id": "a6ae90e6-74c2-43e5-9b7a-7583697234e2",
      "geometry": {
        "type": "LineString",
        "coordinates": [
          [
            120.2035939,
            23.0285837
          ],
          [
            120.2034046,
            23.0284765
          ],
          [
            120.2027277,
            23.0284251
          ],
          [
            120.2023707,
            23.0283889
          ],
          [
            120.2019951,
            23.0283473
          ],
          [
            120.2015638,
            23.0282953
          ]
        ]
      },
      "properties": {
        "source": "overture",
        "sourceKey": "overture-segments",
        "sourceVersion": "latest",
        "sourceFeatureId": "a6ae90e6-74c2-43e5-9b7a-7583697234e2",
        "facilityType": "service",
        "pedestrianAllowed": null,
        "bicycleAllowed": null,
        "direction": "unknown",
        "provenance": [
          {
            "property": "",
            "dataset": "OpenStreetMap",
            "license": "ODbL-1.0",
            "record_id": "w159025876@7",
            "update_time": "2025-08-26T15:34:48Z",
            "confidence": null,
            "between": [
              0.0,
              0.60781622
            ],
            "provider": "osm",
            "resource": "planet",
            "version": "2026-08-05"
          },
          {
            "property": "",
            "dataset": "OpenStreetMap",
            "license": "ODbL-1.0",
            "record_id": "w906752623@1",
            "update_time": "2024-08-11T17:33:52Z",
            "confidence": null,
            "between": [
              0.60781622,
              0.790236369
            ],
            "provider": "osm",
            "resource": "planet",
            "version": "2026-08-05"
          },
          {
            "property": "",
            "dataset": "OpenStreetMap",
            "license": "ODbL-1.0",
            "record_id": "w906752622@1",
            "update_time": "2024-08-11T17:33:52Z",
            "confidence": null,
            "between": [
              0.790236369,
              1.0
            ],
            "provider": "osm",
            "resource": "planet",
            "version": "2026-08-05"
          }
        ],
        "connectorIds": [
          "27eead6f-2038-434f-a708-f1b5575a2aae",
          "e810b65c-da61-4664-aee2-4e22281a7c95",
          "1d7f5dd7-6924-4033-9850-157c5bf3d4ac",
          "5142c362-fb36-4a3d-b394-337b386477dd"
        ],
        "officialInventory": false,
        "name": "郡安路五段14巷",
        "originalCrs": "EPSG:4326",
        "originalProperties": {
          "names": {
            "primary": "郡安路五段14巷",
            "common": null,
            "rules": [
              {
                "variant": "common",
                "language": null,
                "perspectives": null,
                "value": "郡安路五段14巷",
                "between": [
                  0.0,
                  0.60781622
                ],
                "side": null
              },
              {
                "variant": "common",
                "language": null,
                "perspectives": null,
                "value": "郡安路五段31巷1弄",
                "between": [
                  0.60781622,
                  0.790236369
                ],
                "side": null
              },
              {
                "variant": "common",
                "language": null,
                "perspectives": null,
                "value": "郡安路五段31巷2弄",
                "between": [
                  0.790236369,
                  1.0
                ],
                "side": null
              }
            ]
          },
          "subtype": "road",
          "class": "service",
          "subclass": "alley",
          "subclass_rules": [
            {
              "value": "alley",
              "between": null
            }
          ],
          "connectors": [
            {
              "connector_id": "27eead6f-2038-434f-a708-f1b5575a2aae",
              "at": 0.0
            },
            {
              "connector_id": "e810b65c-da61-4664-aee2-4e22281a7c95",
              "at": 0.434586303
            },
            {
              "connector_id": "1d7f5dd7-6924-4033-9850-157c5bf3d4ac",
              "at": 0.790232208
            },
            {
              "connector_id": "5142c362-fb36-4a3d-b394-337b386477dd",
              "at": 1.0
            }
          ],
          "sources": [
            {
              "property": "",
              "dataset": "OpenStreetMap",
              "license": "ODbL-1.0",
              "record_id": "w159025876@7",
              "update_time": "2025-08-26T15:34:48Z",
              "confidence": null,
              "between": [
                0.0,
                0.60781622
              ],
              "provider": "osm",
              "resource": "planet",
              "version": "2026-08-05"
            },
            {
              "property": "",
              "dataset": "OpenStreetMap",
              "license": "ODbL-1.0",
              "record_id": "w906752623@1",
              "update_time": "2024-08-11T17:33:52Z",
              "confidence": null,
              "between": [
                0.60781622,
                0.790236369
              ],
              "provider": "osm",
              "resource": "planet",
              "version": "2026-08-05"
            },
            {
              "property": "",
              "dataset": "OpenStreetMap",
              "license": "ODbL-1.0",
              "record_id": "w906752622@1",
              "update_time": "2024-08-11T17:33:52Z",
              "confidence": null,
              "between": [
                0.790236369,
                1.0
              ],
              "provider": "osm",
              "resource": "planet",
              "version": "2026-08-05"
            }
          ],
          "version": 1
        }
      }
    },
    {
      "type": "Feature",
      "id": "1e74b764-1f5e-4cc3-8a9d-5db31267491a",
      "geometry": {
        "type": "LineString",
        "coordinates": [
          [
            120.2011863,
            23.0287629
          ],
          [
            120.2019229,
            23.0287091
          ],
          [
            120.2035259,
            23.0285892
          ],
          [
            120.2035939,
            23.0285837
          ],
          [
            120.2040471,
            23.0285473
          ],
          [
            120.2045941,
            23.0285102
          ],
          [
            120.2047834,
            23.028498
          ]
        ]
      },
      "properties": {
        "source": "overture",
        "sourceKey": "overture-segments",
        "sourceVersion": "latest",
        "sourceFeatureId": "1e74b764-1f5e-4cc3-8a9d-5db31267491a",
        "facilityType": "tertiary",
        "pedestrianAllowed": null,
        "bicycleAllowed": null,
        "direction": "unknown",
        "provenance": [
          {
            "property": "",
            "dataset": "OpenStreetMap",
            "license": "ODbL-1.0",
            "record_id": "w152801177@20",
            "update_time": "2026-07-11T01:32:44Z",
            "confidence": null,
            "between": null,
            "provider": "osm",
            "resource": "planet",
            "version": "2026-08-05"
          }
        ],
        "connectorIds": [
          "c2fcc670-ba78-4b4e-ba2d-14faf01b1b46",
          "02c5fbc8-3179-4f65-8c9a-482c3c8dbb74",
          "27eead6f-2038-434f-a708-f1b5575a2aae",
          "6d192bb8-09a6-4be0-baa2-9ce954232ab1",
          "5814029e-0e6a-4748-9bea-e73e93dd324b",
          "fc1b6304-2482-47c1-a489-3a4129a768c6"
        ],
        "officialInventory": false,
        "name": "郡安路五段",
        "originalCrs": "EPSG:4326",
        "originalProperties": {
          "names": {
            "primary": "郡安路五段",
            "common": [
              [
                "en",
                "Jun’an Road Section 5"
              ],
              [
                "zh",
                "郡安路五段"
              ]
            ],
            "rules": [
              {
                "variant": "common",
                "language": null,
                "perspectives": null,
                "value": "郡安路五段",
                "between": null,
                "side": null
              }
            ]
          },
          "subtype": "road",
          "class": "tertiary",
          "connectors": [
            {
              "connector_id": "c2fcc670-ba78-4b4e-ba2d-14faf01b1b46",
              "at": 0.0
            },
            {
              "connector_id": "02c5fbc8-3179-4f65-8c9a-482c3c8dbb74",
              "at": 0.204763389
            },
            {
              "connector_id": "27eead6f-2038-434f-a708-f1b5575a2aae",
              "at": 0.66935625
            },
            {
              "connector_id": "6d192bb8-09a6-4be0-baa2-9ce954232ab1",
              "at": 0.795420538
            },
            {
              "connector_id": "5814029e-0e6a-4748-9bea-e73e93dd324b",
              "at": 0.947413505
            },
            {
              "connector_id": "fc1b6304-2482-47c1-a489-3a4129a768c6",
              "at": 1.0
            }
          ],
          "road_surface": [
            {
              "value": "paved",
              "between": null
            }
          ],
          "speed_limits": [
            {
              "min_speed": null,
              "max_speed": {
                "value": 60,
                "unit": "km/h"
              },
              "is_max_speed_variable": null,
              "when": null,
              "between": null
            }
          ],
          "sources": [
            {
              "property": "",
              "dataset": "OpenStreetMap",
              "license": "ODbL-1.0",
              "record_id": "w152801177@20",
              "update_time": "2026-07-11T01:32:44Z",
              "confidence": null,
              "between": null,
              "provider": "osm",
              "resource": "planet",
              "version": "2026-08-05"
            }
          ],
          "version": 4
        }
      }
    },
    {
      "type": "Feature",
      "id": "3f73795c-cc41-4da0-a957-d371e98afc8f",
      "geometry": {
        "type": "LineString",
        "coordinates": [
          [
            120.1980897,
            23.026331
          ],
          [
            120.1979995,
            23.0266898
          ],
          [
            120.1979234,
            23.0269964
          ]
        ]
      },
      "properties": {
        "source": "overture",
        "sourceKey": "overture-segments",
        "sourceVersion": "latest",
        "sourceFeatureId": "3f73795c-cc41-4da0-a957-d371e98afc8f",
        "facilityType": "residential",
        "pedestrianAllowed": null,
        "bicycleAllowed": null,
        "direction": "unknown",
        "provenance": [
          {
            "property": "",
            "dataset": "OpenStreetMap",
            "license": "ODbL-1.0",
            "record_id": "w662864111@11",
            "update_time": "2026-02-24T03:16:42Z",
            "confidence": null,
            "between": null,
            "provider": "osm",
            "resource": "planet",
            "version": "2026-08-05"
          }
        ],
        "connectorIds": [
          "d7eeaddc-ab0e-4f62-a19a-e9d3257299f4",
          "6946d9aa-22b2-480e-803a-b1c9c6ddcbd8",
          "2914126e-31d4-4930-8f5f-940e649f975d"
        ],
        "officialInventory": false,
        "name": "富東路",
        "originalCrs": "EPSG:4326",
        "originalProperties": {
          "names": {
            "primary": "富東路",
            "common": [
              [
                "en",
                "Fudong Road"
              ],
              [
                "zh",
                "富東路"
              ]
            ],
            "rules": [
              {
                "variant": "common",
                "language": null,
                "perspectives": null,
                "value": "富東路",
                "between": null,
                "side": null
              }
            ]
          },
          "subtype": "road",
          "class": "residential",
          "connectors": [
            {
              "connector_id": "d7eeaddc-ab0e-4f62-a19a-e9d3257299f4",
              "at": 0.0
            },
            {
              "connector_id": "6946d9aa-22b2-480e-803a-b1c9c6ddcbd8",
              "at": 0.539385421
            },
            {
              "connector_id": "2914126e-31d4-4930-8f5f-940e649f975d",
              "at": 1.0
            }
          ],
          "sources": [
            {
              "property": "",
              "dataset": "OpenStreetMap",
              "license": "ODbL-1.0",
              "record_id": "w662864111@11",
              "update_time": "2026-02-24T03:16:42Z",
              "confidence": null,
              "between": null,
              "provider": "osm",
              "resource": "planet",
              "version": "2026-08-05"
            }
          ],
          "version": 3
        }
      }
    },
    {
      "type": "Feature",
      "id": "1a17a267-086d-4272-8c7a-592f6ff90f72",
      "geometry": {
        "type": "LineString",
        "coordinates": [
          [
            120.2018813,
            23.0256772
          ],
          [
            120.2014191,
            23.0276355
          ]
        ]
      },
      "properties": {
        "source": "overture",
        "sourceKey": "overture-segments",
        "sourceVersion": "latest",
        "sourceFeatureId": "1a17a267-086d-4272-8c7a-592f6ff90f72",
        "facilityType": "residential",
        "pedestrianAllowed": null,
        "bicycleAllowed": null,
        "direction": "unknown",
        "provenance": [
          {
            "property": "",
            "dataset": "OpenStreetMap",
            "license": "ODbL-1.0",
            "record_id": "w376660037@6",
            "update_time": "2026-02-24T03:16:42Z",
            "confidence": null,
            "between": null,
            "provider": "osm",
            "resource": "planet",
            "version": "2026-08-05"
          }
        ],
        "connectorIds": [
          "e7cab7f8-442e-455e-9598-fa3353d6abeb",
          "a92747eb-d092-4b60-9255-88635f2654af"
        ],
        "officialInventory": false,
        "name": "溪東路",
        "originalCrs": "EPSG:4326",
        "originalProperties": {
          "names": {
            "primary": "溪東路",
            "common": [
              [
                "en",
                "Sidong Road"
              ],
              [
                "zh",
                "溪東路"
              ]
            ],
            "rules": [
              {
                "variant": "common",
                "language": null,
                "perspectives": null,
                "value": "溪東路",
                "between": null,
                "side": null
              }
            ]
          },
          "subtype": "road",
          "class": "residential",
          "connectors": [
            {
              "connector_id": "e7cab7f8-442e-455e-9598-fa3353d6abeb",
              "at": 0.0
            },
            {
              "connector_id": "a92747eb-d092-4b60-9255-88635f2654af",
              "at": 1.0
            }
          ],
          "sources": [
            {
              "property": "",
              "dataset": "OpenStreetMap",
              "license": "ODbL-1.0",
              "record_id": "w376660037@6",
              "update_time": "2026-02-24T03:16:42Z",
              "confidence": null,
              "between": null,
              "provider": "osm",
              "resource": "planet",
              "version": "2026-08-05"
            }
          ],
          "version": 2
        }
      }
    },
    {
      "type": "Feature",
      "id": "78f763f0-4717-42bc-9860-b4bade5c98f4",
      "geometry": {
        "type": "LineString",
        "coordinates": [
          [
            120.2045098,
            23.0269775
          ],
          [
            120.2042488,
            23.0269464
          ],
          [
            120.2029541,
            23.0267961
          ],
          [
            120.2018915,
            23.0266561
          ]
        ]
      },
      "properties": {
        "source": "overture",
        "sourceKey": "overture-segments",
        "sourceVersion": "latest",
        "sourceFeatureId": "78f763f0-4717-42bc-9860-b4bade5c98f4",
        "facilityType": "service",
        "pedestrianAllowed": null,
        "bicycleAllowed": null,
        "direction": "unknown",
        "provenance": [
          {
            "property": "",
            "dataset": "OpenStreetMap",
            "license": "ODbL-1.0",
            "record_id": "w906752617@1",
            "update_time": "2026-02-24T03:16:42Z",
            "confidence": null,
            "between": [
              0.0,
              0.099615801
            ],
            "provider": "osm",
            "resource": "planet",
            "version": "2026-08-05"
          },
          {
            "property": "",
            "dataset": "OpenStreetMap",
            "license": "ODbL-1.0",
            "record_id": "w159025854@5",
            "update_time": "2026-02-24T03:16:42Z",
            "confidence": null,
            "between": [
              0.099615801,
              1.0
            ],
            "provider": "osm",
            "resource": "planet",
            "version": "2026-08-05"
          }
        ],
        "connectorIds": [
          "b41399cd-c66c-4692-b763-10d793a2656d",
          "c1e1c30e-6c18-4654-b006-0301c84b5642",
          "578821bb-0902-4da7-b3ca-fc8c191f617c",
          "53447ee8-2208-4cab-a7d3-77bf00f42bb4"
        ],
        "officialInventory": false,
        "name": "府安路五段11巷59弄",
        "originalCrs": "EPSG:4326",
        "originalProperties": {
          "names": {
            "primary": "府安路五段11巷59弄",
            "common": null,
            "rules": [
              {
                "variant": "common",
                "language": null,
                "perspectives": null,
                "value": "府安路五段11巷",
                "between": [
                  0.0,
                  0.099615801
                ],
                "side": null
              },
              {
                "variant": "common",
                "language": null,
                "perspectives": null,
                "value": "府安路五段11巷59弄",
                "between": [
                  0.099615801,
                  1.0
                ],
                "side": null
              }
            ]
          },
          "subtype": "road",
          "class": "service",
          "subclass": "alley",
          "subclass_rules": [
            {
              "value": "alley",
              "between": null
            }
          ],
          "connectors": [
            {
              "connector_id": "b41399cd-c66c-4692-b763-10d793a2656d",
              "at": 0.0
            },
            {
              "connector_id": "c1e1c30e-6c18-4654-b006-0301c84b5642",
              "at": 0.099630024
            },
            {
              "connector_id": "578821bb-0902-4da7-b3ca-fc8c191f617c",
              "at": 0.593643852
            },
            {
              "connector_id": "53447ee8-2208-4cab-a7d3-77bf00f42bb4",
              "at": 1.0
            }
          ],
          "sources": [
            {
              "property": "",
              "dataset": "OpenStreetMap",
              "license": "ODbL-1.0",
              "record_id": "w906752617@1",
              "update_time": "2026-02-24T03:16:42Z",
              "confidence": null,
              "between": [
                0.0,
                0.099615801
              ],
              "provider": "osm",
              "resource": "planet",
              "version": "2026-08-05"
            },
            {
              "property": "",
              "dataset": "OpenStreetMap",
              "license": "ODbL-1.0",
              "record_id": "w159025854@5",
              "update_time": "2026-02-24T03:16:42Z",
              "confidence": null,
              "between": [
                0.099615801,
                1.0
              ],
              "provider": "osm",
              "resource": "planet",
              "version": "2026-08-05"
            }
          ],
          "version": 2
        }
      }
    },
    {
      "type": "Feature",
      "id": "36638e8b-d64a-4e61-b8b4-10fd47f5c0d1",
      "geometry": {
        "type": "LineString",
        "coordinates": [
          [
            120.1991379,
            23.0265445
          ],
          [
            120.1989939,
            23.0271899
          ]
        ]
      },
      "properties": {
        "source": "overture",
        "sourceKey": "overture-segments",
        "sourceVersion": "latest",
        "sourceFeatureId": "36638e8b-d64a-4e61-b8b4-10fd47f5c0d1",
        "facilityType": "residential",
        "pedestrianAllowed": null,
        "bicycleAllowed": null,
        "direction": "unknown",
        "provenance": [
          {
            "property": "",
            "dataset": "OpenStreetMap",
            "license": "ODbL-1.0",
            "record_id": "w510116957@4",
            "update_time": "2026-02-24T03:16:42Z",
            "confidence": null,
            "between": null,
            "provider": "osm",
            "resource": "planet",
            "version": "2026-08-05"
          }
        ],
        "connectorIds": [
          "ca1fa392-172f-4f8e-ba9e-cf9635dc223a",
          "6423771b-2a17-4c17-9119-6a4be9d780cc"
        ],
        "officialInventory": false,
        "name": "溪東三街",
        "originalCrs": "EPSG:4326",
        "originalProperties": {
          "names": {
            "primary": "溪東三街",
            "common": [
              [
                "en",
                "Sidong 3rd Street"
              ],
              [
                "zh",
                "溪東三街"
              ]
            ],
            "rules": [
              {
                "variant": "common",
                "language": null,
                "perspectives": null,
                "value": "溪東三街",
                "between": null,
                "side": null
              }
            ]
          },
          "subtype": "road",
          "class": "residential",
          "connectors": [
            {
              "connector_id": "ca1fa392-172f-4f8e-ba9e-cf9635dc223a",
              "at": 0.0
            },
            {
              "connector_id": "6423771b-2a17-4c17-9119-6a4be9d780cc",
              "at": 1.0
            }
          ],
          "sources": [
            {
              "property": "",
              "dataset": "OpenStreetMap",
              "license": "ODbL-1.0",
              "record_id": "w510116957@4",
              "update_time": "2026-02-24T03:16:42Z",
              "confidence": null,
              "between": null,
              "provider": "osm",
              "resource": "planet",
              "version": "2026-08-05"
            }
          ],
          "version": 3
        }
      }
    },
    {
      "type": "Feature",
      "id": "71c478c2-88b7-4e84-83fa-9dd75fde9f9c",
      "geometry": {
        "type": "LineString",
        "coordinates": [
          [
            120.1969618,
            23.0268021
          ],
          [
            120.1979234,
            23.0269964
          ]
        ]
      },
      "properties": {
        "source": "overture",
        "sourceKey": "overture-segments",
        "sourceVersion": "latest",
        "sourceFeatureId": "71c478c2-88b7-4e84-83fa-9dd75fde9f9c",
        "facilityType": "residential",
        "pedestrianAllowed": null,
        "bicycleAllowed": null,
        "direction": "unknown",
        "provenance": [
          {
            "property": "",
            "dataset": "OpenStreetMap",
            "license": "ODbL-1.0",
            "record_id": "w158146812@10",
            "update_time": "2026-02-24T03:16:42Z",
            "confidence": null,
            "between": null,
            "provider": "osm",
            "resource": "planet",
            "version": "2026-08-05"
          }
        ],
        "connectorIds": [
          "bfc587af-96c5-41a4-868d-a7f5e1ae2a4c",
          "2914126e-31d4-4930-8f5f-940e649f975d"
        ],
        "officialInventory": false,
        "name": "安富街",
        "originalCrs": "EPSG:4326",
        "originalProperties": {
          "names": {
            "primary": "安富街",
            "common": [
              [
                "en",
                "Anfu Street"
              ],
              [
                "zh",
                "安富街"
              ]
            ],
            "rules": [
              {
                "variant": "common",
                "language": null,
                "perspectives": null,
                "value": "安富街",
                "between": null,
                "side": null
              }
            ]
          },
          "subtype": "road",
          "class": "residential",
          "connectors": [
            {
              "connector_id": "bfc587af-96c5-41a4-868d-a7f5e1ae2a4c",
              "at": 0.0
            },
            {
              "connector_id": "2914126e-31d4-4930-8f5f-940e649f975d",
              "at": 1.0
            }
          ],
          "road_surface": [
            {
              "value": "paved",
              "between": null
            }
          ],
          "sources": [
            {
              "property": "",
              "dataset": "OpenStreetMap",
              "license": "ODbL-1.0",
              "record_id": "w158146812@10",
              "update_time": "2026-02-24T03:16:42Z",
              "confidence": null,
              "between": null,
              "provider": "osm",
              "resource": "planet",
              "version": "2026-08-05"
            }
          ],
          "version": 2
        }
      }
    },
    {
      "type": "Feature",
      "id": "5b510b52-0fff-4365-b76d-8aba603a5af1",
      "geometry": {
        "type": "LineString",
        "coordinates": [
          [
            120.1981742,
            23.0267745
          ],
          [
            120.1986122,
            23.0268499
          ],
          [
            120.1985785,
            23.0270158
          ],
          [
            120.1985591,
            23.0271113
          ]
        ]
      },
      "properties": {
        "source": "overture",
        "sourceKey": "overture-segments",
        "sourceVersion": "latest",
        "sourceFeatureId": "5b510b52-0fff-4365-b76d-8aba603a5af1",
        "facilityType": "service",
        "pedestrianAllowed": null,
        "bicycleAllowed": null,
        "direction": "unknown",
        "provenance": [
          {
            "property": "",
            "dataset": "OpenStreetMap",
            "license": "ODbL-1.0",
            "record_id": "w510116959@4",
            "update_time": "2024-02-01T04:42:21Z",
            "confidence": null,
            "between": null,
            "provider": "osm",
            "resource": "planet",
            "version": "2026-08-05"
          }
        ],
        "connectorIds": [
          "4adb1928-8d2d-4e5a-aefd-34fb157228db",
          "d053c9d7-b3af-4631-9475-dcf8a84cdc56"
        ],
        "officialInventory": false,
        "name": "安富街145巷",
        "originalCrs": "EPSG:4326",
        "originalProperties": {
          "names": {
            "primary": "安富街145巷",
            "common": null,
            "rules": [
              {
                "variant": "common",
                "language": null,
                "perspectives": null,
                "value": "安富街145巷",
                "between": null,
                "side": null
              }
            ]
          },
          "subtype": "road",
          "class": "service",
          "subclass": "alley",
          "subclass_rules": [
            {
              "value": "alley",
              "between": null
            }
          ],
          "connectors": [
            {
              "connector_id": "4adb1928-8d2d-4e5a-aefd-34fb157228db",
              "at": 0.0
            },
            {
              "connector_id": "d053c9d7-b3af-4631-9475-dcf8a84cdc56",
              "at": 1.0
            }
          ],
          "sources": [
            {
              "property": "",
              "dataset": "OpenStreetMap",
              "license": "ODbL-1.0",
              "record_id": "w510116959@4",
              "update_time": "2024-02-01T04:42:21Z",
              "confidence": null,
              "between": null,
              "provider": "osm",
              "resource": "planet",
              "version": "2026-08-05"
            }
          ],
          "version": 2
        }
      }
    },
    {
      "type": "Feature",
      "id": "e8dabd70-b737-4cf2-9175-d45165f9b4c0",
      "geometry": {
        "type": "LineString",
        "coordinates": [
          [
            120.2027277,
            23.0284251
          ],
          [
            120.202757,
            23.028109
          ],
          [
            120.2028085,
            23.0277823
          ],
          [
            120.2028485,
            23.0274777
          ],
          [
            120.2028965,
            23.0271446
          ],
          [
            120.2029541,
            23.0267961
          ],
          [
            120.203001,
            23.0264772
          ],
          [
            120.2030523,
            23.026139
          ],
          [
            120.203098,
            23.0258144
          ],
          [
            120.2031428,
            23.0254864
          ]
        ]
      },
      "properties": {
        "source": "overture",
        "sourceKey": "overture-segments",
        "sourceVersion": "latest",
        "sourceFeatureId": "e8dabd70-b737-4cf2-9175-d45165f9b4c0",
        "facilityType": "service",
        "pedestrianAllowed": null,
        "bicycleAllowed": null,
        "direction": "unknown",
        "provenance": [
          {
            "property": "",
            "dataset": "OpenStreetMap",
            "license": "ODbL-1.0",
            "record_id": "w159025802@5",
            "update_time": "2026-03-11T16:47:13Z",
            "confidence": null,
            "between": null,
            "provider": "osm",
            "resource": "planet",
            "version": "2026-08-05"
          }
        ],
        "connectorIds": [
          "e810b65c-da61-4664-aee2-4e22281a7c95",
          "75c1b61c-6432-46d8-b09e-5b7c3a3258e7",
          "db89e486-62c2-48bc-af9f-d173d8fb405d",
          "45a5d07f-749f-4ffb-9c24-fb77b556ab9c",
          "69323efb-34e0-416d-b5fc-6806a573b67c",
          "578821bb-0902-4da7-b3ca-fc8c191f617c",
          "81225f5e-8926-4745-bc8f-a61d6d03f00c",
          "e130ac88-686c-47f0-a18c-bc96d1b7c682",
          "66a53a0f-46af-4506-be6a-05bcac79871b",
          "43948c20-36a6-497e-924a-5313bf50e680"
        ],
        "officialInventory": false,
        "name": "府安路五段44巷",
        "originalCrs": "EPSG:4326",
        "originalProperties": {
          "names": {
            "primary": "府安路五段44巷",
            "common": null,
            "rules": [
              {
                "variant": "common",
                "language": null,
                "perspectives": null,
                "value": "府安路五段44巷",
                "between": null,
                "side": null
              }
            ]
          },
          "subtype": "road",
          "class": "service",
          "subclass": "alley",
          "subclass_rules": [
            {
              "value": "alley",
              "between": null
            }
          ],
          "connectors": [
            {
              "connector_id": "e810b65c-da61-4664-aee2-4e22281a7c95",
              "at": 0.0
            },
            {
              "connector_id": "75c1b61c-6432-46d8-b09e-5b7c3a3258e7",
              "at": 0.107031738
            },
            {
              "connector_id": "db89e486-62c2-48bc-af9f-d173d8fb405d",
              "at": 0.218414724
            },
            {
              "connector_id": "45a5d07f-749f-4ffb-9c24-fb77b556ab9c",
              "at": 0.321931333
            },
            {
              "connector_id": "69323efb-34e0-416d-b5fc-6806a573b67c",
              "at": 0.435301588
            },
            {
              "connector_id": "578821bb-0902-4da7-b3ca-fc8c191f617c",
              "at": 0.554239852
            },
            {
              "connector_id": "81225f5e-8926-4745-bc8f-a61d6d03f00c",
              "at": 0.662816609
            },
            {
              "connector_id": "e130ac88-686c-47f0-a18c-bc96d1b7c682",
              "at": 0.778031272
            },
            {
              "connector_id": "66a53a0f-46af-4506-be6a-05bcac79871b",
              "at": 0.888464679
            },
            {
              "connector_id": "43948c20-36a6-497e-924a-5313bf50e680",
              "at": 1.0
            }
          ],
          "sources": [
            {
              "property": "",
              "dataset": "OpenStreetMap",
              "license": "ODbL-1.0",
              "record_id": "w159025802@5",
              "update_time": "2026-03-11T16:47:13Z",
              "confidence": null,
              "between": null,
              "provider": "osm",
              "resource": "planet",
              "version": "2026-08-05"
            }
          ],
          "version": 3
        }
      }
    },
    {
      "type": "Feature",
      "id": "fed5f0f6-ed71-4b1b-934e-10579ef03752",
      "geometry": {
        "type": "LineString",
        "coordinates": [
          [
            120.1979234,
            23.0269964
          ],
          [
            120.1985591,
            23.0271113
          ],
          [
            120.1989939,
            23.0271899
          ]
        ]
      },
      "properties": {
        "source": "overture",
        "sourceKey": "overture-segments",
        "sourceVersion": "latest",
        "sourceFeatureId": "fed5f0f6-ed71-4b1b-934e-10579ef03752",
        "facilityType": "residential",
        "pedestrianAllowed": null,
        "bicycleAllowed": null,
        "direction": "unknown",
        "provenance": [
          {
            "property": "",
            "dataset": "OpenStreetMap",
            "license": "ODbL-1.0",
            "record_id": "w497930760@6",
            "update_time": "2026-02-24T03:16:42Z",
            "confidence": null,
            "between": null,
            "provider": "osm",
            "resource": "planet",
            "version": "2026-08-05"
          }
        ],
        "connectorIds": [
          "2914126e-31d4-4930-8f5f-940e649f975d",
          "d053c9d7-b3af-4631-9475-dcf8a84cdc56",
          "6423771b-2a17-4c17-9119-6a4be9d780cc"
        ],
        "officialInventory": false,
        "name": "安富街",
        "originalCrs": "EPSG:4326",
        "originalProperties": {
          "names": {
            "primary": "安富街",
            "common": [
              [
                "en",
                "Anfu Street"
              ],
              [
                "zh",
                "安富街"
              ]
            ],
            "rules": [
              {
                "variant": "common",
                "language": null,
                "perspectives": null,
                "value": "安富街",
                "between": null,
                "side": null
              }
            ]
          },
          "subtype": "road",
          "class": "residential",
          "connectors": [
            {
              "connector_id": "2914126e-31d4-4930-8f5f-940e649f975d",
              "at": 0.0
            },
            {
              "connector_id": "d053c9d7-b3af-4631-9475-dcf8a84cdc56",
              "at": 0.593833492
            },
            {
              "connector_id": "6423771b-2a17-4c17-9119-6a4be9d780cc",
              "at": 1.0
            }
          ],
          "sources": [
            {
              "property": "",
              "dataset": "OpenStreetMap",
              "license": "ODbL-1.0",
              "record_id": "w497930760@6",
              "update_time": "2026-02-24T03:16:42Z",
              "confidence": null,
              "between": null,
              "provider": "osm",
              "resource": "planet",
              "version": "2026-08-05"
            }
          ],
          "version": 3
        }
      }
    },
    {
      "type": "Feature",
      "id": "32be80d8-d88f-48ce-81cf-d111a49e5c1a",
      "geometry": {
        "type": "LineString",
        "coordinates": [
          [
            120.1956723,
            23.0272976
          ],
          [
            120.1968057,
            23.0275061
          ],
          [
            120.1977614,
            23.0276895
          ]
        ]
      },
      "properties": {
        "source": "overture",
        "sourceKey": "overture-segments",
        "sourceVersion": "latest",
        "sourceFeatureId": "32be80d8-d88f-48ce-81cf-d111a49e5c1a",
        "facilityType": "service",
        "pedestrianAllowed": null,
        "bicycleAllowed": null,
        "direction": "unknown",
        "provenance": [
          {
            "property": "",
            "dataset": "OpenStreetMap",
            "license": "ODbL-1.0",
            "record_id": "w159032630@3",
            "update_time": "2021-02-12T17:02:48Z",
            "confidence": null,
            "between": [
              0.0,
              0.542124631
            ],
            "provider": "osm",
            "resource": "planet",
            "version": "2026-08-05"
          },
          {
            "property": "",
            "dataset": "OpenStreetMap",
            "license": "ODbL-1.0",
            "record_id": "w906616788@1",
            "update_time": "2026-02-24T03:16:42Z",
            "confidence": null,
            "between": [
              0.542124631,
              1.0
            ],
            "provider": "osm",
            "resource": "planet",
            "version": "2026-08-05"
          }
        ],
        "connectorIds": [
          "7e06111f-a005-4ebb-8c22-a9cc0ea3fa0d",
          "bdd9aa1a-98ae-4185-8405-72ca155abf0f",
          "0d1a3329-754e-4745-bb02-ca4c89f9143a"
        ],
        "officialInventory": false,
        "name": "郡安路五段164巷12弄",
        "originalCrs": "EPSG:4326",
        "originalProperties": {
          "names": {
            "primary": "郡安路五段164巷12弄",
            "common": null,
            "rules": [
              {
                "variant": "common",
                "language": null,
                "perspectives": null,
                "value": "郡安路五段164巷12弄",
                "between": [
                  0.0,
                  0.542124631
                ],
                "side": null
              },
              {
                "variant": "common",
                "language": null,
                "perspectives": null,
                "value": "郡安路五段164巷11弄",
                "between": [
                  0.542124631,
                  1.0
                ],
                "side": null
              }
            ]
          },
          "subtype": "road",
          "class": "service",
          "subclass": "alley",
          "subclass_rules": [
            {
              "value": "alley",
              "between": null
            }
          ],
          "connectors": [
            {
              "connector_id": "7e06111f-a005-4ebb-8c22-a9cc0ea3fa0d",
              "at": 0.0
            },
            {
              "connector_id": "bdd9aa1a-98ae-4185-8405-72ca155abf0f",
              "at": 0.542115339
            },
            {
              "connector_id": "0d1a3329-754e-4745-bb02-ca4c89f9143a",
              "at": 1.0
            }
          ],
          "sources": [
            {
              "property": "",
              "dataset": "OpenStreetMap",
              "license": "ODbL-1.0",
              "record_id": "w159032630@3",
              "update_time": "2021-02-12T17:02:48Z",
              "confidence": null,
              "between": [
                0.0,
                0.542124631
              ],
              "provider": "osm",
              "resource": "planet",
              "version": "2026-08-05"
            },
            {
              "property": "",
              "dataset": "OpenStreetMap",
              "license": "ODbL-1.0",
              "record_id": "w906616788@1",
              "update_time": "2026-02-24T03:16:42Z",
              "confidence": null,
              "between": [
                0.542124631,
                1.0
              ],
              "provider": "osm",
              "resource": "planet",
              "version": "2026-08-05"
            }
          ],
          "version": 3
        }
      }
    },
    {
      "type": "Feature",
      "id": "a64627fc-2d6a-4086-9fe8-c691d0340138",
      "geometry": {
        "type": "LineString",
        "coordinates": [
          [
            120.2004301,
            23.0274562
          ],
          [
            120.2004343,
            23.0276311
          ],
          [
            120.200436,
            23.0276821
          ]
        ]
      },
      "properties": {
        "source": "overture",
        "sourceKey": "overture-segments",
        "sourceVersion": "latest",
        "sourceFeatureId": "a64627fc-2d6a-4086-9fe8-c691d0340138",
        "facilityType": "unknown",
        "pedestrianAllowed": null,
        "bicycleAllowed": null,
        "direction": "unknown",
        "provenance": [
          {
            "property": "",
            "dataset": "TomTom",
            "license": "ODbL-1.0",
            "record_id": null,
            "update_time": null,
            "confidence": null,
            "between": null,
            "provider": "tomtom",
            "resource": "orbis",
            "version": "2633"
          }
        ],
        "connectorIds": [
          "923b6618-ba79-4d0f-9dc3-e43bf82d3a0f",
          "7da5afdc-39b7-4045-b67d-873ed8427051"
        ],
        "officialInventory": false,
        "name": null,
        "originalCrs": "EPSG:4326",
        "originalProperties": {
          "subtype": "road",
          "class": "unknown",
          "connectors": [
            {
              "connector_id": "923b6618-ba79-4d0f-9dc3-e43bf82d3a0f",
              "at": 0.0
            },
            {
              "connector_id": "7da5afdc-39b7-4045-b67d-873ed8427051",
              "at": 1.0
            }
          ],
          "sources": [
            {
              "property": "",
              "dataset": "TomTom",
              "license": "ODbL-1.0",
              "record_id": null,
              "update_time": null,
              "confidence": null,
              "between": null,
              "provider": "tomtom",
              "resource": "orbis",
              "version": "2633"
            }
          ],
          "version": 1
        }
      }
    },
    {
      "type": "Feature",
      "id": "6c82320d-5451-4d23-baef-54af46629d79",
      "geometry": {
        "type": "LineString",
        "coordinates": [
          [
            120.2004301,
            23.0274562
          ],
          [
            120.200943,
            23.0275517
          ],
          [
            120.2014191,
            23.0276355
          ]
        ]
      },
      "properties": {
        "source": "overture",
        "sourceKey": "overture-segments",
        "sourceVersion": "latest",
        "sourceFeatureId": "6c82320d-5451-4d23-baef-54af46629d79",
        "facilityType": "residential",
        "pedestrianAllowed": null,
        "bicycleAllowed": null,
        "direction": "unknown",
        "provenance": [
          {
            "property": "",
            "dataset": "OpenStreetMap",
            "license": "ODbL-1.0",
            "record_id": "w497930760@6",
            "update_time": "2026-02-24T03:16:42Z",
            "confidence": null,
            "between": null,
            "provider": "osm",
            "resource": "planet",
            "version": "2026-08-05"
          }
        ],
        "connectorIds": [
          "923b6618-ba79-4d0f-9dc3-e43bf82d3a0f",
          "ec19e69a-b225-4faf-b285-5f03122ab2ec",
          "a92747eb-d092-4b60-9255-88635f2654af"
        ],
        "officialInventory": false,
        "name": "安富街",
        "originalCrs": "EPSG:4326",
        "originalProperties": {
          "names": {
            "primary": "安富街",
            "common": [
              [
                "en",
                "Anfu Street"
              ],
              [
                "zh",
                "安富街"
              ]
            ],
            "rules": [
              {
                "variant": "common",
                "language": null,
                "perspectives": null,
                "value": "安富街",
                "between": null,
                "side": null
              }
            ]
          },
          "subtype": "road",
          "class": "residential",
          "connectors": [
            {
              "connector_id": "923b6618-ba79-4d0f-9dc3-e43bf82d3a0f",
              "at": 0.0
            },
            {
              "connector_id": "ec19e69a-b225-4faf-b285-5f03122ab2ec",
              "at": 0.519122377
            },
            {
              "connector_id": "a92747eb-d092-4b60-9255-88635f2654af",
              "at": 1.0
            }
          ],
          "sources": [
            {
              "property": "",
              "dataset": "OpenStreetMap",
              "license": "ODbL-1.0",
              "record_id": "w497930760@6",
              "update_time": "2026-02-24T03:16:42Z",
              "confidence": null,
              "between": null,
              "provider": "osm",
              "resource": "planet",
              "version": "2026-08-05"
            }
          ],
          "version": 2
        }
      }
    },
    {
      "type": "Feature",
      "id": "b3a0ace9-dff6-4219-b7e0-36ff0ded42dc",
      "geometry": {
        "type": "LineString",
        "coordinates": [
          [
            120.2023507,
            23.0277276
          ],
          [
            120.2023545,
            23.0276903
          ],
          [
            120.2023739,
            23.0275014
          ]
        ]
      },
      "properties": {
        "source": "overture",
        "sourceKey": "overture-segments",
        "sourceVersion": "latest",
        "sourceFeatureId": "b3a0ace9-dff6-4219-b7e0-36ff0ded42dc",
        "facilityType": "service",
        "pedestrianAllowed": null,
        "bicycleAllowed": null,
        "direction": "unknown",
        "provenance": [
          {
            "property": "",
            "dataset": "OpenStreetMap",
            "license": "ODbL-1.0",
            "record_id": "w906752628@1",
            "update_time": "2021-02-13T09:13:12Z",
            "confidence": null,
            "between": null,
            "provider": "osm",
            "resource": "planet",
            "version": "2026-08-05"
          }
        ],
        "connectorIds": [
          "37f1797b-a505-4cc7-b843-ad4837f6208c",
          "5633ba4f-3f32-4f0d-b596-4d950e535882"
        ],
        "officialInventory": false,
        "name": "郡安路五段31巷10弄",
        "originalCrs": "EPSG:4326",
        "originalProperties": {
          "names": {
            "primary": "郡安路五段31巷10弄",
            "common": null,
            "rules": [
              {
                "variant": "common",
                "language": null,
                "perspectives": null,
                "value": "郡安路五段31巷10弄",
                "between": null,
                "side": null
              }
            ]
          },
          "subtype": "road",
          "class": "service",
          "subclass": "alley",
          "subclass_rules": [
            {
              "value": "alley",
              "between": null
            }
          ],
          "connectors": [
            {
              "connector_id": "37f1797b-a505-4cc7-b843-ad4837f6208c",
              "at": 0.0
            },
            {
              "connector_id": "5633ba4f-3f32-4f0d-b596-4d950e535882",
              "at": 1.0
            }
          ],
          "sources": [
            {
              "property": "",
              "dataset": "OpenStreetMap",
              "license": "ODbL-1.0",
              "record_id": "w906752628@1",
              "update_time": "2021-02-13T09:13:12Z",
              "confidence": null,
              "between": null,
              "provider": "osm",
              "resource": "planet",
              "version": "2026-08-05"
            }
          ],
          "version": 1
        }
      }
    },
    {
      "type": "Feature",
      "id": "bc022134-8cc2-48b1-9a04-1bd0555d0365",
      "geometry": {
        "type": "LineString",
        "coordinates": [
          [
            120.2044546,
            23.0276627
          ],
          [
            120.2041513,
            23.0276314
          ],
          [
            120.2028485,
            23.0274777
          ],
          [
            120.2025122,
            23.027448
          ],
          [
            120.2025711,
            23.0271093
          ]
        ]
      },
      "properties": {
        "source": "overture",
        "sourceKey": "overture-segments",
        "sourceVersion": "latest",
        "sourceFeatureId": "bc022134-8cc2-48b1-9a04-1bd0555d0365",
        "facilityType": "service",
        "pedestrianAllowed": null,
        "bicycleAllowed": null,
        "direction": "unknown",
        "provenance": [
          {
            "property": "",
            "dataset": "OpenStreetMap",
            "license": "ODbL-1.0",
            "record_id": "w906752619@1",
            "update_time": "2026-02-24T03:16:42Z",
            "confidence": null,
            "between": [
              0.0,
              0.131141565
            ],
            "provider": "osm",
            "resource": "planet",
            "version": "2026-08-05"
          },
          {
            "property": "",
            "dataset": "OpenStreetMap",
            "license": "ODbL-1.0",
            "record_id": "w159025879@3",
            "update_time": "2026-02-24T03:16:42Z",
            "confidence": null,
            "between": [
              0.131141565,
              0.840723081
            ],
            "provider": "osm",
            "resource": "planet",
            "version": "2026-08-05"
          },
          {
            "property": "",
            "dataset": "OpenStreetMap",
            "license": "ODbL-1.0",
            "record_id": "w906752618@1",
            "update_time": "2026-02-24T03:16:42Z",
            "confidence": null,
            "between": [
              0.840723081,
              1.0
            ],
            "provider": "osm",
            "resource": "planet",
            "version": "2026-08-05"
          }
        ],
        "connectorIds": [
          "273c9afc-4df0-48b7-baa4-873ebbfc9d94",
          "0626d0ca-ad1a-4d5b-a19e-8f0836379f07",
          "45a5d07f-749f-4ffb-9c24-fb77b556ab9c",
          "48d2b5ff-570d-47c0-a72d-36357991e18a"
        ],
        "officialInventory": false,
        "name": "府安路五段11巷77弄",
        "originalCrs": "EPSG:4326",
        "originalProperties": {
          "names": {
            "primary": "府安路五段11巷77弄",
            "common": null,
            "rules": [
              {
                "variant": "common",
                "language": null,
                "perspectives": null,
                "value": "府安路五段11巷77弄",
                "between": [
                  0.131141565,
                  0.840723081
                ],
                "side": null
              },
              {
                "variant": "common",
                "language": null,
                "perspectives": null,
                "value": "北安路二段123巷58弄",
                "between": [
                  0.840723081,
                  1.0
                ],
                "side": null
              }
            ]
          },
          "subtype": "road",
          "class": "service",
          "subclass": "alley",
          "subclass_rules": [
            {
              "value": "alley",
              "between": null
            }
          ],
          "connectors": [
            {
              "connector_id": "273c9afc-4df0-48b7-baa4-873ebbfc9d94",
              "at": 0.0
            },
            {
              "connector_id": "0626d0ca-ad1a-4d5b-a19e-8f0836379f07",
              "at": 0.131147404
            },
            {
              "connector_id": "45a5d07f-749f-4ffb-9c24-fb77b556ab9c",
              "at": 0.695541075
            },
            {
              "connector_id": "48d2b5ff-570d-47c0-a72d-36357991e18a",
              "at": 1.0
            }
          ],
          "sources": [
            {
              "property": "",
              "dataset": "OpenStreetMap",
              "license": "ODbL-1.0",
              "record_id": "w906752619@1",
              "update_time": "2026-02-24T03:16:42Z",
              "confidence": null,
              "between": [
                0.0,
                0.131141565
              ],
              "provider": "osm",
              "resource": "planet",
              "version": "2026-08-05"
            },
            {
              "property": "",
              "dataset": "OpenStreetMap",
              "license": "ODbL-1.0",
              "record_id": "w159025879@3",
              "update_time": "2026-02-24T03:16:42Z",
              "confidence": null,
              "between": [
                0.131141565,
                0.840723081
              ],
              "provider": "osm",
              "resource": "planet",
              "version": "2026-08-05"
            },
            {
              "property": "",
              "dataset": "OpenStreetMap",
              "license": "ODbL-1.0",
              "record_id": "w906752618@1",
              "update_time": "2026-02-24T03:16:42Z",
              "confidence": null,
              "between": [
                0.840723081,
                1.0
              ],
              "provider": "osm",
              "resource": "planet",
              "version": "2026-08-05"
            }
          ],
          "version": 2
        }
      }
    },
    {
      "type": "Feature",
      "id": "861194bc-e07d-4d11-a26b-f0d1f72b2218",
      "geometry": {
        "type": "LineString",
        "coordinates": [
          [
            120.1995575,
            23.0272947
          ],
          [
            120.2004301,
            23.0274562
          ]
        ]
      },
      "properties": {
        "source": "overture",
        "sourceKey": "overture-segments",
        "sourceVersion": "latest",
        "sourceFeatureId": "861194bc-e07d-4d11-a26b-f0d1f72b2218",
        "facilityType": "residential",
        "pedestrianAllowed": null,
        "bicycleAllowed": null,
        "direction": "unknown",
        "provenance": [
          {
            "property": "",
            "dataset": "OpenStreetMap",
            "license": "ODbL-1.0",
            "record_id": "w497930760@6",
            "update_time": "2026-02-24T03:16:42Z",
            "confidence": null,
            "between": null,
            "provider": "osm",
            "resource": "planet",
            "version": "2026-08-05"
          }
        ],
        "connectorIds": [
          "0b778834-4133-4625-a433-7e9ac9d2f577",
          "923b6618-ba79-4d0f-9dc3-e43bf82d3a0f"
        ],
        "officialInventory": false,
        "name": "安富街",
        "originalCrs": "EPSG:4326",
        "originalProperties": {
          "names": {
            "primary": "安富街",
            "common": [
              [
                "en",
                "Anfu Street"
              ],
              [
                "zh",
                "安富街"
              ]
            ],
            "rules": [
              {
                "variant": "common",
                "language": null,
                "perspectives": null,
                "value": "安富街",
                "between": null,
                "side": null
              }
            ]
          },
          "subtype": "road",
          "class": "residential",
          "connectors": [
            {
              "connector_id": "0b778834-4133-4625-a433-7e9ac9d2f577",
              "at": 0.0
            },
            {
              "connector_id": "923b6618-ba79-4d0f-9dc3-e43bf82d3a0f",
              "at": 1.0
            }
          ],
          "sources": [
            {
              "property": "",
              "dataset": "OpenStreetMap",
              "license": "ODbL-1.0",
              "record_id": "w497930760@6",
              "update_time": "2026-02-24T03:16:42Z",
              "confidence": null,
              "between": null,
              "provider": "osm",
              "resource": "planet",
              "version": "2026-08-05"
            }
          ],
          "version": 2
        }
      }
    },
    {
      "type": "Feature",
      "id": "e1d07af9-2260-48fa-a342-8895854a9d02",
      "geometry": {
        "type": "LineString",
        "coordinates": [
          [
            120.1990789,
            23.0272057
          ],
          [
            120.1990658,
            23.0272638
          ],
          [
            120.1990178,
            23.0274768
          ]
        ]
      },
      "properties": {
        "source": "overture",
        "sourceKey": "overture-segments",
        "sourceVersion": "latest",
        "sourceFeatureId": "e1d07af9-2260-48fa-a342-8895854a9d02",
        "facilityType": "unknown",
        "pedestrianAllowed": null,
        "bicycleAllowed": null,
        "direction": "unknown",
        "provenance": [
          {
            "property": "",
            "dataset": "TomTom",
            "license": "ODbL-1.0",
            "record_id": null,
            "update_time": null,
            "confidence": null,
            "between": null,
            "provider": "tomtom",
            "resource": "orbis",
            "version": "2633"
          }
        ],
        "connectorIds": [
          "c86088fc-9c6d-4c0e-9fea-c50dec783dd7",
          "2e065a51-a7b2-408a-ad06-b30fd422a2cf"
        ],
        "officialInventory": false,
        "name": null,
        "originalCrs": "EPSG:4326",
        "originalProperties": {
          "subtype": "road",
          "class": "unknown",
          "connectors": [
            {
              "connector_id": "c86088fc-9c6d-4c0e-9fea-c50dec783dd7",
              "at": 0.0
            },
            {
              "connector_id": "2e065a51-a7b2-408a-ad06-b30fd422a2cf",
              "at": 1.0
            }
          ],
          "sources": [
            {
              "property": "",
              "dataset": "TomTom",
              "license": "ODbL-1.0",
              "record_id": null,
              "update_time": null,
              "confidence": null,
              "between": null,
              "provider": "tomtom",
              "resource": "orbis",
              "version": "2633"
            }
          ],
          "version": 1
        }
      }
    },
    {
      "type": "Feature",
      "id": "e1d5493d-6311-4140-af30-38c9a4846ca2",
      "geometry": {
        "type": "LineString",
        "coordinates": [
          [
            120.1978356,
            23.0273722
          ],
          [
            120.1968766,
            23.0271865
          ]
        ]
      },
      "properties": {
        "source": "overture",
        "sourceKey": "overture-segments",
        "sourceVersion": "latest",
        "sourceFeatureId": "e1d5493d-6311-4140-af30-38c9a4846ca2",
        "facilityType": "service",
        "pedestrianAllowed": null,
        "bicycleAllowed": null,
        "direction": "unknown",
        "provenance": [
          {
            "property": "",
            "dataset": "OpenStreetMap",
            "license": "ODbL-1.0",
            "record_id": "w159032583@3",
            "update_time": "2026-02-24T03:16:42Z",
            "confidence": null,
            "between": null,
            "provider": "osm",
            "resource": "planet",
            "version": "2026-08-05"
          }
        ],
        "connectorIds": [
          "3d130b20-af09-4323-9171-0c573a205bd4",
          "b97506e9-8281-42a3-bf18-a7af8e2ed30d"
        ],
        "officialInventory": false,
        "name": "郡安路五段164巷13弄",
        "originalCrs": "EPSG:4326",
        "originalProperties": {
          "names": {
            "primary": "郡安路五段164巷13弄",
            "common": null,
            "rules": [
              {
                "variant": "common",
                "language": null,
                "perspectives": null,
                "value": "郡安路五段164巷13弄",
                "between": null,
                "side": null
              }
            ]
          },
          "subtype": "road",
          "class": "service",
          "subclass": "alley",
          "subclass_rules": [
            {
              "value": "alley",
              "between": null
            }
          ],
          "connectors": [
            {
              "connector_id": "3d130b20-af09-4323-9171-0c573a205bd4",
              "at": 0.0
            },
            {
              "connector_id": "b97506e9-8281-42a3-bf18-a7af8e2ed30d",
              "at": 1.0
            }
          ],
          "sources": [
            {
              "property": "",
              "dataset": "OpenStreetMap",
              "license": "ODbL-1.0",
              "record_id": "w159032583@3",
              "update_time": "2026-02-24T03:16:42Z",
              "confidence": null,
              "between": null,
              "provider": "osm",
              "resource": "planet",
              "version": "2026-08-05"
            }
          ],
          "version": 3
        }
      }
    },
    {
      "type": "Feature",
      "id": "0879e3fe-33c9-45de-8ddc-4e59f02ee3ad",
      "geometry": {
        "type": "LineString",
        "coordinates": [
          [
            120.1989939,
            23.0271899
          ],
          [
            120.1990789,
            23.0272057
          ],
          [
            120.1995575,
            23.0272947
          ]
        ]
      },
      "properties": {
        "source": "overture",
        "sourceKey": "overture-segments",
        "sourceVersion": "latest",
        "sourceFeatureId": "0879e3fe-33c9-45de-8ddc-4e59f02ee3ad",
        "facilityType": "residential",
        "pedestrianAllowed": null,
        "bicycleAllowed": null,
        "direction": "unknown",
        "provenance": [
          {
            "property": "",
            "dataset": "OpenStreetMap",
            "license": "ODbL-1.0",
            "record_id": "w497930760@6",
            "update_time": "2026-02-24T03:16:42Z",
            "confidence": null,
            "between": null,
            "provider": "osm",
            "resource": "planet",
            "version": "2026-08-05"
          }
        ],
        "connectorIds": [
          "6423771b-2a17-4c17-9119-6a4be9d780cc",
          "c86088fc-9c6d-4c0e-9fea-c50dec783dd7",
          "0b778834-4133-4625-a433-7e9ac9d2f577"
        ],
        "officialInventory": false,
        "name": "安富街",
        "originalCrs": "EPSG:4326",
        "originalProperties": {
          "names": {
            "primary": "安富街",
            "common": [
              [
                "en",
                "Anfu Street"
              ],
              [
                "zh",
                "安富街"
              ]
            ],
            "rules": [
              {
                "variant": "common",
                "language": null,
                "perspectives": null,
                "value": "安富街",
                "between": null,
                "side": null
              }
            ]
          },
          "subtype": "road",
          "class": "residential",
          "connectors": [
            {
              "connector_id": "6423771b-2a17-4c17-9119-6a4be9d780cc",
              "at": 0.0
            },
            {
              "connector_id": "c86088fc-9c6d-4c0e-9fea-c50dec783dd7",
              "at": 0.15081418
            },
            {
              "connector_id": "0b778834-4133-4625-a433-7e9ac9d2f577",
              "at": 1.0
            }
          ],
          "sources": [
            {
              "property": "",
              "dataset": "OpenStreetMap",
              "license": "ODbL-1.0",
              "record_id": "w497930760@6",
              "update_time": "2026-02-24T03:16:42Z",
              "confidence": null,
              "between": null,
              "provider": "osm",
              "resource": "planet",
              "version": "2026-08-05"
            }
          ],
          "version": 3
        }
      }
    },
    {
      "type": "Feature",
      "id": "60fe8a86-b2df-4514-8241-95babc3a41d9",
      "geometry": {
        "type": "LineString",
        "coordinates": [
          [
            120.2021464,
            23.0274193
          ],
          [
            120.2022004,
            23.0270546
          ]
        ]
      },
      "properties": {
        "source": "overture",
        "sourceKey": "overture-segments",
        "sourceVersion": "latest",
        "sourceFeatureId": "60fe8a86-b2df-4514-8241-95babc3a41d9",
        "facilityType": "service",
        "pedestrianAllowed": null,
        "bicycleAllowed": null,
        "direction": "unknown",
        "provenance": [
          {
            "property": "",
            "dataset": "OpenStreetMap",
            "license": "ODbL-1.0",
            "record_id": "w906752621@1",
            "update_time": "2026-02-24T03:16:42Z",
            "confidence": null,
            "between": null,
            "provider": "osm",
            "resource": "planet",
            "version": "2026-08-05"
          }
        ],
        "connectorIds": [
          "02aca43c-0848-4544-b61b-405d81b56e78",
          "9680733c-1f35-4397-afa1-6e1632bd6614"
        ],
        "officialInventory": false,
        "name": "北安路二段123巷72弄",
        "originalCrs": "EPSG:4326",
        "originalProperties": {
          "names": {
            "primary": "北安路二段123巷72弄",
            "common": null,
            "rules": [
              {
                "variant": "common",
                "language": null,
                "perspectives": null,
                "value": "北安路二段123巷72弄",
                "between": null,
                "side": null
              }
            ]
          },
          "subtype": "road",
          "class": "service",
          "subclass": "alley",
          "subclass_rules": [
            {
              "value": "alley",
              "between": null
            }
          ],
          "connectors": [
            {
              "connector_id": "02aca43c-0848-4544-b61b-405d81b56e78",
              "at": 0.0
            },
            {
              "connector_id": "9680733c-1f35-4397-afa1-6e1632bd6614",
              "at": 1.0
            }
          ],
          "sources": [
            {
              "property": "",
              "dataset": "OpenStreetMap",
              "license": "ODbL-1.0",
              "record_id": "w906752621@1",
              "update_time": "2026-02-24T03:16:42Z",
              "confidence": null,
              "between": null,
              "provider": "osm",
              "resource": "planet",
              "version": "2026-08-05"
            }
          ],
          "version": 2
        }
      }
    },
    {
      "type": "Feature",
      "id": "9ea37c72-03c9-4128-8e95-e1a2fcae181a",
      "geometry": {
        "type": "LineString",
        "coordinates": [
          [
            120.2050683,
            23.0273697
          ],
          [
            120.2049448,
            23.0273605
          ],
          [
            120.2047338,
            23.027341
          ],
          [
            120.2041995,
            23.027296
          ],
          [
            120.2028965,
            23.0271446
          ],
          [
            120.2025711,
            23.0271093
          ],
          [
            120.2022004,
            23.0270546
          ],
          [
            120.2018473,
            23.0270151
          ]
        ]
      },
      "properties": {
        "source": "overture",
        "sourceKey": "overture-segments",
        "sourceVersion": "latest",
        "sourceFeatureId": "9ea37c72-03c9-4128-8e95-e1a2fcae181a",
        "facilityType": "service",
        "pedestrianAllowed": null,
        "bicycleAllowed": null,
        "direction": "unknown",
        "provenance": [
          {
            "property": "",
            "dataset": "OpenStreetMap",
            "license": "ODbL-1.0",
            "record_id": "w159025881@4",
            "update_time": "2026-07-11T01:32:44Z",
            "confidence": null,
            "between": null,
            "provider": "osm",
            "resource": "planet",
            "version": "2026-08-05"
          }
        ],
        "connectorIds": [
          "8e5637be-4ce8-44c1-b3df-8efd32e901da",
          "d354cacf-02b6-4b0e-8236-4f41351c4d33",
          "0ab294d1-9951-4005-bbad-c9328a02f66b",
          "3a74f3cc-4c8b-4cbb-b4a9-63ea90bb598d",
          "69323efb-34e0-416d-b5fc-6806a573b67c",
          "48d2b5ff-570d-47c0-a72d-36357991e18a",
          "9680733c-1f35-4397-afa1-6e1632bd6614",
          "8f0dfb88-e147-4869-9447-abe412e318b8"
        ],
        "officialInventory": false,
        "name": "北安路二段123巷",
        "originalCrs": "EPSG:4326",
        "originalProperties": {
          "names": {
            "primary": "北安路二段123巷",
            "common": null,
            "rules": [
              {
                "variant": "common",
                "language": null,
                "perspectives": null,
                "value": "北安路二段123巷",
                "between": null,
                "side": null
              }
            ]
          },
          "subtype": "road",
          "class": "service",
          "subclass": "alley",
          "subclass_rules": [
            {
              "value": "alley",
              "between": null
            }
          ],
          "connectors": [
            {
              "connector_id": "8e5637be-4ce8-44c1-b3df-8efd32e901da",
              "at": 0.0
            },
            {
              "connector_id": "d354cacf-02b6-4b0e-8236-4f41351c4d33",
              "at": 0.038189088
            },
            {
              "connector_id": "0ab294d1-9951-4005-bbad-c9328a02f66b",
              "at": 0.103548319
            },
            {
              "connector_id": "3a74f3cc-4c8b-4cbb-b4a9-63ea90bb598d",
              "at": 0.268914298
            },
            {
              "connector_id": "69323efb-34e0-416d-b5fc-6806a573b67c",
              "at": 0.6736864
            },
            {
              "connector_id": "48d2b5ff-570d-47c0-a72d-36357991e18a",
              "at": 0.774670085
            },
            {
              "connector_id": "9680733c-1f35-4397-afa1-6e1632bd6614",
              "at": 0.890372865
            },
            {
              "connector_id": "8f0dfb88-e147-4869-9447-abe412e318b8",
              "at": 1.0
            }
          ],
          "sources": [
            {
              "property": "",
              "dataset": "OpenStreetMap",
              "license": "ODbL-1.0",
              "record_id": "w159025881@4",
              "update_time": "2026-07-11T01:32:44Z",
              "confidence": null,
              "between": null,
              "provider": "osm",
              "resource": "planet",
              "version": "2026-08-05"
            }
          ],
          "version": 5
        }
      }
    },
    {
      "type": "Feature",
      "id": "72638d7d-749f-4867-b991-90b75933cea4",
      "geometry": {
        "type": "LineString",
        "coordinates": [
          [
            120.2049713,
            23.0271626
          ],
          [
            120.2050966,
            23.0271791
          ]
        ]
      },
      "properties": {
        "source": "overture",
        "sourceKey": "overture-segments",
        "sourceVersion": "latest",
        "sourceFeatureId": "72638d7d-749f-4867-b991-90b75933cea4",
        "facilityType": "service",
        "pedestrianAllowed": null,
        "bicycleAllowed": null,
        "direction": "unknown",
        "provenance": [
          {
            "property": "",
            "dataset": "OpenStreetMap",
            "license": "ODbL-1.0",
            "record_id": "w509728658@6",
            "update_time": "2026-07-11T01:32:44Z",
            "confidence": null,
            "between": null,
            "provider": "osm",
            "resource": "planet",
            "version": "2026-08-05"
          }
        ],
        "connectorIds": [
          "d5ed8000-4168-4f28-8ebe-ffacbd34228e",
          "8fdafb99-e260-440d-9376-2d2ea3cd4ee9"
        ],
        "officialInventory": false,
        "name": "北安路二段60巷",
        "originalCrs": "EPSG:4326",
        "originalProperties": {
          "names": {
            "primary": "北安路二段60巷",
            "common": null,
            "rules": [
              {
                "variant": "common",
                "language": null,
                "perspectives": null,
                "value": "北安路二段60巷",
                "between": null,
                "side": null
              }
            ]
          },
          "subtype": "road",
          "class": "service",
          "subclass": "alley",
          "subclass_rules": [
            {
              "value": "alley",
              "between": null
            }
          ],
          "connectors": [
            {
              "connector_id": "d5ed8000-4168-4f28-8ebe-ffacbd34228e",
              "at": 0.0
            },
            {
              "connector_id": "8fdafb99-e260-440d-9376-2d2ea3cd4ee9",
              "at": 1.0
            }
          ],
          "road_surface": [
            {
              "value": "paved",
              "between": null
            }
          ],
          "sources": [
            {
              "property": "",
              "dataset": "OpenStreetMap",
              "license": "ODbL-1.0",
              "record_id": "w509728658@6",
              "update_time": "2026-07-11T01:32:44Z",
              "confidence": null,
              "between": null,
              "provider": "osm",
              "resource": "planet",
              "version": "2026-08-05"
            }
          ],
          "version": 4
        }
      }
    },
    {
      "type": "Feature",
      "id": "84e49fb7-f19a-4271-8917-057ffa7a08d6",
      "geometry": {
        "type": "LineString",
        "coordinates": [
          [
            120.209061,
            23.0268645
          ],
          [
            120.2089959,
            23.0275177
          ],
          [
            120.2088309,
            23.0275269
          ],
          [
            120.2086452,
            23.0275161
          ],
          [
            120.2084263,
            23.0275328
          ],
          [
            120.2081877,
            23.0275279
          ],
          [
            120.2080136,
            23.0275398
          ],
          [
            120.2078368,
            23.0275463
          ],
          [
            120.2075848,
            23.0275335
          ]
        ]
      },
      "properties": {
        "source": "overture",
        "sourceKey": "overture-segments",
        "sourceVersion": "latest",
        "sourceFeatureId": "84e49fb7-f19a-4271-8917-057ffa7a08d6",
        "facilityType": "service",
        "pedestrianAllowed": null,
        "bicycleAllowed": null,
        "direction": "unknown",
        "provenance": [
          {
            "property": "",
            "dataset": "OpenStreetMap",
            "license": "ODbL-1.0",
            "record_id": "w159025873@5",
            "update_time": "2024-08-11T01:47:26Z",
            "confidence": null,
            "between": null,
            "provider": "osm",
            "resource": "planet",
            "version": "2026-08-05"
          }
        ],
        "connectorIds": [
          "3767171c-b7a1-462e-9777-5f5b7f63fbd9",
          "dac74769-9fa3-4b99-951d-b9d0e2d83d4b",
          "082c529d-636e-440e-b5d2-172615754b92",
          "b933e9f4-49d5-4db2-8185-ecb6f595d4fa",
          "d09aac9d-ce79-4713-ac10-eac8bfcd0c72",
          "1cffb485-a96e-4b02-a79d-21fd8a6f360f",
          "dca33455-366e-4063-8796-538d170cfcd5",
          "24e9a7d1-1eb8-423d-8e88-ed8a9d94ee3c"
        ],
        "officialInventory": false,
        "name": "泰安街16巷",
        "originalCrs": "EPSG:4326",
        "originalProperties": {
          "names": {
            "primary": "泰安街16巷",
            "common": null,
            "rules": [
              {
                "variant": "common",
                "language": null,
                "perspectives": null,
                "value": "泰安街16巷",
                "between": null,
                "side": null
              }
            ]
          },
          "subtype": "road",
          "class": "service",
          "subclass": "alley",
          "subclass_rules": [
            {
              "value": "alley",
              "between": null
            }
          ],
          "connectors": [
            {
              "connector_id": "3767171c-b7a1-462e-9777-5f5b7f63fbd9",
              "at": 0.0
            },
            {
              "connector_id": "dac74769-9fa3-4b99-951d-b9d0e2d83d4b",
              "at": 0.411831323
            },
            {
              "connector_id": "082c529d-636e-440e-b5d2-172615754b92",
              "at": 0.499504037
            },
            {
              "connector_id": "b933e9f4-49d5-4db2-8185-ecb6f595d4fa",
              "at": 0.602997502
            },
            {
              "connector_id": "d09aac9d-ce79-4713-ac10-eac8bfcd0c72",
              "at": 0.71545131
            },
            {
              "connector_id": "1cffb485-a96e-4b02-a79d-21fd8a6f360f",
              "at": 0.79770902
            },
            {
              "connector_id": "dca33455-366e-4063-8796-538d170cfcd5",
              "at": 0.881081248
            },
            {
              "connector_id": "24e9a7d1-1eb8-423d-8e88-ed8a9d94ee3c",
              "at": 1.0
            }
          ],
          "sources": [
            {
              "property": "",
              "dataset": "OpenStreetMap",
              "license": "ODbL-1.0",
              "record_id": "w159025873@5",
              "update_time": "2024-08-11T01:47:26Z",
              "confidence": null,
              "between": null,
              "provider": "osm",
              "resource": "planet",
              "version": "2026-08-05"
            }
          ],
          "version": 1
        }
      }
    },
    {
      "type": "Feature",
      "id": "ee8971dc-8837-438f-9fca-103421473265",
      "geometry": {
        "type": "LineString",
        "coordinates": [
          [
            120.2086452,
            23.0275161
          ],
          [
            120.2086623,
            23.0268473
          ]
        ]
      },
      "properties": {
        "source": "overture",
        "sourceKey": "overture-segments",
        "sourceVersion": "latest",
        "sourceFeatureId": "ee8971dc-8837-438f-9fca-103421473265",
        "facilityType": "service",
        "pedestrianAllowed": null,
        "bicycleAllowed": null,
        "direction": "unknown",
        "provenance": [
          {
            "property": "",
            "dataset": "OpenStreetMap",
            "license": "ODbL-1.0",
            "record_id": "w510080101@1",
            "update_time": "2024-08-11T01:47:26Z",
            "confidence": null,
            "between": null,
            "provider": "osm",
            "resource": "planet",
            "version": "2026-08-05"
          }
        ],
        "connectorIds": [
          "082c529d-636e-440e-b5d2-172615754b92",
          "c158012a-5458-4283-9b8d-b16a7e3b1be4"
        ],
        "officialInventory": false,
        "name": null,
        "originalCrs": "EPSG:4326",
        "originalProperties": {
          "subtype": "road",
          "class": "service",
          "subclass": "alley",
          "subclass_rules": [
            {
              "value": "alley",
              "between": null
            }
          ],
          "connectors": [
            {
              "connector_id": "082c529d-636e-440e-b5d2-172615754b92",
              "at": 0.0
            },
            {
              "connector_id": "c158012a-5458-4283-9b8d-b16a7e3b1be4",
              "at": 1.0
            }
          ],
          "sources": [
            {
              "property": "",
              "dataset": "OpenStreetMap",
              "license": "ODbL-1.0",
              "record_id": "w510080101@1",
              "update_time": "2024-08-11T01:47:26Z",
              "confidence": null,
              "between": null,
              "provider": "osm",
              "resource": "planet",
              "version": "2026-08-05"
            }
          ],
          "version": 1
        }
      }
    },
    {
      "type": "Feature",
      "id": "f1691c4d-7af4-45aa-a0e4-a8ece419ad5a",
      "geometry": {
        "type": "LineString",
        "coordinates": [
          [
            120.2092673,
            23.0268749
          ],
          [
            120.209175,
            23.0278909
          ]
        ]
      },
      "properties": {
        "source": "overture",
        "sourceKey": "overture-segments",
        "sourceVersion": "latest",
        "sourceFeatureId": "f1691c4d-7af4-45aa-a0e4-a8ece419ad5a",
        "facilityType": "service",
        "pedestrianAllowed": null,
        "bicycleAllowed": null,
        "direction": "unknown",
        "provenance": [
          {
            "property": "",
            "dataset": "OpenStreetMap",
            "license": "ODbL-1.0",
            "record_id": "w510080100@2",
            "update_time": "2021-02-13T13:17:01Z",
            "confidence": null,
            "between": null,
            "provider": "osm",
            "resource": "planet",
            "version": "2026-08-05"
          }
        ],
        "connectorIds": [
          "2b0cbb08-ecf5-4709-a426-ee54e69d4dd2",
          "64190823-4371-4452-abed-e138248d1a98"
        ],
        "officialInventory": false,
        "name": "惠安街88巷",
        "originalCrs": "EPSG:4326",
        "originalProperties": {
          "names": {
            "primary": "惠安街88巷",
            "common": null,
            "rules": [
              {
                "variant": "common",
                "language": null,
                "perspectives": null,
                "value": "惠安街88巷",
                "between": null,
                "side": null
              }
            ]
          },
          "subtype": "road",
          "class": "service",
          "subclass": "alley",
          "subclass_rules": [
            {
              "value": "alley",
              "between": null
            }
          ],
          "connectors": [
            {
              "connector_id": "2b0cbb08-ecf5-4709-a426-ee54e69d4dd2",
              "at": 0.0
            },
            {
              "connector_id": "64190823-4371-4452-abed-e138248d1a98",
              "at": 1.0
            }
          ],
          "sources": [
            {
              "property": "",
              "dataset": "OpenStreetMap",
              "license": "ODbL-1.0",
              "record_id": "w510080100@2",
              "update_time": "2021-02-13T13:17:01Z",
              "confidence": null,
              "between": null,
              "provider": "osm",
              "resource": "planet",
              "version": "2026-08-05"
            }
          ],
          "version": 1
        }
      }
    },
    {
      "type": "Feature",
      "id": "a376170e-9950-435f-be3d-9697c1ee470a",
      "geometry": {
        "type": "LineString",
        "coordinates": [
          [
            120.2088029,
            23.0279345
          ],
          [
            120.2088309,
            23.0275269
          ],
          [
            120.2088521,
            23.0268553
          ]
        ]
      },
      "properties": {
        "source": "overture",
        "sourceKey": "overture-segments",
        "sourceVersion": "latest",
        "sourceFeatureId": "a376170e-9950-435f-be3d-9697c1ee470a",
        "facilityType": "service",
        "pedestrianAllowed": null,
        "bicycleAllowed": null,
        "direction": "unknown",
        "provenance": [
          {
            "property": "",
            "dataset": "OpenStreetMap",
            "license": "ODbL-1.0",
            "record_id": "w159025838@3",
            "update_time": "2024-08-11T01:47:26Z",
            "confidence": null,
            "between": null,
            "provider": "osm",
            "resource": "planet",
            "version": "2026-08-05"
          }
        ],
        "connectorIds": [
          "9d896583-05f6-47ec-979b-5f89c7a8da7e",
          "dac74769-9fa3-4b99-951d-b9d0e2d83d4b",
          "4b1085ec-b075-4d12-bb52-f2de6aa5ed0e"
        ],
        "officialInventory": false,
        "name": "惠安街100巷",
        "originalCrs": "EPSG:4326",
        "originalProperties": {
          "names": {
            "primary": "惠安街100巷",
            "common": null,
            "rules": [
              {
                "variant": "common",
                "language": null,
                "perspectives": null,
                "value": "惠安街100巷",
                "between": null,
                "side": null
              }
            ]
          },
          "subtype": "road",
          "class": "service",
          "subclass": "alley",
          "subclass_rules": [
            {
              "value": "alley",
              "between": null
            }
          ],
          "connectors": [
            {
              "connector_id": "9d896583-05f6-47ec-979b-5f89c7a8da7e",
              "at": 0.0
            },
            {
              "connector_id": "dac74769-9fa3-4b99-951d-b9d0e2d83d4b",
              "at": 0.378061121
            },
            {
              "connector_id": "4b1085ec-b075-4d12-bb52-f2de6aa5ed0e",
              "at": 1.0
            }
          ],
          "sources": [
            {
              "property": "",
              "dataset": "OpenStreetMap",
              "license": "ODbL-1.0",
              "record_id": "w159025838@3",
              "update_time": "2024-08-11T01:47:26Z",
              "confidence": null,
              "between": null,
              "provider": "osm",
              "resource": "planet",
              "version": "2026-08-05"
            }
          ],
          "version": 1
        }
      }
    },
    {
      "type": "Feature",
      "id": "b0f908b4-e9f2-4fae-ba3a-5481bc166fa3",
      "geometry": {
        "type": "LineString",
        "coordinates": [
          [
            120.2084675,
            23.0263563
          ],
          [
            120.2084632,
            23.0265954
          ],
          [
            120.2084546,
            23.0268398
          ],
          [
            120.2084263,
            23.0275328
          ],
          [
            120.2083801,
            23.0282382
          ]
        ]
      },
      "properties": {
        "source": "overture",
        "sourceKey": "overture-segments",
        "sourceVersion": "latest",
        "sourceFeatureId": "b0f908b4-e9f2-4fae-ba3a-5481bc166fa3",
        "facilityType": "service",
        "pedestrianAllowed": null,
        "bicycleAllowed": null,
        "direction": "unknown",
        "provenance": [
          {
            "property": "",
            "dataset": "OpenStreetMap",
            "license": "ODbL-1.0",
            "record_id": "w159025875@4",
            "update_time": "2024-08-11T01:47:26Z",
            "confidence": null,
            "between": null,
            "provider": "osm",
            "resource": "planet",
            "version": "2026-08-05"
          }
        ],
        "connectorIds": [
          "df5b4663-a8ca-40f0-8e18-136b09940029",
          "dd179b87-7299-4aab-9a3d-5c7364196a3c",
          "f9478478-8719-4484-8f87-7bce05e59fb5",
          "b933e9f4-49d5-4db2-8185-ecb6f595d4fa",
          "d2cb1e72-7927-4203-a0c6-89119727c68a"
        ],
        "officialInventory": false,
        "name": "郡安路四段120巷",
        "originalCrs": "EPSG:4326",
        "originalProperties": {
          "names": {
            "primary": "郡安路四段120巷",
            "common": null,
            "rules": [
              {
                "variant": "common",
                "language": null,
                "perspectives": null,
                "value": "郡安路四段120巷",
                "between": null,
                "side": null
              }
            ]
          },
          "subtype": "road",
          "class": "service",
          "subclass": "alley",
          "subclass_rules": [
            {
              "value": "alley",
              "between": null
            }
          ],
          "connectors": [
            {
              "connector_id": "df5b4663-a8ca-40f0-8e18-136b09940029",
              "at": 0.0
            },
            {
              "connector_id": "dd179b87-7299-4aab-9a3d-5c7364196a3c",
              "at": 0.126938336
            },
            {
              "connector_id": "f9478478-8719-4484-8f87-7bce05e59fb5",
              "at": 0.256741268
            },
            {
              "connector_id": "b933e9f4-49d5-4db2-8185-ecb6f595d4fa",
              "at": 0.624867145
            },
            {
              "connector_id": "d2cb1e72-7927-4203-a0c6-89119727c68a",
              "at": 1.0
            }
          ],
          "sources": [
            {
              "property": "",
              "dataset": "OpenStreetMap",
              "license": "ODbL-1.0",
              "record_id": "w159025875@4",
              "update_time": "2024-08-11T01:47:26Z",
              "confidence": null,
              "between": null,
              "provider": "osm",
              "resource": "planet",
              "version": "2026-08-05"
            }
          ],
          "version": 1
        }
      }
    },
    {
      "type": "Feature",
      "id": "23a0ab48-f278-4f38-b240-09e390dab156",
      "geometry": {
        "type": "LineString",
        "coordinates": [
          [
            120.2067396,
            23.0276434
          ],
          [
            120.2067707,
            23.0273313
          ],
          [
            120.2056643,
            23.0272358
          ],
          [
            120.205388,
            23.0272095
          ],
          [
            120.2050966,
            23.0271791
          ]
        ]
      },
      "properties": {
        "source": "overture",
        "sourceKey": "overture-segments",
        "sourceVersion": "latest",
        "sourceFeatureId": "23a0ab48-f278-4f38-b240-09e390dab156",
        "facilityType": "service",
        "pedestrianAllowed": null,
        "bicycleAllowed": null,
        "direction": "unknown",
        "provenance": [
          {
            "property": "",
            "dataset": "OpenStreetMap",
            "license": "ODbL-1.0",
            "record_id": "w159025841@7",
            "update_time": "2026-07-11T01:32:44Z",
            "confidence": null,
            "between": null,
            "provider": "osm",
            "resource": "planet",
            "version": "2026-08-05"
          }
        ],
        "connectorIds": [
          "1370655f-d9d3-4d3f-b740-e99f247feab0",
          "f1fc9718-a72e-4c48-a14d-9bd1bd9cb66e",
          "945d96ce-6216-4474-8a18-75dab3a77049",
          "8fdafb99-e260-440d-9376-2d2ea3cd4ee9"
        ],
        "officialInventory": false,
        "name": "北安路二段60巷",
        "originalCrs": "EPSG:4326",
        "originalProperties": {
          "names": {
            "primary": "北安路二段60巷",
            "common": null,
            "rules": [
              {
                "variant": "common",
                "language": null,
                "perspectives": null,
                "value": "北安路二段60巷",
                "between": null,
                "side": null
              }
            ]
          },
          "subtype": "road",
          "class": "service",
          "subclass": "alley",
          "subclass_rules": [
            {
              "value": "alley",
              "between": null
            }
          ],
          "connectors": [
            {
              "connector_id": "1370655f-d9d3-4d3f-b740-e99f247feab0",
              "at": 0.0
            },
            {
              "connector_id": "f1fc9718-a72e-4c48-a14d-9bd1bd9cb66e",
              "at": 0.71744168
            },
            {
              "connector_id": "945d96ce-6216-4474-8a18-75dab3a77049",
              "at": 0.854888761
            },
            {
              "connector_id": "8fdafb99-e260-440d-9376-2d2ea3cd4ee9",
              "at": 1.0
            }
          ],
          "road_surface": [
            {
              "value": "paved",
              "between": null
            }
          ],
          "sources": [
            {
              "property": "",
              "dataset": "OpenStreetMap",
              "license": "ODbL-1.0",
              "record_id": "w159025841@7",
              "update_time": "2026-07-11T01:32:44Z",
              "confidence": null,
              "between": null,
              "provider": "osm",
              "resource": "planet",
              "version": "2026-08-05"
            }
          ],
          "version": 6
        }
      }
    },
    {
      "type": "Feature",
      "id": "872b304f-dbe6-4b2e-baf8-6a2afaf0819a",
      "geometry": {
        "type": "LineString",
        "coordinates": [
          [
            120.2047834,
            23.028498
          ],
          [
            120.2048537,
            23.0280156
          ],
          [
            120.2049448,
            23.0273605
          ],
          [
            120.2049713,
            23.0271626
          ],
          [
            120.2050306,
            23.0267084
          ]
        ]
      },
      "properties": {
        "source": "overture",
        "sourceKey": "overture-segments",
        "sourceVersion": "latest",
        "sourceFeatureId": "872b304f-dbe6-4b2e-baf8-6a2afaf0819a",
        "facilityType": "tertiary",
        "pedestrianAllowed": null,
        "bicycleAllowed": null,
        "direction": "unknown",
        "provenance": [
          {
            "property": "",
            "dataset": "OpenStreetMap",
            "license": "ODbL-1.0",
            "record_id": "w142297111@20",
            "update_time": "2026-07-11T01:32:44Z",
            "confidence": null,
            "between": null,
            "provider": "osm",
            "resource": "planet",
            "version": "2026-08-05"
          }
        ],
        "connectorIds": [
          "fc1b6304-2482-47c1-a489-3a4129a768c6",
          "76038318-c17b-44be-ba5b-df9ecab5099c",
          "d354cacf-02b6-4b0e-8236-4f41351c4d33",
          "d5ed8000-4168-4f28-8ebe-ffacbd34228e",
          "05331738-c17d-4e18-b46e-cb15d4cd1e24"
        ],
        "officialInventory": false,
        "name": "北安路二段",
        "originalCrs": "EPSG:4326",
        "originalProperties": {
          "names": {
            "primary": "北安路二段",
            "common": [
              [
                "en",
                "Bei’an Road Section 2"
              ],
              [
                "zh",
                "北安路二段"
              ]
            ],
            "rules": [
              {
                "variant": "common",
                "language": null,
                "perspectives": null,
                "value": "北安路二段",
                "between": null,
                "side": null
              }
            ]
          },
          "subtype": "road",
          "class": "tertiary",
          "connectors": [
            {
              "connector_id": "fc1b6304-2482-47c1-a489-3a4129a768c6",
              "at": 0.0
            },
            {
              "connector_id": "76038318-c17b-44be-ba5b-df9ecab5099c",
              "at": 0.269798736
            },
            {
              "connector_id": "d354cacf-02b6-4b0e-8236-4f41351c4d33",
              "at": 0.635893097
            },
            {
              "connector_id": "d5ed8000-4168-4f28-8ebe-ffacbd34228e",
              "at": 0.746421398
            },
            {
              "connector_id": "05331738-c17d-4e18-b46e-cb15d4cd1e24",
              "at": 1.0
            }
          ],
          "road_surface": [
            {
              "value": "paved",
              "between": null
            }
          ],
          "access_restrictions": [
            {
              "access_type": "denied",
              "when": {
                "during": null,
                "heading": "backward",
                "using": null,
                "recognized": null,
                "mode": null,
                "vehicle": null
              },
              "between": null
            }
          ],
          "speed_limits": [
            {
              "min_speed": null,
              "max_speed": {
                "value": 60,
                "unit": "km/h"
              },
              "is_max_speed_variable": null,
              "when": null,
              "between": null
            }
          ],
          "sources": [
            {
              "property": "",
              "dataset": "OpenStreetMap",
              "license": "ODbL-1.0",
              "record_id": "w142297111@20",
              "update_time": "2026-07-11T01:32:44Z",
              "confidence": null,
              "between": null,
              "provider": "osm",
              "resource": "planet",
              "version": "2026-08-05"
            }
          ],
          "version": 4
        }
      }
    },
    {
      "type": "Feature",
      "id": "8683b32c-d4fe-4e3b-ba1a-eaa981bd41b4",
      "geometry": {
        "type": "LineString",
        "coordinates": [
          [
            120.2051556,
            23.0267197
          ],
          [
            120.2050966,
            23.0271791
          ],
          [
            120.2050683,
            23.0273697
          ],
          [
            120.2049847,
            23.0280186
          ],
          [
            120.2049176,
            23.0284853
          ]
        ]
      },
      "properties": {
        "source": "overture",
        "sourceKey": "overture-segments",
        "sourceVersion": "latest",
        "sourceFeatureId": "8683b32c-d4fe-4e3b-ba1a-eaa981bd41b4",
        "facilityType": "tertiary",
        "pedestrianAllowed": null,
        "bicycleAllowed": null,
        "direction": "unknown",
        "provenance": [
          {
            "property": "",
            "dataset": "OpenStreetMap",
            "license": "ODbL-1.0",
            "record_id": "w142297112@27",
            "update_time": "2026-07-11T01:32:44Z",
            "confidence": null,
            "between": null,
            "provider": "osm",
            "resource": "planet",
            "version": "2026-08-05"
          }
        ],
        "connectorIds": [
          "d64f6b61-a207-4553-89ac-617784e93f9d",
          "8fdafb99-e260-440d-9376-2d2ea3cd4ee9",
          "8e5637be-4ce8-44c1-b3df-8efd32e901da",
          "1ff9a6f9-0996-4fd1-a346-1cbb8445c309"
        ],
        "officialInventory": false,
        "name": "北安路二段",
        "originalCrs": "EPSG:4326",
        "originalProperties": {
          "names": {
            "primary": "北安路二段",
            "common": [
              [
                "en",
                "Bei’an Road Section 2"
              ],
              [
                "zh",
                "北安路二段"
              ]
            ],
            "rules": [
              {
                "variant": "common",
                "language": null,
                "perspectives": null,
                "value": "北安路二段",
                "between": null,
                "side": null
              }
            ]
          },
          "subtype": "road",
          "class": "tertiary",
          "connectors": [
            {
              "connector_id": "d64f6b61-a207-4553-89ac-617784e93f9d",
              "at": 0.0
            },
            {
              "connector_id": "8fdafb99-e260-440d-9376-2d2ea3cd4ee9",
              "at": 0.260003724
            },
            {
              "connector_id": "8e5637be-4ce8-44c1-b3df-8efd32e901da",
              "at": 0.368129075
            },
            {
              "connector_id": "1ff9a6f9-0996-4fd1-a346-1cbb8445c309",
              "at": 1.0
            }
          ],
          "road_surface": [
            {
              "value": "paved",
              "between": null
            }
          ],
          "access_restrictions": [
            {
              "access_type": "denied",
              "when": {
                "during": null,
                "heading": "backward",
                "using": null,
                "recognized": null,
                "mode": null,
                "vehicle": null
              },
              "between": null
            }
          ],
          "speed_limits": [
            {
              "min_speed": null,
              "max_speed": {
                "value": 60,
                "unit": "km/h"
              },
              "is_max_speed_variable": null,
              "when": null,
              "between": null
            }
          ],
          "sources": [
            {
              "property": "",
              "dataset": "OpenStreetMap",
              "license": "ODbL-1.0",
              "record_id": "w142297112@27",
              "update_time": "2026-07-11T01:32:44Z",
              "confidence": null,
              "between": null,
              "provider": "osm",
              "resource": "planet",
              "version": "2026-08-05"
            }
          ],
          "version": 5
        }
      }
    },
    {
      "type": "Feature",
      "id": "4f799c27-4238-4204-bb5a-67fb38fd4c85",
      "geometry": {
        "type": "LineString",
        "coordinates": [
          [
            120.205388,
            23.0272095
          ],
          [
            120.2052843,
            23.0280543
          ]
        ]
      },
      "properties": {
        "source": "overture",
        "sourceKey": "overture-segments",
        "sourceVersion": "latest",
        "sourceFeatureId": "4f799c27-4238-4204-bb5a-67fb38fd4c85",
        "facilityType": "service",
        "pedestrianAllowed": null,
        "bicycleAllowed": null,
        "direction": "unknown",
        "provenance": [
          {
            "property": "",
            "dataset": "OpenStreetMap",
            "license": "ODbL-1.0",
            "record_id": "w510093261@1",
            "update_time": "2026-02-24T03:16:42Z",
            "confidence": null,
            "between": null,
            "provider": "osm",
            "resource": "planet",
            "version": "2026-08-05"
          }
        ],
        "connectorIds": [
          "945d96ce-6216-4474-8a18-75dab3a77049",
          "e39da8fc-eaf3-412d-b2dd-ae571efc2875"
        ],
        "officialInventory": false,
        "name": null,
        "originalCrs": "EPSG:4326",
        "originalProperties": {
          "subtype": "road",
          "class": "service",
          "subclass": "alley",
          "subclass_rules": [
            {
              "value": "alley",
              "between": null
            }
          ],
          "connectors": [
            {
              "connector_id": "945d96ce-6216-4474-8a18-75dab3a77049",
              "at": 0.0
            },
            {
              "connector_id": "e39da8fc-eaf3-412d-b2dd-ae571efc2875",
              "at": 1.0
            }
          ],
          "sources": [
            {
              "property": "",
              "dataset": "OpenStreetMap",
              "license": "ODbL-1.0",
              "record_id": "w510093261@1",
              "update_time": "2026-02-24T03:16:42Z",
              "confidence": null,
              "between": null,
              "provider": "osm",
              "resource": "planet",
              "version": "2026-08-05"
            }
          ],
          "version": 3
        }
      }
    },
    {
      "type": "Feature",
      "id": "12f57374-ef8d-4e8f-a68a-ee8eb49e1ee0",
      "geometry": {
        "type": "LineString",
        "coordinates": [
          [
            120.2072389,
            23.0268237
          ],
          [
            120.2070654,
            23.0283342
          ]
        ]
      },
      "properties": {
        "source": "overture",
        "sourceKey": "overture-segments",
        "sourceVersion": "latest",
        "sourceFeatureId": "12f57374-ef8d-4e8f-a68a-ee8eb49e1ee0",
        "facilityType": "service",
        "pedestrianAllowed": null,
        "bicycleAllowed": null,
        "direction": "unknown",
        "provenance": [
          {
            "property": "",
            "dataset": "OpenStreetMap",
            "license": "ODbL-1.0",
            "record_id": "w159025843@7",
            "update_time": "2022-11-15T09:29:38Z",
            "confidence": null,
            "between": null,
            "provider": "osm",
            "resource": "planet",
            "version": "2026-08-05"
          }
        ],
        "connectorIds": [
          "f5aa39a1-d368-4009-be1c-6db5bd13a170",
          "32a40d9f-14d5-4ba0-b0ed-299f452b6282"
        ],
        "officialInventory": false,
        "name": "郡安路四段249巷",
        "originalCrs": "EPSG:4326",
        "originalProperties": {
          "names": {
            "primary": "郡安路四段249巷",
            "common": null,
            "rules": [
              {
                "variant": "common",
                "language": null,
                "perspectives": null,
                "value": "郡安路四段249巷",
                "between": null,
                "side": null
              }
            ]
          },
          "subtype": "road",
          "class": "service",
          "subclass": "alley",
          "subclass_rules": [
            {
              "value": "alley",
              "between": null
            }
          ],
          "connectors": [
            {
              "connector_id": "f5aa39a1-d368-4009-be1c-6db5bd13a170",
              "at": 0.0
            },
            {
              "connector_id": "32a40d9f-14d5-4ba0-b0ed-299f452b6282",
              "at": 1.0
            }
          ],
          "sources": [
            {
              "property": "",
              "dataset": "OpenStreetMap",
              "license": "ODbL-1.0",
              "record_id": "w159025843@7",
              "update_time": "2022-11-15T09:29:38Z",
              "confidence": null,
              "between": null,
              "provider": "osm",
              "resource": "planet",
              "version": "2026-08-05"
            }
          ],
          "version": 1
        }
      }
    },
    {
      "type": "Feature",
      "id": "1ef560e0-da20-4c8e-adc6-c7550c55f021",
      "geometry": {
        "type": "LineString",
        "coordinates": [
          [
            120.207525,
            23.0282987
          ],
          [
            120.2075681,
            23.0277267
          ],
          [
            120.2075848,
            23.0275335
          ],
          [
            120.207689,
            23.0268221
          ]
        ]
      },
      "properties": {
        "source": "overture",
        "sourceKey": "overture-segments",
        "sourceVersion": "latest",
        "sourceFeatureId": "1ef560e0-da20-4c8e-adc6-c7550c55f021",
        "facilityType": "service",
        "pedestrianAllowed": null,
        "bicycleAllowed": null,
        "direction": "unknown",
        "provenance": [
          {
            "property": "",
            "dataset": "OpenStreetMap",
            "license": "ODbL-1.0",
            "record_id": "w159025860@6",
            "update_time": "2026-02-20T11:12:42Z",
            "confidence": null,
            "between": null,
            "provider": "osm",
            "resource": "planet",
            "version": "2026-08-05"
          }
        ],
        "connectorIds": [
          "179bcf90-e2c1-4465-b9ee-ea02bb95b554",
          "24e9a7d1-1eb8-423d-8e88-ed8a9d94ee3c",
          "19f101fb-4d59-4ab9-87ea-37ba8d643901"
        ],
        "officialInventory": false,
        "name": "泰安街",
        "originalCrs": "EPSG:4326",
        "originalProperties": {
          "names": {
            "primary": "泰安街",
            "common": null,
            "rules": [
              {
                "variant": "common",
                "language": null,
                "perspectives": null,
                "value": "泰安街",
                "between": null,
                "side": null
              }
            ]
          },
          "subtype": "road",
          "class": "service",
          "connectors": [
            {
              "connector_id": "179bcf90-e2c1-4465-b9ee-ea02bb95b554",
              "at": 0.0
            },
            {
              "connector_id": "24e9a7d1-1eb8-423d-8e88-ed8a9d94ee3c",
              "at": 0.516597718
            },
            {
              "connector_id": "19f101fb-4d59-4ab9-87ea-37ba8d643901",
              "at": 1.0
            }
          ],
          "sources": [
            {
              "property": "",
              "dataset": "OpenStreetMap",
              "license": "ODbL-1.0",
              "record_id": "w159025860@6",
              "update_time": "2026-02-20T11:12:42Z",
              "confidence": null,
              "between": null,
              "provider": "osm",
              "resource": "planet",
              "version": "2026-08-05"
            }
          ],
          "version": 1
        }
      }
    },
    {
      "type": "Feature",
      "id": "bac02f9e-91c0-41cc-837b-ecd345dd5179",
      "geometry": {
        "type": "LineString",
        "coordinates": [
          [
            120.2111126,
            23.0274847
          ],
          [
            120.2106082,
            23.0274935
          ],
          [
            120.2098348,
            23.0274977
          ]
        ]
      },
      "properties": {
        "source": "overture",
        "sourceKey": "overture-segments",
        "sourceVersion": "latest",
        "sourceFeatureId": "bac02f9e-91c0-41cc-837b-ecd345dd5179",
        "facilityType": "residential",
        "pedestrianAllowed": null,
        "bicycleAllowed": null,
        "direction": "unknown",
        "provenance": [
          {
            "property": "",
            "dataset": "OpenStreetMap",
            "license": "ODbL-1.0",
            "record_id": "w159025808@6",
            "update_time": "2024-08-11T01:47:26Z",
            "confidence": null,
            "between": null,
            "provider": "osm",
            "resource": "planet",
            "version": "2026-08-05"
          }
        ],
        "connectorIds": [
          "1b77bd5e-5fcb-4e62-b6ab-c1c72220b2fa",
          "468d9f2e-af9b-4f3e-a2e6-3a6c03ab94ae",
          "3e2ec75d-06f6-46dd-973f-fc24189f64eb"
        ],
        "officialInventory": false,
        "name": "敦安街",
        "originalCrs": "EPSG:4326",
        "originalProperties": {
          "names": {
            "primary": "敦安街",
            "common": null,
            "rules": [
              {
                "variant": "common",
                "language": null,
                "perspectives": null,
                "value": "敦安街",
                "between": null,
                "side": null
              }
            ]
          },
          "subtype": "road",
          "class": "residential",
          "connectors": [
            {
              "connector_id": "1b77bd5e-5fcb-4e62-b6ab-c1c72220b2fa",
              "at": 0.0
            },
            {
              "connector_id": "468d9f2e-af9b-4f3e-a2e6-3a6c03ab94ae",
              "at": 0.394779298
            },
            {
              "connector_id": "3e2ec75d-06f6-46dd-973f-fc24189f64eb",
              "at": 1.0
            }
          ],
          "sources": [
            {
              "property": "",
              "dataset": "OpenStreetMap",
              "license": "ODbL-1.0",
              "record_id": "w159025808@6",
              "update_time": "2024-08-11T01:47:26Z",
              "confidence": null,
              "between": null,
              "provider": "osm",
              "resource": "planet",
              "version": "2026-08-05"
            }
          ],
          "version": 1
        }
      }
    },
    {
      "type": "Feature",
      "id": "407ef0ac-39ad-42d5-879b-759445045984",
      "geometry": {
        "type": "LineString",
        "coordinates": [
          [
            120.2098349,
            23.0271419
          ],
          [
            120.2103796,
            23.0271157
          ]
        ]
      },
      "properties": {
        "source": "overture",
        "sourceKey": "overture-segments",
        "sourceVersion": "latest",
        "sourceFeatureId": "407ef0ac-39ad-42d5-879b-759445045984",
        "facilityType": "service",
        "pedestrianAllowed": null,
        "bicycleAllowed": null,
        "direction": "unknown",
        "provenance": [
          {
            "property": "",
            "dataset": "OpenStreetMap",
            "license": "ODbL-1.0",
            "record_id": "w510091192@2",
            "update_time": "2021-02-13T13:17:01Z",
            "confidence": null,
            "between": null,
            "provider": "osm",
            "resource": "planet",
            "version": "2026-08-05"
          }
        ],
        "connectorIds": [
          "85e7ac80-a794-468d-859f-ed14489451e2",
          "b5cb9414-d71d-4b93-92da-059d0388a021"
        ],
        "officialInventory": false,
        "name": "郡安路四段89巷33弄",
        "originalCrs": "EPSG:4326",
        "originalProperties": {
          "names": {
            "primary": "郡安路四段89巷33弄",
            "common": null,
            "rules": [
              {
                "variant": "common",
                "language": null,
                "perspectives": null,
                "value": "郡安路四段89巷33弄",
                "between": null,
                "side": null
              }
            ]
          },
          "subtype": "road",
          "class": "service",
          "subclass": "alley",
          "subclass_rules": [
            {
              "value": "alley",
              "between": null
            }
          ],
          "connectors": [
            {
              "connector_id": "85e7ac80-a794-468d-859f-ed14489451e2",
              "at": 0.0
            },
            {
              "connector_id": "b5cb9414-d71d-4b93-92da-059d0388a021",
              "at": 1.0
            }
          ],
          "sources": [
            {
              "property": "",
              "dataset": "OpenStreetMap",
              "license": "ODbL-1.0",
              "record_id": "w510091192@2",
              "update_time": "2021-02-13T13:17:01Z",
              "confidence": null,
              "between": null,
              "provider": "osm",
              "resource": "planet",
              "version": "2026-08-05"
            }
          ],
          "version": 1
        }
      }
    },
    {
      "type": "Feature",
      "id": "b2abe541-3cbe-4c9f-9d80-d906789e54c1",
      "geometry": {
        "type": "LineString",
        "coordinates": [
          [
            120.2097991,
            23.0281293
          ],
          [
            120.2098348,
            23.0274977
          ],
          [
            120.2098349,
            23.0271419
          ],
          [
            120.2098323,
            23.0269088
          ],
          [
            120.20984,
            23.0265997
          ],
          [
            120.209847,
            23.026384
          ],
          [
            120.2098515,
            23.0261417
          ],
          [
            120.2098557,
            23.0259178
          ],
          [
            120.2098605,
            23.025663
          ]
        ]
      },
      "properties": {
        "source": "overture",
        "sourceKey": "overture-segments",
        "sourceVersion": "latest",
        "sourceFeatureId": "b2abe541-3cbe-4c9f-9d80-d906789e54c1",
        "facilityType": "service",
        "pedestrianAllowed": null,
        "bicycleAllowed": null,
        "direction": "unknown",
        "provenance": [
          {
            "property": "",
            "dataset": "OpenStreetMap",
            "license": "ODbL-1.0",
            "record_id": "w159025884@8",
            "update_time": "2024-08-11T01:47:26Z",
            "confidence": null,
            "between": [
              0.0,
              0.494990498
            ],
            "provider": "osm",
            "resource": "planet",
            "version": "2026-08-05"
          },
          {
            "property": "",
            "dataset": "OpenStreetMap",
            "license": "ODbL-1.0",
            "record_id": "w906801503@1",
            "update_time": "2024-08-11T01:47:26Z",
            "confidence": null,
            "between": [
              0.494990498,
              1.0
            ],
            "provider": "osm",
            "resource": "planet",
            "version": "2026-08-05"
          }
        ],
        "connectorIds": [
          "6e9d80fb-0218-401e-bdbd-00ef1e57d02a",
          "3e2ec75d-06f6-46dd-973f-fc24189f64eb",
          "85e7ac80-a794-468d-859f-ed14489451e2",
          "09788d47-a036-4276-8635-a1b3a3cc2ac1",
          "6edfd784-f857-4263-9906-37422e5bc924",
          "809e5907-8e43-4bcf-9f46-b7584458083a",
          "f11bc7bb-108c-47b0-be83-ad1033b50682",
          "a1f2dd34-d041-44e6-b8d6-6e7beca73822",
          "e6de8996-3694-4c40-9ca9-c70b9f6d6576"
        ],
        "officialInventory": false,
        "name": "惠安街51巷",
        "originalCrs": "EPSG:4326",
        "originalProperties": {
          "names": {
            "primary": "惠安街51巷",
            "common": null,
            "rules": [
              {
                "variant": "common",
                "language": null,
                "perspectives": null,
                "value": "郡安路四段89巷",
                "between": [
                  0.0,
                  0.494990498
                ],
                "side": null
              },
              {
                "variant": "common",
                "language": null,
                "perspectives": null,
                "value": "惠安街51巷",
                "between": [
                  0.494990498,
                  1.0
                ],
                "side": null
              }
            ]
          },
          "subtype": "road",
          "class": "service",
          "subclass": "alley",
          "subclass_rules": [
            {
              "value": "alley",
              "between": null
            }
          ],
          "connectors": [
            {
              "connector_id": "6e9d80fb-0218-401e-bdbd-00ef1e57d02a",
              "at": 0.0
            },
            {
              "connector_id": "3e2ec75d-06f6-46dd-973f-fc24189f64eb",
              "at": 0.256321408
            },
            {
              "connector_id": "85e7ac80-a794-468d-859f-ed14489451e2",
              "at": 0.40051806
            },
            {
              "connector_id": "09788d47-a036-4276-8635-a1b3a3cc2ac1",
              "at": 0.494992563
            },
            {
              "connector_id": "6edfd784-f857-4263-9906-37422e5bc924",
              "at": 0.620296179
            },
            {
              "connector_id": "809e5907-8e43-4bcf-9f46-b7584458083a",
              "at": 0.707753294
            },
            {
              "connector_id": "f11bc7bb-108c-47b0-be83-ad1033b50682",
              "at": 0.805965786
            },
            {
              "connector_id": "a1f2dd34-d041-44e6-b8d6-6e7beca73822",
              "at": 0.896720395
            },
            {
              "connector_id": "e6de8996-3694-4c40-9ca9-c70b9f6d6576",
              "at": 1.0
            }
          ],
          "sources": [
            {
              "property": "",
              "dataset": "OpenStreetMap",
              "license": "ODbL-1.0",
              "record_id": "w159025884@8",
              "update_time": "2024-08-11T01:47:26Z",
              "confidence": null,
              "between": [
                0.0,
                0.494990498
              ],
              "provider": "osm",
              "resource": "planet",
              "version": "2026-08-05"
            },
            {
              "property": "",
              "dataset": "OpenStreetMap",
              "license": "ODbL-1.0",
              "record_id": "w906801503@1",
              "update_time": "2024-08-11T01:47:26Z",
              "confidence": null,
              "between": [
                0.494990498,
                1.0
              ],
              "provider": "osm",
              "resource": "planet",
              "version": "2026-08-05"
            }
          ],
          "version": 1
        }
      }
    },
    {
      "type": "Feature",
      "id": "9fb1b69e-e1e1-4de2-8329-48abc419ecb4",
      "geometry": {
        "type": "LineString",
        "coordinates": [
          [
            120.2148316,
            23.027623
          ],
          [
            120.2146165,
            23.0275309
          ],
          [
            120.2138284,
            23.0272493
          ],
          [
            120.2135155,
            23.0271156
          ],
          [
            120.2125206,
            23.0267768
          ],
          [
            120.2118345,
            23.0265894
          ],
          [
            120.2116598,
            23.0264674
          ],
          [
            120.2112712,
            23.0264425
          ],
          [
            120.2110783,
            23.0264289
          ],
          [
            120.2106858,
            23.0264106
          ],
          [
            120.2102687,
            23.0263912
          ],
          [
            120.209847,
            23.026384
          ],
          [
            120.2084675,
            23.0263563
          ],
          [
            120.2070504,
            23.0263279
          ]
        ]
      },
      "properties": {
        "source": "overture",
        "sourceKey": "overture-segments",
        "sourceVersion": "latest",
        "sourceFeatureId": "9fb1b69e-e1e1-4de2-8329-48abc419ecb4",
        "facilityType": "residential",
        "pedestrianAllowed": null,
        "bicycleAllowed": null,
        "direction": "unknown",
        "provenance": [
          {
            "property": "",
            "dataset": "OpenStreetMap",
            "license": "ODbL-1.0",
            "record_id": "w159025827@9",
            "update_time": "2026-02-17T13:15:56Z",
            "confidence": null,
            "between": null,
            "provider": "osm",
            "resource": "planet",
            "version": "2026-08-05"
          }
        ],
        "connectorIds": [
          "7cb988ba-a88b-4658-b2c5-ff1e12e1f7dd",
          "7596fb9a-159d-4506-86bf-5de1227921b2",
          "60eb65f5-a563-43b0-8735-58d46d86e826",
          "a8bf940d-4b40-450b-aa73-a996dbb1cadc",
          "986f1764-4095-4002-b0a4-25298fac9865",
          "bc6ebdae-c54a-460a-9a3c-7d27d49eb94c",
          "fa848687-9eb4-4283-a955-b5f9830f831e",
          "a808ba30-a0b7-4c20-a6a7-6f0399520b27",
          "98ec83b2-e155-492b-8f51-610319be77ff",
          "809e5907-8e43-4bcf-9f46-b7584458083a",
          "df5b4663-a8ca-40f0-8e18-136b09940029",
          "2578fed3-d80b-4045-a789-af2f8f967a63"
        ],
        "officialInventory": false,
        "name": "文安街",
        "originalCrs": "EPSG:4326",
        "originalProperties": {
          "names": {
            "primary": "文安街",
            "common": null,
            "rules": [
              {
                "variant": "common",
                "language": null,
                "perspectives": null,
                "value": "文安街",
                "between": null,
                "side": null
              }
            ]
          },
          "subtype": "road",
          "class": "residential",
          "connectors": [
            {
              "connector_id": "7cb988ba-a88b-4658-b2c5-ff1e12e1f7dd",
              "at": 0.0
            },
            {
              "connector_id": "7596fb9a-159d-4506-86bf-5de1227921b2",
              "at": 0.029501902
            },
            {
              "connector_id": "60eb65f5-a563-43b0-8735-58d46d86e826",
              "at": 0.13466126
            },
            {
              "connector_id": "a8bf940d-4b40-450b-aa73-a996dbb1cadc",
              "at": 0.177561427
            },
            {
              "connector_id": "986f1764-4095-4002-b0a4-25298fac9865",
              "at": 0.398570895
            },
            {
              "connector_id": "bc6ebdae-c54a-460a-9a3c-7d27d49eb94c",
              "at": 0.47430227
            },
            {
              "connector_id": "fa848687-9eb4-4283-a955-b5f9830f831e",
              "at": 0.498384233
            },
            {
              "connector_id": "a808ba30-a0b7-4c20-a6a7-6f0399520b27",
              "at": 0.547305015
            },
            {
              "connector_id": "98ec83b2-e155-492b-8f51-610319be77ff",
              "at": 0.599291606
            },
            {
              "connector_id": "809e5907-8e43-4bcf-9f46-b7584458083a",
              "at": 0.65179423
            },
            {
              "connector_id": "df5b4663-a8ca-40f0-8e18-136b09940029",
              "at": 0.823556381
            },
            {
              "connector_id": "2578fed3-d80b-4045-a789-af2f8f967a63",
              "at": 1.0
            }
          ],
          "sources": [
            {
              "property": "",
              "dataset": "OpenStreetMap",
              "license": "ODbL-1.0",
              "record_id": "w159025827@9",
              "update_time": "2026-02-17T13:15:56Z",
              "confidence": null,
              "between": null,
              "provider": "osm",
              "resource": "planet",
              "version": "2026-08-05"
            }
          ],
          "version": 2
        }
      }
    },
    {
      "type": "Feature",
      "id": "61ae1415-ef0b-45e3-8e2d-4d362344bf9d",
      "geometry": {
        "type": "LineString",
        "coordinates": [
          [
            120.206996,
            23.0268053
          ],
          [
            120.2072389,
            23.0268237
          ],
          [
            120.207689,
            23.0268221
          ],
          [
            120.2084546,
            23.0268398
          ],
          [
            120.2086623,
            23.0268473
          ],
          [
            120.2088521,
            23.0268553
          ],
          [
            120.209061,
            23.0268645
          ],
          [
            120.2092673,
            23.0268749
          ],
          [
            120.2093258,
            23.0268779
          ],
          [
            120.2098323,
            23.0269088
          ],
          [
            120.2102644,
            23.0269058
          ],
          [
            120.2106499,
            23.0269055
          ],
          [
            120.2111472,
            23.0268909
          ]
        ]
      },
      "properties": {
        "source": "overture",
        "sourceKey": "overture-segments",
        "sourceVersion": "latest",
        "sourceFeatureId": "61ae1415-ef0b-45e3-8e2d-4d362344bf9d",
        "facilityType": "residential",
        "pedestrianAllowed": null,
        "bicycleAllowed": null,
        "direction": "unknown",
        "provenance": [
          {
            "property": "",
            "dataset": "OpenStreetMap",
            "license": "ODbL-1.0",
            "record_id": "w510091194@1",
            "update_time": "2024-08-11T01:47:26Z",
            "confidence": null,
            "between": null,
            "provider": "osm",
            "resource": "planet",
            "version": "2026-08-05"
          }
        ],
        "connectorIds": [
          "b45ea2c4-5f64-4e67-a139-a83c2f9b6b78",
          "f5aa39a1-d368-4009-be1c-6db5bd13a170",
          "19f101fb-4d59-4ab9-87ea-37ba8d643901",
          "f9478478-8719-4484-8f87-7bce05e59fb5",
          "c158012a-5458-4283-9b8d-b16a7e3b1be4",
          "4b1085ec-b075-4d12-bb52-f2de6aa5ed0e",
          "3767171c-b7a1-462e-9777-5f5b7f63fbd9",
          "2b0cbb08-ecf5-4709-a426-ee54e69d4dd2",
          "09788d47-a036-4276-8635-a1b3a3cc2ac1",
          "8303c039-4e9d-467b-aacf-f8f5fed57531",
          "c980e536-4461-410b-b7a8-5c67d8673db5",
          "c390b7d9-2065-430c-910a-2894af54bebc"
        ],
        "officialInventory": false,
        "name": "惠安街",
        "originalCrs": "EPSG:4326",
        "originalProperties": {
          "names": {
            "primary": "惠安街",
            "common": null,
            "rules": [
              {
                "variant": "common",
                "language": null,
                "perspectives": null,
                "value": "惠安街",
                "between": null,
                "side": null
              }
            ]
          },
          "subtype": "road",
          "class": "residential",
          "connectors": [
            {
              "connector_id": "b45ea2c4-5f64-4e67-a139-a83c2f9b6b78",
              "at": 0.0
            },
            {
              "connector_id": "f5aa39a1-d368-4009-be1c-6db5bd13a170",
              "at": 0.058660785
            },
            {
              "connector_id": "19f101fb-4d59-4ab9-87ea-37ba8d643901",
              "at": 0.166999306
            },
            {
              "connector_id": "f9478478-8719-4484-8f87-7bce05e59fb5",
              "at": 0.351334399
            },
            {
              "connector_id": "c158012a-5458-4283-9b8d-b16a7e3b1be4",
              "at": 0.40136519
            },
            {
              "connector_id": "4b1085ec-b075-4d12-bb52-f2de6aa5ed0e",
              "at": 0.447096818
            },
            {
              "connector_id": "3767171c-b7a1-462e-9777-5f5b7f63fbd9",
              "at": 0.497435295
            },
            {
              "connector_id": "2b0cbb08-ecf5-4709-a426-ee54e69d4dd2",
              "at": 0.547164667
            },
            {
              "connector_id": "09788d47-a036-4276-8635-a1b3a3cc2ac1",
              "at": 0.683444537
            },
            {
              "connector_id": "8303c039-4e9d-467b-aacf-f8f5fed57531",
              "at": 0.787452574
            },
            {
              "connector_id": "c980e536-4461-410b-b7a8-5c67d8673db5",
              "at": 0.880241246
            },
            {
              "connector_id": "c390b7d9-2065-430c-910a-2894af54bebc",
              "at": 1.0
            }
          ],
          "sources": [
            {
              "property": "",
              "dataset": "OpenStreetMap",
              "license": "ODbL-1.0",
              "record_id": "w510091194@1",
              "update_time": "2024-08-11T01:47:26Z",
              "confidence": null,
              "between": null,
              "provider": "osm",
              "resource": "planet",
              "version": "2026-08-05"
            }
          ],
          "version": 1
        }
      }
    },
    {
      "type": "Feature",
      "id": "f8a195cc-accb-45bd-abf1-2ffb91c56d06",
      "geometry": {
        "type": "LineString",
        "coordinates": [
          [
            120.206996,
            23.0268053
          ],
          [
            120.206979,
            23.0269374
          ]
        ]
      },
      "properties": {
        "source": "overture",
        "sourceKey": "overture-segments",
        "sourceVersion": "latest",
        "sourceFeatureId": "f8a195cc-accb-45bd-abf1-2ffb91c56d06",
        "facilityType": "residential",
        "pedestrianAllowed": null,
        "bicycleAllowed": null,
        "direction": "unknown",
        "provenance": [
          {
            "property": "",
            "dataset": "OpenStreetMap",
            "license": "ODbL-1.0",
            "record_id": "w270270894@6",
            "update_time": "2024-08-11T01:47:26Z",
            "confidence": null,
            "between": null,
            "provider": "osm",
            "resource": "planet",
            "version": "2026-08-05"
          }
        ],
        "connectorIds": [
          "b45ea2c4-5f64-4e67-a139-a83c2f9b6b78",
          "dc04c4d6-e15a-4a72-824f-f45b2981638c"
        ],
        "officialInventory": false,
        "name": "惠安街",
        "originalCrs": "EPSG:4326",
        "originalProperties": {
          "names": {
            "primary": "惠安街",
            "common": null,
            "rules": [
              {
                "variant": "common",
                "language": null,
                "perspectives": null,
                "value": "惠安街",
                "between": null,
                "side": null
              }
            ]
          },
          "subtype": "road",
          "class": "residential",
          "connectors": [
            {
              "connector_id": "b45ea2c4-5f64-4e67-a139-a83c2f9b6b78",
              "at": 0.0
            },
            {
              "connector_id": "dc04c4d6-e15a-4a72-824f-f45b2981638c",
              "at": 1.0
            }
          ],
          "speed_limits": [
            {
              "min_speed": null,
              "max_speed": {
                "value": 40,
                "unit": "km/h"
              },
              "is_max_speed_variable": null,
              "when": null,
              "between": null
            }
          ],
          "sources": [
            {
              "property": "",
              "dataset": "OpenStreetMap",
              "license": "ODbL-1.0",
              "record_id": "w270270894@6",
              "update_time": "2024-08-11T01:47:26Z",
              "confidence": null,
              "between": null,
              "provider": "osm",
              "resource": "planet",
              "version": "2026-08-05"
            }
          ],
          "version": 1
        }
      }
    },
    {
      "type": "Feature",
      "id": "af5a27f0-5a84-407f-bed5-29af15a9df01",
      "geometry": {
        "type": "LineString",
        "coordinates": [
          [
            120.2051556,
            23.0267197
          ],
          [
            120.2059824,
            23.0268258
          ],
          [
            120.2065708,
            23.026896
          ],
          [
            120.206979,
            23.0269374
          ]
        ]
      },
      "properties": {
        "source": "overture",
        "sourceKey": "overture-segments",
        "sourceVersion": "latest",
        "sourceFeatureId": "af5a27f0-5a84-407f-bed5-29af15a9df01",
        "facilityType": "residential",
        "pedestrianAllowed": null,
        "bicycleAllowed": null,
        "direction": "unknown",
        "provenance": [
          {
            "property": "",
            "dataset": "OpenStreetMap",
            "license": "ODbL-1.0",
            "record_id": "w270270895@12",
            "update_time": "2026-07-11T01:32:44Z",
            "confidence": null,
            "between": null,
            "provider": "osm",
            "resource": "planet",
            "version": "2026-08-05"
          }
        ],
        "connectorIds": [
          "d64f6b61-a207-4553-89ac-617784e93f9d",
          "4ff3134a-594f-4759-8bd6-c460ce763d47",
          "b14ef1ad-c3b3-4bdd-9108-ba711649cee7",
          "dc04c4d6-e15a-4a72-824f-f45b2981638c"
        ],
        "officialInventory": false,
        "name": "聖安街",
        "originalCrs": "EPSG:4326",
        "originalProperties": {
          "names": {
            "primary": "聖安街",
            "common": [
              [
                "en",
                "Sheng’an Street"
              ],
              [
                "zh",
                "聖安街"
              ]
            ],
            "rules": [
              {
                "variant": "common",
                "language": null,
                "perspectives": null,
                "value": "聖安街",
                "between": null,
                "side": null
              }
            ]
          },
          "subtype": "road",
          "class": "residential",
          "connectors": [
            {
              "connector_id": "d64f6b61-a207-4553-89ac-617784e93f9d",
              "at": 0.0
            },
            {
              "connector_id": "4ff3134a-594f-4759-8bd6-c460ce763d47",
              "at": 0.453986707
            },
            {
              "connector_id": "b14ef1ad-c3b3-4bdd-9108-ba711649cee7",
              "at": 0.776656928
            },
            {
              "connector_id": "dc04c4d6-e15a-4a72-824f-f45b2981638c",
              "at": 1.0
            }
          ],
          "road_surface": [
            {
              "value": "paved",
              "between": null
            }
          ],
          "speed_limits": [
            {
              "min_speed": null,
              "max_speed": {
                "value": 40,
                "unit": "km/h"
              },
              "is_max_speed_variable": null,
              "when": null,
              "between": null
            }
          ],
          "sources": [
            {
              "property": "",
              "dataset": "OpenStreetMap",
              "license": "ODbL-1.0",
              "record_id": "w270270895@12",
              "update_time": "2026-07-11T01:32:44Z",
              "confidence": null,
              "between": null,
              "provider": "osm",
              "resource": "planet",
              "version": "2026-08-05"
            }
          ],
          "version": 5
        }
      }
    },
    {
      "type": "Feature",
      "id": "771b91cd-2dab-4b00-a60e-8e87c15aaa21",
      "geometry": {
        "type": "LineString",
        "coordinates": [
          [
            120.2050306,
            23.0267084
          ],
          [
            120.2051556,
            23.0267197
          ]
        ]
      },
      "properties": {
        "source": "overture",
        "sourceKey": "overture-segments",
        "sourceVersion": "latest",
        "sourceFeatureId": "771b91cd-2dab-4b00-a60e-8e87c15aaa21",
        "facilityType": "residential",
        "pedestrianAllowed": null,
        "bicycleAllowed": null,
        "direction": "unknown",
        "provenance": [
          {
            "property": "",
            "dataset": "OpenStreetMap",
            "license": "ODbL-1.0",
            "record_id": "w509728659@5",
            "update_time": "2026-07-11T01:32:44Z",
            "confidence": null,
            "between": null,
            "provider": "osm",
            "resource": "planet",
            "version": "2026-08-05"
          }
        ],
        "connectorIds": [
          "05331738-c17d-4e18-b46e-cb15d4cd1e24",
          "d64f6b61-a207-4553-89ac-617784e93f9d"
        ],
        "officialInventory": false,
        "name": "聖安街",
        "originalCrs": "EPSG:4326",
        "originalProperties": {
          "names": {
            "primary": "聖安街",
            "common": [
              [
                "en",
                "Sheng’an Street"
              ],
              [
                "zh",
                "聖安街"
              ]
            ],
            "rules": [
              {
                "variant": "common",
                "language": null,
                "perspectives": null,
                "value": "聖安街",
                "between": null,
                "side": null
              }
            ]
          },
          "subtype": "road",
          "class": "residential",
          "connectors": [
            {
              "connector_id": "05331738-c17d-4e18-b46e-cb15d4cd1e24",
              "at": 0.0
            },
            {
              "connector_id": "d64f6b61-a207-4553-89ac-617784e93f9d",
              "at": 1.0
            }
          ],
          "road_surface": [
            {
              "value": "paved",
              "between": null
            }
          ],
          "sources": [
            {
              "property": "",
              "dataset": "OpenStreetMap",
              "license": "ODbL-1.0",
              "record_id": "w509728659@5",
              "update_time": "2026-07-11T01:32:44Z",
              "confidence": null,
              "between": null,
              "provider": "osm",
              "resource": "planet",
              "version": "2026-08-05"
            }
          ],
          "version": 4
        }
      }
    },
    {
      "type": "Feature",
      "id": "d85f41c0-5163-4ecc-8ccd-03fa63fcd370",
      "geometry": {
        "type": "LineString",
        "coordinates": [
          [
            120.2067582,
            23.0254935
          ],
          [
            120.2067031,
            23.0259018
          ],
          [
            120.2066374,
            23.0263887
          ],
          [
            120.2065708,
            23.026896
          ]
        ]
      },
      "properties": {
        "source": "overture",
        "sourceKey": "overture-segments",
        "sourceVersion": "latest",
        "sourceFeatureId": "d85f41c0-5163-4ecc-8ccd-03fa63fcd370",
        "facilityType": "service",
        "pedestrianAllowed": null,
        "bicycleAllowed": null,
        "direction": "unknown",
        "provenance": [
          {
            "property": "",
            "dataset": "OpenStreetMap",
            "license": "ODbL-1.0",
            "record_id": "w159025855@2",
            "update_time": "2024-08-11T01:47:26Z",
            "confidence": null,
            "between": null,
            "provider": "osm",
            "resource": "planet",
            "version": "2026-08-05"
          }
        ],
        "connectorIds": [
          "4eb2cd54-aa25-4c14-9d6d-4f3331bba3d7",
          "f0d2332f-df41-4b43-bc5f-fb3efa9aa2d9",
          "6a1502a4-8662-4333-bc79-ebeaf014914f",
          "b14ef1ad-c3b3-4bdd-9108-ba711649cee7"
        ],
        "officialInventory": false,
        "name": null,
        "originalCrs": "EPSG:4326",
        "originalProperties": {
          "subtype": "road",
          "class": "service",
          "subclass": "alley",
          "subclass_rules": [
            {
              "value": "alley",
              "between": null
            }
          ],
          "connectors": [
            {
              "connector_id": "4eb2cd54-aa25-4c14-9d6d-4f3331bba3d7",
              "at": 0.0
            },
            {
              "connector_id": "f0d2332f-df41-4b43-bc5f-fb3efa9aa2d9",
              "at": 0.291166529
            },
            {
              "connector_id": "6a1502a4-8662-4333-bc79-ebeaf014914f",
              "at": 0.638383648
            },
            {
              "connector_id": "b14ef1ad-c3b3-4bdd-9108-ba711649cee7",
              "at": 1.0
            }
          ],
          "sources": [
            {
              "property": "",
              "dataset": "OpenStreetMap",
              "license": "ODbL-1.0",
              "record_id": "w159025855@2",
              "update_time": "2024-08-11T01:47:26Z",
              "confidence": null,
              "between": null,
              "provider": "osm",
              "resource": "planet",
              "version": "2026-08-05"
            }
          ],
          "version": 1
        }
      }
    },
    {
      "type": "Feature",
      "id": "1e699b32-f097-476e-9d47-538f17599212",
      "geometry": {
        "type": "LineString",
        "coordinates": [
          [
            120.2070825,
            23.0259439
          ],
          [
            120.2070714,
            23.0260772
          ],
          [
            120.2070504,
            23.0263279
          ]
        ]
      },
      "properties": {
        "source": "overture",
        "sourceKey": "overture-segments",
        "sourceVersion": "latest",
        "sourceFeatureId": "1e699b32-f097-476e-9d47-538f17599212",
        "facilityType": "residential",
        "pedestrianAllowed": null,
        "bicycleAllowed": null,
        "direction": "unknown",
        "provenance": [
          {
            "property": "",
            "dataset": "OpenStreetMap",
            "license": "ODbL-1.0",
            "record_id": "w270270894@6",
            "update_time": "2024-08-11T01:47:26Z",
            "confidence": null,
            "between": null,
            "provider": "osm",
            "resource": "planet",
            "version": "2026-08-05"
          }
        ],
        "connectorIds": [
          "290c3de6-807c-4124-9270-5b678cd4f515",
          "d89f5533-9d6f-4461-a07a-82ce0b8457d4",
          "2578fed3-d80b-4045-a789-af2f8f967a63"
        ],
        "officialInventory": false,
        "name": "惠安街",
        "originalCrs": "EPSG:4326",
        "originalProperties": {
          "names": {
            "primary": "惠安街",
            "common": null,
            "rules": [
              {
                "variant": "common",
                "language": null,
                "perspectives": null,
                "value": "惠安街",
                "between": null,
                "side": null
              }
            ]
          },
          "subtype": "road",
          "class": "residential",
          "connectors": [
            {
              "connector_id": "290c3de6-807c-4124-9270-5b678cd4f515",
              "at": 0.0
            },
            {
              "connector_id": "d89f5533-9d6f-4461-a07a-82ce0b8457d4",
              "at": 0.34712744
            },
            {
              "connector_id": "2578fed3-d80b-4045-a789-af2f8f967a63",
              "at": 1.0
            }
          ],
          "speed_limits": [
            {
              "min_speed": null,
              "max_speed": {
                "value": 40,
                "unit": "km/h"
              },
              "is_max_speed_variable": null,
              "when": null,
              "between": null
            }
          ],
          "sources": [
            {
              "property": "",
              "dataset": "OpenStreetMap",
              "license": "ODbL-1.0",
              "record_id": "w270270894@6",
              "update_time": "2024-08-11T01:47:26Z",
              "confidence": null,
              "between": null,
              "provider": "osm",
              "resource": "planet",
              "version": "2026-08-05"
            }
          ],
          "version": 1
        }
      }
    },
    {
      "type": "Feature",
      "id": "6dccc18b-ff6a-4d1e-aca6-1133a06894a9",
      "geometry": {
        "type": "LineString",
        "coordinates": [
          [
            120.2059543,
            23.0270167
          ],
          [
            120.2059824,
            23.0268258
          ],
          [
            120.2060471,
            23.0263256
          ],
          [
            120.2061135,
            23.0258316
          ],
          [
            120.2061677,
            23.0254277
          ]
        ]
      },
      "properties": {
        "source": "overture",
        "sourceKey": "overture-segments",
        "sourceVersion": "latest",
        "sourceFeatureId": "6dccc18b-ff6a-4d1e-aca6-1133a06894a9",
        "facilityType": "service",
        "pedestrianAllowed": null,
        "bicycleAllowed": null,
        "direction": "unknown",
        "provenance": [
          {
            "property": "",
            "dataset": "OpenStreetMap",
            "license": "ODbL-1.0",
            "record_id": "w159025872@2",
            "update_time": "2024-08-11T01:47:26Z",
            "confidence": null,
            "between": null,
            "provider": "osm",
            "resource": "planet",
            "version": "2026-08-05"
          }
        ],
        "connectorIds": [
          "d8063e5e-f9dc-4f69-aaf9-2f9fb773dcf6",
          "4ff3134a-594f-4759-8bd6-c460ce763d47",
          "f52fbfc0-6247-484e-a191-159e8489d765",
          "e0d28d38-f4a7-4ba9-84ab-f85f05548eac",
          "333c55ad-e2aa-4162-9be4-be3dd2091206"
        ],
        "officialInventory": false,
        "name": null,
        "originalCrs": "EPSG:4326",
        "originalProperties": {
          "subtype": "road",
          "class": "service",
          "subclass": "alley",
          "subclass_rules": [
            {
              "value": "alley",
              "between": null
            }
          ],
          "connectors": [
            {
              "connector_id": "d8063e5e-f9dc-4f69-aaf9-2f9fb773dcf6",
              "at": 0.0
            },
            {
              "connector_id": "4ff3134a-594f-4759-8bd6-c460ce763d47",
              "at": 0.120320942
            },
            {
              "connector_id": "f52fbfc0-6247-484e-a191-159e8489d765",
              "at": 0.434933158
            },
            {
              "connector_id": "e0d28d38-f4a7-4ba9-84ab-f85f05548eac",
              "at": 0.745820974
            },
            {
              "connector_id": "333c55ad-e2aa-4162-9be4-be3dd2091206",
              "at": 1.0
            }
          ],
          "sources": [
            {
              "property": "",
              "dataset": "OpenStreetMap",
              "license": "ODbL-1.0",
              "record_id": "w159025872@2",
              "update_time": "2024-08-11T01:47:26Z",
              "confidence": null,
              "between": null,
              "provider": "osm",
              "resource": "planet",
              "version": "2026-08-05"
            }
          ],
          "version": 1
        }
      }
    },
    {
      "type": "Feature",
      "id": "827c96de-0dff-4b80-9a2b-db90f332d603",
      "geometry": {
        "type": "LineString",
        "coordinates": [
          [
            120.2070412,
            23.0264376
          ],
          [
            120.2066374,
            23.0263887
          ],
          [
            120.2060471,
            23.0263256
          ],
          [
            120.2054107,
            23.0261896
          ],
          [
            120.205245,
            23.0261107
          ]
        ]
      },
      "properties": {
        "source": "overture",
        "sourceKey": "overture-segments",
        "sourceVersion": "latest",
        "sourceFeatureId": "827c96de-0dff-4b80-9a2b-db90f332d603",
        "facilityType": "residential",
        "pedestrianAllowed": null,
        "bicycleAllowed": null,
        "direction": "unknown",
        "provenance": [
          {
            "property": "",
            "dataset": "OpenStreetMap",
            "license": "ODbL-1.0",
            "record_id": "w159025810@8",
            "update_time": "2026-02-24T03:16:42Z",
            "confidence": null,
            "between": null,
            "provider": "osm",
            "resource": "planet",
            "version": "2026-08-05"
          }
        ],
        "connectorIds": [
          "4f771567-b1df-4972-b8a2-428e357542bd",
          "6a1502a4-8662-4333-bc79-ebeaf014914f",
          "f52fbfc0-6247-484e-a191-159e8489d765",
          "13d2e194-985a-40d5-b845-a13fa5fe76cc"
        ],
        "officialInventory": false,
        "name": "賢安街",
        "originalCrs": "EPSG:4326",
        "originalProperties": {
          "names": {
            "primary": "賢安街",
            "common": null,
            "rules": [
              {
                "variant": "common",
                "language": null,
                "perspectives": null,
                "value": "賢安街",
                "between": null,
                "side": null
              }
            ]
          },
          "subtype": "road",
          "class": "residential",
          "connectors": [
            {
              "connector_id": "4f771567-b1df-4972-b8a2-428e357542bd",
              "at": 0.0
            },
            {
              "connector_id": "6a1502a4-8662-4333-bc79-ebeaf014914f",
              "at": 0.221212706
            },
            {
              "connector_id": "f52fbfc0-6247-484e-a191-159e8489d765",
              "at": 0.543993833
            },
            {
              "connector_id": "13d2e194-985a-40d5-b845-a13fa5fe76cc",
              "at": 1.0
            }
          ],
          "road_surface": [
            {
              "value": "paved",
              "between": null
            }
          ],
          "speed_limits": [
            {
              "min_speed": null,
              "max_speed": {
                "value": 40,
                "unit": "km/h"
              },
              "is_max_speed_variable": null,
              "when": null,
              "between": null
            }
          ],
          "sources": [
            {
              "property": "",
              "dataset": "OpenStreetMap",
              "license": "ODbL-1.0",
              "record_id": "w159025810@8",
              "update_time": "2026-02-24T03:16:42Z",
              "confidence": null,
              "between": null,
              "provider": "osm",
              "resource": "planet",
              "version": "2026-08-05"
            }
          ],
          "version": 4
        }
      }
    },
    {
      "type": "Feature",
      "id": "bc123942-751a-43e6-a9f6-4594dcdb2927",
      "geometry": {
        "type": "LineString",
        "coordinates": [
          [
            120.2050306,
            23.0267084
          ],
          [
            120.2051292,
            23.0260247
          ]
        ]
      },
      "properties": {
        "source": "overture",
        "sourceKey": "overture-segments",
        "sourceVersion": "latest",
        "sourceFeatureId": "bc123942-751a-43e6-a9f6-4594dcdb2927",
        "facilityType": "tertiary",
        "pedestrianAllowed": null,
        "bicycleAllowed": null,
        "direction": "unknown",
        "provenance": [
          {
            "property": "",
            "dataset": "OpenStreetMap",
            "license": "ODbL-1.0",
            "record_id": "w142297111@20",
            "update_time": "2026-07-11T01:32:44Z",
            "confidence": null,
            "between": null,
            "provider": "osm",
            "resource": "planet",
            "version": "2026-08-05"
          }
        ],
        "connectorIds": [
          "05331738-c17d-4e18-b46e-cb15d4cd1e24",
          "6bb2d231-14ad-4150-b8e0-8a83b798877c"
        ],
        "officialInventory": false,
        "name": "北安路二段",
        "originalCrs": "EPSG:4326",
        "originalProperties": {
          "names": {
            "primary": "北安路二段",
            "common": [
              [
                "en",
                "Bei’an Road Section 2"
              ],
              [
                "zh",
                "北安路二段"
              ]
            ],
            "rules": [
              {
                "variant": "common",
                "language": null,
                "perspectives": null,
                "value": "北安路二段",
                "between": null,
                "side": null
              }
            ]
          },
          "subtype": "road",
          "class": "tertiary",
          "connectors": [
            {
              "connector_id": "05331738-c17d-4e18-b46e-cb15d4cd1e24",
              "at": 0.0
            },
            {
              "connector_id": "6bb2d231-14ad-4150-b8e0-8a83b798877c",
              "at": 1.0
            }
          ],
          "road_surface": [
            {
              "value": "paved",
              "between": null
            }
          ],
          "access_restrictions": [
            {
              "access_type": "denied",
              "when": {
                "during": null,
                "heading": "backward",
                "using": null,
                "recognized": null,
                "mode": null,
                "vehicle": null
              },
              "between": null
            }
          ],
          "speed_limits": [
            {
              "min_speed": null,
              "max_speed": {
                "value": 60,
                "unit": "km/h"
              },
              "is_max_speed_variable": null,
              "when": null,
              "between": null
            }
          ],
          "sources": [
            {
              "property": "",
              "dataset": "OpenStreetMap",
              "license": "ODbL-1.0",
              "record_id": "w142297111@20",
              "update_time": "2026-07-11T01:32:44Z",
              "confidence": null,
              "between": null,
              "provider": "osm",
              "resource": "planet",
              "version": "2026-08-05"
            }
          ],
          "version": 4
        }
      }
    },
    {
      "type": "Feature",
      "id": "056a78e1-af7a-4fdd-bdda-dee2b953479c",
      "geometry": {
        "type": "LineString",
        "coordinates": [
          [
            120.205245,
            23.0261107
          ],
          [
            120.2051556,
            23.0267197
          ]
        ]
      },
      "properties": {
        "source": "overture",
        "sourceKey": "overture-segments",
        "sourceVersion": "latest",
        "sourceFeatureId": "056a78e1-af7a-4fdd-bdda-dee2b953479c",
        "facilityType": "tertiary",
        "pedestrianAllowed": null,
        "bicycleAllowed": null,
        "direction": "unknown",
        "provenance": [
          {
            "property": "",
            "dataset": "OpenStreetMap",
            "license": "ODbL-1.0",
            "record_id": "w142297112@27",
            "update_time": "2026-07-11T01:32:44Z",
            "confidence": null,
            "between": null,
            "provider": "osm",
            "resource": "planet",
            "version": "2026-08-05"
          }
        ],
        "connectorIds": [
          "13d2e194-985a-40d5-b845-a13fa5fe76cc",
          "d64f6b61-a207-4553-89ac-617784e93f9d"
        ],
        "officialInventory": false,
        "name": "北安路二段",
        "originalCrs": "EPSG:4326",
        "originalProperties": {
          "names": {
            "primary": "北安路二段",
            "common": [
              [
                "en",
                "Bei’an Road Section 2"
              ],
              [
                "zh",
                "北安路二段"
              ]
            ],
            "rules": [
              {
                "variant": "common",
                "language": null,
                "perspectives": null,
                "value": "北安路二段",
                "between": null,
                "side": null
              }
            ]
          },
          "subtype": "road",
          "class": "tertiary",
          "connectors": [
            {
              "connector_id": "13d2e194-985a-40d5-b845-a13fa5fe76cc",
              "at": 0.0
            },
            {
              "connector_id": "d64f6b61-a207-4553-89ac-617784e93f9d",
              "at": 1.0
            }
          ],
          "road_surface": [
            {
              "value": "paved",
              "between": null
            }
          ],
          "access_restrictions": [
            {
              "access_type": "denied",
              "when": {
                "during": null,
                "heading": "backward",
                "using": null,
                "recognized": null,
                "mode": null,
                "vehicle": null
              },
              "between": null
            }
          ],
          "speed_limits": [
            {
              "min_speed": null,
              "max_speed": {
                "value": 60,
                "unit": "km/h"
              },
              "is_max_speed_variable": null,
              "when": null,
              "between": null
            }
          ],
          "sources": [
            {
              "property": "",
              "dataset": "OpenStreetMap",
              "license": "ODbL-1.0",
              "record_id": "w142297112@27",
              "update_time": "2026-07-11T01:32:44Z",
              "confidence": null,
              "between": null,
              "provider": "osm",
              "resource": "planet",
              "version": "2026-08-05"
            }
          ],
          "version": 4
        }
      }
    },
    {
      "type": "Feature",
      "id": "2b910fae-b3af-4b15-97ab-ca1cf752e5cf",
      "geometry": {
        "type": "LineString",
        "coordinates": [
          [
            120.2070504,
            23.0263279
          ],
          [
            120.2070412,
            23.0264376
          ]
        ]
      },
      "properties": {
        "source": "overture",
        "sourceKey": "overture-segments",
        "sourceVersion": "latest",
        "sourceFeatureId": "2b910fae-b3af-4b15-97ab-ca1cf752e5cf",
        "facilityType": "residential",
        "pedestrianAllowed": null,
        "bicycleAllowed": null,
        "direction": "unknown",
        "provenance": [
          {
            "property": "",
            "dataset": "OpenStreetMap",
            "license": "ODbL-1.0",
            "record_id": "w270270894@6",
            "update_time": "2024-08-11T01:47:26Z",
            "confidence": null,
            "between": null,
            "provider": "osm",
            "resource": "planet",
            "version": "2026-08-05"
          }
        ],
        "connectorIds": [
          "2578fed3-d80b-4045-a789-af2f8f967a63",
          "4f771567-b1df-4972-b8a2-428e357542bd"
        ],
        "officialInventory": false,
        "name": "惠安街",
        "originalCrs": "EPSG:4326",
        "originalProperties": {
          "names": {
            "primary": "惠安街",
            "common": null,
            "rules": [
              {
                "variant": "common",
                "language": null,
                "perspectives": null,
                "value": "惠安街",
                "between": null,
                "side": null
              }
            ]
          },
          "subtype": "road",
          "class": "residential",
          "connectors": [
            {
              "connector_id": "2578fed3-d80b-4045-a789-af2f8f967a63",
              "at": 0.0
            },
            {
              "connector_id": "4f771567-b1df-4972-b8a2-428e357542bd",
              "at": 1.0
            }
          ],
          "speed_limits": [
            {
              "min_speed": null,
              "max_speed": {
                "value": 40,
                "unit": "km/h"
              },
              "is_max_speed_variable": null,
              "when": null,
              "between": null
            }
          ],
          "sources": [
            {
              "property": "",
              "dataset": "OpenStreetMap",
              "license": "ODbL-1.0",
              "record_id": "w270270894@6",
              "update_time": "2024-08-11T01:47:26Z",
              "confidence": null,
              "between": null,
              "provider": "osm",
              "resource": "planet",
              "version": "2026-08-05"
            }
          ],
          "version": 1
        }
      }
    },
    {
      "type": "Feature",
      "id": "46abf961-a777-4611-971b-51d8435f2aa4",
      "geometry": {
        "type": "LineString",
        "coordinates": [
          [
            120.2070412,
            23.0264376
          ],
          [
            120.2070294,
            23.0265796
          ],
          [
            120.206996,
            23.0268053
          ]
        ]
      },
      "properties": {
        "source": "overture",
        "sourceKey": "overture-segments",
        "sourceVersion": "latest",
        "sourceFeatureId": "46abf961-a777-4611-971b-51d8435f2aa4",
        "facilityType": "residential",
        "pedestrianAllowed": null,
        "bicycleAllowed": null,
        "direction": "unknown",
        "provenance": [
          {
            "property": "",
            "dataset": "OpenStreetMap",
            "license": "ODbL-1.0",
            "record_id": "w270270894@6",
            "update_time": "2024-08-11T01:47:26Z",
            "confidence": null,
            "between": null,
            "provider": "osm",
            "resource": "planet",
            "version": "2026-08-05"
          }
        ],
        "connectorIds": [
          "4f771567-b1df-4972-b8a2-428e357542bd",
          "3059611c-c8ba-4932-ae80-d90d4bc7d674",
          "b45ea2c4-5f64-4e67-a139-a83c2f9b6b78"
        ],
        "officialInventory": false,
        "name": "惠安街",
        "originalCrs": "EPSG:4326",
        "originalProperties": {
          "names": {
            "primary": "惠安街",
            "common": null,
            "rules": [
              {
                "variant": "common",
                "language": null,
                "perspectives": null,
                "value": "惠安街",
                "between": null,
                "side": null
              }
            ]
          },
          "subtype": "road",
          "class": "residential",
          "connectors": [
            {
              "connector_id": "4f771567-b1df-4972-b8a2-428e357542bd",
              "at": 0.0
            },
            {
              "connector_id": "3059611c-c8ba-4932-ae80-d90d4bc7d674",
              "at": 0.384681566
            },
            {
              "connector_id": "b45ea2c4-5f64-4e67-a139-a83c2f9b6b78",
              "at": 1.0
            }
          ],
          "speed_limits": [
            {
              "min_speed": null,
              "max_speed": {
                "value": 40,
                "unit": "km/h"
              },
              "is_max_speed_variable": null,
              "when": null,
              "between": null
            }
          ],
          "sources": [
            {
              "property": "",
              "dataset": "OpenStreetMap",
              "license": "ODbL-1.0",
              "record_id": "w270270894@6",
              "update_time": "2024-08-11T01:47:26Z",
              "confidence": null,
              "between": null,
              "provider": "osm",
              "resource": "planet",
              "version": "2026-08-05"
            }
          ],
          "version": 1
        }
      }
    },
    {
      "type": "Feature",
      "id": "b3b28d19-1038-4390-b718-7403067d3f47",
      "geometry": {
        "type": "LineString",
        "coordinates": [
          [
            120.20984,
            23.0265997
          ],
          [
            120.2084632,
            23.0265954
          ],
          [
            120.2070294,
            23.0265796
          ]
        ]
      },
      "properties": {
        "source": "overture",
        "sourceKey": "overture-segments",
        "sourceVersion": "latest",
        "sourceFeatureId": "b3b28d19-1038-4390-b718-7403067d3f47",
        "facilityType": "service",
        "pedestrianAllowed": null,
        "bicycleAllowed": null,
        "direction": "unknown",
        "provenance": [
          {
            "property": "",
            "dataset": "OpenStreetMap",
            "license": "ODbL-1.0",
            "record_id": "w159025833@3",
            "update_time": "2021-02-13T13:17:01Z",
            "confidence": null,
            "between": null,
            "provider": "osm",
            "resource": "planet",
            "version": "2026-08-05"
          }
        ],
        "connectorIds": [
          "6edfd784-f857-4263-9906-37422e5bc924",
          "dd179b87-7299-4aab-9a3d-5c7364196a3c",
          "3059611c-c8ba-4932-ae80-d90d4bc7d674"
        ],
        "officialInventory": false,
        "name": "惠安街51巷",
        "originalCrs": "EPSG:4326",
        "originalProperties": {
          "names": {
            "primary": "惠安街51巷",
            "common": null,
            "rules": [
              {
                "variant": "common",
                "language": null,
                "perspectives": null,
                "value": "惠安街51巷",
                "between": null,
                "side": null
              }
            ]
          },
          "subtype": "road",
          "class": "service",
          "subclass": "alley",
          "subclass_rules": [
            {
              "value": "alley",
              "between": null
            }
          ],
          "connectors": [
            {
              "connector_id": "6edfd784-f857-4263-9906-37422e5bc924",
              "at": 0.0
            },
            {
              "connector_id": "dd179b87-7299-4aab-9a3d-5c7364196a3c",
              "at": 0.489843511
            },
            {
              "connector_id": "3059611c-c8ba-4932-ae80-d90d4bc7d674",
              "at": 1.0
            }
          ],
          "sources": [
            {
              "property": "",
              "dataset": "OpenStreetMap",
              "license": "ODbL-1.0",
              "record_id": "w159025833@3",
              "update_time": "2021-02-13T13:17:01Z",
              "confidence": null,
              "between": null,
              "provider": "osm",
              "resource": "planet",
              "version": "2026-08-05"
            }
          ],
          "version": 1
        }
      }
    },
    {
      "type": "Feature",
      "id": "e6b5a1e5-3ef3-4f8d-8141-664ccef76404",
      "geometry": {
        "type": "LineString",
        "coordinates": [
          [
            120.2045941,
            23.0285102
          ],
          [
            120.204653,
            23.0279962
          ],
          [
            120.2047338,
            23.027341
          ],
          [
            120.2048444,
            23.0266956
          ],
          [
            120.2049337,
            23.0260926
          ],
          [
            120.2049785,
            23.0260059
          ],
          [
            120.2051297,
            23.0247173
          ],
          [
            120.2051464,
            23.024575
          ],
          [
            120.2051563,
            23.0244909
          ]
        ]
      },
      "properties": {
        "source": "overture",
        "sourceKey": "overture-segments",
        "sourceVersion": "latest",
        "sourceFeatureId": "e6b5a1e5-3ef3-4f8d-8141-664ccef76404",
        "facilityType": "service",
        "pedestrianAllowed": null,
        "bicycleAllowed": null,
        "direction": "unknown",
        "provenance": [
          {
            "property": "",
            "dataset": "OpenStreetMap",
            "license": "ODbL-1.0",
            "record_id": "w159025809@10",
            "update_time": "2026-07-11T01:32:44Z",
            "confidence": null,
            "between": null,
            "provider": "osm",
            "resource": "planet",
            "version": "2026-08-05"
          }
        ],
        "connectorIds": [
          "5814029e-0e6a-4748-9bea-e73e93dd324b",
          "551ff445-d414-45a7-8c6f-0690c6ac1b8d",
          "0ab294d1-9951-4005-bbad-c9328a02f66b",
          "4515ae7c-0da3-4f3b-ae49-4399d0ee39b4",
          "06b34f6e-f615-40c0-92f2-fd82adbba3ef",
          "057569bd-5198-4bde-a6d2-aa2a4beefe1b",
          "2a8203da-6914-4b3d-bcb8-558f9936537b",
          "7ed44a82-3a5a-42c4-b975-2877d2b65f4d"
        ],
        "officialInventory": false,
        "name": null,
        "originalCrs": "EPSG:4326",
        "originalProperties": {
          "subtype": "road",
          "class": "service",
          "connectors": [
            {
              "connector_id": "5814029e-0e6a-4748-9bea-e73e93dd324b",
              "at": 0.0
            },
            {
              "connector_id": "551ff445-d414-45a7-8c6f-0690c6ac1b8d",
              "at": 0.127359357
            },
            {
              "connector_id": "0ab294d1-9951-4005-bbad-c9328a02f66b",
              "at": 0.289848123
            },
            {
              "connector_id": "4515ae7c-0da3-4f3b-ae49-4399d0ee39b4",
              "at": 0.450861863
            },
            {
              "connector_id": "06b34f6e-f615-40c0-92f2-fd82adbba3ef",
              "at": 0.624509971
            },
            {
              "connector_id": "057569bd-5198-4bde-a6d2-aa2a4beefe1b",
              "at": 0.943886434
            },
            {
              "connector_id": "2a8203da-6914-4b3d-bcb8-558f9936537b",
              "at": 0.979155226
            },
            {
              "connector_id": "7ed44a82-3a5a-42c4-b975-2877d2b65f4d",
              "at": 1.0
            }
          ],
          "road_surface": [
            {
              "value": "paved",
              "between": null
            }
          ],
          "access_restrictions": [
            {
              "access_type": "denied",
              "when": {
                "during": null,
                "heading": "backward",
                "using": null,
                "recognized": null,
                "mode": null,
                "vehicle": null
              },
              "between": null
            }
          ],
          "speed_limits": [
            {
              "min_speed": null,
              "max_speed": {
                "value": 40,
                "unit": "km/h"
              },
              "is_max_speed_variable": null,
              "when": null,
              "between": null
            }
          ],
          "sources": [
            {
              "property": "",
              "dataset": "OpenStreetMap",
              "license": "ODbL-1.0",
              "record_id": "w159025809@10",
              "update_time": "2026-07-11T01:32:44Z",
              "confidence": null,
              "between": null,
              "provider": "osm",
              "resource": "planet",
              "version": "2026-08-05"
            }
          ],
          "version": 4
        }
      }
    },
    {
      "type": "Feature",
      "id": "3f917b22-6593-4c91-a280-2df318ee4c5b",
      "geometry": {
        "type": "LineString",
        "coordinates": [
          [
            120.200943,
            23.0275517
          ],
          [
            120.2013805,
            23.0256214
          ]
        ]
      },
      "properties": {
        "source": "overture",
        "sourceKey": "overture-segments",
        "sourceVersion": "latest",
        "sourceFeatureId": "3f917b22-6593-4c91-a280-2df318ee4c5b",
        "facilityType": "service",
        "pedestrianAllowed": null,
        "bicycleAllowed": null,
        "direction": "unknown",
        "provenance": [
          {
            "property": "",
            "dataset": "OpenStreetMap",
            "license": "ODbL-1.0",
            "record_id": "w822148825@2",
            "update_time": "2026-02-24T03:16:42Z",
            "confidence": null,
            "between": null,
            "provider": "osm",
            "resource": "planet",
            "version": "2026-08-05"
          }
        ],
        "connectorIds": [
          "ec19e69a-b225-4faf-b285-5f03122ab2ec",
          "5c2a7d1b-3035-4ce0-90d4-09ec24f81330"
        ],
        "officialInventory": false,
        "name": "安富街21巷",
        "originalCrs": "EPSG:4326",
        "originalProperties": {
          "names": {
            "primary": "安富街21巷",
            "common": null,
            "rules": [
              {
                "variant": "common",
                "language": null,
                "perspectives": null,
                "value": "安富街21巷",
                "between": null,
                "side": null
              }
            ]
          },
          "subtype": "road",
          "class": "service",
          "subclass": "alley",
          "subclass_rules": [
            {
              "value": "alley",
              "between": null
            }
          ],
          "connectors": [
            {
              "connector_id": "ec19e69a-b225-4faf-b285-5f03122ab2ec",
              "at": 0.0
            },
            {
              "connector_id": "5c2a7d1b-3035-4ce0-90d4-09ec24f81330",
              "at": 1.0
            }
          ],
          "sources": [
            {
              "property": "",
              "dataset": "OpenStreetMap",
              "license": "ODbL-1.0",
              "record_id": "w822148825@2",
              "update_time": "2026-02-24T03:16:42Z",
              "confidence": null,
              "between": null,
              "provider": "osm",
              "resource": "planet",
              "version": "2026-08-05"
            }
          ],
          "version": 2
        }
      }
    },
    {
      "type": "Feature",
      "id": "e54fa5aa-8a99-4153-a7f0-faecc4fedf14",
      "geometry": {
        "type": "LineString",
        "coordinates": [
          [
            120.20082,
            23.0255601
          ],
          [
            120.2006719,
            23.0262751
          ],
          [
            120.2004301,
            23.0274562
          ]
        ]
      },
      "properties": {
        "source": "overture",
        "sourceKey": "overture-segments",
        "sourceVersion": "latest",
        "sourceFeatureId": "e54fa5aa-8a99-4153-a7f0-faecc4fedf14",
        "facilityType": "residential",
        "pedestrianAllowed": null,
        "bicycleAllowed": null,
        "direction": "unknown",
        "provenance": [
          {
            "property": "",
            "dataset": "OpenStreetMap",
            "license": "ODbL-1.0",
            "record_id": "w376660036@5",
            "update_time": "2026-02-24T03:16:42Z",
            "confidence": null,
            "between": null,
            "provider": "osm",
            "resource": "planet",
            "version": "2026-08-05"
          }
        ],
        "connectorIds": [
          "78456a34-a742-4a4f-83bf-e68944967114",
          "923b6618-ba79-4d0f-9dc3-e43bf82d3a0f"
        ],
        "officialInventory": false,
        "name": "溪東一街",
        "originalCrs": "EPSG:4326",
        "originalProperties": {
          "names": {
            "primary": "溪東一街",
            "common": [
              [
                "en",
                "Sidong 1st Street"
              ],
              [
                "zh",
                "溪東一街"
              ]
            ],
            "rules": [
              {
                "variant": "common",
                "language": null,
                "perspectives": null,
                "value": "溪東一街",
                "between": null,
                "side": null
              }
            ]
          },
          "subtype": "road",
          "class": "residential",
          "connectors": [
            {
              "connector_id": "78456a34-a742-4a4f-83bf-e68944967114",
              "at": 0.0
            },
            {
              "connector_id": "923b6618-ba79-4d0f-9dc3-e43bf82d3a0f",
              "at": 1.0
            }
          ],
          "sources": [
            {
              "property": "",
              "dataset": "OpenStreetMap",
              "license": "ODbL-1.0",
              "record_id": "w376660036@5",
              "update_time": "2026-02-24T03:16:42Z",
              "confidence": null,
              "between": null,
              "provider": "osm",
              "resource": "planet",
              "version": "2026-08-05"
            }
          ],
          "version": 2
        }
      }
    },
    {
      "type": "Feature",
      "id": "37026c5e-39a8-423c-8bf8-c98ac6a3dc94",
      "geometry": {
        "type": "LineString",
        "coordinates": [
          [
            120.2019523,
            23.0263299
          ],
          [
            120.2025695,
            23.0264163
          ],
          [
            120.203001,
            23.0264772
          ],
          [
            120.2043026,
            23.0266136
          ],
          [
            120.2048444,
            23.0266956
          ],
          [
            120.2050306,
            23.0267084
          ]
        ]
      },
      "properties": {
        "source": "overture",
        "sourceKey": "overture-segments",
        "sourceVersion": "latest",
        "sourceFeatureId": "37026c5e-39a8-423c-8bf8-c98ac6a3dc94",
        "facilityType": "service",
        "pedestrianAllowed": null,
        "bicycleAllowed": null,
        "direction": "unknown",
        "provenance": [
          {
            "property": "",
            "dataset": "OpenStreetMap",
            "license": "ODbL-1.0",
            "record_id": "w159025805@6",
            "update_time": "2026-07-11T01:32:44Z",
            "confidence": null,
            "between": null,
            "provider": "osm",
            "resource": "planet",
            "version": "2026-08-05"
          }
        ],
        "connectorIds": [
          "7ad86bfc-c8fa-4559-b287-32e2079ac5a0",
          "f8a91349-503e-4b5f-baa0-d5a7348ee8de",
          "81225f5e-8926-4745-bc8f-a61d6d03f00c",
          "57f4b7e7-88cd-4957-ae97-1973086dac21",
          "4515ae7c-0da3-4f3b-ae49-4399d0ee39b4",
          "05331738-c17d-4e18-b46e-cb15d4cd1e24"
        ],
        "officialInventory": false,
        "name": "北安路二段93巷",
        "originalCrs": "EPSG:4326",
        "originalProperties": {
          "names": {
            "primary": "北安路二段93巷",
            "common": null,
            "rules": [
              {
                "variant": "common",
                "language": null,
                "perspectives": null,
                "value": "北安路二段93巷",
                "between": null,
                "side": null
              }
            ]
          },
          "subtype": "road",
          "class": "service",
          "subclass": "alley",
          "subclass_rules": [
            {
              "value": "alley",
              "between": null
            }
          ],
          "connectors": [
            {
              "connector_id": "7ad86bfc-c8fa-4559-b287-32e2079ac5a0",
              "at": 0.0
            },
            {
              "connector_id": "f8a91349-503e-4b5f-baa0-d5a7348ee8de",
              "at": 0.200950838
            },
            {
              "connector_id": "81225f5e-8926-4745-bc8f-a61d6d03f00c",
              "at": 0.341466415
            },
            {
              "connector_id": "57f4b7e7-88cd-4957-ae97-1973086dac21",
              "at": 0.763158672
            },
            {
              "connector_id": "4515ae7c-0da3-4f3b-ae49-4399d0ee39b4",
              "at": 0.939892882
            },
            {
              "connector_id": "05331738-c17d-4e18-b46e-cb15d4cd1e24",
              "at": 1.0
            }
          ],
          "sources": [
            {
              "property": "",
              "dataset": "OpenStreetMap",
              "license": "ODbL-1.0",
              "record_id": "w159025805@6",
              "update_time": "2026-07-11T01:32:44Z",
              "confidence": null,
              "between": null,
              "provider": "osm",
              "resource": "planet",
              "version": "2026-08-05"
            }
          ],
          "version": 4
        }
      }
    },
    {
      "type": "Feature",
      "id": "ecc9c71c-4e30-4f1d-a43c-18a69ef2b285",
      "geometry": {
        "type": "LineString",
        "coordinates": [
          [
            120.2040471,
            23.0285473
          ],
          [
            120.2040752,
            23.0282434
          ],
          [
            120.2041096,
            23.0279568
          ],
          [
            120.2041513,
            23.0276314
          ],
          [
            120.2041995,
            23.027296
          ],
          [
            120.2042488,
            23.0269464
          ],
          [
            120.2043026,
            23.0266136
          ],
          [
            120.2043504,
            23.0262535
          ],
          [
            120.204394,
            23.0259376
          ],
          [
            120.2044207,
            23.0256128
          ],
          [
            120.2045072,
            23.0252784
          ],
          [
            120.204689,
            23.024408
          ]
        ]
      },
      "properties": {
        "source": "overture",
        "sourceKey": "overture-segments",
        "sourceVersion": "latest",
        "sourceFeatureId": "ecc9c71c-4e30-4f1d-a43c-18a69ef2b285",
        "facilityType": "service",
        "pedestrianAllowed": null,
        "bicycleAllowed": null,
        "direction": "unknown",
        "provenance": [
          {
            "property": "",
            "dataset": "OpenStreetMap",
            "license": "ODbL-1.0",
            "record_id": "w159025811@10",
            "update_time": "2026-02-24T03:16:42Z",
            "confidence": null,
            "between": [
              0.0,
              0.628245918
            ],
            "provider": "osm",
            "resource": "planet",
            "version": "2026-08-05"
          },
          {
            "property": "",
            "dataset": "OpenStreetMap",
            "license": "ODbL-1.0",
            "record_id": "w1111715522@1",
            "update_time": "2024-08-11T01:47:26Z",
            "confidence": null,
            "between": [
              0.628245918,
              1.0
            ],
            "provider": "osm",
            "resource": "planet",
            "version": "2026-08-05"
          }
        ],
        "connectorIds": [
          "6d192bb8-09a6-4be0-baa2-9ce954232ab1",
          "60cf45f4-25dd-42f9-9261-5f00603138ca",
          "85f94107-7f41-4512-a824-fe4a2c52f060",
          "0626d0ca-ad1a-4d5b-a19e-8f0836379f07",
          "3a74f3cc-4c8b-4cbb-b4a9-63ea90bb598d",
          "c1e1c30e-6c18-4654-b006-0301c84b5642",
          "57f4b7e7-88cd-4957-ae97-1973086dac21",
          "6fd63d06-d97e-49e4-a074-d74b6c7501f9",
          "dda1741d-cf9e-4eed-a6e4-4f0aa8d88abe",
          "cf23b541-792b-4f29-bcda-4d66df1cef19",
          "9a98c584-3665-412e-86c2-be7af8786a90",
          "6540aa18-b148-4a46-9a25-27f70cd7b334"
        ],
        "officialInventory": false,
        "name": "府安路五段11巷",
        "originalCrs": "EPSG:4326",
        "originalProperties": {
          "names": {
            "primary": "府安路五段11巷",
            "common": null,
            "rules": [
              {
                "variant": "common",
                "language": null,
                "perspectives": null,
                "value": "府安路五段11巷",
                "between": null,
                "side": null
              }
            ]
          },
          "subtype": "road",
          "class": "service",
          "subclass": "alley",
          "subclass_rules": [
            {
              "value": "alley",
              "between": null
            }
          ],
          "connectors": [
            {
              "connector_id": "6d192bb8-09a6-4be0-baa2-9ce954232ab1",
              "at": 0.0
            },
            {
              "connector_id": "60cf45f4-25dd-42f9-9261-5f00603138ca",
              "at": 0.07286697
            },
            {
              "connector_id": "85f94107-7f41-4512-a824-fe4a2c52f060",
              "at": 0.141756802
            },
            {
              "connector_id": "0626d0ca-ad1a-4d5b-a19e-8f0836379f07",
              "at": 0.220039642
            },
            {
              "connector_id": "3a74f3cc-4c8b-4cbb-b4a9-63ea90bb598d",
              "at": 0.300872259
            },
            {
              "connector_id": "c1e1c30e-6c18-4654-b006-0301c84b5642",
              "at": 0.385099955
            },
            {
              "connector_id": "57f4b7e7-88cd-4957-ae97-1973086dac21",
              "at": 0.465490789
            },
            {
              "connector_id": "6fd63d06-d97e-49e4-a074-d74b6c7501f9",
              "at": 0.552165368
            },
            {
              "connector_id": "dda1741d-cf9e-4eed-a6e4-4f0aa8d88abe",
              "at": 0.628247023
            },
            {
              "connector_id": "cf23b541-792b-4f29-bcda-4d66df1cef19",
              "at": 0.70606586
            },
            {
              "connector_id": "9a98c584-3665-412e-86c2-be7af8786a90",
              "at": 0.788211666
            },
            {
              "connector_id": "6540aa18-b148-4a46-9a25-27f70cd7b334",
              "at": 1.0
            }
          ],
          "sources": [
            {
              "property": "",
              "dataset": "OpenStreetMap",
              "license": "ODbL-1.0",
              "record_id": "w159025811@10",
              "update_time": "2026-02-24T03:16:42Z",
              "confidence": null,
              "between": [
                0.0,
                0.628245918
              ],
              "provider": "osm",
              "resource": "planet",
              "version": "2026-08-05"
            },
            {
              "property": "",
              "dataset": "OpenStreetMap",
              "license": "ODbL-1.0",
              "record_id": "w1111715522@1",
              "update_time": "2024-08-11T01:47:26Z",
              "confidence": null,
              "between": [
                0.628245918,
                1.0
              ],
              "provider": "osm",
              "resource": "planet",
              "version": "2026-08-05"
            }
          ],
          "version": 3
        }
      }
    },
    {
      "type": "Feature",
      "id": "27f83c01-1c9d-4467-95dc-3c4da85e8bbe",
      "geometry": {
        "type": "LineString",
        "coordinates": [
          [
            120.1991379,
            23.0265445
          ],
          [
            120.1980897,
            23.026331
          ]
        ]
      },
      "properties": {
        "source": "overture",
        "sourceKey": "overture-segments",
        "sourceVersion": "latest",
        "sourceFeatureId": "27f83c01-1c9d-4467-95dc-3c4da85e8bbe",
        "facilityType": "residential",
        "pedestrianAllowed": null,
        "bicycleAllowed": null,
        "direction": "unknown",
        "provenance": [
          {
            "property": "",
            "dataset": "OpenStreetMap",
            "license": "ODbL-1.0",
            "record_id": "w662864109@4",
            "update_time": "2026-02-24T03:16:42Z",
            "confidence": null,
            "between": null,
            "provider": "osm",
            "resource": "planet",
            "version": "2026-08-05"
          }
        ],
        "connectorIds": [
          "ca1fa392-172f-4f8e-ba9e-cf9635dc223a",
          "d7eeaddc-ab0e-4f62-a19a-e9d3257299f4"
        ],
        "officialInventory": false,
        "name": "安富一街",
        "originalCrs": "EPSG:4326",
        "originalProperties": {
          "names": {
            "primary": "安富一街",
            "common": [
              [
                "en",
                "Anfu 1st Street"
              ],
              [
                "zh",
                "安富一街"
              ]
            ],
            "rules": [
              {
                "variant": "common",
                "language": null,
                "perspectives": null,
                "value": "安富一街",
                "between": null,
                "side": null
              }
            ]
          },
          "subtype": "road",
          "class": "residential",
          "connectors": [
            {
              "connector_id": "ca1fa392-172f-4f8e-ba9e-cf9635dc223a",
              "at": 0.0
            },
            {
              "connector_id": "d7eeaddc-ab0e-4f62-a19a-e9d3257299f4",
              "at": 1.0
            }
          ],
          "sources": [
            {
              "property": "",
              "dataset": "OpenStreetMap",
              "license": "ODbL-1.0",
              "record_id": "w662864109@4",
              "update_time": "2026-02-24T03:16:42Z",
              "confidence": null,
              "between": null,
              "provider": "osm",
              "resource": "planet",
              "version": "2026-08-05"
            }
          ],
          "version": 3
        }
      }
    },
    {
      "type": "Feature",
      "id": "b4295ad7-a787-4eb8-8171-115921c77d28",
      "geometry": {
        "type": "LineString",
        "coordinates": [
          [
            120.1995575,
            23.0272947
          ],
          [
            120.1999493,
            23.0254691
          ]
        ]
      },
      "properties": {
        "source": "overture",
        "sourceKey": "overture-segments",
        "sourceVersion": "latest",
        "sourceFeatureId": "b4295ad7-a787-4eb8-8171-115921c77d28",
        "facilityType": "residential",
        "pedestrianAllowed": null,
        "bicycleAllowed": null,
        "direction": "unknown",
        "provenance": [
          {
            "property": "",
            "dataset": "OpenStreetMap",
            "license": "ODbL-1.0",
            "record_id": "w662864107@2",
            "update_time": "2026-02-24T03:16:42Z",
            "confidence": null,
            "between": null,
            "provider": "osm",
            "resource": "planet",
            "version": "2026-08-05"
          }
        ],
        "connectorIds": [
          "0b778834-4133-4625-a433-7e9ac9d2f577",
          "50bed22c-0ef4-4322-87ca-6b6d57c226e9"
        ],
        "officialInventory": false,
        "name": "溪東二街",
        "originalCrs": "EPSG:4326",
        "originalProperties": {
          "names": {
            "primary": "溪東二街",
            "common": [
              [
                "en",
                "Sidong 2nd Street"
              ],
              [
                "zh",
                "溪東二街"
              ]
            ],
            "rules": [
              {
                "variant": "common",
                "language": null,
                "perspectives": null,
                "value": "溪東二街",
                "between": null,
                "side": null
              }
            ]
          },
          "subtype": "road",
          "class": "residential",
          "connectors": [
            {
              "connector_id": "0b778834-4133-4625-a433-7e9ac9d2f577",
              "at": 0.0
            },
            {
              "connector_id": "50bed22c-0ef4-4322-87ca-6b6d57c226e9",
              "at": 1.0
            }
          ],
          "sources": [
            {
              "property": "",
              "dataset": "OpenStreetMap",
              "license": "ODbL-1.0",
              "record_id": "w662864107@2",
              "update_time": "2026-02-24T03:16:42Z",
              "confidence": null,
              "between": null,
              "provider": "osm",
              "resource": "planet",
              "version": "2026-08-05"
            }
          ],
          "version": 2
        }
      }
    },
    {
      "type": "Feature",
      "id": "c9e75eb6-a0af-46c9-9cc3-3839c011eb1a",
      "geometry": {
        "type": "LineString",
        "coordinates": [
          [
            120.1971019,
            23.0261611
          ],
          [
            120.1970299,
            23.0264907
          ],
          [
            120.1969618,
            23.0268021
          ]
        ]
      },
      "properties": {
        "source": "overture",
        "sourceKey": "overture-segments",
        "sourceVersion": "latest",
        "sourceFeatureId": "c9e75eb6-a0af-46c9-9cc3-3839c011eb1a",
        "facilityType": "residential",
        "pedestrianAllowed": null,
        "bicycleAllowed": null,
        "direction": "unknown",
        "provenance": [
          {
            "property": "",
            "dataset": "OpenStreetMap",
            "license": "ODbL-1.0",
            "record_id": "w906616785@2",
            "update_time": "2026-02-20T11:12:42Z",
            "confidence": null,
            "between": null,
            "provider": "osm",
            "resource": "planet",
            "version": "2026-08-05"
          }
        ],
        "connectorIds": [
          "235e9cf1-c867-4e75-91c2-d13a931a6b0e",
          "7a069af7-ea06-49c5-9f59-f1b9ef1738f1",
          "bfc587af-96c5-41a4-868d-a7f5e1ae2a4c"
        ],
        "officialInventory": false,
        "name": "安富街199巷",
        "originalCrs": "EPSG:4326",
        "originalProperties": {
          "names": {
            "primary": "安富街199巷",
            "common": null,
            "rules": [
              {
                "variant": "common",
                "language": null,
                "perspectives": null,
                "value": "安富街199巷",
                "between": null,
                "side": null
              }
            ]
          },
          "subtype": "road",
          "class": "residential",
          "connectors": [
            {
              "connector_id": "235e9cf1-c867-4e75-91c2-d13a931a6b0e",
              "at": 0.0
            },
            {
              "connector_id": "7a069af7-ea06-49c5-9f59-f1b9ef1738f1",
              "at": 0.514185654
            },
            {
              "connector_id": "bfc587af-96c5-41a4-868d-a7f5e1ae2a4c",
              "at": 1.0
            }
          ],
          "sources": [
            {
              "property": "",
              "dataset": "OpenStreetMap",
              "license": "ODbL-1.0",
              "record_id": "w906616785@2",
              "update_time": "2026-02-20T11:12:42Z",
              "confidence": null,
              "between": null,
              "provider": "osm",
              "resource": "planet",
              "version": "2026-08-05"
            }
          ],
          "version": 2
        }
      }
    },
    {
      "type": "Feature",
      "id": "e7fd8a6d-4ec3-46e4-92dc-af4defcfac51",
      "geometry": {
        "type": "LineString",
        "coordinates": [
          [
            120.1979995,
            23.0266898
          ],
          [
            120.1970299,
            23.0264907
          ],
          [
            120.1959026,
            23.0262648
          ]
        ]
      },
      "properties": {
        "source": "overture",
        "sourceKey": "overture-segments",
        "sourceVersion": "latest",
        "sourceFeatureId": "e7fd8a6d-4ec3-46e4-92dc-af4defcfac51",
        "facilityType": "service",
        "pedestrianAllowed": null,
        "bicycleAllowed": null,
        "direction": "unknown",
        "provenance": [
          {
            "property": "",
            "dataset": "OpenStreetMap",
            "license": "ODbL-1.0",
            "record_id": "w906616786@1",
            "update_time": "2026-02-24T03:16:42Z",
            "confidence": null,
            "between": [
              0.0,
              0.462661758
            ],
            "provider": "osm",
            "resource": "planet",
            "version": "2026-08-05"
          },
          {
            "property": "",
            "dataset": "OpenStreetMap",
            "license": "ODbL-1.0",
            "record_id": "w159032636@4",
            "update_time": "2022-11-09T08:18:20Z",
            "confidence": null,
            "between": [
              0.462661758,
              1.0
            ],
            "provider": "osm",
            "resource": "planet",
            "version": "2026-08-05"
          }
        ],
        "connectorIds": [
          "6946d9aa-22b2-480e-803a-b1c9c6ddcbd8",
          "7a069af7-ea06-49c5-9f59-f1b9ef1738f1",
          "8013f217-2c87-49c4-ad4f-dbacca7ddda1"
        ],
        "officialInventory": false,
        "name": "安富街199巷2弄",
        "originalCrs": "EPSG:4326",
        "originalProperties": {
          "names": {
            "primary": "安富街199巷2弄",
            "common": null,
            "rules": [
              {
                "variant": "common",
                "language": null,
                "perspectives": null,
                "value": "安富街199巷3弄",
                "between": [
                  0.0,
                  0.462661758
                ],
                "side": null
              },
              {
                "variant": "common",
                "language": null,
                "perspectives": null,
                "value": "安富街199巷2弄",
                "between": [
                  0.462661758,
                  1.0
                ],
                "side": null
              }
            ]
          },
          "subtype": "road",
          "class": "service",
          "subclass": "alley",
          "subclass_rules": [
            {
              "value": "alley",
              "between": null
            }
          ],
          "connectors": [
            {
              "connector_id": "6946d9aa-22b2-480e-803a-b1c9c6ddcbd8",
              "at": 0.0
            },
            {
              "connector_id": "7a069af7-ea06-49c5-9f59-f1b9ef1738f1",
              "at": 0.462674656
            },
            {
              "connector_id": "8013f217-2c87-49c4-ad4f-dbacca7ddda1",
              "at": 1.0
            }
          ],
          "sources": [
            {
              "property": "",
              "dataset": "OpenStreetMap",
              "license": "ODbL-1.0",
              "record_id": "w906616786@1",
              "update_time": "2026-02-24T03:16:42Z",
              "confidence": null,
              "between": [
                0.0,
                0.462661758
              ],
              "provider": "osm",
              "resource": "planet",
              "version": "2026-08-05"
            },
            {
              "property": "",
              "dataset": "OpenStreetMap",
              "license": "ODbL-1.0",
              "record_id": "w159032636@4",
              "update_time": "2022-11-09T08:18:20Z",
              "confidence": null,
              "between": [
                0.462661758,
                1.0
              ],
              "provider": "osm",
              "resource": "planet",
              "version": "2026-08-05"
            }
          ],
          "version": 3
        }
      }
    },
    {
      "type": "Feature",
      "id": "6a50178e-be1e-456f-9a95-baed68f07984",
      "geometry": {
        "type": "LineString",
        "coordinates": [
          [
            120.1992757,
            23.0259271
          ],
          [
            120.1992673,
            23.0259645
          ],
          [
            120.1991379,
            23.0265445
          ]
        ]
      },
      "properties": {
        "source": "overture",
        "sourceKey": "overture-segments",
        "sourceVersion": "latest",
        "sourceFeatureId": "6a50178e-be1e-456f-9a95-baed68f07984",
        "facilityType": "residential",
        "pedestrianAllowed": null,
        "bicycleAllowed": null,
        "direction": "unknown",
        "provenance": [
          {
            "property": "",
            "dataset": "OpenStreetMap",
            "license": "ODbL-1.0",
            "record_id": "w510116957@4",
            "update_time": "2026-02-24T03:16:42Z",
            "confidence": null,
            "between": null,
            "provider": "osm",
            "resource": "planet",
            "version": "2026-08-05"
          }
        ],
        "connectorIds": [
          "14c4b141-030f-426a-a8a7-5b5781af730f",
          "dffbbdfb-e155-43b8-b90b-b1229f3102e9",
          "ca1fa392-172f-4f8e-ba9e-cf9635dc223a"
        ],
        "officialInventory": false,
        "name": "溪東三街",
        "originalCrs": "EPSG:4326",
        "originalProperties": {
          "names": {
            "primary": "溪東三街",
            "common": [
              [
                "en",
                "Sidong 3rd Street"
              ],
              [
                "zh",
                "溪東三街"
              ]
            ],
            "rules": [
              {
                "variant": "common",
                "language": null,
                "perspectives": null,
                "value": "溪東三街",
                "between": null,
                "side": null
              }
            ]
          },
          "subtype": "road",
          "class": "residential",
          "connectors": [
            {
              "connector_id": "14c4b141-030f-426a-a8a7-5b5781af730f",
              "at": 0.0
            },
            {
              "connector_id": "dffbbdfb-e155-43b8-b90b-b1229f3102e9",
              "at": 0.060592265
            },
            {
              "connector_id": "ca1fa392-172f-4f8e-ba9e-cf9635dc223a",
              "at": 1.0
            }
          ],
          "sources": [
            {
              "property": "",
              "dataset": "OpenStreetMap",
              "license": "ODbL-1.0",
              "record_id": "w510116957@4",
              "update_time": "2026-02-24T03:16:42Z",
              "confidence": null,
              "between": null,
              "provider": "osm",
              "resource": "planet",
              "version": "2026-08-05"
            }
          ],
          "version": 3
        }
      }
    },
    {
      "type": "Feature",
      "id": "a88d6da7-1441-4a10-bba9-5b94c772e738",
      "geometry": {
        "type": "LineString",
        "coordinates": [
          [
            120.1980897,
            23.026331
          ],
          [
            120.1971019,
            23.0261611
          ]
        ]
      },
      "properties": {
        "source": "overture",
        "sourceKey": "overture-segments",
        "sourceVersion": "latest",
        "sourceFeatureId": "a88d6da7-1441-4a10-bba9-5b94c772e738",
        "facilityType": "residential",
        "pedestrianAllowed": null,
        "bicycleAllowed": null,
        "direction": "unknown",
        "provenance": [
          {
            "property": "",
            "dataset": "OpenStreetMap",
            "license": "ODbL-1.0",
            "record_id": "w662864109@4",
            "update_time": "2026-02-24T03:16:42Z",
            "confidence": null,
            "between": null,
            "provider": "osm",
            "resource": "planet",
            "version": "2026-08-05"
          }
        ],
        "connectorIds": [
          "d7eeaddc-ab0e-4f62-a19a-e9d3257299f4",
          "235e9cf1-c867-4e75-91c2-d13a931a6b0e"
        ],
        "officialInventory": false,
        "name": "安富一街",
        "originalCrs": "EPSG:4326",
        "originalProperties": {
          "names": {
            "primary": "安富一街",
            "common": [
              [
                "en",
                "Anfu 1st Street"
              ],
              [
                "zh",
                "安富一街"
              ]
            ],
            "rules": [
              {
                "variant": "common",
                "language": null,
                "perspectives": null,
                "value": "安富一街",
                "between": null,
                "side": null
              }
            ]
          },
          "subtype": "road",
          "class": "residential",
          "connectors": [
            {
              "connector_id": "d7eeaddc-ab0e-4f62-a19a-e9d3257299f4",
              "at": 0.0
            },
            {
              "connector_id": "235e9cf1-c867-4e75-91c2-d13a931a6b0e",
              "at": 1.0
            }
          ],
          "sources": [
            {
              "property": "",
              "dataset": "OpenStreetMap",
              "license": "ODbL-1.0",
              "record_id": "w662864109@4",
              "update_time": "2026-02-24T03:16:42Z",
              "confidence": null,
              "between": null,
              "provider": "osm",
              "resource": "planet",
              "version": "2026-08-05"
            }
          ],
          "version": 3
        }
      }
    },
    {
      "type": "Feature",
      "id": "85ad98bd-50db-4222-9f89-5a997ddc1f4a",
      "geometry": {
        "type": "LineString",
        "coordinates": [
          [
            120.2045505,
            23.0262764
          ],
          [
            120.2043504,
            23.0262535
          ],
          [
            120.2030523,
            23.026139
          ],
          [
            120.2028795,
            23.026122
          ]
        ]
      },
      "properties": {
        "source": "overture",
        "sourceKey": "overture-segments",
        "sourceVersion": "latest",
        "sourceFeatureId": "85ad98bd-50db-4222-9f89-5a997ddc1f4a",
        "facilityType": "service",
        "pedestrianAllowed": null,
        "bicycleAllowed": null,
        "direction": "unknown",
        "provenance": [
          {
            "property": "",
            "dataset": "OpenStreetMap",
            "license": "ODbL-1.0",
            "record_id": "w906752616@1",
            "update_time": "2022-11-09T08:18:20Z",
            "confidence": null,
            "between": [
              0.0,
              0.120076072
            ],
            "provider": "osm",
            "resource": "planet",
            "version": "2026-08-05"
          },
          {
            "property": "",
            "dataset": "OpenStreetMap",
            "license": "ODbL-1.0",
            "record_id": "w159025849@3",
            "update_time": "2026-02-24T03:16:42Z",
            "confidence": null,
            "between": [
              0.120076072,
              1.0
            ],
            "provider": "osm",
            "resource": "planet",
            "version": "2026-08-05"
          }
        ],
        "connectorIds": [
          "537a78a4-d8af-4287-992b-cb83aac30b98",
          "6fd63d06-d97e-49e4-a074-d74b6c7501f9",
          "e130ac88-686c-47f0-a18c-bc96d1b7c682",
          "c62c32e3-7eb0-493f-af5f-73f8bed1ffda"
        ],
        "officialInventory": false,
        "name": "府安路五段11巷47弄",
        "originalCrs": "EPSG:4326",
        "originalProperties": {
          "names": {
            "primary": "府安路五段11巷47弄",
            "common": null,
            "rules": [
              {
                "variant": "common",
                "language": null,
                "perspectives": null,
                "value": "府安路五段11巷",
                "between": [
                  0.0,
                  0.120076072
                ],
                "side": null
              },
              {
                "variant": "common",
                "language": null,
                "perspectives": null,
                "value": "府安路五段11巷47弄",
                "between": [
                  0.120076072,
                  1.0
                ],
                "side": null
              }
            ]
          },
          "subtype": "road",
          "class": "service",
          "subclass": "alley",
          "subclass_rules": [
            {
              "value": "alley",
              "between": null
            }
          ],
          "connectors": [
            {
              "connector_id": "537a78a4-d8af-4287-992b-cb83aac30b98",
              "at": 0.0
            },
            {
              "connector_id": "6fd63d06-d97e-49e4-a074-d74b6c7501f9",
              "at": 0.120058513
            },
            {
              "connector_id": "e130ac88-686c-47f0-a18c-bc96d1b7c682",
              "at": 0.89652513
            },
            {
              "connector_id": "c62c32e3-7eb0-493f-af5f-73f8bed1ffda",
              "at": 1.0
            }
          ],
          "sources": [
            {
              "property": "",
              "dataset": "OpenStreetMap",
              "license": "ODbL-1.0",
              "record_id": "w906752616@1",
              "update_time": "2022-11-09T08:18:20Z",
              "confidence": null,
              "between": [
                0.0,
                0.120076072
              ],
              "provider": "osm",
              "resource": "planet",
              "version": "2026-08-05"
            },
            {
              "property": "",
              "dataset": "OpenStreetMap",
              "license": "ODbL-1.0",
              "record_id": "w159025849@3",
              "update_time": "2026-02-24T03:16:42Z",
              "confidence": null,
              "between": [
                0.120076072,
                1.0
              ],
              "provider": "osm",
              "resource": "planet",
              "version": "2026-08-05"
            }
          ],
          "version": 2
        }
      }
    },
    {
      "type": "Feature",
      "id": "bd70f15f-8fd0-42a6-b75f-1df40d606bbf",
      "geometry": {
        "type": "LineString",
        "coordinates": [
          [
            120.2025695,
            23.0264163
          ],
          [
            120.2026366,
            23.0257644
          ]
        ]
      },
      "properties": {
        "source": "overture",
        "sourceKey": "overture-segments",
        "sourceVersion": "latest",
        "sourceFeatureId": "bd70f15f-8fd0-42a6-b75f-1df40d606bbf",
        "facilityType": "service",
        "pedestrianAllowed": null,
        "bicycleAllowed": null,
        "direction": "unknown",
        "provenance": [
          {
            "property": "",
            "dataset": "OpenStreetMap",
            "license": "ODbL-1.0",
            "record_id": "w508644239@2",
            "update_time": "2026-02-24T03:16:42Z",
            "confidence": null,
            "between": null,
            "provider": "osm",
            "resource": "planet",
            "version": "2026-08-05"
          }
        ],
        "connectorIds": [
          "f8a91349-503e-4b5f-baa0-d5a7348ee8de",
          "60a12e7e-cefc-4245-8552-b4151cc6b39a"
        ],
        "officialInventory": false,
        "name": "北安路二段63巷60弄",
        "originalCrs": "EPSG:4326",
        "originalProperties": {
          "names": {
            "primary": "北安路二段63巷60弄",
            "common": null,
            "rules": [
              {
                "variant": "common",
                "language": null,
                "perspectives": null,
                "value": "北安路二段63巷60弄",
                "between": null,
                "side": null
              }
            ]
          },
          "subtype": "road",
          "class": "service",
          "subclass": "alley",
          "subclass_rules": [
            {
              "value": "alley",
              "between": null
            }
          ],
          "connectors": [
            {
              "connector_id": "f8a91349-503e-4b5f-baa0-d5a7348ee8de",
              "at": 0.0
            },
            {
              "connector_id": "60a12e7e-cefc-4245-8552-b4151cc6b39a",
              "at": 1.0
            }
          ],
          "sources": [
            {
              "property": "",
              "dataset": "OpenStreetMap",
              "license": "ODbL-1.0",
              "record_id": "w508644239@2",
              "update_time": "2026-02-24T03:16:42Z",
              "confidence": null,
              "between": null,
              "provider": "osm",
              "resource": "planet",
              "version": "2026-08-05"
            }
          ],
          "version": 2
        }
      }
    },
    {
      "type": "Feature",
      "id": "f59d4077-2a4b-4fce-8528-a30db76425f9",
      "geometry": {
        "type": "LineString",
        "coordinates": [
          [
            120.1992979,
            23.0259707
          ],
          [
            120.1992673,
            23.0259645
          ],
          [
            120.1991988,
            23.0259508
          ],
          [
            120.1992052,
            23.0259131
          ],
          [
            120.1992188,
            23.0258325
          ],
          [
            120.1992939,
            23.0258454
          ],
          [
            120.1993321,
            23.0258519
          ]
        ]
      },
      "properties": {
        "source": "overture",
        "sourceKey": "overture-segments",
        "sourceVersion": "latest",
        "sourceFeatureId": "f59d4077-2a4b-4fce-8528-a30db76425f9",
        "facilityType": "footway",
        "pedestrianAllowed": null,
        "bicycleAllowed": null,
        "direction": "unknown",
        "provenance": [
          {
            "property": "",
            "dataset": "OpenStreetMap",
            "license": "ODbL-1.0",
            "record_id": "w1481086130@1",
            "update_time": "2026-02-20T11:12:42Z",
            "confidence": null,
            "between": [
              0.0,
              0.292960811
            ],
            "provider": "osm",
            "resource": "planet",
            "version": "2026-08-05"
          },
          {
            "property": "",
            "dataset": "OpenStreetMap",
            "license": "ODbL-1.0",
            "record_id": "w1481086128@1",
            "update_time": "2026-02-20T11:12:42Z",
            "confidence": null,
            "between": [
              0.292960811,
              0.66684535
            ],
            "provider": "osm",
            "resource": "planet",
            "version": "2026-08-05"
          },
          {
            "property": "",
            "dataset": "OpenStreetMap",
            "license": "ODbL-1.0",
            "record_id": "w1481086129@1",
            "update_time": "2026-02-20T11:12:42Z",
            "confidence": null,
            "between": [
              0.66684535,
              1.0
            ],
            "provider": "osm",
            "resource": "planet",
            "version": "2026-08-05"
          }
        ],
        "connectorIds": [
          "8469d3ac-bc46-4d72-a470-8c97e53f4c11",
          "dffbbdfb-e155-43b8-b90b-b1229f3102e9",
          "7f4c1eca-7440-4598-9528-5c88044f2b19",
          "52362381-a673-4f6f-aba9-f44bc146c686",
          "0acf7b63-b96c-4019-8064-4d166cae5833",
          "b869a680-0aac-4cb9-9283-db992917ae43"
        ],
        "officialInventory": false,
        "name": null,
        "originalCrs": "EPSG:4326",
        "originalProperties": {
          "subtype": "road",
          "class": "footway",
          "subclass": "crosswalk",
          "subclass_rules": [
            {
              "value": "crosswalk",
              "between": null
            }
          ],
          "connectors": [
            {
              "connector_id": "8469d3ac-bc46-4d72-a470-8c97e53f4c11",
              "at": 0.0
            },
            {
              "connector_id": "dffbbdfb-e155-43b8-b90b-b1229f3102e9",
              "at": 0.090534803
            },
            {
              "connector_id": "7f4c1eca-7440-4598-9528-5c88044f2b19",
              "at": 0.412249944
            },
            {
              "connector_id": "52362381-a673-4f6f-aba9-f44bc146c686",
              "at": 0.666982032
            },
            {
              "connector_id": "0acf7b63-b96c-4019-8064-4d166cae5833",
              "at": 0.887743515
            },
            {
              "connector_id": "b869a680-0aac-4cb9-9283-db992917ae43",
              "at": 1.0
            }
          ],
          "road_surface": [
            {
              "value": "paved",
              "between": null
            }
          ],
          "sources": [
            {
              "property": "",
              "dataset": "OpenStreetMap",
              "license": "ODbL-1.0",
              "record_id": "w1481086130@1",
              "update_time": "2026-02-20T11:12:42Z",
              "confidence": null,
              "between": [
                0.0,
                0.292960811
              ],
              "provider": "osm",
              "resource": "planet",
              "version": "2026-08-05"
            },
            {
              "property": "",
              "dataset": "OpenStreetMap",
              "license": "ODbL-1.0",
              "record_id": "w1481086128@1",
              "update_time": "2026-02-20T11:12:42Z",
              "confidence": null,
              "between": [
                0.292960811,
                0.66684535
              ],
              "provider": "osm",
              "resource": "planet",
              "version": "2026-08-05"
            },
            {
              "property": "",
              "dataset": "OpenStreetMap",
              "license": "ODbL-1.0",
              "record_id": "w1481086129@1",
              "update_time": "2026-02-20T11:12:42Z",
              "confidence": null,
              "between": [
                0.66684535,
                1.0
              ],
              "provider": "osm",
              "resource": "planet",
              "version": "2026-08-05"
            }
          ],
          "version": 1
        }
      }
    },
    {
      "type": "Feature",
      "id": "56f61d66-d77b-42e4-b20f-3f01cbd28389",
      "geometry": {
        "type": "LineString",
        "coordinates": [
          [
            120.1982422,
            23.0257225
          ],
          [
            120.1982213,
            23.025807
          ],
          [
            120.1980897,
            23.026331
          ]
        ]
      },
      "properties": {
        "source": "overture",
        "sourceKey": "overture-segments",
        "sourceVersion": "latest",
        "sourceFeatureId": "56f61d66-d77b-42e4-b20f-3f01cbd28389",
        "facilityType": "residential",
        "pedestrianAllowed": null,
        "bicycleAllowed": null,
        "direction": "unknown",
        "provenance": [
          {
            "property": "",
            "dataset": "OpenStreetMap",
            "license": "ODbL-1.0",
            "record_id": "w662864111@11",
            "update_time": "2026-02-24T03:16:42Z",
            "confidence": null,
            "between": null,
            "provider": "osm",
            "resource": "planet",
            "version": "2026-08-05"
          }
        ],
        "connectorIds": [
          "0521710f-379b-4229-b49c-11a1230b90aa",
          "4c5e31c5-f5f6-4e84-93c5-698febe722d6",
          "d7eeaddc-ab0e-4f62-a19a-e9d3257299f4"
        ],
        "officialInventory": false,
        "name": "富東路",
        "originalCrs": "EPSG:4326",
        "originalProperties": {
          "names": {
            "primary": "富東路",
            "common": [
              [
                "en",
                "Fudong Road"
              ],
              [
                "zh",
                "富東路"
              ]
            ],
            "rules": [
              {
                "variant": "common",
                "language": null,
                "perspectives": null,
                "value": "富東路",
                "between": null,
                "side": null
              }
            ]
          },
          "subtype": "road",
          "class": "residential",
          "connectors": [
            {
              "connector_id": "0521710f-379b-4229-b49c-11a1230b90aa",
              "at": 0.0
            },
            {
              "connector_id": "4c5e31c5-f5f6-4e84-93c5-698febe722d6",
              "at": 0.138773785
            },
            {
              "connector_id": "d7eeaddc-ab0e-4f62-a19a-e9d3257299f4",
              "at": 1.0
            }
          ],
          "sources": [
            {
              "property": "",
              "dataset": "OpenStreetMap",
              "license": "ODbL-1.0",
              "record_id": "w662864111@11",
              "update_time": "2026-02-24T03:16:42Z",
              "confidence": null,
              "between": null,
              "provider": "osm",
              "resource": "planet",
              "version": "2026-08-05"
            }
          ],
          "version": 3
        }
      }
    },
    {
      "type": "Feature",
      "id": "9e654ef6-38ce-4241-bc2b-880ba15e93e8",
      "geometry": {
        "type": "LineString",
        "coordinates": [
          [
            120.1959779,
            23.02595
          ],
          [
            120.1971019,
            23.0261611
          ]
        ]
      },
      "properties": {
        "source": "overture",
        "sourceKey": "overture-segments",
        "sourceVersion": "latest",
        "sourceFeatureId": "9e654ef6-38ce-4241-bc2b-880ba15e93e8",
        "facilityType": "service",
        "pedestrianAllowed": null,
        "bicycleAllowed": null,
        "direction": "unknown",
        "provenance": [
          {
            "property": "",
            "dataset": "OpenStreetMap",
            "license": "ODbL-1.0",
            "record_id": "w664580594@4",
            "update_time": "2022-11-09T08:18:20Z",
            "confidence": null,
            "between": null,
            "provider": "osm",
            "resource": "planet",
            "version": "2026-08-05"
          }
        ],
        "connectorIds": [
          "09332ea7-98ad-45d0-8217-d220bb9e083b",
          "235e9cf1-c867-4e75-91c2-d13a931a6b0e"
        ],
        "officialInventory": false,
        "name": "安富街199巷4弄",
        "originalCrs": "EPSG:4326",
        "originalProperties": {
          "names": {
            "primary": "安富街199巷4弄",
            "common": null,
            "rules": [
              {
                "variant": "common",
                "language": null,
                "perspectives": null,
                "value": "安富街199巷4弄",
                "between": null,
                "side": null
              }
            ]
          },
          "subtype": "road",
          "class": "service",
          "subclass": "alley",
          "subclass_rules": [
            {
              "value": "alley",
              "between": null
            }
          ],
          "connectors": [
            {
              "connector_id": "09332ea7-98ad-45d0-8217-d220bb9e083b",
              "at": 0.0
            },
            {
              "connector_id": "235e9cf1-c867-4e75-91c2-d13a931a6b0e",
              "at": 1.0
            }
          ],
          "sources": [
            {
              "property": "",
              "dataset": "OpenStreetMap",
              "license": "ODbL-1.0",
              "record_id": "w664580594@4",
              "update_time": "2022-11-09T08:18:20Z",
              "confidence": null,
              "between": null,
              "provider": "osm",
              "resource": "planet",
              "version": "2026-08-05"
            }
          ],
          "version": 2
        }
      }
    },
    {
      "type": "Feature",
      "id": "4e91322a-e332-4f58-b128-41345f1e7e3b",
      "geometry": {
        "type": "LineString",
        "coordinates": [
          [
            120.1981901,
            23.0256327
          ],
          [
            120.198261,
            23.0256461
          ],
          [
            120.1983441,
            23.0256618
          ]
        ]
      },
      "properties": {
        "source": "overture",
        "sourceKey": "overture-segments",
        "sourceVersion": "latest",
        "sourceFeatureId": "4e91322a-e332-4f58-b128-41345f1e7e3b",
        "facilityType": "footway",
        "pedestrianAllowed": null,
        "bicycleAllowed": null,
        "direction": "unknown",
        "provenance": [
          {
            "property": "",
            "dataset": "OpenStreetMap",
            "license": "ODbL-1.0",
            "record_id": "w1481086139@1",
            "update_time": "2026-02-20T11:12:42Z",
            "confidence": null,
            "between": null,
            "provider": "osm",
            "resource": "planet",
            "version": "2026-08-05"
          }
        ],
        "connectorIds": [
          "ba527415-ddac-4b51-b91c-4f8cb25a297e",
          "c5ff61c2-d1ae-4284-9561-af6ccecd9fb3",
          "056978f0-efab-4c23-b0a3-4833cf5cd3b6"
        ],
        "officialInventory": false,
        "name": null,
        "originalCrs": "EPSG:4326",
        "originalProperties": {
          "subtype": "road",
          "class": "footway",
          "subclass": "crosswalk",
          "subclass_rules": [
            {
              "value": "crosswalk",
              "between": null
            }
          ],
          "connectors": [
            {
              "connector_id": "ba527415-ddac-4b51-b91c-4f8cb25a297e",
              "at": 0.0
            },
            {
              "connector_id": "c5ff61c2-d1ae-4284-9561-af6ccecd9fb3",
              "at": 0.460393297
            },
            {
              "connector_id": "056978f0-efab-4c23-b0a3-4833cf5cd3b6",
              "at": 1.0
            }
          ],
          "road_surface": [
            {
              "value": "paved",
              "between": null
            }
          ],
          "sources": [
            {
              "property": "",
              "dataset": "OpenStreetMap",
              "license": "ODbL-1.0",
              "record_id": "w1481086139@1",
              "update_time": "2026-02-20T11:12:42Z",
              "confidence": null,
              "between": null,
              "provider": "osm",
              "resource": "planet",
              "version": "2026-08-05"
            }
          ],
          "version": 1
        }
      }
    },
    {
      "type": "Feature",
      "id": "0b804a2a-9fbf-4f15-a297-d0d16c145499",
      "geometry": {
        "type": "LineString",
        "coordinates": [
          [
            120.1972483,
            23.0255288
          ],
          [
            120.1981706,
            23.0257085
          ],
          [
            120.1982422,
            23.0257225
          ]
        ]
      },
      "properties": {
        "source": "overture",
        "sourceKey": "overture-segments",
        "sourceVersion": "latest",
        "sourceFeatureId": "0b804a2a-9fbf-4f15-a297-d0d16c145499",
        "facilityType": "residential",
        "pedestrianAllowed": null,
        "bicycleAllowed": null,
        "direction": "unknown",
        "provenance": [
          {
            "property": "",
            "dataset": "OpenStreetMap",
            "license": "ODbL-1.0",
            "record_id": "w662864110@4",
            "update_time": "2026-02-24T03:16:42Z",
            "confidence": null,
            "between": null,
            "provider": "osm",
            "resource": "planet",
            "version": "2026-08-05"
          }
        ],
        "connectorIds": [
          "8b7e37e6-7a86-474b-acf7-60b8b45a4b0f",
          "233d66c8-b466-4ac9-b039-1c4c2f576952",
          "0521710f-379b-4229-b49c-11a1230b90aa"
        ],
        "officialInventory": false,
        "name": "安富二街",
        "originalCrs": "EPSG:4326",
        "originalProperties": {
          "names": {
            "primary": "安富二街",
            "common": [
              [
                "en",
                "Anfu 2nd Street"
              ],
              [
                "zh",
                "安富二街"
              ]
            ],
            "rules": [
              {
                "variant": "common",
                "language": null,
                "perspectives": null,
                "value": "安富二街",
                "between": null,
                "side": null
              }
            ]
          },
          "subtype": "road",
          "class": "residential",
          "connectors": [
            {
              "connector_id": "8b7e37e6-7a86-474b-acf7-60b8b45a4b0f",
              "at": 0.0
            },
            {
              "connector_id": "233d66c8-b466-4ac9-b039-1c4c2f576952",
              "at": 0.927950518
            },
            {
              "connector_id": "0521710f-379b-4229-b49c-11a1230b90aa",
              "at": 1.0
            }
          ],
          "sources": [
            {
              "property": "",
              "dataset": "OpenStreetMap",
              "license": "ODbL-1.0",
              "record_id": "w662864110@4",
              "update_time": "2026-02-24T03:16:42Z",
              "confidence": null,
              "between": null,
              "provider": "osm",
              "resource": "planet",
              "version": "2026-08-05"
            }
          ],
          "version": 2
        }
      }
    },
    {
      "type": "Feature",
      "id": "cf4bc872-2348-4032-95eb-292a644f8d33",
      "geometry": {
        "type": "LineString",
        "coordinates": [
          [
            120.1983441,
            23.0256618
          ],
          [
            120.1983272,
            23.0256262
          ],
          [
            120.1983922,
            23.0254195
          ],
          [
            120.1984259,
            23.0254019
          ],
          [
            120.1987217,
            23.025411
          ],
          [
            120.1990172,
            23.0254392
          ],
          [
            120.1992361,
            23.0254636
          ],
          [
            120.1992925,
            23.0254699
          ],
          [
            120.1992876,
            23.0255137
          ],
          [
            120.1992698,
            23.0256025
          ],
          [
            120.1992188,
            23.0258325
          ],
          [
            120.1991825,
            23.0258362
          ],
          [
            120.1989557,
            23.0257893
          ],
          [
            120.1986454,
            23.0257251
          ]
        ]
      },
      "properties": {
        "source": "overture",
        "sourceKey": "overture-segments",
        "sourceVersion": "latest",
        "sourceFeatureId": "cf4bc872-2348-4032-95eb-292a644f8d33",
        "facilityType": "footway",
        "pedestrianAllowed": null,
        "bicycleAllowed": null,
        "direction": "unknown",
        "provenance": [
          {
            "property": "",
            "dataset": "OpenStreetMap",
            "license": "ODbL-1.0",
            "record_id": "w1481086126@1",
            "update_time": "2026-02-24T03:16:42Z",
            "confidence": null,
            "between": null,
            "provider": "osm",
            "resource": "planet",
            "version": "2026-08-05"
          }
        ],
        "connectorIds": [
          "056978f0-efab-4c23-b0a3-4833cf5cd3b6",
          "ba1482b8-c1f0-48d2-996b-9381558276a3",
          "7a8a0b7e-9b4d-4d8e-92f6-554935549519",
          "14d67756-c461-4973-afd8-ff14b7d32a58",
          "49cc3b25-a464-45e1-bfdc-6f15fb20a6b0",
          "10307f31-f5a9-4fc6-a42d-80d0ef22ed7b",
          "9b2cea32-8161-4b2d-aa5f-5ed291b9a2cf",
          "c3ea3db9-37fb-452d-814b-cfa9b18bd78b",
          "52362381-a673-4f6f-aba9-f44bc146c686",
          "c59a9246-e31a-41d0-aeba-907d89f5591d",
          "38845b12-525d-42a0-823a-1ddd888c7def",
          "f83184ef-7f03-4338-be8e-bdb920533503"
        ],
        "officialInventory": false,
        "name": null,
        "originalCrs": "EPSG:4326",
        "originalProperties": {
          "subtype": "road",
          "class": "footway",
          "subclass": "sidewalk",
          "subclass_rules": [
            {
              "value": "sidewalk",
              "between": null
            }
          ],
          "connectors": [
            {
              "connector_id": "056978f0-efab-4c23-b0a3-4833cf5cd3b6",
              "at": 0.0
            },
            {
              "connector_id": "ba1482b8-c1f0-48d2-996b-9381558276a3",
              "at": 0.126583069
            },
            {
              "connector_id": "7a8a0b7e-9b4d-4d8e-92f6-554935549519",
              "at": 0.144420358
            },
            {
              "connector_id": "14d67756-c461-4973-afd8-ff14b7d32a58",
              "at": 0.280852955
            },
            {
              "connector_id": "49cc3b25-a464-45e1-bfdc-6f15fb20a6b0",
              "at": 0.417794062
            },
            {
              "connector_id": "10307f31-f5a9-4fc6-a42d-80d0ef22ed7b",
              "at": 0.519431215
            },
            {
              "connector_id": "9b2cea32-8161-4b2d-aa5f-5ed291b9a2cf",
              "at": 0.54561901
            },
            {
              "connector_id": "c3ea3db9-37fb-452d-814b-cfa9b18bd78b",
              "at": 0.612530441
            },
            {
              "connector_id": "52362381-a673-4f6f-aba9-f44bc146c686",
              "at": 0.729467216
            },
            {
              "connector_id": "c59a9246-e31a-41d0-aeba-907d89f5591d",
              "at": 0.746301824
            },
            {
              "connector_id": "38845b12-525d-42a0-823a-1ddd888c7def",
              "at": 0.853428839
            },
            {
              "connector_id": "f83184ef-7f03-4338-be8e-bdb920533503",
              "at": 1.0
            }
          ],
          "sources": [
            {
              "property": "",
              "dataset": "OpenStreetMap",
              "license": "ODbL-1.0",
              "record_id": "w1481086126@1",
              "update_time": "2026-02-24T03:16:42Z",
              "confidence": null,
              "between": null,
              "provider": "osm",
              "resource": "planet",
              "version": "2026-08-05"
            }
          ],
          "version": 1
        }
      }
    },
    {
      "type": "Feature",
      "id": "5fd76976-58a1-4b76-ad67-34eef6e93d1a",
      "geometry": {
        "type": "LineString",
        "coordinates": [
          [
            120.1992015,
            23.0256025
          ],
          [
            120.1991667,
            23.025637
          ]
        ]
      },
      "properties": {
        "source": "overture",
        "sourceKey": "overture-segments",
        "sourceVersion": "latest",
        "sourceFeatureId": "5fd76976-58a1-4b76-ad67-34eef6e93d1a",
        "facilityType": "footway",
        "pedestrianAllowed": null,
        "bicycleAllowed": null,
        "direction": "unknown",
        "provenance": [
          {
            "property": "",
            "dataset": "OpenStreetMap",
            "license": "ODbL-1.0",
            "record_id": "w1481086136@1",
            "update_time": "2026-02-20T11:12:42Z",
            "confidence": null,
            "between": null,
            "provider": "osm",
            "resource": "planet",
            "version": "2026-08-05"
          }
        ],
        "connectorIds": [
          "8542b384-53fb-4f88-ac29-d77421acf34c",
          "a88e0c65-55d1-445d-9222-481c711583e8"
        ],
        "officialInventory": false,
        "name": null,
        "originalCrs": "EPSG:4326",
        "originalProperties": {
          "subtype": "road",
          "class": "footway",
          "connectors": [
            {
              "connector_id": "8542b384-53fb-4f88-ac29-d77421acf34c",
              "at": 0.0
            },
            {
              "connector_id": "a88e0c65-55d1-445d-9222-481c711583e8",
              "at": 1.0
            }
          ],
          "sources": [
            {
              "property": "",
              "dataset": "OpenStreetMap",
              "license": "ODbL-1.0",
              "record_id": "w1481086136@1",
              "update_time": "2026-02-20T11:12:42Z",
              "confidence": null,
              "between": null,
              "provider": "osm",
              "resource": "planet",
              "version": "2026-08-05"
            }
          ],
          "version": 1
        }
      }
    },
    {
      "type": "Feature",
      "id": "d0a722d3-ac9f-4200-b59a-d3994e0c957d",
      "geometry": {
        "type": "LineString",
        "coordinates": [
          [
            120.1991053,
            23.0257547
          ],
          [
            120.1990786,
            23.0257538
          ],
          [
            120.1990536,
            23.0257454
          ],
          [
            120.1990327,
            23.0257301
          ],
          [
            120.199018,
            23.0257096
          ],
          [
            120.199011,
            23.0256859
          ],
          [
            120.1990124,
            23.0256614
          ],
          [
            120.1990221,
            23.0256385
          ],
          [
            120.199039,
            23.0256195
          ],
          [
            120.199064,
            23.0256054
          ],
          [
            120.1990926,
            23.0256001
          ],
          [
            120.1991216,
            23.025604
          ],
          [
            120.1991473,
            23.0256168
          ],
          [
            120.1991667,
            23.025637
          ],
          [
            120.1991775,
            23.025662
          ],
          [
            120.1991783,
            23.0256889
          ],
          [
            120.1991692,
            23.0257144
          ],
          [
            120.199153,
            23.025734
          ],
          [
            120.1991309,
            23.0257478
          ]
        ]
      },
      "properties": {
        "source": "overture",
        "sourceKey": "overture-segments",
        "sourceVersion": "latest",
        "sourceFeatureId": "d0a722d3-ac9f-4200-b59a-d3994e0c957d",
        "facilityType": "footway",
        "pedestrianAllowed": null,
        "bicycleAllowed": null,
        "direction": "unknown",
        "provenance": [
          {
            "property": "",
            "dataset": "OpenStreetMap",
            "license": "ODbL-1.0",
            "record_id": "w1481086132@1",
            "update_time": "2026-02-20T11:12:42Z",
            "confidence": null,
            "between": null,
            "provider": "osm",
            "resource": "planet",
            "version": "2026-08-05"
          }
        ],
        "connectorIds": [
          "22681103-949f-4c13-b1fb-e91db88e10c7",
          "e0f3cd2c-78eb-4d3b-99ee-30315e864ba4",
          "aa340618-c15f-4a6e-b9fe-62001a78161f",
          "a88e0c65-55d1-445d-9222-481c711583e8",
          "2d04d168-fb14-4ecc-8555-14fa2e44bb97"
        ],
        "officialInventory": false,
        "name": null,
        "originalCrs": "EPSG:4326",
        "originalProperties": {
          "subtype": "road",
          "class": "footway",
          "connectors": [
            {
              "connector_id": "22681103-949f-4c13-b1fb-e91db88e10c7",
              "at": 0.0
            },
            {
              "connector_id": "e0f3cd2c-78eb-4d3b-99ee-30315e864ba4",
              "at": 0.160117021
            },
            {
              "connector_id": "aa340618-c15f-4a6e-b9fe-62001a78161f",
              "at": 0.426038477
            },
            {
              "connector_id": "a88e0c65-55d1-445d-9222-481c711583e8",
              "at": 0.718660572
            },
            {
              "connector_id": "2d04d168-fb14-4ecc-8555-14fa2e44bb97",
              "at": 1.0
            }
          ],
          "sources": [
            {
              "property": "",
              "dataset": "OpenStreetMap",
              "license": "ODbL-1.0",
              "record_id": "w1481086132@1",
              "update_time": "2026-02-20T11:12:42Z",
              "confidence": null,
              "between": null,
              "provider": "osm",
              "resource": "planet",
              "version": "2026-08-05"
            }
          ],
          "version": 1
        }
      }
    },
    {
      "type": "Feature",
      "id": "d7d71ade-fc1b-4092-8cf7-74a109d8c29b",
      "geometry": {
        "type": "LineString",
        "coordinates": [
          [
            120.1993878,
            23.0254161
          ],
          [
            120.1993726,
            23.0254825
          ],
          [
            120.1992939,
            23.0258454
          ],
          [
            120.1992757,
            23.0259271
          ]
        ]
      },
      "properties": {
        "source": "overture",
        "sourceKey": "overture-segments",
        "sourceVersion": "latest",
        "sourceFeatureId": "d7d71ade-fc1b-4092-8cf7-74a109d8c29b",
        "facilityType": "residential",
        "pedestrianAllowed": null,
        "bicycleAllowed": null,
        "direction": "unknown",
        "provenance": [
          {
            "property": "",
            "dataset": "OpenStreetMap",
            "license": "ODbL-1.0",
            "record_id": "w510116957@4",
            "update_time": "2026-02-24T03:16:42Z",
            "confidence": null,
            "between": null,
            "provider": "osm",
            "resource": "planet",
            "version": "2026-08-05"
          }
        ],
        "connectorIds": [
          "cf429f15-a66b-4cbb-84ef-1841167d5087",
          "5f08e05e-a963-4b2d-9d15-de4a4b25aa06",
          "0acf7b63-b96c-4019-8064-4d166cae5833",
          "14c4b141-030f-426a-a8a7-5b5781af730f"
        ],
        "officialInventory": false,
        "name": "溪東三街",
        "originalCrs": "EPSG:4326",
        "originalProperties": {
          "names": {
            "primary": "溪東三街",
            "common": [
              [
                "en",
                "Sidong 3rd Street"
              ],
              [
                "zh",
                "溪東三街"
              ]
            ],
            "rules": [
              {
                "variant": "common",
                "language": null,
                "perspectives": null,
                "value": "溪東三街",
                "between": null,
                "side": null
              }
            ]
          },
          "subtype": "road",
          "class": "residential",
          "connectors": [
            {
              "connector_id": "cf429f15-a66b-4cbb-84ef-1841167d5087",
              "at": 0.0
            },
            {
              "connector_id": "5f08e05e-a963-4b2d-9d15-de4a4b25aa06",
              "at": 0.130168827
            },
            {
              "connector_id": "0acf7b63-b96c-4019-8064-4d166cae5833",
              "at": 0.840019942
            },
            {
              "connector_id": "14c4b141-030f-426a-a8a7-5b5781af730f",
              "at": 1.0
            }
          ],
          "sources": [
            {
              "property": "",
              "dataset": "OpenStreetMap",
              "license": "ODbL-1.0",
              "record_id": "w510116957@4",
              "update_time": "2026-02-24T03:16:42Z",
              "confidence": null,
              "between": null,
              "provider": "osm",
              "resource": "planet",
              "version": "2026-08-05"
            }
          ],
          "version": 2
        }
      }
    },
    {
      "type": "Feature",
      "id": "30dbd301-df05-4c34-b81d-06968421f83f",
      "geometry": {
        "type": "LineString",
        "coordinates": [
          [
            120.1983441,
            23.0256618
          ],
          [
            120.19833,
            23.0257399
          ],
          [
            120.1983111,
            23.0258293
          ],
          [
            120.1982213,
            23.025807
          ],
          [
            120.1981512,
            23.0257895
          ],
          [
            120.1981706,
            23.0257085
          ],
          [
            120.1981901,
            23.0256327
          ]
        ]
      },
      "properties": {
        "source": "overture",
        "sourceKey": "overture-segments",
        "sourceVersion": "latest",
        "sourceFeatureId": "30dbd301-df05-4c34-b81d-06968421f83f",
        "facilityType": "footway",
        "pedestrianAllowed": null,
        "bicycleAllowed": null,
        "direction": "unknown",
        "provenance": [
          {
            "property": "",
            "dataset": "OpenStreetMap",
            "license": "ODbL-1.0",
            "record_id": "w1481086140@1",
            "update_time": "2026-02-24T03:16:42Z",
            "confidence": null,
            "between": [
              0.0,
              0.351556835
            ],
            "provider": "osm",
            "resource": "planet",
            "version": "2026-08-05"
          },
          {
            "property": "",
            "dataset": "OpenStreetMap",
            "license": "ODbL-1.0",
            "record_id": "w1481086137@1",
            "update_time": "2026-02-24T03:16:42Z",
            "confidence": null,
            "between": [
              0.351556835,
              0.667883425
            ],
            "provider": "osm",
            "resource": "planet",
            "version": "2026-08-05"
          },
          {
            "property": "",
            "dataset": "OpenStreetMap",
            "license": "ODbL-1.0",
            "record_id": "w1481086138@1",
            "update_time": "2026-02-24T03:16:42Z",
            "confidence": null,
            "between": [
              0.667883425,
              1.0
            ],
            "provider": "osm",
            "resource": "planet",
            "version": "2026-08-05"
          }
        ],
        "connectorIds": [
          "056978f0-efab-4c23-b0a3-4833cf5cd3b6",
          "3ff2fda2-efeb-4de3-97da-1a72a6b88f4b",
          "4c5e31c5-f5f6-4e84-93c5-698febe722d6",
          "233d66c8-b466-4ac9-b039-1c4c2f576952",
          "ba527415-ddac-4b51-b91c-4f8cb25a297e"
        ],
        "officialInventory": false,
        "name": null,
        "originalCrs": "EPSG:4326",
        "originalProperties": {
          "subtype": "road",
          "class": "footway",
          "subclass": "crosswalk",
          "subclass_rules": [
            {
              "value": "crosswalk",
              "between": null
            }
          ],
          "connectors": [
            {
              "connector_id": "056978f0-efab-4c23-b0a3-4833cf5cd3b6",
              "at": 0.0
            },
            {
              "connector_id": "3ff2fda2-efeb-4de3-97da-1a72a6b88f4b",
              "at": 0.163458271
            },
            {
              "connector_id": "4c5e31c5-f5f6-4e84-93c5-698febe722d6",
              "at": 0.529155967
            },
            {
              "connector_id": "233d66c8-b466-4ac9-b039-1c4c2f576952",
              "at": 0.839150396
            },
            {
              "connector_id": "ba527415-ddac-4b51-b91c-4f8cb25a297e",
              "at": 1.0
            }
          ],
          "road_surface": [
            {
              "value": "paved",
              "between": null
            }
          ],
          "sources": [
            {
              "property": "",
              "dataset": "OpenStreetMap",
              "license": "ODbL-1.0",
              "record_id": "w1481086140@1",
              "update_time": "2026-02-24T03:16:42Z",
              "confidence": null,
              "between": [
                0.0,
                0.351556835
              ],
              "provider": "osm",
              "resource": "planet",
              "version": "2026-08-05"
            },
            {
              "property": "",
              "dataset": "OpenStreetMap",
              "license": "ODbL-1.0",
              "record_id": "w1481086137@1",
              "update_time": "2026-02-24T03:16:42Z",
              "confidence": null,
              "between": [
                0.351556835,
                0.667883425
              ],
              "provider": "osm",
              "resource": "planet",
              "version": "2026-08-05"
            },
            {
              "property": "",
              "dataset": "OpenStreetMap",
              "license": "ODbL-1.0",
              "record_id": "w1481086138@1",
              "update_time": "2026-02-24T03:16:42Z",
              "confidence": null,
              "between": [
                0.667883425,
                1.0
              ],
              "provider": "osm",
              "resource": "planet",
              "version": "2026-08-05"
            }
          ],
          "version": 1
        }
      }
    },
    {
      "type": "Feature",
      "id": "a31a50a1-d8a9-488e-8e34-c41236719432",
      "geometry": {
        "type": "LineString",
        "coordinates": [
          [
            120.1971688,
            23.0258722
          ],
          [
            120.1960505,
            23.0256441
          ]
        ]
      },
      "properties": {
        "source": "overture",
        "sourceKey": "overture-segments",
        "sourceVersion": "latest",
        "sourceFeatureId": "a31a50a1-d8a9-488e-8e34-c41236719432",
        "facilityType": "service",
        "pedestrianAllowed": null,
        "bicycleAllowed": null,
        "direction": "unknown",
        "provenance": [
          {
            "property": "",
            "dataset": "OpenStreetMap",
            "license": "ODbL-1.0",
            "record_id": "w159032621@4",
            "update_time": "2022-11-09T08:18:20Z",
            "confidence": null,
            "between": null,
            "provider": "osm",
            "resource": "planet",
            "version": "2026-08-05"
          }
        ],
        "connectorIds": [
          "f2c035e2-4a0a-4d16-adf4-aa8fb4a87109",
          "74ec5bbc-110f-4701-b3d8-ca3c08360d05"
        ],
        "officialInventory": false,
        "name": "安富街199巷6弄",
        "originalCrs": "EPSG:4326",
        "originalProperties": {
          "names": {
            "primary": "安富街199巷6弄",
            "common": null,
            "rules": [
              {
                "variant": "common",
                "language": null,
                "perspectives": null,
                "value": "安富街199巷6弄",
                "between": null,
                "side": null
              }
            ]
          },
          "subtype": "road",
          "class": "service",
          "subclass": "alley",
          "subclass_rules": [
            {
              "value": "alley",
              "between": null
            }
          ],
          "connectors": [
            {
              "connector_id": "f2c035e2-4a0a-4d16-adf4-aa8fb4a87109",
              "at": 0.0
            },
            {
              "connector_id": "74ec5bbc-110f-4701-b3d8-ca3c08360d05",
              "at": 1.0
            }
          ],
          "sources": [
            {
              "property": "",
              "dataset": "OpenStreetMap",
              "license": "ODbL-1.0",
              "record_id": "w159032621@4",
              "update_time": "2022-11-09T08:18:20Z",
              "confidence": null,
              "between": null,
              "provider": "osm",
              "resource": "planet",
              "version": "2026-08-05"
            }
          ],
          "version": 2
        }
      }
    },
    {
      "type": "Feature",
      "id": "eea6ccb3-e8a6-4d98-b57d-704e4a341322",
      "geometry": {
        "type": "LineString",
        "coordinates": [
          [
            120.1972483,
            23.0255288
          ],
          [
            120.1971688,
            23.0258722
          ],
          [
            120.1971019,
            23.0261611
          ]
        ]
      },
      "properties": {
        "source": "overture",
        "sourceKey": "overture-segments",
        "sourceVersion": "latest",
        "sourceFeatureId": "eea6ccb3-e8a6-4d98-b57d-704e4a341322",
        "facilityType": "residential",
        "pedestrianAllowed": null,
        "bicycleAllowed": null,
        "direction": "unknown",
        "provenance": [
          {
            "property": "",
            "dataset": "OpenStreetMap",
            "license": "ODbL-1.0",
            "record_id": "w906616785@2",
            "update_time": "2026-02-20T11:12:42Z",
            "confidence": null,
            "between": null,
            "provider": "osm",
            "resource": "planet",
            "version": "2026-08-05"
          }
        ],
        "connectorIds": [
          "8b7e37e6-7a86-474b-acf7-60b8b45a4b0f",
          "f2c035e2-4a0a-4d16-adf4-aa8fb4a87109",
          "235e9cf1-c867-4e75-91c2-d13a931a6b0e"
        ],
        "officialInventory": false,
        "name": "安富街199巷",
        "originalCrs": "EPSG:4326",
        "originalProperties": {
          "names": {
            "primary": "安富街199巷",
            "common": null,
            "rules": [
              {
                "variant": "common",
                "language": null,
                "perspectives": null,
                "value": "安富街199巷",
                "between": null,
                "side": null
              }
            ]
          },
          "subtype": "road",
          "class": "residential",
          "connectors": [
            {
              "connector_id": "8b7e37e6-7a86-474b-acf7-60b8b45a4b0f",
              "at": 0.0
            },
            {
              "connector_id": "f2c035e2-4a0a-4d16-adf4-aa8fb4a87109",
              "at": 0.543093844
            },
            {
              "connector_id": "235e9cf1-c867-4e75-91c2-d13a931a6b0e",
              "at": 1.0
            }
          ],
          "sources": [
            {
              "property": "",
              "dataset": "OpenStreetMap",
              "license": "ODbL-1.0",
              "record_id": "w906616785@2",
              "update_time": "2026-02-20T11:12:42Z",
              "confidence": null,
              "between": null,
              "provider": "osm",
              "resource": "planet",
              "version": "2026-08-05"
            }
          ],
          "version": 2
        }
      }
    },
    {
      "type": "Feature",
      "id": "4eca2c72-7916-4fdf-ba46-82fee379277b",
      "geometry": {
        "type": "LineString",
        "coordinates": [
          [
            120.1991309,
            23.0257478
          ],
          [
            120.1991825,
            23.0258362
          ]
        ]
      },
      "properties": {
        "source": "overture",
        "sourceKey": "overture-segments",
        "sourceVersion": "latest",
        "sourceFeatureId": "4eca2c72-7916-4fdf-ba46-82fee379277b",
        "facilityType": "footway",
        "pedestrianAllowed": null,
        "bicycleAllowed": null,
        "direction": "unknown",
        "provenance": [
          {
            "property": "",
            "dataset": "OpenStreetMap",
            "license": "ODbL-1.0",
            "record_id": "w1481086134@1",
            "update_time": "2026-02-20T11:12:42Z",
            "confidence": null,
            "between": null,
            "provider": "osm",
            "resource": "planet",
            "version": "2026-08-05"
          }
        ],
        "connectorIds": [
          "2d04d168-fb14-4ecc-8555-14fa2e44bb97",
          "c59a9246-e31a-41d0-aeba-907d89f5591d"
        ],
        "officialInventory": false,
        "name": null,
        "originalCrs": "EPSG:4326",
        "originalProperties": {
          "subtype": "road",
          "class": "footway",
          "connectors": [
            {
              "connector_id": "2d04d168-fb14-4ecc-8555-14fa2e44bb97",
              "at": 0.0
            },
            {
              "connector_id": "c59a9246-e31a-41d0-aeba-907d89f5591d",
              "at": 1.0
            }
          ],
          "sources": [
            {
              "property": "",
              "dataset": "OpenStreetMap",
              "license": "ODbL-1.0",
              "record_id": "w1481086134@1",
              "update_time": "2026-02-20T11:12:42Z",
              "confidence": null,
              "between": null,
              "provider": "osm",
              "resource": "planet",
              "version": "2026-08-05"
            }
          ],
          "version": 1
        }
      }
    },
    {
      "type": "Feature",
      "id": "1268a071-27d2-4af2-82a1-3601b7f389c1",
      "geometry": {
        "type": "LineString",
        "coordinates": [
          [
            120.1982422,
            23.0257225
          ],
          [
            120.19833,
            23.0257399
          ],
          [
            120.1992052,
            23.0259131
          ],
          [
            120.1992757,
            23.0259271
          ]
        ]
      },
      "properties": {
        "source": "overture",
        "sourceKey": "overture-segments",
        "sourceVersion": "latest",
        "sourceFeatureId": "1268a071-27d2-4af2-82a1-3601b7f389c1",
        "facilityType": "residential",
        "pedestrianAllowed": null,
        "bicycleAllowed": null,
        "direction": "unknown",
        "provenance": [
          {
            "property": "",
            "dataset": "OpenStreetMap",
            "license": "ODbL-1.0",
            "record_id": "w662864110@4",
            "update_time": "2026-02-24T03:16:42Z",
            "confidence": null,
            "between": null,
            "provider": "osm",
            "resource": "planet",
            "version": "2026-08-05"
          }
        ],
        "connectorIds": [
          "0521710f-379b-4229-b49c-11a1230b90aa",
          "3ff2fda2-efeb-4de3-97da-1a72a6b88f4b",
          "7f4c1eca-7440-4598-9528-5c88044f2b19",
          "14c4b141-030f-426a-a8a7-5b5781af730f"
        ],
        "officialInventory": false,
        "name": "安富二街",
        "originalCrs": "EPSG:4326",
        "originalProperties": {
          "names": {
            "primary": "安富二街",
            "common": [
              [
                "en",
                "Anfu 2nd Street"
              ],
              [
                "zh",
                "安富二街"
              ]
            ],
            "rules": [
              {
                "variant": "common",
                "language": null,
                "perspectives": null,
                "value": "安富二街",
                "between": null,
                "side": null
              }
            ]
          },
          "subtype": "road",
          "class": "residential",
          "connectors": [
            {
              "connector_id": "0521710f-379b-4229-b49c-11a1230b90aa",
              "at": 0.0
            },
            {
              "connector_id": "3ff2fda2-efeb-4de3-97da-1a72a6b88f4b",
              "at": 0.084958031
            },
            {
              "connector_id": "7f4c1eca-7440-4598-9528-5c88044f2b19",
              "at": 0.931775982
            },
            {
              "connector_id": "14c4b141-030f-426a-a8a7-5b5781af730f",
              "at": 1.0
            }
          ],
          "sources": [
            {
              "property": "",
              "dataset": "OpenStreetMap",
              "license": "ODbL-1.0",
              "record_id": "w662864110@4",
              "update_time": "2026-02-24T03:16:42Z",
              "confidence": null,
              "between": null,
              "provider": "osm",
              "resource": "planet",
              "version": "2026-08-05"
            }
          ],
          "version": 2
        }
      }
    },
    {
      "type": "Feature",
      "id": "a1fb27f9-35cd-40c4-8948-71fa5086892e",
      "geometry": {
        "type": "LineString",
        "coordinates": [
          [
            120.1990327,
            23.0257301
          ],
          [
            120.198988,
            23.0257541
          ],
          [
            120.1989557,
            23.0257893
          ]
        ]
      },
      "properties": {
        "source": "overture",
        "sourceKey": "overture-segments",
        "sourceVersion": "latest",
        "sourceFeatureId": "a1fb27f9-35cd-40c4-8948-71fa5086892e",
        "facilityType": "footway",
        "pedestrianAllowed": null,
        "bicycleAllowed": null,
        "direction": "unknown",
        "provenance": [
          {
            "property": "",
            "dataset": "OpenStreetMap",
            "license": "ODbL-1.0",
            "record_id": "w1481086133@1",
            "update_time": "2026-02-20T11:12:42Z",
            "confidence": null,
            "between": null,
            "provider": "osm",
            "resource": "planet",
            "version": "2026-08-05"
          }
        ],
        "connectorIds": [
          "e0f3cd2c-78eb-4d3b-99ee-30315e864ba4",
          "38845b12-525d-42a0-823a-1ddd888c7def"
        ],
        "officialInventory": false,
        "name": null,
        "originalCrs": "EPSG:4326",
        "originalProperties": {
          "subtype": "road",
          "class": "footway",
          "connectors": [
            {
              "connector_id": "e0f3cd2c-78eb-4d3b-99ee-30315e864ba4",
              "at": 0.0
            },
            {
              "connector_id": "38845b12-525d-42a0-823a-1ddd888c7def",
              "at": 1.0
            }
          ],
          "sources": [
            {
              "property": "",
              "dataset": "OpenStreetMap",
              "license": "ODbL-1.0",
              "record_id": "w1481086133@1",
              "update_time": "2026-02-20T11:12:42Z",
              "confidence": null,
              "between": null,
              "provider": "osm",
              "resource": "planet",
              "version": "2026-08-05"
            }
          ],
          "version": 1
        }
      }
    },
    {
      "type": "Feature",
      "id": "38658612-7584-4211-bcd9-5fa908e483f4",
      "geometry": {
        "type": "LineString",
        "coordinates": [
          [
            120.1991309,
            23.0257478
          ],
          [
            120.1991053,
            23.0257547
          ]
        ]
      },
      "properties": {
        "source": "overture",
        "sourceKey": "overture-segments",
        "sourceVersion": "latest",
        "sourceFeatureId": "38658612-7584-4211-bcd9-5fa908e483f4",
        "facilityType": "footway",
        "pedestrianAllowed": null,
        "bicycleAllowed": null,
        "direction": "unknown",
        "provenance": [
          {
            "property": "",
            "dataset": "OpenStreetMap",
            "license": "ODbL-1.0",
            "record_id": "w1481086132@1",
            "update_time": "2026-02-20T11:12:42Z",
            "confidence": null,
            "between": null,
            "provider": "osm",
            "resource": "planet",
            "version": "2026-08-05"
          }
        ],
        "connectorIds": [
          "2d04d168-fb14-4ecc-8555-14fa2e44bb97",
          "22681103-949f-4c13-b1fb-e91db88e10c7"
        ],
        "officialInventory": false,
        "name": null,
        "originalCrs": "EPSG:4326",
        "originalProperties": {
          "subtype": "road",
          "class": "footway",
          "connectors": [
            {
              "connector_id": "2d04d168-fb14-4ecc-8555-14fa2e44bb97",
              "at": 0.0
            },
            {
              "connector_id": "22681103-949f-4c13-b1fb-e91db88e10c7",
              "at": 1.0
            }
          ],
          "sources": [
            {
              "property": "",
              "dataset": "OpenStreetMap",
              "license": "ODbL-1.0",
              "record_id": "w1481086132@1",
              "update_time": "2026-02-20T11:12:42Z",
              "confidence": null,
              "between": null,
              "provider": "osm",
              "resource": "planet",
              "version": "2026-08-05"
            }
          ],
          "version": 1
        }
      }
    },
    {
      "type": "Feature",
      "id": "281da8f4-e11e-4ec0-bec3-0575070f53b9",
      "geometry": {
        "type": "LineString",
        "coordinates": [
          [
            120.2051292,
            23.0260247
          ],
          [
            120.2049785,
            23.0260059
          ],
          [
            120.204394,
            23.0259376
          ],
          [
            120.203098,
            23.0258144
          ],
          [
            120.2026366,
            23.0257644
          ],
          [
            120.2018813,
            23.0256772
          ]
        ]
      },
      "properties": {
        "source": "overture",
        "sourceKey": "overture-segments",
        "sourceVersion": "latest",
        "sourceFeatureId": "281da8f4-e11e-4ec0-bec3-0575070f53b9",
        "facilityType": "residential",
        "pedestrianAllowed": null,
        "bicycleAllowed": null,
        "direction": "unknown",
        "provenance": [
          {
            "property": "",
            "dataset": "OpenStreetMap",
            "license": "ODbL-1.0",
            "record_id": "w270270891@5",
            "update_time": "2026-02-24T03:16:42Z",
            "confidence": null,
            "between": null,
            "provider": "osm",
            "resource": "planet",
            "version": "2026-08-05"
          }
        ],
        "connectorIds": [
          "6bb2d231-14ad-4150-b8e0-8a83b798877c",
          "06b34f6e-f615-40c0-92f2-fd82adbba3ef",
          "dda1741d-cf9e-4eed-a6e4-4f0aa8d88abe",
          "66a53a0f-46af-4506-be6a-05bcac79871b",
          "60a12e7e-cefc-4245-8552-b4151cc6b39a",
          "e7cab7f8-442e-455e-9598-fa3353d6abeb"
        ],
        "officialInventory": false,
        "name": "北安路二段63巷",
        "originalCrs": "EPSG:4326",
        "originalProperties": {
          "names": {
            "primary": "北安路二段63巷",
            "common": null,
            "rules": [
              {
                "variant": "common",
                "language": null,
                "perspectives": null,
                "value": "北安路二段63巷",
                "between": null,
                "side": null
              }
            ]
          },
          "subtype": "road",
          "class": "residential",
          "connectors": [
            {
              "connector_id": "6bb2d231-14ad-4150-b8e0-8a83b798877c",
              "at": 0.0
            },
            {
              "connector_id": "06b34f6e-f615-40c0-92f2-fd82adbba3ef",
              "at": 0.046506208
            },
            {
              "connector_id": "dda1741d-cf9e-4eed-a6e4-4f0aa8d88abe",
              "at": 0.22668626
            },
            {
              "connector_id": "66a53a0f-46af-4506-be6a-05bcac79871b",
              "at": 0.625134907
            },
            {
              "connector_id": "60a12e7e-cefc-4245-8552-b4151cc6b39a",
              "at": 0.76721165
            },
            {
              "connector_id": "e7cab7f8-442e-455e-9598-fa3353d6abeb",
              "at": 1.0
            }
          ],
          "road_surface": [
            {
              "value": "paved",
              "between": null
            }
          ],
          "sources": [
            {
              "property": "",
              "dataset": "OpenStreetMap",
              "license": "ODbL-1.0",
              "record_id": "w270270891@5",
              "update_time": "2026-02-24T03:16:42Z",
              "confidence": null,
              "between": null,
              "provider": "osm",
              "resource": "planet",
              "version": "2026-08-05"
            }
          ],
          "version": 4
        }
      }
    },
    {
      "type": "Feature",
      "id": "53da53b8-0f27-45f3-b3ec-84fb32e0809f",
      "geometry": {
        "type": "LineString",
        "coordinates": [
          [
            120.2018813,
            23.0256772
          ],
          [
            120.2013805,
            23.0256214
          ],
          [
            120.2009461,
            23.0255749
          ],
          [
            120.20082,
            23.0255601
          ]
        ]
      },
      "properties": {
        "source": "overture",
        "sourceKey": "overture-segments",
        "sourceVersion": "latest",
        "sourceFeatureId": "53da53b8-0f27-45f3-b3ec-84fb32e0809f",
        "facilityType": "residential",
        "pedestrianAllowed": null,
        "bicycleAllowed": null,
        "direction": "unknown",
        "provenance": [
          {
            "property": "",
            "dataset": "OpenStreetMap",
            "license": "ODbL-1.0",
            "record_id": "w159029643@14",
            "update_time": "2026-02-24T03:16:42Z",
            "confidence": null,
            "between": null,
            "provider": "osm",
            "resource": "planet",
            "version": "2026-08-05"
          }
        ],
        "connectorIds": [
          "e7cab7f8-442e-455e-9598-fa3353d6abeb",
          "5c2a7d1b-3035-4ce0-90d4-09ec24f81330",
          "247ea424-a0b6-4b82-a4b5-f872c5f67928",
          "78456a34-a742-4a4f-83bf-e68944967114"
        ],
        "officialInventory": false,
        "name": "府安路五段98巷56弄",
        "originalCrs": "EPSG:4326",
        "originalProperties": {
          "names": {
            "primary": "府安路五段98巷56弄",
            "common": null,
            "rules": [
              {
                "variant": "common",
                "language": null,
                "perspectives": null,
                "value": "府安路五段98巷56弄",
                "between": null,
                "side": null
              }
            ]
          },
          "subtype": "road",
          "class": "residential",
          "connectors": [
            {
              "connector_id": "e7cab7f8-442e-455e-9598-fa3353d6abeb",
              "at": 0.0
            },
            {
              "connector_id": "5c2a7d1b-3035-4ce0-90d4-09ec24f81330",
              "at": 0.471936454
            },
            {
              "connector_id": "247ea424-a0b6-4b82-a4b5-f872c5f67928",
              "at": 0.881074732
            },
            {
              "connector_id": "78456a34-a742-4a4f-83bf-e68944967114",
              "at": 1.0
            }
          ],
          "sources": [
            {
              "property": "",
              "dataset": "OpenStreetMap",
              "license": "ODbL-1.0",
              "record_id": "w159029643@14",
              "update_time": "2026-02-24T03:16:42Z",
              "confidence": null,
              "between": null,
              "provider": "osm",
              "resource": "planet",
              "version": "2026-08-05"
            }
          ],
          "version": 2
        }
      }
    },
    {
      "type": "Feature",
      "id": "29d53b1e-bbdf-434d-bf85-ac9448c8ba9b",
      "geometry": {
        "type": "LineString",
        "coordinates": [
          [
            120.2098605,
            23.025663
          ],
          [
            120.209399,
            23.0256516
          ],
          [
            120.2089383,
            23.0256488
          ],
          [
            120.2075886,
            23.0256211
          ],
          [
            120.2071104,
            23.0256104
          ]
        ]
      },
      "properties": {
        "source": "overture",
        "sourceKey": "overture-segments",
        "sourceVersion": "latest",
        "sourceFeatureId": "29d53b1e-bbdf-434d-bf85-ac9448c8ba9b",
        "facilityType": "service",
        "pedestrianAllowed": null,
        "bicycleAllowed": null,
        "direction": "unknown",
        "provenance": [
          {
            "property": "",
            "dataset": "OpenStreetMap",
            "license": "ODbL-1.0",
            "record_id": "w159025807@6",
            "update_time": "2024-08-11T01:47:26Z",
            "confidence": null,
            "between": null,
            "provider": "osm",
            "resource": "planet",
            "version": "2026-08-05"
          }
        ],
        "connectorIds": [
          "e6de8996-3694-4c40-9ca9-c70b9f6d6576",
          "f8febf0b-0e61-4669-b5e3-02bb47535831",
          "62427d6d-7df0-433f-ab33-f5b41c5771bb",
          "7494d6cc-2f9f-46ce-a2da-7fa915bd7b34",
          "4396653e-d05a-40c4-84dc-4456dcacb490"
        ],
        "officialInventory": false,
        "name": "惠安街161巷",
        "originalCrs": "EPSG:4326",
        "originalProperties": {
          "names": {
            "primary": "惠安街161巷",
            "common": null,
            "rules": [
              {
                "variant": "common",
                "language": null,
                "perspectives": null,
                "value": "惠安街161巷",
                "between": null,
                "side": null
              }
            ]
          },
          "subtype": "road",
          "class": "service",
          "subclass": "alley",
          "subclass_rules": [
            {
              "value": "alley",
              "between": null
            }
          ],
          "connectors": [
            {
              "connector_id": "e6de8996-3694-4c40-9ca9-c70b9f6d6576",
              "at": 0.0
            },
            {
              "connector_id": "f8febf0b-0e61-4669-b5e3-02bb47535831",
              "at": 0.167832401
            },
            {
              "connector_id": "62427d6d-7df0-433f-ab33-f5b41c5771bb",
              "at": 0.335317853
            },
            {
              "connector_id": "7494d6cc-2f9f-46ce-a2da-7fa915bd7b34",
              "at": 0.826105413
            },
            {
              "connector_id": "4396653e-d05a-40c4-84dc-4456dcacb490",
              "at": 1.0
            }
          ],
          "sources": [
            {
              "property": "",
              "dataset": "OpenStreetMap",
              "license": "ODbL-1.0",
              "record_id": "w159025807@6",
              "update_time": "2024-08-11T01:47:26Z",
              "confidence": null,
              "between": null,
              "provider": "osm",
              "resource": "planet",
              "version": "2026-08-05"
            }
          ],
          "version": 1
        }
      }
    },
    {
      "type": "Feature",
      "id": "5dd4bdff-27dd-4bac-821e-f96d50bee41d",
      "geometry": {
        "type": "LineString",
        "coordinates": [
          [
            120.2107194,
            23.0257321
          ],
          [
            120.210419,
            23.0257118
          ],
          [
            120.2103316,
            23.0257098
          ],
          [
            120.2099438,
            23.0256452
          ],
          [
            120.2098605,
            23.025663
          ]
        ]
      },
      "properties": {
        "source": "overture",
        "sourceKey": "overture-segments",
        "sourceVersion": "latest",
        "sourceFeatureId": "5dd4bdff-27dd-4bac-821e-f96d50bee41d",
        "facilityType": "service",
        "pedestrianAllowed": null,
        "bicycleAllowed": null,
        "direction": "unknown",
        "provenance": [
          {
            "property": "",
            "dataset": "OpenStreetMap",
            "license": "ODbL-1.0",
            "record_id": "w906801504@1",
            "update_time": "2021-02-13T13:17:01Z",
            "confidence": null,
            "between": null,
            "provider": "osm",
            "resource": "planet",
            "version": "2026-08-05"
          }
        ],
        "connectorIds": [
          "95fdbc3c-1bf8-4305-b4d9-6c563f4850fa",
          "783e54b4-0935-4bff-bba4-9f28152b39a8",
          "30b780d3-3d43-49fe-abf3-b9c93f078a56",
          "d68aed1f-2680-4517-ac65-144932b3ba39",
          "e6de8996-3694-4c40-9ca9-c70b9f6d6576"
        ],
        "officialInventory": false,
        "name": "府安路四段91巷23弄",
        "originalCrs": "EPSG:4326",
        "originalProperties": {
          "names": {
            "primary": "府安路四段91巷23弄",
            "common": null,
            "rules": [
              {
                "variant": "common",
                "language": null,
                "perspectives": null,
                "value": "府安路四段91巷23弄",
                "between": null,
                "side": null
              }
            ]
          },
          "subtype": "road",
          "class": "service",
          "subclass": "alley",
          "subclass_rules": [
            {
              "value": "alley",
              "between": null
            }
          ],
          "connectors": [
            {
              "connector_id": "95fdbc3c-1bf8-4305-b4d9-6c563f4850fa",
              "at": 0.0
            },
            {
              "connector_id": "783e54b4-0935-4bff-bba4-9f28152b39a8",
              "at": 0.346944944
            },
            {
              "connector_id": "30b780d3-3d43-49fe-abf3-b9c93f078a56",
              "at": 0.447649792
            },
            {
              "connector_id": "d68aed1f-2680-4517-ac65-144932b3ba39",
              "at": 0.901524709
            },
            {
              "connector_id": "e6de8996-3694-4c40-9ca9-c70b9f6d6576",
              "at": 1.0
            }
          ],
          "sources": [
            {
              "property": "",
              "dataset": "OpenStreetMap",
              "license": "ODbL-1.0",
              "record_id": "w906801504@1",
              "update_time": "2021-02-13T13:17:01Z",
              "confidence": null,
              "between": null,
              "provider": "osm",
              "resource": "planet",
              "version": "2026-08-05"
            }
          ],
          "version": 1
        }
      }
    },
    {
      "type": "Feature",
      "id": "bef897a7-8100-4050-8070-b364b0a30f18",
      "geometry": {
        "type": "LineString",
        "coordinates": [
          [
            120.207115,
            23.0255378
          ],
          [
            120.2071104,
            23.0256104
          ],
          [
            120.2070909,
            23.025844
          ],
          [
            120.2070825,
            23.0259439
          ]
        ]
      },
      "properties": {
        "source": "overture",
        "sourceKey": "overture-segments",
        "sourceVersion": "latest",
        "sourceFeatureId": "bef897a7-8100-4050-8070-b364b0a30f18",
        "facilityType": "residential",
        "pedestrianAllowed": null,
        "bicycleAllowed": null,
        "direction": "unknown",
        "provenance": [
          {
            "property": "",
            "dataset": "OpenStreetMap",
            "license": "ODbL-1.0",
            "record_id": "w270270894@6",
            "update_time": "2024-08-11T01:47:26Z",
            "confidence": null,
            "between": null,
            "provider": "osm",
            "resource": "planet",
            "version": "2026-08-05"
          }
        ],
        "connectorIds": [
          "32b530d2-8fff-49c2-bd50-bd95ff7d9add",
          "4396653e-d05a-40c4-84dc-4456dcacb490",
          "ce4f8423-2259-4cea-a15a-d18493c37f4a",
          "290c3de6-807c-4124-9270-5b678cd4f515"
        ],
        "officialInventory": false,
        "name": "惠安街",
        "originalCrs": "EPSG:4326",
        "originalProperties": {
          "names": {
            "primary": "惠安街",
            "common": null,
            "rules": [
              {
                "variant": "common",
                "language": null,
                "perspectives": null,
                "value": "惠安街",
                "between": null,
                "side": null
              }
            ]
          },
          "subtype": "road",
          "class": "residential",
          "connectors": [
            {
              "connector_id": "32b530d2-8fff-49c2-bd50-bd95ff7d9add",
              "at": 0.0
            },
            {
              "connector_id": "4396653e-d05a-40c4-84dc-4456dcacb490",
              "at": 0.178586988
            },
            {
              "connector_id": "ce4f8423-2259-4cea-a15a-d18493c37f4a",
              "at": 0.753938068
            },
            {
              "connector_id": "290c3de6-807c-4124-9270-5b678cd4f515",
              "at": 1.0
            }
          ],
          "speed_limits": [
            {
              "min_speed": null,
              "max_speed": {
                "value": 40,
                "unit": "km/h"
              },
              "is_max_speed_variable": null,
              "when": null,
              "between": null
            }
          ],
          "sources": [
            {
              "property": "",
              "dataset": "OpenStreetMap",
              "license": "ODbL-1.0",
              "record_id": "w270270894@6",
              "update_time": "2024-08-11T01:47:26Z",
              "confidence": null,
              "between": null,
              "provider": "osm",
              "resource": "planet",
              "version": "2026-08-05"
            }
          ],
          "version": 1
        }
      }
    },
    {
      "type": "Feature",
      "id": "b183fd99-9bf2-42cb-96d1-07d1c3880881",
      "geometry": {
        "type": "LineString",
        "coordinates": [
          [
            120.2054438,
            23.0257644
          ],
          [
            120.2054154,
            23.0259364
          ],
          [
            120.2053978,
            23.0260432
          ],
          [
            120.2052591,
            23.0260352
          ]
        ]
      },
      "properties": {
        "source": "overture",
        "sourceKey": "overture-segments",
        "sourceVersion": "latest",
        "sourceFeatureId": "b183fd99-9bf2-42cb-96d1-07d1c3880881",
        "facilityType": "residential",
        "pedestrianAllowed": null,
        "bicycleAllowed": null,
        "direction": "unknown",
        "provenance": [
          {
            "property": "",
            "dataset": "OpenStreetMap",
            "license": "ODbL-1.0",
            "record_id": "w159025885@18",
            "update_time": "2026-02-24T03:16:42Z",
            "confidence": null,
            "between": null,
            "provider": "osm",
            "resource": "planet",
            "version": "2026-08-05"
          }
        ],
        "connectorIds": [
          "662dc714-c94a-4dc4-b36e-850be2807ca0",
          "f87e1987-d97d-447d-bfa4-6c0ac046861f"
        ],
        "officialInventory": false,
        "name": "北安路二段",
        "originalCrs": "EPSG:4326",
        "originalProperties": {
          "names": {
            "primary": "北安路二段",
            "common": null,
            "rules": [
              {
                "variant": "common",
                "language": null,
                "perspectives": null,
                "value": "北安路二段",
                "between": null,
                "side": null
              }
            ]
          },
          "subtype": "road",
          "class": "residential",
          "connectors": [
            {
              "connector_id": "662dc714-c94a-4dc4-b36e-850be2807ca0",
              "at": 0.0
            },
            {
              "connector_id": "f87e1987-d97d-447d-bfa4-6c0ac046861f",
              "at": 1.0
            }
          ],
          "road_surface": [
            {
              "value": "paved",
              "between": null
            }
          ],
          "speed_limits": [
            {
              "min_speed": null,
              "max_speed": {
                "value": 40,
                "unit": "km/h"
              },
              "is_max_speed_variable": null,
              "when": null,
              "between": null
            }
          ],
          "sources": [
            {
              "property": "",
              "dataset": "OpenStreetMap",
              "license": "ODbL-1.0",
              "record_id": "w159025885@18",
              "update_time": "2026-02-24T03:16:42Z",
              "confidence": null,
              "between": null,
              "provider": "osm",
              "resource": "planet",
              "version": "2026-08-05"
            }
          ],
          "version": 3
        }
      }
    },
    {
      "type": "Feature",
      "id": "e34d3eda-4fb0-45c8-9e9b-7ae4c4b1209c",
      "geometry": {
        "type": "LineString",
        "coordinates": [
          [
            120.2070825,
            23.0259439
          ],
          [
            120.2067031,
            23.0259018
          ],
          [
            120.2061135,
            23.0258316
          ],
          [
            120.2054438,
            23.0257644
          ]
        ]
      },
      "properties": {
        "source": "overture",
        "sourceKey": "overture-segments",
        "sourceVersion": "latest",
        "sourceFeatureId": "e34d3eda-4fb0-45c8-9e9b-7ae4c4b1209c",
        "facilityType": "residential",
        "pedestrianAllowed": null,
        "bicycleAllowed": null,
        "direction": "unknown",
        "provenance": [
          {
            "property": "",
            "dataset": "OpenStreetMap",
            "license": "ODbL-1.0",
            "record_id": "w159025864@7",
            "update_time": "2025-07-27T02:28:03Z",
            "confidence": null,
            "between": null,
            "provider": "osm",
            "resource": "planet",
            "version": "2026-08-05"
          }
        ],
        "connectorIds": [
          "290c3de6-807c-4124-9270-5b678cd4f515",
          "f0d2332f-df41-4b43-bc5f-fb3efa9aa2d9",
          "e0d28d38-f4a7-4ba9-84ab-f85f05548eac",
          "662dc714-c94a-4dc4-b36e-850be2807ca0"
        ],
        "officialInventory": false,
        "name": "德安街",
        "originalCrs": "EPSG:4326",
        "originalProperties": {
          "names": {
            "primary": "德安街",
            "common": null,
            "rules": [
              {
                "variant": "common",
                "language": null,
                "perspectives": null,
                "value": "德安街",
                "between": null,
                "side": null
              }
            ]
          },
          "subtype": "road",
          "class": "residential",
          "connectors": [
            {
              "connector_id": "290c3de6-807c-4124-9270-5b678cd4f515",
              "at": 0.0
            },
            {
              "connector_id": "f0d2332f-df41-4b43-bc5f-fb3efa9aa2d9",
              "at": 0.231557892
            },
            {
              "connector_id": "e0d28d38-f4a7-4ba9-84ab-f85f05548eac",
              "at": 0.591792091
            },
            {
              "connector_id": "662dc714-c94a-4dc4-b36e-850be2807ca0",
              "at": 1.0
            }
          ],
          "road_surface": [
            {
              "value": "paved",
              "between": null
            }
          ],
          "speed_limits": [
            {
              "min_speed": null,
              "max_speed": {
                "value": 40,
                "unit": "km/h"
              },
              "is_max_speed_variable": null,
              "when": null,
              "between": null
            }
          ],
          "sources": [
            {
              "property": "",
              "dataset": "OpenStreetMap",
              "license": "ODbL-1.0",
              "record_id": "w159025864@7",
              "update_time": "2025-07-27T02:28:03Z",
              "confidence": null,
              "between": null,
              "provider": "osm",
              "resource": "planet",
              "version": "2026-08-05"
            }
          ],
          "version": 2
        }
      }
    },
    {
      "type": "Feature",
      "id": "4d6d680e-e109-475b-92e9-328fd5f9bea3",
      "geometry": {
        "type": "LineString",
        "coordinates": [
          [
            120.2098557,
            23.0259178
          ],
          [
            120.2070909,
            23.025844
          ]
        ]
      },
      "properties": {
        "source": "overture",
        "sourceKey": "overture-segments",
        "sourceVersion": "latest",
        "sourceFeatureId": "4d6d680e-e109-475b-92e9-328fd5f9bea3",
        "facilityType": "service",
        "pedestrianAllowed": null,
        "bicycleAllowed": null,
        "direction": "unknown",
        "provenance": [
          {
            "property": "",
            "dataset": "OpenStreetMap",
            "license": "ODbL-1.0",
            "record_id": "w159025824@3",
            "update_time": "2021-02-13T13:17:01Z",
            "confidence": null,
            "between": null,
            "provider": "osm",
            "resource": "planet",
            "version": "2026-08-05"
          }
        ],
        "connectorIds": [
          "a1f2dd34-d041-44e6-b8d6-6e7beca73822",
          "ce4f8423-2259-4cea-a15a-d18493c37f4a"
        ],
        "officialInventory": false,
        "name": "惠安街151巷",
        "originalCrs": "EPSG:4326",
        "originalProperties": {
          "names": {
            "primary": "惠安街151巷",
            "common": null,
            "rules": [
              {
                "variant": "common",
                "language": null,
                "perspectives": null,
                "value": "惠安街151巷",
                "between": null,
                "side": null
              }
            ]
          },
          "subtype": "road",
          "class": "service",
          "subclass": "alley",
          "subclass_rules": [
            {
              "value": "alley",
              "between": null
            }
          ],
          "connectors": [
            {
              "connector_id": "a1f2dd34-d041-44e6-b8d6-6e7beca73822",
              "at": 0.0
            },
            {
              "connector_id": "ce4f8423-2259-4cea-a15a-d18493c37f4a",
              "at": 1.0
            }
          ],
          "sources": [
            {
              "property": "",
              "dataset": "OpenStreetMap",
              "license": "ODbL-1.0",
              "record_id": "w159025824@3",
              "update_time": "2021-02-13T13:17:01Z",
              "confidence": null,
              "between": null,
              "provider": "osm",
              "resource": "planet",
              "version": "2026-08-05"
            }
          ],
          "version": 1
        }
      }
    },
    {
      "type": "Feature",
      "id": "1b382762-8c0b-4a15-913e-58b6391bd177",
      "geometry": {
        "type": "LineString",
        "coordinates": [
          [
            120.2052591,
            23.0260352
          ],
          [
            120.2051292,
            23.0260247
          ]
        ]
      },
      "properties": {
        "source": "overture",
        "sourceKey": "overture-segments",
        "sourceVersion": "latest",
        "sourceFeatureId": "1b382762-8c0b-4a15-913e-58b6391bd177",
        "facilityType": "tertiary",
        "pedestrianAllowed": null,
        "bicycleAllowed": null,
        "direction": "unknown",
        "provenance": [
          {
            "property": "",
            "dataset": "OpenStreetMap",
            "license": "ODbL-1.0",
            "record_id": "w508644240@6",
            "update_time": "2026-02-24T03:16:42Z",
            "confidence": null,
            "between": null,
            "provider": "osm",
            "resource": "planet",
            "version": "2026-08-05"
          }
        ],
        "connectorIds": [
          "f87e1987-d97d-447d-bfa4-6c0ac046861f",
          "6bb2d231-14ad-4150-b8e0-8a83b798877c"
        ],
        "officialInventory": false,
        "name": null,
        "originalCrs": "EPSG:4326",
        "originalProperties": {
          "subtype": "road",
          "class": "tertiary",
          "subclass": "link",
          "subclass_rules": [
            {
              "value": "link",
              "between": null
            }
          ],
          "connectors": [
            {
              "connector_id": "f87e1987-d97d-447d-bfa4-6c0ac046861f",
              "at": 0.0
            },
            {
              "connector_id": "6bb2d231-14ad-4150-b8e0-8a83b798877c",
              "at": 1.0
            }
          ],
          "road_surface": [
            {
              "value": "paved",
              "between": null
            }
          ],
          "road_flags": [
            {
              "values": [
                "is_link"
              ],
              "between": null
            }
          ],
          "sources": [
            {
              "property": "",
              "dataset": "OpenStreetMap",
              "license": "ODbL-1.0",
              "record_id": "w508644240@6",
              "update_time": "2026-02-24T03:16:42Z",
              "confidence": null,
              "between": null,
              "provider": "osm",
              "resource": "planet",
              "version": "2026-08-05"
            }
          ],
          "version": 3
        }
      }
    },
    {
      "type": "Feature",
      "id": "035b8167-ae6b-48af-b9dc-c7cc681a64d6",
      "geometry": {
        "type": "LineString",
        "coordinates": [
          [
            120.2052591,
            23.0260352
          ],
          [
            120.205245,
            23.0261107
          ]
        ]
      },
      "properties": {
        "source": "overture",
        "sourceKey": "overture-segments",
        "sourceVersion": "latest",
        "sourceFeatureId": "035b8167-ae6b-48af-b9dc-c7cc681a64d6",
        "facilityType": "tertiary",
        "pedestrianAllowed": null,
        "bicycleAllowed": null,
        "direction": "unknown",
        "provenance": [
          {
            "property": "",
            "dataset": "OpenStreetMap",
            "license": "ODbL-1.0",
            "record_id": "w142297112@27",
            "update_time": "2026-07-11T01:32:44Z",
            "confidence": null,
            "between": null,
            "provider": "osm",
            "resource": "planet",
            "version": "2026-08-05"
          }
        ],
        "connectorIds": [
          "f87e1987-d97d-447d-bfa4-6c0ac046861f",
          "13d2e194-985a-40d5-b845-a13fa5fe76cc"
        ],
        "officialInventory": false,
        "name": "北安路二段",
        "originalCrs": "EPSG:4326",
        "originalProperties": {
          "names": {
            "primary": "北安路二段",
            "common": [
              [
                "en",
                "Bei’an Road Section 2"
              ],
              [
                "zh",
                "北安路二段"
              ]
            ],
            "rules": [
              {
                "variant": "common",
                "language": null,
                "perspectives": null,
                "value": "北安路二段",
                "between": null,
                "side": null
              }
            ]
          },
          "subtype": "road",
          "class": "tertiary",
          "connectors": [
            {
              "connector_id": "f87e1987-d97d-447d-bfa4-6c0ac046861f",
              "at": 0.0
            },
            {
              "connector_id": "13d2e194-985a-40d5-b845-a13fa5fe76cc",
              "at": 1.0
            }
          ],
          "road_surface": [
            {
              "value": "paved",
              "between": null
            }
          ],
          "access_restrictions": [
            {
              "access_type": "denied",
              "when": {
                "during": null,
                "heading": "backward",
                "using": null,
                "recognized": null,
                "mode": null,
                "vehicle": null
              },
              "between": null
            }
          ],
          "speed_limits": [
            {
              "min_speed": null,
              "max_speed": {
                "value": 60,
                "unit": "km/h"
              },
              "is_max_speed_variable": null,
              "when": null,
              "between": null
            }
          ],
          "sources": [
            {
              "property": "",
              "dataset": "OpenStreetMap",
              "license": "ODbL-1.0",
              "record_id": "w142297112@27",
              "update_time": "2026-07-11T01:32:44Z",
              "confidence": null,
              "between": null,
              "provider": "osm",
              "resource": "planet",
              "version": "2026-08-05"
            }
          ],
          "version": 3
        }
      }
    },
    {
      "type": "Feature",
      "id": "ad4e39d9-6309-4751-8ee4-ce8e5308c5d8",
      "geometry": {
        "type": "LineString",
        "coordinates": [
          [
            120.2070714,
            23.0260772
          ],
          [
            120.2098515,
            23.0261417
          ]
        ]
      },
      "properties": {
        "source": "overture",
        "sourceKey": "overture-segments",
        "sourceVersion": "latest",
        "sourceFeatureId": "ad4e39d9-6309-4751-8ee4-ce8e5308c5d8",
        "facilityType": "service",
        "pedestrianAllowed": null,
        "bicycleAllowed": null,
        "direction": "unknown",
        "provenance": [
          {
            "property": "",
            "dataset": "OpenStreetMap",
            "license": "ODbL-1.0",
            "record_id": "w159025818@3",
            "update_time": "2021-02-13T13:17:01Z",
            "confidence": null,
            "between": null,
            "provider": "osm",
            "resource": "planet",
            "version": "2026-08-05"
          }
        ],
        "connectorIds": [
          "d89f5533-9d6f-4461-a07a-82ce0b8457d4",
          "f11bc7bb-108c-47b0-be83-ad1033b50682"
        ],
        "officialInventory": false,
        "name": "惠安街145巷",
        "originalCrs": "EPSG:4326",
        "originalProperties": {
          "names": {
            "primary": "惠安街145巷",
            "common": null,
            "rules": [
              {
                "variant": "common",
                "language": null,
                "perspectives": null,
                "value": "惠安街145巷",
                "between": null,
                "side": null
              }
            ]
          },
          "subtype": "road",
          "class": "service",
          "subclass": "alley",
          "subclass_rules": [
            {
              "value": "alley",
              "between": null
            }
          ],
          "connectors": [
            {
              "connector_id": "d89f5533-9d6f-4461-a07a-82ce0b8457d4",
              "at": 0.0
            },
            {
              "connector_id": "f11bc7bb-108c-47b0-be83-ad1033b50682",
              "at": 1.0
            }
          ],
          "sources": [
            {
              "property": "",
              "dataset": "OpenStreetMap",
              "license": "ODbL-1.0",
              "record_id": "w159025818@3",
              "update_time": "2021-02-13T13:17:01Z",
              "confidence": null,
              "between": null,
              "provider": "osm",
              "resource": "planet",
              "version": "2026-08-05"
            }
          ],
          "version": 1
        }
      }
    },
    {
      "type": "Feature",
      "id": "1de026c4-d15e-4a52-94b5-9cc0fd1a74e3",
      "geometry": {
        "type": "LineString",
        "coordinates": [
          [
            120.2054911,
            23.025363
          ],
          [
            120.2055277,
            23.0253674
          ],
          [
            120.2061677,
            23.0254277
          ],
          [
            120.2067582,
            23.0254935
          ],
          [
            120.207115,
            23.0255378
          ]
        ]
      },
      "properties": {
        "source": "overture",
        "sourceKey": "overture-segments",
        "sourceVersion": "latest",
        "sourceFeatureId": "1de026c4-d15e-4a52-94b5-9cc0fd1a74e3",
        "facilityType": "service",
        "pedestrianAllowed": null,
        "bicycleAllowed": null,
        "direction": "unknown",
        "provenance": [
          {
            "property": "",
            "dataset": "OpenStreetMap",
            "license": "ODbL-1.0",
            "record_id": "w159025813@5",
            "update_time": "2026-02-24T03:16:42Z",
            "confidence": null,
            "between": null,
            "provider": "osm",
            "resource": "planet",
            "version": "2026-08-05"
          }
        ],
        "connectorIds": [
          "e1f850c3-4261-4c11-9fde-38fc2eb6d52a",
          "333c55ad-e2aa-4162-9be4-be3dd2091206",
          "4eb2cd54-aa25-4c14-9d6d-4f3331bba3d7",
          "32b530d2-8fff-49c2-bd50-bd95ff7d9add"
        ],
        "officialInventory": false,
        "name": null,
        "originalCrs": "EPSG:4326",
        "originalProperties": {
          "subtype": "road",
          "class": "service",
          "subclass": "alley",
          "subclass_rules": [
            {
              "value": "alley",
              "between": null
            }
          ],
          "connectors": [
            {
              "connector_id": "e1f850c3-4261-4c11-9fde-38fc2eb6d52a",
              "at": 0.0
            },
            {
              "connector_id": "333c55ad-e2aa-4162-9be4-be3dd2091206",
              "at": 0.416040132
            },
            {
              "connector_id": "4eb2cd54-aa25-4c14-9d6d-4f3331bba3d7",
              "at": 0.779815745
            },
            {
              "connector_id": "32b530d2-8fff-49c2-bd50-bd95ff7d9add",
              "at": 1.0
            }
          ],
          "speed_limits": [
            {
              "min_speed": null,
              "max_speed": {
                "value": 40,
                "unit": "km/h"
              },
              "is_max_speed_variable": null,
              "when": null,
              "between": null
            }
          ],
          "sources": [
            {
              "property": "",
              "dataset": "OpenStreetMap",
              "license": "ODbL-1.0",
              "record_id": "w159025813@5",
              "update_time": "2026-02-24T03:16:42Z",
              "confidence": null,
              "between": null,
              "provider": "osm",
              "resource": "planet",
              "version": "2026-08-05"
            }
          ],
          "version": 2
        }
      }
    },
    {
      "type": "Feature",
      "id": "befbf375-df78-4d11-98b8-5bc1c926a03b",
      "geometry": {
        "type": "LineString",
        "coordinates": [
          [
            120.2089383,
            23.0256488
          ],
          [
            120.2089528,
            23.0254371
          ],
          [
            120.2090103,
            23.0250946
          ],
          [
            120.2090349,
            23.0248691
          ],
          [
            120.2090428,
            23.0247966
          ]
        ]
      },
      "properties": {
        "source": "overture",
        "sourceKey": "overture-segments",
        "sourceVersion": "latest",
        "sourceFeatureId": "befbf375-df78-4d11-98b8-5bc1c926a03b",
        "facilityType": "service",
        "pedestrianAllowed": null,
        "bicycleAllowed": null,
        "direction": "unknown",
        "provenance": [
          {
            "property": "",
            "dataset": "OpenStreetMap",
            "license": "ODbL-1.0",
            "record_id": "w159025858@8",
            "update_time": "2024-08-11T01:47:26Z",
            "confidence": null,
            "between": null,
            "provider": "osm",
            "resource": "planet",
            "version": "2026-08-05"
          }
        ],
        "connectorIds": [
          "62427d6d-7df0-433f-ab33-f5b41c5771bb",
          "6cc842ce-c328-4b0d-8cc3-5a8f2138ee22",
          "6242a033-e833-4cfd-8904-afed3577bb4d",
          "86792ecf-a324-4a1c-b3c2-4f4a7cabe2ca"
        ],
        "officialInventory": false,
        "name": "府安路四段132巷",
        "originalCrs": "EPSG:4326",
        "originalProperties": {
          "names": {
            "primary": "府安路四段132巷",
            "common": null,
            "rules": [
              {
                "variant": "common",
                "language": null,
                "perspectives": null,
                "value": "府安路四段132巷",
                "between": null,
                "side": null
              }
            ]
          },
          "subtype": "road",
          "class": "service",
          "subclass": "alley",
          "subclass_rules": [
            {
              "value": "alley",
              "between": null
            }
          ],
          "connectors": [
            {
              "connector_id": "62427d6d-7df0-433f-ab33-f5b41c5771bb",
              "at": 0.0
            },
            {
              "connector_id": "6cc842ce-c328-4b0d-8cc3-5a8f2138ee22",
              "at": 0.247159975
            },
            {
              "connector_id": "6242a033-e833-4cfd-8904-afed3577bb4d",
              "at": 0.915097207
            },
            {
              "connector_id": "86792ecf-a324-4a1c-b3c2-4f4a7cabe2ca",
              "at": 1.0
            }
          ],
          "road_surface": [
            {
              "value": "paved",
              "between": null
            }
          ],
          "sources": [
            {
              "property": "",
              "dataset": "OpenStreetMap",
              "license": "ODbL-1.0",
              "record_id": "w159025858@8",
              "update_time": "2024-08-11T01:47:26Z",
              "confidence": null,
              "between": null,
              "provider": "osm",
              "resource": "planet",
              "version": "2026-08-05"
            }
          ],
          "version": 1
        }
      }
    },
    {
      "type": "Feature",
      "id": "22669b26-9f6c-4339-a222-eb1949e110c1",
      "geometry": {
        "type": "LineString",
        "coordinates": [
          [
            120.209399,
            23.0256516
          ],
          [
            120.2095577,
            23.0251181
          ],
          [
            120.20956,
            23.025053
          ],
          [
            120.2095666,
            23.0248633
          ]
        ]
      },
      "properties": {
        "source": "overture",
        "sourceKey": "overture-segments",
        "sourceVersion": "latest",
        "sourceFeatureId": "22669b26-9f6c-4339-a222-eb1949e110c1",
        "facilityType": "service",
        "pedestrianAllowed": null,
        "bicycleAllowed": null,
        "direction": "unknown",
        "provenance": [
          {
            "property": "",
            "dataset": "OpenStreetMap",
            "license": "ODbL-1.0",
            "record_id": "w159025829@7",
            "update_time": "2022-12-09T09:32:18Z",
            "confidence": null,
            "between": null,
            "provider": "osm",
            "resource": "planet",
            "version": "2026-08-05"
          }
        ],
        "connectorIds": [
          "f8febf0b-0e61-4669-b5e3-02bb47535831",
          "04d4e740-5b36-4ba4-bd06-825086f9200e"
        ],
        "officialInventory": false,
        "name": "府安路四段121巷",
        "originalCrs": "EPSG:4326",
        "originalProperties": {
          "names": {
            "primary": "府安路四段121巷",
            "common": null,
            "rules": [
              {
                "variant": "common",
                "language": null,
                "perspectives": null,
                "value": "府安路四段121巷",
                "between": null,
                "side": null
              }
            ]
          },
          "subtype": "road",
          "class": "service",
          "subclass": "alley",
          "subclass_rules": [
            {
              "value": "alley",
              "between": null
            }
          ],
          "connectors": [
            {
              "connector_id": "f8febf0b-0e61-4669-b5e3-02bb47535831",
              "at": 0.0
            },
            {
              "connector_id": "04d4e740-5b36-4ba4-bd06-825086f9200e",
              "at": 1.0
            }
          ],
          "road_surface": [
            {
              "value": "paved",
              "between": null
            }
          ],
          "sources": [
            {
              "property": "",
              "dataset": "OpenStreetMap",
              "license": "ODbL-1.0",
              "record_id": "w159025829@7",
              "update_time": "2022-12-09T09:32:18Z",
              "confidence": null,
              "between": null,
              "provider": "osm",
              "resource": "planet",
              "version": "2026-08-05"
            }
          ],
          "version": 1
        }
      }
    },
    {
      "type": "Feature",
      "id": "88dea26a-4a3a-415c-b686-87617fc2e4f2",
      "geometry": {
        "type": "LineString",
        "coordinates": [
          [
            120.2099438,
            23.0256452
          ],
          [
            120.2101195,
            23.0251295
          ],
          [
            120.2101316,
            23.0249074
          ]
        ]
      },
      "properties": {
        "source": "overture",
        "sourceKey": "overture-segments",
        "sourceVersion": "latest",
        "sourceFeatureId": "88dea26a-4a3a-415c-b686-87617fc2e4f2",
        "facilityType": "service",
        "pedestrianAllowed": null,
        "bicycleAllowed": null,
        "direction": "unknown",
        "provenance": [
          {
            "property": "",
            "dataset": "OpenStreetMap",
            "license": "ODbL-1.0",
            "record_id": "w159025846@5",
            "update_time": "2022-12-09T09:31:49Z",
            "confidence": null,
            "between": null,
            "provider": "osm",
            "resource": "planet",
            "version": "2026-08-05"
          }
        ],
        "connectorIds": [
          "d68aed1f-2680-4517-ac65-144932b3ba39",
          "beb4fdf2-2343-40e6-8a44-c44d42fee60b"
        ],
        "officialInventory": false,
        "name": "府安路四段109巷",
        "originalCrs": "EPSG:4326",
        "originalProperties": {
          "names": {
            "primary": "府安路四段109巷",
            "common": null,
            "rules": [
              {
                "variant": "common",
                "language": null,
                "perspectives": null,
                "value": "府安路四段109巷",
                "between": null,
                "side": null
              }
            ]
          },
          "subtype": "road",
          "class": "service",
          "subclass": "alley",
          "subclass_rules": [
            {
              "value": "alley",
              "between": null
            }
          ],
          "connectors": [
            {
              "connector_id": "d68aed1f-2680-4517-ac65-144932b3ba39",
              "at": 0.0
            },
            {
              "connector_id": "beb4fdf2-2343-40e6-8a44-c44d42fee60b",
              "at": 1.0
            }
          ],
          "road_surface": [
            {
              "value": "paved",
              "between": null
            }
          ],
          "sources": [
            {
              "property": "",
              "dataset": "OpenStreetMap",
              "license": "ODbL-1.0",
              "record_id": "w159025846@5",
              "update_time": "2022-12-09T09:31:49Z",
              "confidence": null,
              "between": null,
              "provider": "osm",
              "resource": "planet",
              "version": "2026-08-05"
            }
          ],
          "version": 1
        }
      }
    },
    {
      "type": "Feature",
      "id": "9e579d88-ed52-4055-b790-6eab571ccc1e",
      "geometry": {
        "type": "LineString",
        "coordinates": [
          [
            120.2055087,
            23.0251837
          ],
          [
            120.2062071,
            23.0252442
          ]
        ]
      },
      "properties": {
        "source": "overture",
        "sourceKey": "overture-segments",
        "sourceVersion": "latest",
        "sourceFeatureId": "9e579d88-ed52-4055-b790-6eab571ccc1e",
        "facilityType": "unknown",
        "pedestrianAllowed": null,
        "bicycleAllowed": null,
        "direction": "unknown",
        "provenance": [
          {
            "property": "",
            "dataset": "TomTom",
            "license": "ODbL-1.0",
            "record_id": null,
            "update_time": null,
            "confidence": null,
            "between": null,
            "provider": "tomtom",
            "resource": "orbis",
            "version": "2633"
          }
        ],
        "connectorIds": [
          "f9cc5508-cdd0-4107-b577-a351313ed195",
          "cf877b3f-dcc1-4d3f-8f09-aba2c1b62f96"
        ],
        "officialInventory": false,
        "name": null,
        "originalCrs": "EPSG:4326",
        "originalProperties": {
          "subtype": "road",
          "class": "unknown",
          "connectors": [
            {
              "connector_id": "f9cc5508-cdd0-4107-b577-a351313ed195",
              "at": 0.0
            },
            {
              "connector_id": "cf877b3f-dcc1-4d3f-8f09-aba2c1b62f96",
              "at": 1.0
            }
          ],
          "sources": [
            {
              "property": "",
              "dataset": "TomTom",
              "license": "ODbL-1.0",
              "record_id": null,
              "update_time": null,
              "confidence": null,
              "between": null,
              "provider": "tomtom",
              "resource": "orbis",
              "version": "2633"
            }
          ],
          "version": 1
        }
      }
    },
    {
      "type": "Feature",
      "id": "e62544c6-f929-4789-bc4e-46bbc7af683a",
      "geometry": {
        "type": "LineString",
        "coordinates": [
          [
            120.2086765,
            23.0251597
          ],
          [
            120.2082281,
            23.0251399
          ]
        ]
      },
      "properties": {
        "source": "overture",
        "sourceKey": "overture-segments",
        "sourceVersion": "latest",
        "sourceFeatureId": "e62544c6-f929-4789-bc4e-46bbc7af683a",
        "facilityType": "service",
        "pedestrianAllowed": null,
        "bicycleAllowed": null,
        "direction": "unknown",
        "provenance": [
          {
            "property": "",
            "dataset": "OpenStreetMap",
            "license": "ODbL-1.0",
            "record_id": "w159025823@3",
            "update_time": "2024-08-11T01:47:26Z",
            "confidence": null,
            "between": null,
            "provider": "osm",
            "resource": "planet",
            "version": "2026-08-05"
          }
        ],
        "connectorIds": [
          "9efae0bf-f40a-419a-9555-b1756c520715",
          "d4f28d7e-0d5f-4026-959b-3a5033e541b9"
        ],
        "officialInventory": false,
        "name": "府安路四段151巷2弄",
        "originalCrs": "EPSG:4326",
        "originalProperties": {
          "names": {
            "primary": "府安路四段151巷2弄",
            "common": null,
            "rules": [
              {
                "variant": "common",
                "language": null,
                "perspectives": null,
                "value": "府安路四段151巷2弄",
                "between": null,
                "side": null
              }
            ]
          },
          "subtype": "road",
          "class": "service",
          "subclass": "alley",
          "subclass_rules": [
            {
              "value": "alley",
              "between": null
            }
          ],
          "connectors": [
            {
              "connector_id": "9efae0bf-f40a-419a-9555-b1756c520715",
              "at": 0.0
            },
            {
              "connector_id": "d4f28d7e-0d5f-4026-959b-3a5033e541b9",
              "at": 1.0
            }
          ],
          "sources": [
            {
              "property": "",
              "dataset": "OpenStreetMap",
              "license": "ODbL-1.0",
              "record_id": "w159025823@3",
              "update_time": "2024-08-11T01:47:26Z",
              "confidence": null,
              "between": null,
              "provider": "osm",
              "resource": "planet",
              "version": "2026-08-05"
            }
          ],
          "version": 1
        }
      }
    },
    {
      "type": "Feature",
      "id": "1d8d1367-c548-4d30-a586-864256e2554c",
      "geometry": {
        "type": "LineString",
        "coordinates": [
          [
            120.207728,
            23.024687
          ],
          [
            120.2077195,
            23.0247489
          ],
          [
            120.2076324,
            23.0253865
          ],
          [
            120.2075874,
            23.02541
          ],
          [
            120.2075886,
            23.0256211
          ]
        ]
      },
      "properties": {
        "source": "overture",
        "sourceKey": "overture-segments",
        "sourceVersion": "latest",
        "sourceFeatureId": "1d8d1367-c548-4d30-a586-864256e2554c",
        "facilityType": "service",
        "pedestrianAllowed": null,
        "bicycleAllowed": null,
        "direction": "unknown",
        "provenance": [
          {
            "property": "",
            "dataset": "OpenStreetMap",
            "license": "ODbL-1.0",
            "record_id": "w159025852@8",
            "update_time": "2022-12-10T16:46:20Z",
            "confidence": null,
            "between": [
              0.0,
              0.731376066
            ],
            "provider": "osm",
            "resource": "planet",
            "version": "2026-08-05"
          },
          {
            "property": "",
            "dataset": "OpenStreetMap",
            "license": "ODbL-1.0",
            "record_id": "w906801510@1",
            "update_time": "2021-02-13T13:17:01Z",
            "confidence": null,
            "between": [
              0.731376066,
              1.0
            ],
            "provider": "osm",
            "resource": "planet",
            "version": "2026-08-05"
          }
        ],
        "connectorIds": [
          "5fedf3aa-acd7-4b9b-92b3-86203c6da8c8",
          "24010c2c-f806-4ed4-b67c-784ececf2135",
          "7494d6cc-2f9f-46ce-a2da-7fa915bd7b34"
        ],
        "officialInventory": false,
        "name": "府安路四段162巷",
        "originalCrs": "EPSG:4326",
        "originalProperties": {
          "names": {
            "primary": "府安路四段162巷",
            "common": null,
            "rules": [
              {
                "variant": "common",
                "language": null,
                "perspectives": null,
                "value": "府安路四段162巷",
                "between": [
                  0.0,
                  0.731376066
                ],
                "side": null
              }
            ]
          },
          "subtype": "road",
          "class": "service",
          "subclass": "alley",
          "subclass_rules": [
            {
              "value": "alley",
              "between": null
            }
          ],
          "connectors": [
            {
              "connector_id": "5fedf3aa-acd7-4b9b-92b3-86203c6da8c8",
              "at": 0.0
            },
            {
              "connector_id": "24010c2c-f806-4ed4-b67c-784ececf2135",
              "at": 0.06472813
            },
            {
              "connector_id": "7494d6cc-2f9f-46ce-a2da-7fa915bd7b34",
              "at": 1.0
            }
          ],
          "road_surface": [
            {
              "value": "paved",
              "between": [
                0.0,
                0.731376066
              ]
            }
          ],
          "sources": [
            {
              "property": "",
              "dataset": "OpenStreetMap",
              "license": "ODbL-1.0",
              "record_id": "w159025852@8",
              "update_time": "2022-12-10T16:46:20Z",
              "confidence": null,
              "between": [
                0.0,
                0.731376066
              ],
              "provider": "osm",
              "resource": "planet",
              "version": "2026-08-05"
            },
            {
              "property": "",
              "dataset": "OpenStreetMap",
              "license": "ODbL-1.0",
              "record_id": "w906801510@1",
              "update_time": "2021-02-13T13:17:01Z",
              "confidence": null,
              "between": [
                0.731376066,
                1.0
              ],
              "provider": "osm",
              "resource": "planet",
              "version": "2026-08-05"
            }
          ],
          "version": 1
        }
      }
    },
    {
      "type": "Feature",
      "id": "78595099-acc9-4d85-97f4-c82cbf8e3b3d",
      "geometry": {
        "type": "LineString",
        "coordinates": [
          [
            120.2055586,
            23.0245333
          ],
          [
            120.2055493,
            23.0246525
          ],
          [
            120.2055403,
            23.0247548
          ],
          [
            120.2055174,
            23.0250958
          ],
          [
            120.2055087,
            23.0251837
          ],
          [
            120.2054911,
            23.025363
          ],
          [
            120.2054438,
            23.0257644
          ]
        ]
      },
      "properties": {
        "source": "overture",
        "sourceKey": "overture-segments",
        "sourceVersion": "latest",
        "sourceFeatureId": "78595099-acc9-4d85-97f4-c82cbf8e3b3d",
        "facilityType": "residential",
        "pedestrianAllowed": null,
        "bicycleAllowed": null,
        "direction": "unknown",
        "provenance": [
          {
            "property": "",
            "dataset": "OpenStreetMap",
            "license": "ODbL-1.0",
            "record_id": "w159025885@18",
            "update_time": "2026-02-24T03:16:42Z",
            "confidence": null,
            "between": null,
            "provider": "osm",
            "resource": "planet",
            "version": "2026-08-05"
          }
        ],
        "connectorIds": [
          "c87b500b-2f02-46aa-8fb0-cce21f5cfb6c",
          "dafeaa4d-6aef-4afb-9f09-91fd114b365e",
          "6c09f9c8-d69b-46bd-a1af-d14bb4c6ce41",
          "f9cc5508-cdd0-4107-b577-a351313ed195",
          "e1f850c3-4261-4c11-9fde-38fc2eb6d52a",
          "662dc714-c94a-4dc4-b36e-850be2807ca0"
        ],
        "officialInventory": false,
        "name": "北安路二段",
        "originalCrs": "EPSG:4326",
        "originalProperties": {
          "names": {
            "primary": "北安路二段",
            "common": null,
            "rules": [
              {
                "variant": "common",
                "language": null,
                "perspectives": null,
                "value": "北安路二段",
                "between": null,
                "side": null
              }
            ]
          },
          "subtype": "road",
          "class": "residential",
          "connectors": [
            {
              "connector_id": "c87b500b-2f02-46aa-8fb0-cce21f5cfb6c",
              "at": 0.0
            },
            {
              "connector_id": "dafeaa4d-6aef-4afb-9f09-91fd114b365e",
              "at": 0.09669954
            },
            {
              "connector_id": "6c09f9c8-d69b-46bd-a1af-d14bb4c6ce41",
              "at": 0.179747591
            },
            {
              "connector_id": "f9cc5508-cdd0-4107-b577-a351313ed195",
              "at": 0.527614096
            },
            {
              "connector_id": "e1f850c3-4261-4c11-9fde-38fc2eb6d52a",
              "at": 0.673288793
            },
            {
              "connector_id": "662dc714-c94a-4dc4-b36e-850be2807ca0",
              "at": 1.0
            }
          ],
          "road_surface": [
            {
              "value": "paved",
              "between": null
            }
          ],
          "speed_limits": [
            {
              "min_speed": null,
              "max_speed": {
                "value": 40,
                "unit": "km/h"
              },
              "is_max_speed_variable": null,
              "when": null,
              "between": null
            }
          ],
          "sources": [
            {
              "property": "",
              "dataset": "OpenStreetMap",
              "license": "ODbL-1.0",
              "record_id": "w159025885@18",
              "update_time": "2026-02-24T03:16:42Z",
              "confidence": null,
              "between": null,
              "provider": "osm",
              "resource": "planet",
              "version": "2026-08-05"
            }
          ],
          "version": 5
        }
      }
    },
    {
      "type": "Feature",
      "id": "7f587264-eac9-4409-b1de-2bf79337876d",
      "geometry": {
        "type": "LineString",
        "coordinates": [
          [
            120.2089528,
            23.0254371
          ],
          [
            120.2081965,
            23.025307
          ],
          [
            120.2082281,
            23.0251399
          ],
          [
            120.2082582,
            23.0248099
          ],
          [
            120.2082677,
            23.024739
          ]
        ]
      },
      "properties": {
        "source": "overture",
        "sourceKey": "overture-segments",
        "sourceVersion": "latest",
        "sourceFeatureId": "7f587264-eac9-4409-b1de-2bf79337876d",
        "facilityType": "service",
        "pedestrianAllowed": null,
        "bicycleAllowed": null,
        "direction": "unknown",
        "provenance": [
          {
            "property": "",
            "dataset": "OpenStreetMap",
            "license": "ODbL-1.0",
            "record_id": "w159025850@7",
            "update_time": "2024-08-11T01:47:26Z",
            "confidence": null,
            "between": null,
            "provider": "osm",
            "resource": "planet",
            "version": "2026-08-05"
          }
        ],
        "connectorIds": [
          "6cc842ce-c328-4b0d-8cc3-5a8f2138ee22",
          "d4f28d7e-0d5f-4026-959b-3a5033e541b9",
          "1ee59a0f-c814-4724-9643-a5a9f238af5d",
          "8e52cb82-725e-4d65-b226-e59b594be78b"
        ],
        "officialInventory": false,
        "name": "府安路四段151巷",
        "originalCrs": "EPSG:4326",
        "originalProperties": {
          "names": {
            "primary": "府安路四段151巷",
            "common": null,
            "rules": [
              {
                "variant": "common",
                "language": null,
                "perspectives": null,
                "value": "府安路四段151巷",
                "between": null,
                "side": null
              }
            ]
          },
          "subtype": "road",
          "class": "service",
          "subclass": "alley",
          "subclass_rules": [
            {
              "value": "alley",
              "between": null
            }
          ],
          "connectors": [
            {
              "connector_id": "6cc842ce-c328-4b0d-8cc3-5a8f2138ee22",
              "at": 0.0
            },
            {
              "connector_id": "d4f28d7e-0d5f-4026-959b-3a5033e541b9",
              "at": 0.686499925
            },
            {
              "connector_id": "1ee59a0f-c814-4724-9643-a5a9f238af5d",
              "at": 0.944370369
            },
            {
              "connector_id": "8e52cb82-725e-4d65-b226-e59b594be78b",
              "at": 1.0
            }
          ],
          "road_surface": [
            {
              "value": "paved",
              "between": null
            }
          ],
          "sources": [
            {
              "property": "",
              "dataset": "OpenStreetMap",
              "license": "ODbL-1.0",
              "record_id": "w159025850@7",
              "update_time": "2024-08-11T01:47:26Z",
              "confidence": null,
              "between": null,
              "provider": "osm",
              "resource": "planet",
              "version": "2026-08-05"
            }
          ],
          "version": 1
        }
      }
    },
    {
      "type": "Feature",
      "id": "bec0dfdb-abb5-4bb7-919a-e428288540ad",
      "geometry": {
        "type": "LineString",
        "coordinates": [
          [
            120.2055586,
            23.0245333
          ],
          [
            120.205644,
            23.0245388
          ],
          [
            120.2057936,
            23.0245471
          ],
          [
            120.2065354,
            23.0245883
          ],
          [
            120.2069872,
            23.0246238
          ],
          [
            120.2073529,
            23.024653
          ],
          [
            120.2073932,
            23.0246567
          ],
          [
            120.207728,
            23.024687
          ],
          [
            120.2082677,
            23.024739
          ],
          [
            120.2090428,
            23.0247966
          ],
          [
            120.20905,
            23.0247975
          ],
          [
            120.2095666,
            23.0248633
          ],
          [
            120.2101316,
            23.0249074
          ],
          [
            120.2106206,
            23.0249454
          ],
          [
            120.2108758,
            23.0249605
          ],
          [
            120.2109391,
            23.0249642
          ],
          [
            120.2109582,
            23.0249659
          ],
          [
            120.2109817,
            23.0249681
          ],
          [
            120.2119767,
            23.0250579
          ],
          [
            120.2124035,
            23.0250965
          ],
          [
            120.2127808,
            23.0251553
          ],
          [
            120.2135054,
            23.0253223
          ],
          [
            120.2135621,
            23.0253354
          ],
          [
            120.2139609,
            23.0254273
          ],
          [
            120.2139752,
            23.0254306
          ],
          [
            120.2146394,
            23.0256244
          ],
          [
            120.2150646,
            23.0257485
          ],
          [
            120.2151866,
            23.0257926
          ]
        ]
      },
      "properties": {
        "source": "overture",
        "sourceKey": "overture-segments",
        "sourceVersion": "latest",
        "sourceFeatureId": "bec0dfdb-abb5-4bb7-919a-e428288540ad",
        "facilityType": "tertiary",
        "pedestrianAllowed": null,
        "bicycleAllowed": null,
        "direction": "unknown",
        "provenance": [
          {
            "property": "",
            "dataset": "OpenStreetMap",
            "license": "ODbL-1.0",
            "record_id": "w270270893@14",
            "update_time": "2026-02-24T03:16:42Z",
            "confidence": null,
            "between": null,
            "provider": "osm",
            "resource": "planet",
            "version": "2026-08-05"
          }
        ],
        "connectorIds": [
          "c87b500b-2f02-46aa-8fb0-cce21f5cfb6c",
          "7eccba3f-2cc5-493f-8cf8-d8bf094e33a2",
          "36d9d037-cf8d-4fca-be83-c214bfef3f35",
          "1cec694d-31c1-4f81-9a68-fdc250fbdfe4",
          "75947bdc-5436-4c56-adc9-a62dad83ef35",
          "e8dbf4b3-a53e-4724-beae-0815a73c5c28",
          "dba1958b-fc13-4575-b837-57c984ab5c0b",
          "5fedf3aa-acd7-4b9b-92b3-86203c6da8c8",
          "8e52cb82-725e-4d65-b226-e59b594be78b",
          "86792ecf-a324-4a1c-b3c2-4f4a7cabe2ca",
          "6b2739bc-c45f-4679-8aa5-3479cdde043c",
          "04d4e740-5b36-4ba4-bd06-825086f9200e",
          "beb4fdf2-2343-40e6-8a44-c44d42fee60b",
          "c357bb0e-9128-424d-bd1b-d463997b6f8a",
          "27760069-eb34-4710-96a5-fd9ed4431738",
          "bffba956-9986-4bc7-9239-3b0eff15e74b",
          "6bbd2781-86d4-426a-9543-93b28d3e1e24",
          "51429646-f7f0-42a5-90f5-25124644543d",
          "8642ecec-d237-4702-bfcd-e8ccc73a2f31",
          "14cfbffd-0dad-4f71-a86b-04511c7c387b",
          "e08dbcdf-6612-4273-9043-5f1536b4ee87",
          "f52be044-92e1-486f-9aed-6ef94227bf5a",
          "bcc3b80f-3f64-4168-8fe2-c9246c5107b4",
          "64d47438-9d9c-47ca-b133-ed1ca1d52068",
          "1efd84b2-7517-4836-8fcb-0342612504a4",
          "f4ff603d-a86c-41f9-91cd-560707ecdecf",
          "c3e06a3f-29d7-400b-acb9-115716d72032"
        ],
        "officialInventory": false,
        "name": "府安路四段",
        "originalCrs": "EPSG:4326",
        "originalProperties": {
          "names": {
            "primary": "府安路四段",
            "common": [
              [
                "en",
                "Fu’an Road Section 4"
              ],
              [
                "zh",
                "府安路四段"
              ]
            ],
            "rules": [
              {
                "variant": "common",
                "language": null,
                "perspectives": null,
                "value": "府安路四段",
                "between": null,
                "side": null
              }
            ]
          },
          "subtype": "road",
          "class": "tertiary",
          "connectors": [
            {
              "connector_id": "c87b500b-2f02-46aa-8fb0-cce21f5cfb6c",
              "at": 0.0
            },
            {
              "connector_id": "7eccba3f-2cc5-493f-8cf8-d8bf094e33a2",
              "at": 0.008771289
            },
            {
              "connector_id": "36d9d037-cf8d-4fca-be83-c214bfef3f35",
              "at": 0.024126902
            },
            {
              "connector_id": "1cec694d-31c1-4f81-9a68-fdc250fbdfe4",
              "at": 0.100268848
            },
            {
              "connector_id": "75947bdc-5436-4c56-adc9-a62dad83ef35",
              "at": 0.146727012
            },
            {
              "connector_id": "e8dbf4b3-a53e-4724-beae-0815a73c5c28",
              "at": 0.184335977
            },
            {
              "connector_id": "dba1958b-fc13-4575-b837-57c984ab5c0b",
              "at": 0.188485399
            },
            {
              "connector_id": "5fedf3aa-acd7-4b9b-92b3-86203c6da8c8",
              "at": 0.222952753
            },
            {
              "connector_id": "8e52cb82-725e-4d65-b226-e59b594be78b",
              "at": 0.278549445
            },
            {
              "connector_id": "86792ecf-a324-4a1c-b3c2-4f4a7cabe2ca",
              "at": 0.35822205
            },
            {
              "connector_id": "6b2739bc-c45f-4679-8aa5-3479cdde043c",
              "at": 0.358966461
            },
            {
              "connector_id": "04d4e740-5b36-4ba4-bd06-825086f9200e",
              "at": 0.412396299
            },
            {
              "connector_id": "beb4fdf2-2343-40e6-8a44-c44d42fee60b",
              "at": 0.470491843
            },
            {
              "connector_id": "c357bb0e-9128-424d-bd1b-d463997b6f8a",
              "at": 0.520771191
            },
            {
              "connector_id": "27760069-eb34-4710-96a5-fd9ed4431738",
              "at": 0.546972421
            },
            {
              "connector_id": "bffba956-9986-4bc7-9239-3b0eff15e74b",
              "at": 0.553471075
            },
            {
              "connector_id": "6bbd2781-86d4-426a-9543-93b28d3e1e24",
              "at": 0.555437093
            },
            {
              "connector_id": "51429646-f7f0-42a5-90f5-25124644543d",
              "at": 0.557857193
            },
            {
              "connector_id": "8642ecec-d237-4702-bfcd-e8ccc73a2f31",
              "at": 0.660288597
            },
            {
              "connector_id": "14cfbffd-0dad-4f71-a86b-04511c7c387b",
              "at": 0.743429203
            },
            {
              "connector_id": "e08dbcdf-6612-4273-9043-5f1536b4ee87",
              "at": 0.819938714
            },
            {
              "connector_id": "f52be044-92e1-486f-9aed-6ef94227bf5a",
              "at": 0.825926448
            },
            {
              "connector_id": "bcc3b80f-3f64-4168-8fe2-c9246c5107b4",
              "at": 0.868034819
            },
            {
              "connector_id": "64d47438-9d9c-47ca-b133-ed1ca1d52068",
              "at": 0.869544848
            },
            {
              "connector_id": "1efd84b2-7517-4836-8fcb-0342612504a4",
              "at": 0.940900016
            },
            {
              "connector_id": "f4ff603d-a86c-41f9-91cd-560707ecdecf",
              "at": 0.986580482
            },
            {
              "connector_id": "c3e06a3f-29d7-400b-acb9-115716d72032",
              "at": 1.0
            }
          ],
          "road_surface": [
            {
              "value": "paved",
              "between": null
            }
          ],
          "speed_limits": [
            {
              "min_speed": null,
              "max_speed": {
                "value": 60,
                "unit": "km/h"
              },
              "is_max_speed_variable": null,
              "when": null,
              "between": null
            }
          ],
          "sources": [
            {
              "property": "",
              "dataset": "OpenStreetMap",
              "license": "ODbL-1.0",
              "record_id": "w270270893@14",
              "update_time": "2026-02-24T03:16:42Z",
              "confidence": null,
              "between": null,
              "provider": "osm",
              "resource": "planet",
              "version": "2026-08-05"
            }
          ],
          "version": 3
        }
      }
    },
    {
      "type": "Feature",
      "id": "835fe12a-baa5-4a5b-980f-a0e0f157dba0",
      "geometry": {
        "type": "LineString",
        "coordinates": [
          [
            120.2095666,
            23.0248633
          ],
          [
            120.2095793,
            23.0247323
          ]
        ]
      },
      "properties": {
        "source": "overture",
        "sourceKey": "overture-segments",
        "sourceVersion": "latest",
        "sourceFeatureId": "835fe12a-baa5-4a5b-980f-a0e0f157dba0",
        "facilityType": "steps",
        "pedestrianAllowed": null,
        "bicycleAllowed": null,
        "direction": "unknown",
        "provenance": [
          {
            "property": "",
            "dataset": "OpenStreetMap",
            "license": "ODbL-1.0",
            "record_id": "w1120791277@1",
            "update_time": "2022-12-10T16:46:20Z",
            "confidence": null,
            "between": null,
            "provider": "osm",
            "resource": "planet",
            "version": "2026-08-05"
          }
        ],
        "connectorIds": [
          "04d4e740-5b36-4ba4-bd06-825086f9200e",
          "da69be20-bdb8-4158-813d-219297e0c50e"
        ],
        "officialInventory": false,
        "name": null,
        "originalCrs": "EPSG:4326",
        "originalProperties": {
          "subtype": "road",
          "class": "steps",
          "connectors": [
            {
              "connector_id": "04d4e740-5b36-4ba4-bd06-825086f9200e",
              "at": 0.0
            },
            {
              "connector_id": "da69be20-bdb8-4158-813d-219297e0c50e",
              "at": 1.0
            }
          ],
          "sources": [
            {
              "property": "",
              "dataset": "OpenStreetMap",
              "license": "ODbL-1.0",
              "record_id": "w1120791277@1",
              "update_time": "2022-12-10T16:46:20Z",
              "confidence": null,
              "between": null,
              "provider": "osm",
              "resource": "planet",
              "version": "2026-08-05"
            }
          ],
          "version": 1
        }
      }
    },
    {
      "type": "Feature",
      "id": "d88efcda-d935-4603-9c27-3242acd3804a",
      "geometry": {
        "type": "LineString",
        "coordinates": [
          [
            120.20905,
            23.0247975
          ],
          [
            120.2090644,
            23.0246874
          ]
        ]
      },
      "properties": {
        "source": "overture",
        "sourceKey": "overture-segments",
        "sourceVersion": "latest",
        "sourceFeatureId": "d88efcda-d935-4603-9c27-3242acd3804a",
        "facilityType": "steps",
        "pedestrianAllowed": null,
        "bicycleAllowed": null,
        "direction": "unknown",
        "provenance": [
          {
            "property": "",
            "dataset": "OpenStreetMap",
            "license": "ODbL-1.0",
            "record_id": "w1120791280@1",
            "update_time": "2022-12-10T16:46:20Z",
            "confidence": null,
            "between": null,
            "provider": "osm",
            "resource": "planet",
            "version": "2026-08-05"
          }
        ],
        "connectorIds": [
          "6b2739bc-c45f-4679-8aa5-3479cdde043c",
          "834f99d9-a608-4304-835b-e97deb0f6a75"
        ],
        "officialInventory": false,
        "name": null,
        "originalCrs": "EPSG:4326",
        "originalProperties": {
          "subtype": "road",
          "class": "steps",
          "connectors": [
            {
              "connector_id": "6b2739bc-c45f-4679-8aa5-3479cdde043c",
              "at": 0.0
            },
            {
              "connector_id": "834f99d9-a608-4304-835b-e97deb0f6a75",
              "at": 1.0
            }
          ],
          "sources": [
            {
              "property": "",
              "dataset": "OpenStreetMap",
              "license": "ODbL-1.0",
              "record_id": "w1120791280@1",
              "update_time": "2022-12-10T16:46:20Z",
              "confidence": null,
              "between": null,
              "provider": "osm",
              "resource": "planet",
              "version": "2026-08-05"
            }
          ],
          "version": 1
        }
      }
    },
    {
      "type": "Feature",
      "id": "7bfb5714-fe48-4f58-9788-216dd2a06a17",
      "geometry": {
        "type": "LineString",
        "coordinates": [
          [
            120.2092368,
            23.0247025
          ],
          [
            120.2091332,
            23.024642
          ],
          [
            120.2084117,
            23.0244841
          ]
        ]
      },
      "properties": {
        "source": "overture",
        "sourceKey": "overture-segments",
        "sourceVersion": "latest",
        "sourceFeatureId": "7bfb5714-fe48-4f58-9788-216dd2a06a17",
        "facilityType": "pedestrian",
        "pedestrianAllowed": null,
        "bicycleAllowed": null,
        "direction": "unknown",
        "provenance": [
          {
            "property": "",
            "dataset": "OpenStreetMap",
            "license": "ODbL-1.0",
            "record_id": "w1120791287@1",
            "update_time": "2022-12-10T16:46:20Z",
            "confidence": null,
            "between": null,
            "provider": "osm",
            "resource": "planet",
            "version": "2026-08-05"
          }
        ],
        "connectorIds": [
          "ca94643c-749d-4675-a0ac-d2ccdb051f99",
          "ad4960bb-0ba2-477e-8642-165643c01765"
        ],
        "officialInventory": false,
        "name": null,
        "originalCrs": "EPSG:4326",
        "originalProperties": {
          "subtype": "road",
          "class": "pedestrian",
          "connectors": [
            {
              "connector_id": "ca94643c-749d-4675-a0ac-d2ccdb051f99",
              "at": 0.0
            },
            {
              "connector_id": "ad4960bb-0ba2-477e-8642-165643c01765",
              "at": 1.0
            }
          ],
          "sources": [
            {
              "property": "",
              "dataset": "OpenStreetMap",
              "license": "ODbL-1.0",
              "record_id": "w1120791287@1",
              "update_time": "2022-12-10T16:46:20Z",
              "confidence": null,
              "between": null,
              "provider": "osm",
              "resource": "planet",
              "version": "2026-08-05"
            }
          ],
          "version": 1
        }
      }
    },
    {
      "type": "Feature",
      "id": "4164f9ca-2f3c-443c-b976-9192e2c042a8",
      "geometry": {
        "type": "LineString",
        "coordinates": [
          [
            120.2082677,
            23.024739
          ],
          [
            120.2082828,
            23.0246176
          ]
        ]
      },
      "properties": {
        "source": "overture",
        "sourceKey": "overture-segments",
        "sourceVersion": "latest",
        "sourceFeatureId": "4164f9ca-2f3c-443c-b976-9192e2c042a8",
        "facilityType": "steps",
        "pedestrianAllowed": null,
        "bicycleAllowed": null,
        "direction": "unknown",
        "provenance": [
          {
            "property": "",
            "dataset": "OpenStreetMap",
            "license": "ODbL-1.0",
            "record_id": "w1120791285@1",
            "update_time": "2022-12-10T16:46:20Z",
            "confidence": null,
            "between": null,
            "provider": "osm",
            "resource": "planet",
            "version": "2026-08-05"
          }
        ],
        "connectorIds": [
          "8e52cb82-725e-4d65-b226-e59b594be78b",
          "c1055500-f765-4f53-86d5-9069c100a0a4"
        ],
        "officialInventory": false,
        "name": null,
        "originalCrs": "EPSG:4326",
        "originalProperties": {
          "subtype": "road",
          "class": "steps",
          "connectors": [
            {
              "connector_id": "8e52cb82-725e-4d65-b226-e59b594be78b",
              "at": 0.0
            },
            {
              "connector_id": "c1055500-f765-4f53-86d5-9069c100a0a4",
              "at": 1.0
            }
          ],
          "sources": [
            {
              "property": "",
              "dataset": "OpenStreetMap",
              "license": "ODbL-1.0",
              "record_id": "w1120791285@1",
              "update_time": "2022-12-10T16:46:20Z",
              "confidence": null,
              "between": null,
              "provider": "osm",
              "resource": "planet",
              "version": "2026-08-05"
            }
          ],
          "version": 1
        }
      }
    },
    {
      "type": "Feature",
      "id": "48c2144e-789b-47a5-94a2-2a01eeae6ef7",
      "geometry": {
        "type": "LineString",
        "coordinates": [
          [
            120.207728,
            23.024687
          ],
          [
            120.2077428,
            23.0245715
          ]
        ]
      },
      "properties": {
        "source": "overture",
        "sourceKey": "overture-segments",
        "sourceVersion": "latest",
        "sourceFeatureId": "48c2144e-789b-47a5-94a2-2a01eeae6ef7",
        "facilityType": "steps",
        "pedestrianAllowed": null,
        "bicycleAllowed": null,
        "direction": "unknown",
        "provenance": [
          {
            "property": "",
            "dataset": "OpenStreetMap",
            "license": "ODbL-1.0",
            "record_id": "w1120791289@1",
            "update_time": "2022-12-10T16:46:20Z",
            "confidence": null,
            "between": null,
            "provider": "osm",
            "resource": "planet",
            "version": "2026-08-05"
          }
        ],
        "connectorIds": [
          "5fedf3aa-acd7-4b9b-92b3-86203c6da8c8",
          "f5ed5165-66d7-4243-a22a-d95383d054a2"
        ],
        "officialInventory": false,
        "name": null,
        "originalCrs": "EPSG:4326",
        "originalProperties": {
          "subtype": "road",
          "class": "steps",
          "connectors": [
            {
              "connector_id": "5fedf3aa-acd7-4b9b-92b3-86203c6da8c8",
              "at": 0.0
            },
            {
              "connector_id": "f5ed5165-66d7-4243-a22a-d95383d054a2",
              "at": 1.0
            }
          ],
          "sources": [
            {
              "property": "",
              "dataset": "OpenStreetMap",
              "license": "ODbL-1.0",
              "record_id": "w1120791289@1",
              "update_time": "2022-12-10T16:46:20Z",
              "confidence": null,
              "between": null,
              "provider": "osm",
              "resource": "planet",
              "version": "2026-08-05"
            }
          ],
          "version": 1
        }
      }
    },
    {
      "type": "Feature",
      "id": "c4453254-956d-4e0c-8d5a-5541b81bccec",
      "geometry": {
        "type": "LineString",
        "coordinates": [
          [
            120.2069872,
            23.0246238
          ],
          [
            120.206998,
            23.0245123
          ]
        ]
      },
      "properties": {
        "source": "overture",
        "sourceKey": "overture-segments",
        "sourceVersion": "latest",
        "sourceFeatureId": "c4453254-956d-4e0c-8d5a-5541b81bccec",
        "facilityType": "steps",
        "pedestrianAllowed": null,
        "bicycleAllowed": null,
        "direction": "unknown",
        "provenance": [
          {
            "property": "",
            "dataset": "OpenStreetMap",
            "license": "ODbL-1.0",
            "record_id": "w1120791293@1",
            "update_time": "2022-12-10T16:46:20Z",
            "confidence": null,
            "between": null,
            "provider": "osm",
            "resource": "planet",
            "version": "2026-08-05"
          }
        ],
        "connectorIds": [
          "75947bdc-5436-4c56-adc9-a62dad83ef35",
          "995079b5-4734-4df8-b373-62941b438e4f"
        ],
        "officialInventory": false,
        "name": null,
        "originalCrs": "EPSG:4326",
        "originalProperties": {
          "subtype": "road",
          "class": "steps",
          "connectors": [
            {
              "connector_id": "75947bdc-5436-4c56-adc9-a62dad83ef35",
              "at": 0.0
            },
            {
              "connector_id": "995079b5-4734-4df8-b373-62941b438e4f",
              "at": 1.0
            }
          ],
          "sources": [
            {
              "property": "",
              "dataset": "OpenStreetMap",
              "license": "ODbL-1.0",
              "record_id": "w1120791293@1",
              "update_time": "2022-12-10T16:46:20Z",
              "confidence": null,
              "between": null,
              "provider": "osm",
              "resource": "planet",
              "version": "2026-08-05"
            }
          ],
          "version": 1
        }
      }
    },
    {
      "type": "Feature",
      "id": "332eee23-ff44-4c91-bde6-42c2122385ff",
      "geometry": {
        "type": "LineString",
        "coordinates": [
          [
            120.2073932,
            23.0246567
          ],
          [
            120.2074084,
            23.024543
          ]
        ]
      },
      "properties": {
        "source": "overture",
        "sourceKey": "overture-segments",
        "sourceVersion": "latest",
        "sourceFeatureId": "332eee23-ff44-4c91-bde6-42c2122385ff",
        "facilityType": "steps",
        "pedestrianAllowed": null,
        "bicycleAllowed": null,
        "direction": "unknown",
        "provenance": [
          {
            "property": "",
            "dataset": "OpenStreetMap",
            "license": "ODbL-1.0",
            "record_id": "w1120791290@1",
            "update_time": "2022-12-10T16:46:20Z",
            "confidence": null,
            "between": null,
            "provider": "osm",
            "resource": "planet",
            "version": "2026-08-05"
          }
        ],
        "connectorIds": [
          "dba1958b-fc13-4575-b837-57c984ab5c0b",
          "de4d2994-a789-4b0b-8022-0685d3fac218"
        ],
        "officialInventory": false,
        "name": null,
        "originalCrs": "EPSG:4326",
        "originalProperties": {
          "subtype": "road",
          "class": "steps",
          "connectors": [
            {
              "connector_id": "dba1958b-fc13-4575-b837-57c984ab5c0b",
              "at": 0.0
            },
            {
              "connector_id": "de4d2994-a789-4b0b-8022-0685d3fac218",
              "at": 1.0
            }
          ],
          "sources": [
            {
              "property": "",
              "dataset": "OpenStreetMap",
              "license": "ODbL-1.0",
              "record_id": "w1120791290@1",
              "update_time": "2022-12-10T16:46:20Z",
              "confidence": null,
              "between": null,
              "provider": "osm",
              "resource": "planet",
              "version": "2026-08-05"
            }
          ],
          "version": 1
        }
      }
    },
    {
      "type": "Feature",
      "id": "e9af1571-f226-4da7-94cf-f57f3e62ec30",
      "geometry": {
        "type": "LineString",
        "coordinates": [
          [
            120.2051292,
            23.0260247
          ],
          [
            120.2051453,
            23.0259112
          ],
          [
            120.2053169,
            23.0245779
          ],
          [
            120.205521,
            23.0231305
          ]
        ]
      },
      "properties": {
        "source": "overture",
        "sourceKey": "overture-segments",
        "sourceVersion": "latest",
        "sourceFeatureId": "e9af1571-f226-4da7-94cf-f57f3e62ec30",
        "facilityType": "tertiary",
        "pedestrianAllowed": null,
        "bicycleAllowed": null,
        "direction": "unknown",
        "provenance": [
          {
            "property": "",
            "dataset": "OpenStreetMap",
            "license": "ODbL-1.0",
            "record_id": "w142297111@20",
            "update_time": "2026-07-11T01:32:44Z",
            "confidence": null,
            "between": [
              0.0,
              0.039253597
            ],
            "provider": "osm",
            "resource": "planet",
            "version": "2026-08-05"
          },
          {
            "property": "",
            "dataset": "OpenStreetMap",
            "license": "ODbL-1.0",
            "record_id": "w1171744885@4",
            "update_time": "2025-11-29T02:07:48Z",
            "confidence": null,
            "between": [
              0.039253597,
              0.499585603
            ],
            "provider": "osm",
            "resource": "planet",
            "version": "2026-08-05"
          },
          {
            "property": "",
            "dataset": "OpenStreetMap",
            "license": "ODbL-1.0",
            "record_id": "w108208758@15",
            "update_time": "2025-11-29T02:07:32Z",
            "confidence": null,
            "between": [
              0.499585603,
              1.0
            ],
            "provider": "osm",
            "resource": "planet",
            "version": "2026-08-05"
          }
        ],
        "connectorIds": [
          "6bb2d231-14ad-4150-b8e0-8a83b798877c",
          "79b26d66-8283-42f6-aeb7-94d99f739afc",
          "650b9282-115f-4a50-8bb0-b464a3204118"
        ],
        "officialInventory": false,
        "name": "北安橋",
        "originalCrs": "EPSG:4326",
        "originalProperties": {
          "names": {
            "primary": "北安橋",
            "common": null,
            "rules": [
              {
                "variant": "common",
                "language": "en",
                "perspectives": null,
                "value": "Bei’an Road Section 2",
                "between": [
                  0.0,
                  0.039253597
                ],
                "side": null
              },
              {
                "variant": "common",
                "language": null,
                "perspectives": null,
                "value": "北安路二段",
                "between": [
                  0.0,
                  0.039253597
                ],
                "side": null
              },
              {
                "variant": "common",
                "language": "zh",
                "perspectives": null,
                "value": "北安路二段",
                "between": [
                  0.0,
                  0.039253597
                ],
                "side": null
              },
              {
                "variant": "common",
                "language": "en",
                "perspectives": null,
                "value": "Bei’an Bridge",
                "between": [
                  0.039253597,
                  1.0
                ],
                "side": null
              },
              {
                "variant": "common",
                "language": null,
                "perspectives": null,
                "value": "北安橋",
                "between": [
                  0.039253597,
                  1.0
                ],
                "side": null
              },
              {
                "variant": "common",
                "language": "zh",
                "perspectives": null,
                "value": "北安橋",
                "between": [
                  0.039253597,
                  1.0
                ],
                "side": null
              }
            ]
          },
          "subtype": "road",
          "class": "tertiary",
          "connectors": [
            {
              "connector_id": "6bb2d231-14ad-4150-b8e0-8a83b798877c",
              "at": 0.0
            },
            {
              "connector_id": "79b26d66-8283-42f6-aeb7-94d99f739afc",
              "at": 0.499575746
            },
            {
              "connector_id": "650b9282-115f-4a50-8bb0-b464a3204118",
              "at": 1.0
            }
          ],
          "road_surface": [
            {
              "value": "paved",
              "between": null
            }
          ],
          "road_flags": [
            {
              "values": [
                "is_bridge"
              ],
              "between": [
                0.039253597,
                1.0
              ]
            }
          ],
          "level_rules": [
            {
              "value": 1,
              "between": [
                0.039253597,
                1.0
              ]
            }
          ],
          "access_restrictions": [
            {
              "access_type": "denied",
              "when": {
                "during": null,
                "heading": null,
                "using": null,
                "recognized": null,
                "mode": [
                  "foot"
                ],
                "vehicle": null
              },
              "between": [
                0.039253597,
                0.499585603
              ]
            },
            {
              "access_type": "allowed",
              "when": {
                "during": null,
                "heading": null,
                "using": null,
                "recognized": null,
                "mode": [
                  "foot"
                ],
                "vehicle": null
              },
              "between": [
                0.499585603,
                1.0
              ]
            },
            {
              "access_type": "denied",
              "when": {
                "during": null,
                "heading": "backward",
                "using": null,
                "recognized": null,
                "mode": null,
                "vehicle": null
              },
              "between": null
            }
          ],
          "speed_limits": [
            {
              "min_speed": null,
              "max_speed": {
                "value": 60,
                "unit": "km/h"
              },
              "is_max_speed_variable": null,
              "when": null,
              "between": null
            }
          ],
          "sources": [
            {
              "property": "",
              "dataset": "OpenStreetMap",
              "license": "ODbL-1.0",
              "record_id": "w142297111@20",
              "update_time": "2026-07-11T01:32:44Z",
              "confidence": null,
              "between": [
                0.0,
                0.039253597
              ],
              "provider": "osm",
              "resource": "planet",
              "version": "2026-08-05"
            },
            {
              "property": "",
              "dataset": "OpenStreetMap",
              "license": "ODbL-1.0",
              "record_id": "w1171744885@4",
              "update_time": "2025-11-29T02:07:48Z",
              "confidence": null,
              "between": [
                0.039253597,
                0.499585603
              ],
              "provider": "osm",
              "resource": "planet",
              "version": "2026-08-05"
            },
            {
              "property": "",
              "dataset": "OpenStreetMap",
              "license": "ODbL-1.0",
              "record_id": "w108208758@15",
              "update_time": "2025-11-29T02:07:32Z",
              "confidence": null,
              "between": [
                0.499585603,
                1.0
              ],
              "provider": "osm",
              "resource": "planet",
              "version": "2026-08-05"
            }
          ],
          "version": 4
        }
      }
    },
    {
      "type": "Feature",
      "id": "001ab669-5fed-4ed2-9846-3193e72746d2",
      "geometry": {
        "type": "LineString",
        "coordinates": [
          [
            120.2052275,
            23.0247297
          ],
          [
            120.2052422,
            23.024595
          ],
          [
            120.2053169,
            23.0245779
          ]
        ]
      },
      "properties": {
        "source": "overture",
        "sourceKey": "overture-segments",
        "sourceVersion": "latest",
        "sourceFeatureId": "001ab669-5fed-4ed2-9846-3193e72746d2",
        "facilityType": "steps",
        "pedestrianAllowed": null,
        "bicycleAllowed": null,
        "direction": "unknown",
        "provenance": [
          {
            "property": "",
            "dataset": "OpenStreetMap",
            "license": "ODbL-1.0",
            "record_id": "w1120791299@2",
            "update_time": "2023-05-11T19:05:32Z",
            "confidence": null,
            "between": null,
            "provider": "osm",
            "resource": "planet",
            "version": "2026-08-05"
          }
        ],
        "connectorIds": [
          "a9e64afc-b68c-4d34-8b15-df6dac918918",
          "79b26d66-8283-42f6-aeb7-94d99f739afc"
        ],
        "officialInventory": false,
        "name": null,
        "originalCrs": "EPSG:4326",
        "originalProperties": {
          "subtype": "road",
          "class": "steps",
          "connectors": [
            {
              "connector_id": "a9e64afc-b68c-4d34-8b15-df6dac918918",
              "at": 0.0
            },
            {
              "connector_id": "79b26d66-8283-42f6-aeb7-94d99f739afc",
              "at": 1.0
            }
          ],
          "sources": [
            {
              "property": "",
              "dataset": "OpenStreetMap",
              "license": "ODbL-1.0",
              "record_id": "w1120791299@2",
              "update_time": "2023-05-11T19:05:32Z",
              "confidence": null,
              "between": null,
              "provider": "osm",
              "resource": "planet",
              "version": "2026-08-05"
            }
          ],
          "version": 1
        }
      }
    },
    {
      "type": "Feature",
      "id": "7eeca30a-691f-4cf9-8d76-ca3c6f926bd9",
      "geometry": {
        "type": "LineString",
        "coordinates": [
          [
            120.2054895,
            23.0247536
          ],
          [
            120.2054934,
            23.0246894
          ],
          [
            120.2054972,
            23.0246269
          ],
          [
            120.2054438,
            23.0245995
          ]
        ]
      },
      "properties": {
        "source": "overture",
        "sourceKey": "overture-segments",
        "sourceVersion": "latest",
        "sourceFeatureId": "7eeca30a-691f-4cf9-8d76-ca3c6f926bd9",
        "facilityType": "steps",
        "pedestrianAllowed": null,
        "bicycleAllowed": null,
        "direction": "unknown",
        "provenance": [
          {
            "property": "",
            "dataset": "OpenStreetMap",
            "license": "ODbL-1.0",
            "record_id": "w1120791297@2",
            "update_time": "2025-10-07T08:13:52Z",
            "confidence": null,
            "between": null,
            "provider": "osm",
            "resource": "planet",
            "version": "2026-08-05"
          }
        ],
        "connectorIds": [
          "d09f3be0-69bc-4c35-baa2-6445dfa38489",
          "9f9dd571-053e-45a8-975f-47f185fd456d"
        ],
        "officialInventory": false,
        "name": null,
        "originalCrs": "EPSG:4326",
        "originalProperties": {
          "subtype": "road",
          "class": "steps",
          "connectors": [
            {
              "connector_id": "d09f3be0-69bc-4c35-baa2-6445dfa38489",
              "at": 0.0
            },
            {
              "connector_id": "9f9dd571-053e-45a8-975f-47f185fd456d",
              "at": 1.0
            }
          ],
          "sources": [
            {
              "property": "",
              "dataset": "OpenStreetMap",
              "license": "ODbL-1.0",
              "record_id": "w1120791297@2",
              "update_time": "2025-10-07T08:13:52Z",
              "confidence": null,
              "between": null,
              "provider": "osm",
              "resource": "planet",
              "version": "2026-08-05"
            }
          ],
          "version": 2
        }
      }
    },
    {
      "type": "Feature",
      "id": "db21d0f2-93f5-412c-ab54-a700e90925ba",
      "geometry": {
        "type": "LineString",
        "coordinates": [
          [
            120.2052275,
            23.0247297
          ],
          [
            120.2051297,
            23.0247173
          ]
        ]
      },
      "properties": {
        "source": "overture",
        "sourceKey": "overture-segments",
        "sourceVersion": "latest",
        "sourceFeatureId": "db21d0f2-93f5-412c-ab54-a700e90925ba",
        "facilityType": "footway",
        "pedestrianAllowed": null,
        "bicycleAllowed": null,
        "direction": "unknown",
        "provenance": [
          {
            "property": "",
            "dataset": "OpenStreetMap",
            "license": "ODbL-1.0",
            "record_id": "w1171744878@1",
            "update_time": "2023-05-11T19:05:32Z",
            "confidence": null,
            "between": null,
            "provider": "osm",
            "resource": "planet",
            "version": "2026-08-05"
          }
        ],
        "connectorIds": [
          "a9e64afc-b68c-4d34-8b15-df6dac918918",
          "057569bd-5198-4bde-a6d2-aa2a4beefe1b"
        ],
        "officialInventory": false,
        "name": null,
        "originalCrs": "EPSG:4326",
        "originalProperties": {
          "subtype": "road",
          "class": "footway",
          "connectors": [
            {
              "connector_id": "a9e64afc-b68c-4d34-8b15-df6dac918918",
              "at": 0.0
            },
            {
              "connector_id": "057569bd-5198-4bde-a6d2-aa2a4beefe1b",
              "at": 1.0
            }
          ],
          "sources": [
            {
              "property": "",
              "dataset": "OpenStreetMap",
              "license": "ODbL-1.0",
              "record_id": "w1171744878@1",
              "update_time": "2023-05-11T19:05:32Z",
              "confidence": null,
              "between": null,
              "provider": "osm",
              "resource": "planet",
              "version": "2026-08-05"
            }
          ],
          "version": 1
        }
      }
    },
    {
      "type": "Feature",
      "id": "1054b130-a98a-4912-bca2-fff43058c25c",
      "geometry": {
        "type": "LineString",
        "coordinates": [
          [
            120.2054895,
            23.0247536
          ],
          [
            120.2055403,
            23.0247548
          ]
        ]
      },
      "properties": {
        "source": "overture",
        "sourceKey": "overture-segments",
        "sourceVersion": "latest",
        "sourceFeatureId": "1054b130-a98a-4912-bca2-fff43058c25c",
        "facilityType": "footway",
        "pedestrianAllowed": null,
        "bicycleAllowed": null,
        "direction": "unknown",
        "provenance": [
          {
            "property": "",
            "dataset": "OpenStreetMap",
            "license": "ODbL-1.0",
            "record_id": "w1171744877@1",
            "update_time": "2026-02-24T03:16:42Z",
            "confidence": null,
            "between": null,
            "provider": "osm",
            "resource": "planet",
            "version": "2026-08-05"
          }
        ],
        "connectorIds": [
          "d09f3be0-69bc-4c35-baa2-6445dfa38489",
          "6c09f9c8-d69b-46bd-a1af-d14bb4c6ce41"
        ],
        "officialInventory": false,
        "name": null,
        "originalCrs": "EPSG:4326",
        "originalProperties": {
          "subtype": "road",
          "class": "footway",
          "connectors": [
            {
              "connector_id": "d09f3be0-69bc-4c35-baa2-6445dfa38489",
              "at": 0.0
            },
            {
              "connector_id": "6c09f9c8-d69b-46bd-a1af-d14bb4c6ce41",
              "at": 1.0
            }
          ],
          "sources": [
            {
              "property": "",
              "dataset": "OpenStreetMap",
              "license": "ODbL-1.0",
              "record_id": "w1171744877@1",
              "update_time": "2026-02-24T03:16:42Z",
              "confidence": null,
              "between": null,
              "provider": "osm",
              "resource": "planet",
              "version": "2026-08-05"
            }
          ],
          "version": 2
        }
      }
    },
    {
      "type": "Feature",
      "id": "93d1ad32-930b-4a50-8194-a3059ae987d1",
      "geometry": {
        "type": "LineString",
        "coordinates": [
          [
            120.2062704,
            23.0250984
          ],
          [
            120.2064806,
            23.025112
          ],
          [
            120.2065354,
            23.0245883
          ]
        ]
      },
      "properties": {
        "source": "overture",
        "sourceKey": "overture-segments",
        "sourceVersion": "latest",
        "sourceFeatureId": "93d1ad32-930b-4a50-8194-a3059ae987d1",
        "facilityType": "service",
        "pedestrianAllowed": null,
        "bicycleAllowed": null,
        "direction": "unknown",
        "provenance": [
          {
            "property": "",
            "dataset": "OpenStreetMap",
            "license": "ODbL-1.0",
            "record_id": "w159025801@8",
            "update_time": "2022-12-09T09:37:45Z",
            "confidence": null,
            "between": null,
            "provider": "osm",
            "resource": "planet",
            "version": "2026-08-05"
          }
        ],
        "connectorIds": [
          "14a4ec1e-d64a-4f01-b4a2-838b69e5cf9b",
          "1cec694d-31c1-4f81-9a68-fdc250fbdfe4"
        ],
        "officialInventory": false,
        "name": "府安路四段185巷",
        "originalCrs": "EPSG:4326",
        "originalProperties": {
          "names": {
            "primary": "府安路四段185巷",
            "common": null,
            "rules": [
              {
                "variant": "common",
                "language": null,
                "perspectives": null,
                "value": "府安路四段185巷",
                "between": null,
                "side": null
              }
            ]
          },
          "subtype": "road",
          "class": "service",
          "subclass": "alley",
          "subclass_rules": [
            {
              "value": "alley",
              "between": null
            }
          ],
          "connectors": [
            {
              "connector_id": "14a4ec1e-d64a-4f01-b4a2-838b69e5cf9b",
              "at": 0.0
            },
            {
              "connector_id": "1cec694d-31c1-4f81-9a68-fdc250fbdfe4",
              "at": 1.0
            }
          ],
          "road_surface": [
            {
              "value": "paved",
              "between": null
            }
          ],
          "sources": [
            {
              "property": "",
              "dataset": "OpenStreetMap",
              "license": "ODbL-1.0",
              "record_id": "w159025801@8",
              "update_time": "2022-12-09T09:37:45Z",
              "confidence": null,
              "between": null,
              "provider": "osm",
              "resource": "planet",
              "version": "2026-08-05"
            }
          ],
          "version": 1
        }
      }
    },
    {
      "type": "Feature",
      "id": "72641f64-074e-4e3a-9178-9d3fb71362ba",
      "geometry": {
        "type": "LineString",
        "coordinates": [
          [
            120.2069142,
            23.0253135
          ],
          [
            120.2069802,
            23.0246897
          ],
          [
            120.2069872,
            23.0246238
          ]
        ]
      },
      "properties": {
        "source": "overture",
        "sourceKey": "overture-segments",
        "sourceVersion": "latest",
        "sourceFeatureId": "72641f64-074e-4e3a-9178-9d3fb71362ba",
        "facilityType": "service",
        "pedestrianAllowed": null,
        "bicycleAllowed": null,
        "direction": "unknown",
        "provenance": [
          {
            "property": "",
            "dataset": "OpenStreetMap",
            "license": "ODbL-1.0",
            "record_id": "w159025817@6",
            "update_time": "2022-12-10T16:46:20Z",
            "confidence": null,
            "between": null,
            "provider": "osm",
            "resource": "planet",
            "version": "2026-08-05"
          }
        ],
        "connectorIds": [
          "d02e3e07-c8ac-4a80-b1fb-ece888e1d94a",
          "2b98d71d-1911-4b1b-b099-22cc26b5d2f2",
          "75947bdc-5436-4c56-adc9-a62dad83ef35"
        ],
        "officialInventory": false,
        "name": "府安路四段176巷",
        "originalCrs": "EPSG:4326",
        "originalProperties": {
          "names": {
            "primary": "府安路四段176巷",
            "common": null,
            "rules": [
              {
                "variant": "common",
                "language": null,
                "perspectives": null,
                "value": "府安路四段176巷",
                "between": null,
                "side": null
              }
            ]
          },
          "subtype": "road",
          "class": "service",
          "subclass": "alley",
          "subclass_rules": [
            {
              "value": "alley",
              "between": null
            }
          ],
          "connectors": [
            {
              "connector_id": "d02e3e07-c8ac-4a80-b1fb-ece888e1d94a",
              "at": 0.0
            },
            {
              "connector_id": "2b98d71d-1911-4b1b-b099-22cc26b5d2f2",
              "at": 0.90444796
            },
            {
              "connector_id": "75947bdc-5436-4c56-adc9-a62dad83ef35",
              "at": 1.0
            }
          ],
          "road_surface": [
            {
              "value": "paved",
              "between": null
            }
          ],
          "sources": [
            {
              "property": "",
              "dataset": "OpenStreetMap",
              "license": "ODbL-1.0",
              "record_id": "w159025817@6",
              "update_time": "2022-12-10T16:46:20Z",
              "confidence": null,
              "between": null,
              "provider": "osm",
              "resource": "planet",
              "version": "2026-08-05"
            }
          ],
          "version": 1
        }
      }
    },
    {
      "type": "Feature",
      "id": "19d42678-c821-46ba-8f18-b4e473bbff1e",
      "geometry": {
        "type": "LineString",
        "coordinates": [
          [
            120.2073529,
            23.024653
          ],
          [
            120.2073465,
            23.0247156
          ],
          [
            120.2072814,
            23.0253501
          ]
        ]
      },
      "properties": {
        "source": "overture",
        "sourceKey": "overture-segments",
        "sourceVersion": "latest",
        "sourceFeatureId": "19d42678-c821-46ba-8f18-b4e473bbff1e",
        "facilityType": "service",
        "pedestrianAllowed": null,
        "bicycleAllowed": null,
        "direction": "unknown",
        "provenance": [
          {
            "property": "",
            "dataset": "OpenStreetMap",
            "license": "ODbL-1.0",
            "record_id": "w159025825@6",
            "update_time": "2022-12-10T16:46:20Z",
            "confidence": null,
            "between": null,
            "provider": "osm",
            "resource": "planet",
            "version": "2026-08-05"
          }
        ],
        "connectorIds": [
          "e8dbf4b3-a53e-4724-beae-0815a73c5c28",
          "ecd1e4b7-4998-4578-a8ee-21dd9721afb2",
          "903c9c05-d0b1-4442-aea6-0db989b2f085"
        ],
        "officialInventory": false,
        "name": "府安路四段169巷",
        "originalCrs": "EPSG:4326",
        "originalProperties": {
          "names": {
            "primary": "府安路四段169巷",
            "common": null,
            "rules": [
              {
                "variant": "common",
                "language": null,
                "perspectives": null,
                "value": "府安路四段169巷",
                "between": null,
                "side": null
              }
            ]
          },
          "subtype": "road",
          "class": "service",
          "subclass": "alley",
          "subclass_rules": [
            {
              "value": "alley",
              "between": null
            }
          ],
          "connectors": [
            {
              "connector_id": "e8dbf4b3-a53e-4724-beae-0815a73c5c28",
              "at": 0.0
            },
            {
              "connector_id": "ecd1e4b7-4998-4578-a8ee-21dd9721afb2",
              "at": 0.089798013
            },
            {
              "connector_id": "903c9c05-d0b1-4442-aea6-0db989b2f085",
              "at": 1.0
            }
          ],
          "road_surface": [
            {
              "value": "paved",
              "between": null
            }
          ],
          "sources": [
            {
              "property": "",
              "dataset": "OpenStreetMap",
              "license": "ODbL-1.0",
              "record_id": "w159025825@6",
              "update_time": "2022-12-10T16:46:20Z",
              "confidence": null,
              "between": null,
              "provider": "osm",
              "resource": "planet",
              "version": "2026-08-05"
            }
          ],
          "version": 1
        }
      }
    },
    {
      "type": "Feature",
      "id": "e234bbfa-9ba1-46a6-9119-13eb971ecb75",
      "geometry": {
        "type": "LineString",
        "coordinates": [
          [
            120.2021859,
            23.024384
          ],
          [
            120.2019788,
            23.0252937
          ],
          [
            120.2018813,
            23.0256772
          ]
        ]
      },
      "properties": {
        "source": "overture",
        "sourceKey": "overture-segments",
        "sourceVersion": "latest",
        "sourceFeatureId": "e234bbfa-9ba1-46a6-9119-13eb971ecb75",
        "facilityType": "service",
        "pedestrianAllowed": null,
        "bicycleAllowed": null,
        "direction": "unknown",
        "provenance": [
          {
            "property": "",
            "dataset": "OpenStreetMap",
            "license": "ODbL-1.0",
            "record_id": "w444914335@4",
            "update_time": "2026-02-24T03:16:42Z",
            "confidence": null,
            "between": null,
            "provider": "osm",
            "resource": "planet",
            "version": "2026-08-05"
          }
        ],
        "connectorIds": [
          "1e4ac911-ee3e-4b0c-9fc6-d9c04eff1e1d",
          "00d3bd4e-bffa-40c7-ae15-eca6e208c39b",
          "e7cab7f8-442e-455e-9598-fa3353d6abeb"
        ],
        "officialInventory": false,
        "name": "府安路五段11巷35弄",
        "originalCrs": "EPSG:4326",
        "originalProperties": {
          "names": {
            "primary": "府安路五段11巷35弄",
            "common": null,
            "rules": [
              {
                "variant": "common",
                "language": null,
                "perspectives": null,
                "value": "府安路五段11巷35弄",
                "between": null,
                "side": null
              }
            ]
          },
          "subtype": "road",
          "class": "service",
          "subclass": "alley",
          "subclass_rules": [
            {
              "value": "alley",
              "between": null
            }
          ],
          "connectors": [
            {
              "connector_id": "1e4ac911-ee3e-4b0c-9fc6-d9c04eff1e1d",
              "at": 0.0
            },
            {
              "connector_id": "00d3bd4e-bffa-40c7-ae15-eca6e208c39b",
              "at": 0.702357494
            },
            {
              "connector_id": "e7cab7f8-442e-455e-9598-fa3353d6abeb",
              "at": 1.0
            }
          ],
          "sources": [
            {
              "property": "",
              "dataset": "OpenStreetMap",
              "license": "ODbL-1.0",
              "record_id": "w444914335@4",
              "update_time": "2026-02-24T03:16:42Z",
              "confidence": null,
              "between": null,
              "provider": "osm",
              "resource": "planet",
              "version": "2026-08-05"
            }
          ],
          "version": 2
        }
      }
    },
    {
      "type": "Feature",
      "id": "35eadc88-da28-4e0b-ae7b-98d85e0a3812",
      "geometry": {
        "type": "LineString",
        "coordinates": [
          [
            120.2000381,
            23.0250766
          ],
          [
            120.1996423,
            23.0250059
          ]
        ]
      },
      "properties": {
        "source": "overture",
        "sourceKey": "overture-segments",
        "sourceVersion": "latest",
        "sourceFeatureId": "35eadc88-da28-4e0b-ae7b-98d85e0a3812",
        "facilityType": "service",
        "pedestrianAllowed": null,
        "bicycleAllowed": null,
        "direction": "unknown",
        "provenance": [
          {
            "property": "",
            "dataset": "OpenStreetMap",
            "license": "ODbL-1.0",
            "record_id": "w906752612@1",
            "update_time": "2021-02-13T09:13:12Z",
            "confidence": null,
            "between": null,
            "provider": "osm",
            "resource": "planet",
            "version": "2026-08-05"
          }
        ],
        "connectorIds": [
          "bdd52c48-9bdb-408f-86e9-89cb752fc044",
          "4d34e340-42e6-47fd-868b-3af28e64e1b7"
        ],
        "officialInventory": false,
        "name": "府安路五段105巷51弄",
        "originalCrs": "EPSG:4326",
        "originalProperties": {
          "names": {
            "primary": "府安路五段105巷51弄",
            "common": null,
            "rules": [
              {
                "variant": "common",
                "language": null,
                "perspectives": null,
                "value": "府安路五段105巷51弄",
                "between": null,
                "side": null
              }
            ]
          },
          "subtype": "road",
          "class": "service",
          "subclass": "alley",
          "subclass_rules": [
            {
              "value": "alley",
              "between": null
            }
          ],
          "connectors": [
            {
              "connector_id": "bdd52c48-9bdb-408f-86e9-89cb752fc044",
              "at": 0.0
            },
            {
              "connector_id": "4d34e340-42e6-47fd-868b-3af28e64e1b7",
              "at": 1.0
            }
          ],
          "sources": [
            {
              "property": "",
              "dataset": "OpenStreetMap",
              "license": "ODbL-1.0",
              "record_id": "w906752612@1",
              "update_time": "2021-02-13T09:13:12Z",
              "confidence": null,
              "between": null,
              "provider": "osm",
              "resource": "planet",
              "version": "2026-08-05"
            }
          ],
          "version": 1
        }
      }
    },
    {
      "type": "Feature",
      "id": "f174a92a-6806-4a7c-ada7-e2459e7fdb67",
      "geometry": {
        "type": "LineString",
        "coordinates": [
          [
            120.1962104,
            23.0249401
          ],
          [
            120.1965321,
            23.0249889
          ],
          [
            120.1969578,
            23.0250649
          ],
          [
            120.1973323,
            23.0251318
          ]
        ]
      },
      "properties": {
        "source": "overture",
        "sourceKey": "overture-segments",
        "sourceVersion": "latest",
        "sourceFeatureId": "f174a92a-6806-4a7c-ada7-e2459e7fdb67",
        "facilityType": "residential",
        "pedestrianAllowed": null,
        "bicycleAllowed": null,
        "direction": "unknown",
        "provenance": [
          {
            "property": "",
            "dataset": "OpenStreetMap",
            "license": "ODbL-1.0",
            "record_id": "w508638083@8",
            "update_time": "2026-02-24T03:16:42Z",
            "confidence": null,
            "between": null,
            "provider": "osm",
            "resource": "planet",
            "version": "2026-08-05"
          }
        ],
        "connectorIds": [
          "85a42fa1-973e-466d-916b-0ddaff135c02",
          "a9f8601c-6626-4c80-9200-260f3f0e21c6",
          "8b39874a-01e9-4dcc-95d8-e54d7429450c",
          "3830b678-2cb5-4bb1-a9fb-f872014a344b"
        ],
        "officialInventory": false,
        "name": "海佃路一段158巷",
        "originalCrs": "EPSG:4326",
        "originalProperties": {
          "names": {
            "primary": "海佃路一段158巷",
            "common": null,
            "rules": [
              {
                "variant": "common",
                "language": null,
                "perspectives": null,
                "value": "海佃路一段158巷",
                "between": null,
                "side": null
              }
            ]
          },
          "subtype": "road",
          "class": "residential",
          "connectors": [
            {
              "connector_id": "85a42fa1-973e-466d-916b-0ddaff135c02",
              "at": 0.0
            },
            {
              "connector_id": "a9f8601c-6626-4c80-9200-260f3f0e21c6",
              "at": 0.2857199
            },
            {
              "connector_id": "8b39874a-01e9-4dcc-95d8-e54d7429450c",
              "at": 0.665707406
            },
            {
              "connector_id": "3830b678-2cb5-4bb1-a9fb-f872014a344b",
              "at": 1.0
            }
          ],
          "sources": [
            {
              "property": "",
              "dataset": "OpenStreetMap",
              "license": "ODbL-1.0",
              "record_id": "w508638083@8",
              "update_time": "2026-02-24T03:16:42Z",
              "confidence": null,
              "between": null,
              "provider": "osm",
              "resource": "planet",
              "version": "2026-08-05"
            }
          ],
          "version": 2
        }
      }
    },
    {
      "type": "Feature",
      "id": "5bc17076-93dd-405e-827f-1a82340d389b",
      "geometry": {
        "type": "LineString",
        "coordinates": [
          [
            120.2001856,
            23.0249263
          ],
          [
            120.2004107,
            23.0249666
          ],
          [
            120.2006308,
            23.0249984
          ]
        ]
      },
      "properties": {
        "source": "overture",
        "sourceKey": "overture-segments",
        "sourceVersion": "latest",
        "sourceFeatureId": "5bc17076-93dd-405e-827f-1a82340d389b",
        "facilityType": "service",
        "pedestrianAllowed": null,
        "bicycleAllowed": null,
        "direction": "unknown",
        "provenance": [
          {
            "property": "",
            "dataset": "OpenStreetMap",
            "license": "ODbL-1.0",
            "record_id": "w508635038@2",
            "update_time": "2026-02-24T03:16:42Z",
            "confidence": null,
            "between": [
              0.0,
              0.507170506
            ],
            "provider": "osm",
            "resource": "planet",
            "version": "2026-08-05"
          },
          {
            "property": "",
            "dataset": "OpenStreetMap",
            "license": "ODbL-1.0",
            "record_id": "w906752613@1",
            "update_time": "2026-02-24T03:16:42Z",
            "confidence": null,
            "between": [
              0.507170506,
              1.0
            ],
            "provider": "osm",
            "resource": "planet",
            "version": "2026-08-05"
          }
        ],
        "connectorIds": [
          "4ca76494-abe7-4b46-9543-49de1449802e",
          "efbf6f5d-d643-4d79-b70c-eea5c85cf05d",
          "3b0dd954-ffb2-43ed-ada2-dd5abe052a36"
        ],
        "officialInventory": false,
        "name": "府安路五段98巷45弄",
        "originalCrs": "EPSG:4326",
        "originalProperties": {
          "names": {
            "primary": "府安路五段98巷45弄",
            "common": null,
            "rules": [
              {
                "variant": "common",
                "language": null,
                "perspectives": null,
                "value": "府安路五段98巷45弄",
                "between": [
                  0.0,
                  0.507170506
                ],
                "side": null
              },
              {
                "variant": "common",
                "language": null,
                "perspectives": null,
                "value": "府安路五段98巷46弄",
                "between": [
                  0.507170506,
                  1.0
                ],
                "side": null
              }
            ]
          },
          "subtype": "road",
          "class": "service",
          "subclass": "alley",
          "subclass_rules": [
            {
              "value": "alley",
              "between": null
            }
          ],
          "connectors": [
            {
              "connector_id": "4ca76494-abe7-4b46-9543-49de1449802e",
              "at": 0.0
            },
            {
              "connector_id": "efbf6f5d-d643-4d79-b70c-eea5c85cf05d",
              "at": 0.507197335
            },
            {
              "connector_id": "3b0dd954-ffb2-43ed-ada2-dd5abe052a36",
              "at": 1.0
            }
          ],
          "sources": [
            {
              "property": "",
              "dataset": "OpenStreetMap",
              "license": "ODbL-1.0",
              "record_id": "w508635038@2",
              "update_time": "2026-02-24T03:16:42Z",
              "confidence": null,
              "between": [
                0.0,
                0.507170506
              ],
              "provider": "osm",
              "resource": "planet",
              "version": "2026-08-05"
            },
            {
              "property": "",
              "dataset": "OpenStreetMap",
              "license": "ODbL-1.0",
              "record_id": "w906752613@1",
              "update_time": "2026-02-24T03:16:42Z",
              "confidence": null,
              "between": [
                0.507170506,
                1.0
              ],
              "provider": "osm",
              "resource": "planet",
              "version": "2026-08-05"
            }
          ],
          "version": 2
        }
      }
    },
    {
      "type": "Feature",
      "id": "c88f765b-f391-4fd5-93af-c496bf3bd67b",
      "geometry": {
        "type": "LineString",
        "coordinates": [
          [
            120.1995068,
            23.0248773
          ],
          [
            120.1991551,
            23.0248214
          ],
          [
            120.1990246,
            23.0248015
          ]
        ]
      },
      "properties": {
        "source": "overture",
        "sourceKey": "overture-segments",
        "sourceVersion": "latest",
        "sourceFeatureId": "c88f765b-f391-4fd5-93af-c496bf3bd67b",
        "facilityType": "service",
        "pedestrianAllowed": null,
        "bicycleAllowed": null,
        "direction": "unknown",
        "provenance": [
          {
            "property": "",
            "dataset": "OpenStreetMap",
            "license": "ODbL-1.0",
            "record_id": "w159029659@3",
            "update_time": "2022-11-09T08:18:20Z",
            "confidence": null,
            "between": null,
            "provider": "osm",
            "resource": "planet",
            "version": "2026-08-05"
          }
        ],
        "connectorIds": [
          "13da9bb3-b16e-48dc-b7e6-0f1b6cd2aed4",
          "7caa0c08-cfb0-49c3-b698-50cb85d07150",
          "949a9dc9-be71-46ff-b6e3-640b100d6258"
        ],
        "officialInventory": false,
        "name": "府安路五段119巷55弄",
        "originalCrs": "EPSG:4326",
        "originalProperties": {
          "names": {
            "primary": "府安路五段119巷55弄",
            "common": null,
            "rules": [
              {
                "variant": "common",
                "language": null,
                "perspectives": null,
                "value": "府安路五段119巷55弄",
                "between": null,
                "side": null
              }
            ]
          },
          "subtype": "road",
          "class": "service",
          "subclass": "alley",
          "subclass_rules": [
            {
              "value": "alley",
              "between": null
            }
          ],
          "connectors": [
            {
              "connector_id": "13da9bb3-b16e-48dc-b7e6-0f1b6cd2aed4",
              "at": 0.0
            },
            {
              "connector_id": "7caa0c08-cfb0-49c3-b698-50cb85d07150",
              "at": 0.729590401
            },
            {
              "connector_id": "949a9dc9-be71-46ff-b6e3-640b100d6258",
              "at": 1.0
            }
          ],
          "sources": [
            {
              "property": "",
              "dataset": "OpenStreetMap",
              "license": "ODbL-1.0",
              "record_id": "w159029659@3",
              "update_time": "2022-11-09T08:18:20Z",
              "confidence": null,
              "between": null,
              "provider": "osm",
              "resource": "planet",
              "version": "2026-08-05"
            }
          ],
          "version": 1
        }
      }
    },
    {
      "type": "Feature",
      "id": "cb5340b8-3bea-433e-8117-d89bc596bec3",
      "geometry": {
        "type": "LineString",
        "coordinates": [
          [
            120.2012602,
            23.0242158
          ],
          [
            120.2010249,
            23.0252399
          ],
          [
            120.2009461,
            23.0255749
          ]
        ]
      },
      "properties": {
        "source": "overture",
        "sourceKey": "overture-segments",
        "sourceVersion": "latest",
        "sourceFeatureId": "cb5340b8-3bea-433e-8117-d89bc596bec3",
        "facilityType": "service",
        "pedestrianAllowed": null,
        "bicycleAllowed": null,
        "direction": "unknown",
        "provenance": [
          {
            "property": "",
            "dataset": "OpenStreetMap",
            "license": "ODbL-1.0",
            "record_id": "w525839937@2",
            "update_time": "2026-02-24T03:16:42Z",
            "confidence": null,
            "between": null,
            "provider": "osm",
            "resource": "planet",
            "version": "2026-08-05"
          }
        ],
        "connectorIds": [
          "8018abb5-187f-4b41-a429-1e46330c9952",
          "5e01bf63-e289-405c-ba80-42650d2e0f17",
          "247ea424-a0b6-4b82-a4b5-f872c5f67928"
        ],
        "officialInventory": false,
        "name": "府安路五段98巷56弄",
        "originalCrs": "EPSG:4326",
        "originalProperties": {
          "names": {
            "primary": "府安路五段98巷56弄",
            "common": null,
            "rules": [
              {
                "variant": "common",
                "language": null,
                "perspectives": null,
                "value": "府安路五段98巷56弄",
                "between": null,
                "side": null
              }
            ]
          },
          "subtype": "road",
          "class": "service",
          "subclass": "alley",
          "subclass_rules": [
            {
              "value": "alley",
              "between": null
            }
          ],
          "connectors": [
            {
              "connector_id": "8018abb5-187f-4b41-a429-1e46330c9952",
              "at": 0.0
            },
            {
              "connector_id": "5e01bf63-e289-405c-ba80-42650d2e0f17",
              "at": 0.753320243
            },
            {
              "connector_id": "247ea424-a0b6-4b82-a4b5-f872c5f67928",
              "at": 1.0
            }
          ],
          "sources": [
            {
              "property": "",
              "dataset": "OpenStreetMap",
              "license": "ODbL-1.0",
              "record_id": "w525839937@2",
              "update_time": "2026-02-24T03:16:42Z",
              "confidence": null,
              "between": null,
              "provider": "osm",
              "resource": "planet",
              "version": "2026-08-05"
            }
          ],
          "version": 2
        }
      }
    },
    {
      "type": "Feature",
      "id": "ec13506c-dffb-4798-8890-0e6ca419e7af",
      "geometry": {
        "type": "LineString",
        "coordinates": [
          [
            120.2033657,
            23.0255089
          ],
          [
            120.2036164,
            23.024243
          ]
        ]
      },
      "properties": {
        "source": "overture",
        "sourceKey": "overture-segments",
        "sourceVersion": "latest",
        "sourceFeatureId": "ec13506c-dffb-4798-8890-0e6ca419e7af",
        "facilityType": "service",
        "pedestrianAllowed": null,
        "bicycleAllowed": null,
        "direction": "unknown",
        "provenance": [
          {
            "property": "",
            "dataset": "OpenStreetMap",
            "license": "ODbL-1.0",
            "record_id": "w159029649@4",
            "update_time": "2026-03-11T16:47:13Z",
            "confidence": null,
            "between": null,
            "provider": "osm",
            "resource": "planet",
            "version": "2026-08-05"
          }
        ],
        "connectorIds": [
          "58419c40-8182-4df6-9b7e-07e3a269a8a6",
          "2d6f2ecd-ed6b-4958-bdc6-e2788d99194c"
        ],
        "officialInventory": false,
        "name": "府安路五段35巷",
        "originalCrs": "EPSG:4326",
        "originalProperties": {
          "names": {
            "primary": "府安路五段35巷",
            "common": null,
            "rules": [
              {
                "variant": "common",
                "language": null,
                "perspectives": null,
                "value": "府安路五段35巷",
                "between": null,
                "side": null
              }
            ]
          },
          "subtype": "road",
          "class": "service",
          "subclass": "alley",
          "subclass_rules": [
            {
              "value": "alley",
              "between": null
            }
          ],
          "connectors": [
            {
              "connector_id": "58419c40-8182-4df6-9b7e-07e3a269a8a6",
              "at": 0.0
            },
            {
              "connector_id": "2d6f2ecd-ed6b-4958-bdc6-e2788d99194c",
              "at": 1.0
            }
          ],
          "sources": [
            {
              "property": "",
              "dataset": "OpenStreetMap",
              "license": "ODbL-1.0",
              "record_id": "w159029649@4",
              "update_time": "2026-03-11T16:47:13Z",
              "confidence": null,
              "between": null,
              "provider": "osm",
              "resource": "planet",
              "version": "2026-08-05"
            }
          ],
          "version": 2
        }
      }
    },
    {
      "type": "Feature",
      "id": "a725ad6b-65f8-4d97-a004-ca6a4cf01abb",
      "geometry": {
        "type": "LineString",
        "coordinates": [
          [
            120.2028862,
            23.0248888
          ],
          [
            120.2026381,
            23.0248433
          ]
        ]
      },
      "properties": {
        "source": "overture",
        "sourceKey": "overture-segments",
        "sourceVersion": "latest",
        "sourceFeatureId": "a725ad6b-65f8-4d97-a004-ca6a4cf01abb",
        "facilityType": "service",
        "pedestrianAllowed": null,
        "bicycleAllowed": null,
        "direction": "unknown",
        "provenance": [
          {
            "property": "",
            "dataset": "OpenStreetMap",
            "license": "ODbL-1.0",
            "record_id": "w159029646@2",
            "update_time": "2026-03-11T16:47:13Z",
            "confidence": null,
            "between": null,
            "provider": "osm",
            "resource": "planet",
            "version": "2026-08-05"
          }
        ],
        "connectorIds": [
          "af6a687e-d860-405f-a3aa-564aa6623a64",
          "be1fc666-672c-489a-b008-5e7533f2426c"
        ],
        "officialInventory": false,
        "name": null,
        "originalCrs": "EPSG:4326",
        "originalProperties": {
          "subtype": "road",
          "class": "service",
          "subclass": "alley",
          "subclass_rules": [
            {
              "value": "alley",
              "between": null
            }
          ],
          "connectors": [
            {
              "connector_id": "af6a687e-d860-405f-a3aa-564aa6623a64",
              "at": 0.0
            },
            {
              "connector_id": "be1fc666-672c-489a-b008-5e7533f2426c",
              "at": 1.0
            }
          ],
          "sources": [
            {
              "property": "",
              "dataset": "OpenStreetMap",
              "license": "ODbL-1.0",
              "record_id": "w159029646@2",
              "update_time": "2026-03-11T16:47:13Z",
              "confidence": null,
              "between": null,
              "provider": "osm",
              "resource": "planet",
              "version": "2026-08-05"
            }
          ],
          "version": 2
        }
      }
    },
    {
      "type": "Feature",
      "id": "a39092e8-d99a-4eb6-82bb-dd0b83cf0b49",
      "geometry": {
        "type": "LineString",
        "coordinates": [
          [
            120.2029549,
            23.0254614
          ],
          [
            120.2031328,
            23.0247777
          ],
          [
            120.2032565,
            23.0241806
          ]
        ]
      },
      "properties": {
        "source": "overture",
        "sourceKey": "overture-segments",
        "sourceVersion": "latest",
        "sourceFeatureId": "a39092e8-d99a-4eb6-82bb-dd0b83cf0b49",
        "facilityType": "service",
        "pedestrianAllowed": null,
        "bicycleAllowed": null,
        "direction": "unknown",
        "provenance": [
          {
            "property": "",
            "dataset": "OpenStreetMap",
            "license": "ODbL-1.0",
            "record_id": "w159029654@4",
            "update_time": "2026-02-24T03:16:42Z",
            "confidence": null,
            "between": null,
            "provider": "osm",
            "resource": "planet",
            "version": "2026-08-05"
          }
        ],
        "connectorIds": [
          "d499fe7d-db2e-4365-bcb8-638a1834ece6",
          "2ce37286-4a8e-487e-9009-f9da4cf17fbf"
        ],
        "officialInventory": false,
        "name": "府安路五段44巷",
        "originalCrs": "EPSG:4326",
        "originalProperties": {
          "names": {
            "primary": "府安路五段44巷",
            "common": null,
            "rules": [
              {
                "variant": "common",
                "language": null,
                "perspectives": null,
                "value": "府安路五段44巷",
                "between": null,
                "side": null
              }
            ]
          },
          "subtype": "road",
          "class": "service",
          "subclass": "alley",
          "subclass_rules": [
            {
              "value": "alley",
              "between": null
            }
          ],
          "connectors": [
            {
              "connector_id": "d499fe7d-db2e-4365-bcb8-638a1834ece6",
              "at": 0.0
            },
            {
              "connector_id": "2ce37286-4a8e-487e-9009-f9da4cf17fbf",
              "at": 1.0
            }
          ],
          "sources": [
            {
              "property": "",
              "dataset": "OpenStreetMap",
              "license": "ODbL-1.0",
              "record_id": "w159029654@4",
              "update_time": "2026-02-24T03:16:42Z",
              "confidence": null,
              "between": null,
              "provider": "osm",
              "resource": "planet",
              "version": "2026-08-05"
            }
          ],
          "version": 2
        }
      }
    },
    {
      "type": "Feature",
      "id": "f0704d6d-78aa-499c-8897-c243b495ffb3",
      "geometry": {
        "type": "LineString",
        "coordinates": [
          [
            120.2042762,
            23.0243378
          ],
          [
            120.2040842,
            23.0252494
          ]
        ]
      },
      "properties": {
        "source": "overture",
        "sourceKey": "overture-segments",
        "sourceVersion": "latest",
        "sourceFeatureId": "f0704d6d-78aa-499c-8897-c243b495ffb3",
        "facilityType": "service",
        "pedestrianAllowed": null,
        "bicycleAllowed": null,
        "direction": "unknown",
        "provenance": [
          {
            "property": "",
            "dataset": "OpenStreetMap",
            "license": "ODbL-1.0",
            "record_id": "w159029669@6",
            "update_time": "2021-11-29T15:03:49Z",
            "confidence": null,
            "between": null,
            "provider": "osm",
            "resource": "planet",
            "version": "2026-08-05"
          }
        ],
        "connectorIds": [
          "e8d17460-6364-449f-9259-cd5ca7612ff7",
          "0ffeb7a6-2b30-43f8-9484-ad0428e66eed"
        ],
        "officialInventory": false,
        "name": "府安路五段21巷",
        "originalCrs": "EPSG:4326",
        "originalProperties": {
          "names": {
            "primary": "府安路五段21巷",
            "common": null,
            "rules": [
              {
                "variant": "common",
                "language": null,
                "perspectives": null,
                "value": "府安路五段21巷",
                "between": null,
                "side": null
              }
            ]
          },
          "subtype": "road",
          "class": "service",
          "subclass": "alley",
          "subclass_rules": [
            {
              "value": "alley",
              "between": null
            }
          ],
          "connectors": [
            {
              "connector_id": "e8d17460-6364-449f-9259-cd5ca7612ff7",
              "at": 0.0
            },
            {
              "connector_id": "0ffeb7a6-2b30-43f8-9484-ad0428e66eed",
              "at": 1.0
            }
          ],
          "sources": [
            {
              "property": "",
              "dataset": "OpenStreetMap",
              "license": "ODbL-1.0",
              "record_id": "w159029669@6",
              "update_time": "2021-11-29T15:03:49Z",
              "confidence": null,
              "between": null,
              "provider": "osm",
              "resource": "planet",
              "version": "2026-08-05"
            }
          ],
          "version": 1
        }
      }
    },
    {
      "type": "Feature",
      "id": "4404b409-3320-4c17-869c-92b8b077171a",
      "geometry": {
        "type": "LineString",
        "coordinates": [
          [
            120.2037789,
            23.0252407
          ],
          [
            120.2039757,
            23.0242929
          ]
        ]
      },
      "properties": {
        "source": "overture",
        "sourceKey": "overture-segments",
        "sourceVersion": "latest",
        "sourceFeatureId": "4404b409-3320-4c17-869c-92b8b077171a",
        "facilityType": "service",
        "pedestrianAllowed": null,
        "bicycleAllowed": null,
        "direction": "unknown",
        "provenance": [
          {
            "property": "",
            "dataset": "OpenStreetMap",
            "license": "ODbL-1.0",
            "record_id": "w159029647@4",
            "update_time": "2021-02-13T09:13:12Z",
            "confidence": null,
            "between": null,
            "provider": "osm",
            "resource": "planet",
            "version": "2026-08-05"
          }
        ],
        "connectorIds": [
          "73b7fd5e-9b91-4602-a4ba-4df391fe498a",
          "509de1f5-e787-4fc8-b79b-852eb83df72a"
        ],
        "officialInventory": false,
        "name": "府安路五段27巷",
        "originalCrs": "EPSG:4326",
        "originalProperties": {
          "names": {
            "primary": "府安路五段27巷",
            "common": null,
            "rules": [
              {
                "variant": "common",
                "language": null,
                "perspectives": null,
                "value": "府安路五段27巷",
                "between": null,
                "side": null
              }
            ]
          },
          "subtype": "road",
          "class": "service",
          "subclass": "alley",
          "subclass_rules": [
            {
              "value": "alley",
              "between": null
            }
          ],
          "connectors": [
            {
              "connector_id": "73b7fd5e-9b91-4602-a4ba-4df391fe498a",
              "at": 0.0
            },
            {
              "connector_id": "509de1f5-e787-4fc8-b79b-852eb83df72a",
              "at": 1.0
            }
          ],
          "sources": [
            {
              "property": "",
              "dataset": "OpenStreetMap",
              "license": "ODbL-1.0",
              "record_id": "w159029647@4",
              "update_time": "2021-02-13T09:13:12Z",
              "confidence": null,
              "between": null,
              "provider": "osm",
              "resource": "planet",
              "version": "2026-08-05"
            }
          ],
          "version": 1
        }
      }
    },
    {
      "type": "Feature",
      "id": "c1fd3d4f-18c1-4120-98b4-35fc0a7f1ba6",
      "geometry": {
        "type": "LineString",
        "coordinates": [
          [
            120.2025143,
            23.0253933
          ],
          [
            120.2025648,
            23.0251672
          ],
          [
            120.2026381,
            23.0248433
          ],
          [
            120.2027201,
            23.0244985
          ],
          [
            120.2028129,
            23.0240943
          ]
        ]
      },
      "properties": {
        "source": "overture",
        "sourceKey": "overture-segments",
        "sourceVersion": "latest",
        "sourceFeatureId": "c1fd3d4f-18c1-4120-98b4-35fc0a7f1ba6",
        "facilityType": "service",
        "pedestrianAllowed": null,
        "bicycleAllowed": null,
        "direction": "unknown",
        "provenance": [
          {
            "property": "",
            "dataset": "OpenStreetMap",
            "license": "ODbL-1.0",
            "record_id": "w159025819@6",
            "update_time": "2026-03-11T16:47:13Z",
            "confidence": null,
            "between": null,
            "provider": "osm",
            "resource": "planet",
            "version": "2026-08-05"
          }
        ],
        "connectorIds": [
          "7fb1f0c0-f648-4ba1-9ab9-6a4607907c52",
          "ef049fe2-e119-4e24-89db-622492171397",
          "be1fc666-672c-489a-b008-5e7533f2426c",
          "3c93b979-24ca-42ae-8ee4-bdf127d84e2a",
          "286fc06d-f6a4-4ccd-895b-bfd32aeeaaf6"
        ],
        "officialInventory": false,
        "name": "府安路五段56巷",
        "originalCrs": "EPSG:4326",
        "originalProperties": {
          "names": {
            "primary": "府安路五段56巷",
            "common": null,
            "rules": [
              {
                "variant": "common",
                "language": null,
                "perspectives": null,
                "value": "府安路五段56巷",
                "between": null,
                "side": null
              }
            ]
          },
          "subtype": "road",
          "class": "service",
          "subclass": "alley",
          "subclass_rules": [
            {
              "value": "alley",
              "between": null
            }
          ],
          "connectors": [
            {
              "connector_id": "7fb1f0c0-f648-4ba1-9ab9-6a4607907c52",
              "at": 0.0
            },
            {
              "connector_id": "ef049fe2-e119-4e24-89db-622492171397",
              "at": 0.173844287
            },
            {
              "connector_id": "be1fc666-672c-489a-b008-5e7533f2426c",
              "at": 0.423021034
            },
            {
              "connector_id": "3c93b979-24ca-42ae-8ee4-bdf127d84e2a",
              "at": 0.688857271
            },
            {
              "connector_id": "286fc06d-f6a4-4ccd-895b-bfd32aeeaaf6",
              "at": 1.0
            }
          ],
          "sources": [
            {
              "property": "",
              "dataset": "OpenStreetMap",
              "license": "ODbL-1.0",
              "record_id": "w159025819@6",
              "update_time": "2026-03-11T16:47:13Z",
              "confidence": null,
              "between": null,
              "provider": "osm",
              "resource": "planet",
              "version": "2026-08-05"
            }
          ],
          "version": 3
        }
      }
    },
    {
      "type": "Feature",
      "id": "a2fdf04d-9e1f-4b81-b262-6bbd0fe6bc78",
      "geometry": {
        "type": "LineString",
        "coordinates": [
          [
            120.1990804,
            23.0251589
          ],
          [
            120.1991492,
            23.0248482
          ],
          [
            120.1991551,
            23.0248214
          ],
          [
            120.199161,
            23.0247947
          ],
          [
            120.1992668,
            23.0243163
          ],
          [
            120.1992767,
            23.0242714
          ]
        ]
      },
      "properties": {
        "source": "overture",
        "sourceKey": "overture-segments",
        "sourceVersion": "latest",
        "sourceFeatureId": "a2fdf04d-9e1f-4b81-b262-6bbd0fe6bc78",
        "facilityType": "service",
        "pedestrianAllowed": null,
        "bicycleAllowed": null,
        "direction": "unknown",
        "provenance": [
          {
            "property": "",
            "dataset": "OpenStreetMap",
            "license": "ODbL-1.0",
            "record_id": "w159029658@3",
            "update_time": "2021-02-13T09:13:12Z",
            "confidence": null,
            "between": null,
            "provider": "osm",
            "resource": "planet",
            "version": "2026-08-05"
          }
        ],
        "connectorIds": [
          "5b1e33a2-91f9-417f-a4a0-b701ec394bb0",
          "7caa0c08-cfb0-49c3-b698-50cb85d07150",
          "db32a851-a629-416e-aa71-c83ee8862389"
        ],
        "officialInventory": false,
        "name": "府安路五段119巷55弄",
        "originalCrs": "EPSG:4326",
        "originalProperties": {
          "names": {
            "primary": "府安路五段119巷55弄",
            "common": null,
            "rules": [
              {
                "variant": "common",
                "language": null,
                "perspectives": null,
                "value": "府安路五段119巷55弄",
                "between": null,
                "side": null
              }
            ]
          },
          "subtype": "road",
          "class": "service",
          "subclass": "alley",
          "subclass_rules": [
            {
              "value": "alley",
              "between": null
            }
          ],
          "connectors": [
            {
              "connector_id": "5b1e33a2-91f9-417f-a4a0-b701ec394bb0",
              "at": 0.0
            },
            {
              "connector_id": "7caa0c08-cfb0-49c3-b698-50cb85d07150",
              "at": 0.380292072
            },
            {
              "connector_id": "db32a851-a629-416e-aa71-c83ee8862389",
              "at": 1.0
            }
          ],
          "sources": [
            {
              "property": "",
              "dataset": "OpenStreetMap",
              "license": "ODbL-1.0",
              "record_id": "w159029658@3",
              "update_time": "2021-02-13T09:13:12Z",
              "confidence": null,
              "between": null,
              "provider": "osm",
              "resource": "planet",
              "version": "2026-08-05"
            }
          ],
          "version": 1
        }
      }
    },
    {
      "type": "Feature",
      "id": "823b66da-f267-4da2-a16e-63a8a81442bc",
      "geometry": {
        "type": "LineString",
        "coordinates": [
          [
            120.2001159,
            23.0247332
          ],
          [
            120.1997311,
            23.0246642
          ]
        ]
      },
      "properties": {
        "source": "overture",
        "sourceKey": "overture-segments",
        "sourceVersion": "latest",
        "sourceFeatureId": "823b66da-f267-4da2-a16e-63a8a81442bc",
        "facilityType": "service",
        "pedestrianAllowed": null,
        "bicycleAllowed": null,
        "direction": "unknown",
        "provenance": [
          {
            "property": "",
            "dataset": "OpenStreetMap",
            "license": "ODbL-1.0",
            "record_id": "w906752611@1",
            "update_time": "2021-02-13T09:13:12Z",
            "confidence": null,
            "between": null,
            "provider": "osm",
            "resource": "planet",
            "version": "2026-08-05"
          }
        ],
        "connectorIds": [
          "5e57755e-7a11-4a65-9324-b00292ce50b7",
          "06f6bcae-accc-472b-a227-a043e3d35abf"
        ],
        "officialInventory": false,
        "name": "府安路五段105巷37弄",
        "originalCrs": "EPSG:4326",
        "originalProperties": {
          "names": {
            "primary": "府安路五段105巷37弄",
            "common": null,
            "rules": [
              {
                "variant": "common",
                "language": null,
                "perspectives": null,
                "value": "府安路五段105巷37弄",
                "between": null,
                "side": null
              }
            ]
          },
          "subtype": "road",
          "class": "service",
          "subclass": "alley",
          "subclass_rules": [
            {
              "value": "alley",
              "between": null
            }
          ],
          "connectors": [
            {
              "connector_id": "5e57755e-7a11-4a65-9324-b00292ce50b7",
              "at": 0.0
            },
            {
              "connector_id": "06f6bcae-accc-472b-a227-a043e3d35abf",
              "at": 1.0
            }
          ],
          "sources": [
            {
              "property": "",
              "dataset": "OpenStreetMap",
              "license": "ODbL-1.0",
              "record_id": "w906752611@1",
              "update_time": "2021-02-13T09:13:12Z",
              "confidence": null,
              "between": null,
              "provider": "osm",
              "resource": "planet",
              "version": "2026-08-05"
            }
          ],
          "version": 1
        }
      }
    },
    {
      "type": "Feature",
      "id": "0cb59602-62ad-4b46-80a9-bd68d6c5b538",
      "geometry": {
        "type": "LineString",
        "coordinates": [
          [
            120.2028258,
            23.0252125
          ],
          [
            120.2025648,
            23.0251672
          ]
        ]
      },
      "properties": {
        "source": "overture",
        "sourceKey": "overture-segments",
        "sourceVersion": "latest",
        "sourceFeatureId": "0cb59602-62ad-4b46-80a9-bd68d6c5b538",
        "facilityType": "service",
        "pedestrianAllowed": null,
        "bicycleAllowed": null,
        "direction": "unknown",
        "provenance": [
          {
            "property": "",
            "dataset": "OpenStreetMap",
            "license": "ODbL-1.0",
            "record_id": "w159029648@2",
            "update_time": "2026-03-11T16:47:13Z",
            "confidence": null,
            "between": null,
            "provider": "osm",
            "resource": "planet",
            "version": "2026-08-05"
          }
        ],
        "connectorIds": [
          "aec6d415-e31e-41eb-b8b8-72c84f0932ab",
          "ef049fe2-e119-4e24-89db-622492171397"
        ],
        "officialInventory": false,
        "name": null,
        "originalCrs": "EPSG:4326",
        "originalProperties": {
          "subtype": "road",
          "class": "service",
          "subclass": "alley",
          "subclass_rules": [
            {
              "value": "alley",
              "between": null
            }
          ],
          "connectors": [
            {
              "connector_id": "aec6d415-e31e-41eb-b8b8-72c84f0932ab",
              "at": 0.0
            },
            {
              "connector_id": "ef049fe2-e119-4e24-89db-622492171397",
              "at": 1.0
            }
          ],
          "sources": [
            {
              "property": "",
              "dataset": "OpenStreetMap",
              "license": "ODbL-1.0",
              "record_id": "w159029648@2",
              "update_time": "2026-03-11T16:47:13Z",
              "confidence": null,
              "between": null,
              "provider": "osm",
              "resource": "planet",
              "version": "2026-08-05"
            }
          ],
          "version": 2
        }
      }
    },
    {
      "type": "Feature",
      "id": "7ac30acd-76b8-4fa6-b08e-9f353eb29a1e",
      "geometry": {
        "type": "LineString",
        "coordinates": [
          [
            120.2039386,
            23.0253147
          ],
          [
            120.2045072,
            23.0252784
          ],
          [
            120.2048142,
            23.0252588
          ]
        ]
      },
      "properties": {
        "source": "overture",
        "sourceKey": "overture-segments",
        "sourceVersion": "latest",
        "sourceFeatureId": "7ac30acd-76b8-4fa6-b08e-9f353eb29a1e",
        "facilityType": "service",
        "pedestrianAllowed": null,
        "bicycleAllowed": null,
        "direction": "unknown",
        "provenance": [
          {
            "property": "",
            "dataset": "OpenStreetMap",
            "license": "ODbL-1.0",
            "record_id": "w512992015@2",
            "update_time": "2021-02-13T09:13:12Z",
            "confidence": null,
            "between": [
              0.0,
              0.649361863
            ],
            "provider": "osm",
            "resource": "planet",
            "version": "2026-08-05"
          },
          {
            "property": "",
            "dataset": "OpenStreetMap",
            "license": "ODbL-1.0",
            "record_id": "w906752614@1",
            "update_time": "2021-02-13T09:13:12Z",
            "confidence": null,
            "between": [
              0.649361863,
              1.0
            ],
            "provider": "osm",
            "resource": "planet",
            "version": "2026-08-05"
          }
        ],
        "connectorIds": [
          "a5e4e5f9-9b3b-4e9b-a8e7-b1cc7a51cd7c",
          "9a98c584-3665-412e-86c2-be7af8786a90",
          "6df6286b-71bd-4d65-af3f-5a3db3cf9cc4"
        ],
        "officialInventory": false,
        "name": "府安路五段11巷27弄",
        "originalCrs": "EPSG:4326",
        "originalProperties": {
          "names": {
            "primary": "府安路五段11巷27弄",
            "common": null,
            "rules": [
              {
                "variant": "common",
                "language": null,
                "perspectives": null,
                "value": "府安路五段11巷27弄",
                "between": [
                  0.0,
                  0.649361863
                ],
                "side": null
              },
              {
                "variant": "common",
                "language": null,
                "perspectives": null,
                "value": "府安路五段11巷26弄",
                "between": [
                  0.649361863,
                  1.0
                ],
                "side": null
              }
            ]
          },
          "subtype": "road",
          "class": "service",
          "subclass": "alley",
          "subclass_rules": [
            {
              "value": "alley",
              "between": null
            }
          ],
          "connectors": [
            {
              "connector_id": "a5e4e5f9-9b3b-4e9b-a8e7-b1cc7a51cd7c",
              "at": 0.0
            },
            {
              "connector_id": "9a98c584-3665-412e-86c2-be7af8786a90",
              "at": 0.649383189
            },
            {
              "connector_id": "6df6286b-71bd-4d65-af3f-5a3db3cf9cc4",
              "at": 1.0
            }
          ],
          "sources": [
            {
              "property": "",
              "dataset": "OpenStreetMap",
              "license": "ODbL-1.0",
              "record_id": "w512992015@2",
              "update_time": "2021-02-13T09:13:12Z",
              "confidence": null,
              "between": [
                0.0,
                0.649361863
              ],
              "provider": "osm",
              "resource": "planet",
              "version": "2026-08-05"
            },
            {
              "property": "",
              "dataset": "OpenStreetMap",
              "license": "ODbL-1.0",
              "record_id": "w906752614@1",
              "update_time": "2021-02-13T09:13:12Z",
              "confidence": null,
              "between": [
                0.649361863,
                1.0
              ],
              "provider": "osm",
              "resource": "planet",
              "version": "2026-08-05"
            }
          ],
          "version": 1
        }
      }
    },
    {
      "type": "Feature",
      "id": "c3b30006-4fef-43ca-b54c-49615e7aa020",
      "geometry": {
        "type": "LineString",
        "coordinates": [
          [
            120.2010249,
            23.0252399
          ],
          [
            120.2016766,
            23.0253639
          ]
        ]
      },
      "properties": {
        "source": "overture",
        "sourceKey": "overture-segments",
        "sourceVersion": "latest",
        "sourceFeatureId": "c3b30006-4fef-43ca-b54c-49615e7aa020",
        "facilityType": "service",
        "pedestrianAllowed": null,
        "bicycleAllowed": null,
        "direction": "unknown",
        "provenance": [
          {
            "property": "",
            "dataset": "OpenStreetMap",
            "license": "ODbL-1.0",
            "record_id": "w525839939@2",
            "update_time": "2026-02-24T03:16:42Z",
            "confidence": null,
            "between": null,
            "provider": "osm",
            "resource": "planet",
            "version": "2026-08-05"
          }
        ],
        "connectorIds": [
          "5e01bf63-e289-405c-ba80-42650d2e0f17",
          "5ad625ef-9734-44fd-923d-b144b45ed4c7"
        ],
        "officialInventory": false,
        "name": "府安路五段98巷56弄",
        "originalCrs": "EPSG:4326",
        "originalProperties": {
          "names": {
            "primary": "府安路五段98巷56弄",
            "common": null,
            "rules": [
              {
                "variant": "common",
                "language": null,
                "perspectives": null,
                "value": "府安路五段98巷56弄",
                "between": null,
                "side": null
              }
            ]
          },
          "subtype": "road",
          "class": "service",
          "subclass": "alley",
          "subclass_rules": [
            {
              "value": "alley",
              "between": null
            }
          ],
          "connectors": [
            {
              "connector_id": "5e01bf63-e289-405c-ba80-42650d2e0f17",
              "at": 0.0
            },
            {
              "connector_id": "5ad625ef-9734-44fd-923d-b144b45ed4c7",
              "at": 1.0
            }
          ],
          "sources": [
            {
              "property": "",
              "dataset": "OpenStreetMap",
              "license": "ODbL-1.0",
              "record_id": "w525839939@2",
              "update_time": "2026-02-24T03:16:42Z",
              "confidence": null,
              "between": null,
              "provider": "osm",
              "resource": "planet",
              "version": "2026-08-05"
            }
          ],
          "version": 2
        }
      }
    },
    {
      "type": "Feature",
      "id": "dff4469a-891e-4b24-98b1-b8470324298e",
      "geometry": {
        "type": "LineString",
        "coordinates": [
          [
            120.1994045,
            23.0253297
          ],
          [
            120.1989118,
            23.0252548
          ]
        ]
      },
      "properties": {
        "source": "overture",
        "sourceKey": "overture-segments",
        "sourceVersion": "latest",
        "sourceFeatureId": "dff4469a-891e-4b24-98b1-b8470324298e",
        "facilityType": "service",
        "pedestrianAllowed": null,
        "bicycleAllowed": null,
        "direction": "unknown",
        "provenance": [
          {
            "property": "",
            "dataset": "OpenStreetMap",
            "license": "ODbL-1.0",
            "record_id": "w906752610@1",
            "update_time": "2026-02-24T03:16:42Z",
            "confidence": null,
            "between": null,
            "provider": "osm",
            "resource": "planet",
            "version": "2026-08-05"
          }
        ],
        "connectorIds": [
          "de4ae590-b1ce-4662-888c-1eee583c69c9",
          "f7bcb728-ed10-45b9-829f-b2abd7f4cf0d"
        ],
        "officialInventory": false,
        "name": "府安路五段119巷71弄",
        "originalCrs": "EPSG:4326",
        "originalProperties": {
          "names": {
            "primary": "府安路五段119巷71弄",
            "common": null,
            "rules": [
              {
                "variant": "common",
                "language": null,
                "perspectives": null,
                "value": "府安路五段119巷71弄",
                "between": null,
                "side": null
              }
            ]
          },
          "subtype": "road",
          "class": "service",
          "subclass": "alley",
          "subclass_rules": [
            {
              "value": "alley",
              "between": null
            }
          ],
          "connectors": [
            {
              "connector_id": "de4ae590-b1ce-4662-888c-1eee583c69c9",
              "at": 0.0
            },
            {
              "connector_id": "f7bcb728-ed10-45b9-829f-b2abd7f4cf0d",
              "at": 1.0
            }
          ],
          "sources": [
            {
              "property": "",
              "dataset": "OpenStreetMap",
              "license": "ODbL-1.0",
              "record_id": "w906752610@1",
              "update_time": "2026-02-24T03:16:42Z",
              "confidence": null,
              "between": null,
              "provider": "osm",
              "resource": "planet",
              "version": "2026-08-05"
            }
          ],
          "version": 2
        }
      }
    },
    {
      "type": "Feature",
      "id": "fbca7ef1-835a-4568-a774-31b3dc30f236",
      "geometry": {
        "type": "LineString",
        "coordinates": [
          [
            120.1973323,
            23.0251318
          ],
          [
            120.197706,
            23.0252067
          ],
          [
            120.1979945,
            23.025262
          ],
          [
            120.1981912,
            23.0252982
          ],
          [
            120.198277,
            23.0253136
          ],
          [
            120.1983449,
            23.0253261
          ]
        ]
      },
      "properties": {
        "source": "overture",
        "sourceKey": "overture-segments",
        "sourceVersion": "latest",
        "sourceFeatureId": "fbca7ef1-835a-4568-a774-31b3dc30f236",
        "facilityType": "residential",
        "pedestrianAllowed": null,
        "bicycleAllowed": null,
        "direction": "unknown",
        "provenance": [
          {
            "property": "",
            "dataset": "OpenStreetMap",
            "license": "ODbL-1.0",
            "record_id": "w508638083@8",
            "update_time": "2026-02-24T03:16:42Z",
            "confidence": null,
            "between": null,
            "provider": "osm",
            "resource": "planet",
            "version": "2026-08-05"
          }
        ],
        "connectorIds": [
          "3830b678-2cb5-4bb1-a9fb-f872014a344b",
          "3acc0116-8e98-458e-b3a6-36b28e1267eb",
          "7f7babdb-b531-4f8d-9125-1e880b5f4f89",
          "37026cc7-8cc0-4084-bec1-06176e886e26",
          "2dbefc3d-1ecc-4fc2-a987-37d820a4053d"
        ],
        "officialInventory": false,
        "name": "海佃路一段158巷",
        "originalCrs": "EPSG:4326",
        "originalProperties": {
          "names": {
            "primary": "海佃路一段158巷",
            "common": null,
            "rules": [
              {
                "variant": "common",
                "language": null,
                "perspectives": null,
                "value": "海佃路一段158巷",
                "between": null,
                "side": null
              }
            ]
          },
          "subtype": "road",
          "class": "residential",
          "connectors": [
            {
              "connector_id": "3830b678-2cb5-4bb1-a9fb-f872014a344b",
              "at": 0.0
            },
            {
              "connector_id": "3acc0116-8e98-458e-b3a6-36b28e1267eb",
              "at": 0.369730732
            },
            {
              "connector_id": "7f7babdb-b531-4f8d-9125-1e880b5f4f89",
              "at": 0.654619993
            },
            {
              "connector_id": "37026cc7-8cc0-4084-bec1-06176e886e26",
              "at": 0.933056909
            },
            {
              "connector_id": "2dbefc3d-1ecc-4fc2-a987-37d820a4053d",
              "at": 1.0
            }
          ],
          "sources": [
            {
              "property": "",
              "dataset": "OpenStreetMap",
              "license": "ODbL-1.0",
              "record_id": "w508638083@8",
              "update_time": "2026-02-24T03:16:42Z",
              "confidence": null,
              "between": null,
              "provider": "osm",
              "resource": "planet",
              "version": "2026-08-05"
            }
          ],
          "version": 2
        }
      }
    },
    {
      "type": "Feature",
      "id": "321ac203-88df-4c1d-8c41-68d4d8dc8435",
      "geometry": {
        "type": "LineString",
        "coordinates": [
          [
            120.1984259,
            23.0254019
          ],
          [
            120.1984388,
            23.0253392
          ],
          [
            120.1984534,
            23.0252783
          ],
          [
            120.1983613,
            23.0252601
          ],
          [
            120.1982941,
            23.0252469
          ]
        ]
      },
      "properties": {
        "source": "overture",
        "sourceKey": "overture-segments",
        "sourceVersion": "latest",
        "sourceFeatureId": "321ac203-88df-4c1d-8c41-68d4d8dc8435",
        "facilityType": "footway",
        "pedestrianAllowed": null,
        "bicycleAllowed": null,
        "direction": "unknown",
        "provenance": [
          {
            "property": "",
            "dataset": "OpenStreetMap",
            "license": "ODbL-1.0",
            "record_id": "w1481086143@1",
            "update_time": "2026-02-24T03:16:42Z",
            "confidence": null,
            "between": [
              0.0,
              0.455793316
            ],
            "provider": "osm",
            "resource": "planet",
            "version": "2026-08-05"
          },
          {
            "property": "",
            "dataset": "OpenStreetMap",
            "license": "ODbL-1.0",
            "record_id": "w891514242@2",
            "update_time": "2026-02-24T03:16:42Z",
            "confidence": null,
            "between": [
              0.455793316,
              1.0
            ],
            "provider": "osm",
            "resource": "planet",
            "version": "2026-08-05"
          }
        ],
        "connectorIds": [
          "7a8a0b7e-9b4d-4d8e-92f6-554935549519",
          "860f41f8-78f5-419c-90e4-60d23cfbb142",
          "6bbcfd01-768d-48ef-ad47-bb9540335c0b",
          "3ff19145-8234-49fc-bdcc-7ec0af70a27c"
        ],
        "officialInventory": false,
        "name": null,
        "originalCrs": "EPSG:4326",
        "originalProperties": {
          "subtype": "road",
          "class": "footway",
          "subclass": "crosswalk",
          "subclass_rules": [
            {
              "value": "crosswalk",
              "between": null
            }
          ],
          "connectors": [
            {
              "connector_id": "7a8a0b7e-9b4d-4d8e-92f6-554935549519",
              "at": 0.0
            },
            {
              "connector_id": "860f41f8-78f5-419c-90e4-60d23cfbb142",
              "at": 0.230454497
            },
            {
              "connector_id": "6bbcfd01-768d-48ef-ad47-bb9540335c0b",
              "at": 0.770419753
            },
            {
              "connector_id": "3ff19145-8234-49fc-bdcc-7ec0af70a27c",
              "at": 1.0
            }
          ],
          "sources": [
            {
              "property": "",
              "dataset": "OpenStreetMap",
              "license": "ODbL-1.0",
              "record_id": "w1481086143@1",
              "update_time": "2026-02-24T03:16:42Z",
              "confidence": null,
              "between": [
                0.0,
                0.455793316
              ],
              "provider": "osm",
              "resource": "planet",
              "version": "2026-08-05"
            },
            {
              "property": "",
              "dataset": "OpenStreetMap",
              "license": "ODbL-1.0",
              "record_id": "w891514242@2",
              "update_time": "2026-02-24T03:16:42Z",
              "confidence": null,
              "between": [
                0.455793316,
                1.0
              ],
              "provider": "osm",
              "resource": "planet",
              "version": "2026-08-05"
            }
          ],
          "version": 1
        }
      }
    },
    {
      "type": "Feature",
      "id": "57b9fd6a-f372-4022-93cb-ebe0c8d8f211",
      "geometry": {
        "type": "LineString",
        "coordinates": [
          [
            120.1983922,
            23.0254195
          ],
          [
            120.1983223,
            23.0254039
          ],
          [
            120.1982593,
            23.0253888
          ],
          [
            120.198277,
            23.0253136
          ],
          [
            120.1982941,
            23.0252469
          ]
        ]
      },
      "properties": {
        "source": "overture",
        "sourceKey": "overture-segments",
        "sourceVersion": "latest",
        "sourceFeatureId": "57b9fd6a-f372-4022-93cb-ebe0c8d8f211",
        "facilityType": "footway",
        "pedestrianAllowed": null,
        "bicycleAllowed": null,
        "direction": "unknown",
        "provenance": [
          {
            "property": "",
            "dataset": "OpenStreetMap",
            "license": "ODbL-1.0",
            "record_id": "w1481086141@1",
            "update_time": "2026-02-24T03:16:42Z",
            "confidence": null,
            "between": [
              0.0,
              0.465577198
            ],
            "provider": "osm",
            "resource": "planet",
            "version": "2026-08-05"
          },
          {
            "property": "",
            "dataset": "OpenStreetMap",
            "license": "ODbL-1.0",
            "record_id": "w1481086142@1",
            "update_time": "2026-02-24T03:16:42Z",
            "confidence": null,
            "between": [
              0.465577198,
              1.0
            ],
            "provider": "osm",
            "resource": "planet",
            "version": "2026-08-05"
          }
        ],
        "connectorIds": [
          "ba1482b8-c1f0-48d2-996b-9381558276a3",
          "852f4520-5b6a-4c9f-928e-bd4f175a66a0",
          "37026cc7-8cc0-4084-bec1-06176e886e26",
          "3ff19145-8234-49fc-bdcc-7ec0af70a27c"
        ],
        "officialInventory": false,
        "name": null,
        "originalCrs": "EPSG:4326",
        "originalProperties": {
          "subtype": "road",
          "class": "footway",
          "subclass": "crosswalk",
          "subclass_rules": [
            {
              "value": "crosswalk",
              "between": null
            }
          ],
          "connectors": [
            {
              "connector_id": "ba1482b8-c1f0-48d2-996b-9381558276a3",
              "at": 0.0
            },
            {
              "connector_id": "852f4520-5b6a-4c9f-928e-bd4f175a66a0",
              "at": 0.2444055
            },
            {
              "connector_id": "37026cc7-8cc0-4084-bec1-06176e886e26",
              "at": 0.748251177
            },
            {
              "connector_id": "3ff19145-8234-49fc-bdcc-7ec0af70a27c",
              "at": 1.0
            }
          ],
          "sources": [
            {
              "property": "",
              "dataset": "OpenStreetMap",
              "license": "ODbL-1.0",
              "record_id": "w1481086141@1",
              "update_time": "2026-02-24T03:16:42Z",
              "confidence": null,
              "between": [
                0.0,
                0.465577198
              ],
              "provider": "osm",
              "resource": "planet",
              "version": "2026-08-05"
            },
            {
              "property": "",
              "dataset": "OpenStreetMap",
              "license": "ODbL-1.0",
              "record_id": "w1481086142@1",
              "update_time": "2026-02-24T03:16:42Z",
              "confidence": null,
              "between": [
                0.465577198,
                1.0
              ],
              "provider": "osm",
              "resource": "planet",
              "version": "2026-08-05"
            }
          ],
          "version": 1
        }
      }
    },
    {
      "type": "Feature",
      "id": "54b0fc24-7733-455a-9fea-f080190c0551",
      "geometry": {
        "type": "LineString",
        "coordinates": [
          [
            120.1973323,
            23.0251318
          ],
          [
            120.1972483,
            23.0255288
          ]
        ]
      },
      "properties": {
        "source": "overture",
        "sourceKey": "overture-segments",
        "sourceVersion": "latest",
        "sourceFeatureId": "54b0fc24-7733-455a-9fea-f080190c0551",
        "facilityType": "residential",
        "pedestrianAllowed": null,
        "bicycleAllowed": null,
        "direction": "unknown",
        "provenance": [
          {
            "property": "",
            "dataset": "OpenStreetMap",
            "license": "ODbL-1.0",
            "record_id": "w906616785@2",
            "update_time": "2026-02-20T11:12:42Z",
            "confidence": null,
            "between": null,
            "provider": "osm",
            "resource": "planet",
            "version": "2026-08-05"
          }
        ],
        "connectorIds": [
          "3830b678-2cb5-4bb1-a9fb-f872014a344b",
          "8b7e37e6-7a86-474b-acf7-60b8b45a4b0f"
        ],
        "officialInventory": false,
        "name": "安富街199巷",
        "originalCrs": "EPSG:4326",
        "originalProperties": {
          "names": {
            "primary": "安富街199巷",
            "common": null,
            "rules": [
              {
                "variant": "common",
                "language": null,
                "perspectives": null,
                "value": "安富街199巷",
                "between": null,
                "side": null
              }
            ]
          },
          "subtype": "road",
          "class": "residential",
          "connectors": [
            {
              "connector_id": "3830b678-2cb5-4bb1-a9fb-f872014a344b",
              "at": 0.0
            },
            {
              "connector_id": "8b7e37e6-7a86-474b-acf7-60b8b45a4b0f",
              "at": 1.0
            }
          ],
          "sources": [
            {
              "property": "",
              "dataset": "OpenStreetMap",
              "license": "ODbL-1.0",
              "record_id": "w906616785@2",
              "update_time": "2026-02-20T11:12:42Z",
              "confidence": null,
              "between": null,
              "provider": "osm",
              "resource": "planet",
              "version": "2026-08-05"
            }
          ],
          "version": 1
        }
      }
    },
    {
      "type": "Feature",
      "id": "ec8002c6-19b9-4179-b732-bb2432f093cf",
      "geometry": {
        "type": "LineString",
        "coordinates": [
          [
            120.1972483,
            23.0255288
          ],
          [
            120.19612,
            23.0253382
          ]
        ]
      },
      "properties": {
        "source": "overture",
        "sourceKey": "overture-segments",
        "sourceVersion": "latest",
        "sourceFeatureId": "ec8002c6-19b9-4179-b732-bb2432f093cf",
        "facilityType": "service",
        "pedestrianAllowed": null,
        "bicycleAllowed": null,
        "direction": "unknown",
        "provenance": [
          {
            "property": "",
            "dataset": "OpenStreetMap",
            "license": "ODbL-1.0",
            "record_id": "w159032586@3",
            "update_time": "2022-11-09T08:18:20Z",
            "confidence": null,
            "between": null,
            "provider": "osm",
            "resource": "planet",
            "version": "2026-08-05"
          }
        ],
        "connectorIds": [
          "8b7e37e6-7a86-474b-acf7-60b8b45a4b0f",
          "ff2b30e6-7ffa-4861-9809-c40d157135b4"
        ],
        "officialInventory": false,
        "name": "安富街199巷8弄",
        "originalCrs": "EPSG:4326",
        "originalProperties": {
          "names": {
            "primary": "安富街199巷8弄",
            "common": null,
            "rules": [
              {
                "variant": "common",
                "language": null,
                "perspectives": null,
                "value": "安富街199巷8弄",
                "between": null,
                "side": null
              }
            ]
          },
          "subtype": "road",
          "class": "service",
          "subclass": "alley",
          "subclass_rules": [
            {
              "value": "alley",
              "between": null
            }
          ],
          "connectors": [
            {
              "connector_id": "8b7e37e6-7a86-474b-acf7-60b8b45a4b0f",
              "at": 0.0
            },
            {
              "connector_id": "ff2b30e6-7ffa-4861-9809-c40d157135b4",
              "at": 1.0
            }
          ],
          "sources": [
            {
              "property": "",
              "dataset": "OpenStreetMap",
              "license": "ODbL-1.0",
              "record_id": "w159032586@3",
              "update_time": "2022-11-09T08:18:20Z",
              "confidence": null,
              "between": null,
              "provider": "osm",
              "resource": "planet",
              "version": "2026-08-05"
            }
          ],
          "version": 2
        }
      }
    },
    {
      "type": "Feature",
      "id": "b3c9946c-eab4-446d-a7e1-87faa4604128",
      "geometry": {
        "type": "LineString",
        "coordinates": [
          [
            120.1994194,
            23.0254896
          ],
          [
            120.1993726,
            23.0254825
          ],
          [
            120.1992925,
            23.0254699
          ],
          [
            120.199304,
            23.0254067
          ],
          [
            120.1993151,
            23.0253414
          ]
        ]
      },
      "properties": {
        "source": "overture",
        "sourceKey": "overture-segments",
        "sourceVersion": "latest",
        "sourceFeatureId": "b3c9946c-eab4-446d-a7e1-87faa4604128",
        "facilityType": "footway",
        "pedestrianAllowed": null,
        "bicycleAllowed": null,
        "direction": "unknown",
        "provenance": [
          {
            "property": "",
            "dataset": "OpenStreetMap",
            "license": "ODbL-1.0",
            "record_id": "w1481086124@1",
            "update_time": "2026-02-24T03:16:42Z",
            "confidence": null,
            "between": [
              0.0,
              0.477767169
            ],
            "provider": "osm",
            "resource": "planet",
            "version": "2026-08-05"
          },
          {
            "property": "",
            "dataset": "OpenStreetMap",
            "license": "ODbL-1.0",
            "record_id": "w1481086125@1",
            "update_time": "2026-02-24T03:16:42Z",
            "confidence": null,
            "between": [
              0.477767169,
              1.0
            ],
            "provider": "osm",
            "resource": "planet",
            "version": "2026-08-05"
          }
        ],
        "connectorIds": [
          "3c017eb1-64ec-46a5-9ebf-d23868dc1e3d",
          "5f08e05e-a963-4b2d-9d15-de4a4b25aa06",
          "9b2cea32-8161-4b2d-aa5f-5ed291b9a2cf",
          "c83424f1-7c17-4998-8e1c-ba0b19661bdd",
          "b73d8e85-88e2-494e-93c7-aaadbecbef4a"
        ],
        "officialInventory": false,
        "name": null,
        "originalCrs": "EPSG:4326",
        "originalProperties": {
          "subtype": "road",
          "class": "footway",
          "subclass": "crosswalk",
          "subclass_rules": [
            {
              "value": "crosswalk",
              "between": null
            }
          ],
          "connectors": [
            {
              "connector_id": "3c017eb1-64ec-46a5-9ebf-d23868dc1e3d",
              "at": 0.0
            },
            {
              "connector_id": "5f08e05e-a963-4b2d-9d15-de4a4b25aa06",
              "at": 0.176080745
            },
            {
              "connector_id": "9b2cea32-8161-4b2d-aa5f-5ed291b9a2cf",
              "at": 0.477745676
            },
            {
              "connector_id": "c83424f1-7c17-4998-8e1c-ba0b19661bdd",
              "at": 0.734834988
            },
            {
              "connector_id": "b73d8e85-88e2-494e-93c7-aaadbecbef4a",
              "at": 1.0
            }
          ],
          "sources": [
            {
              "property": "",
              "dataset": "OpenStreetMap",
              "license": "ODbL-1.0",
              "record_id": "w1481086124@1",
              "update_time": "2026-02-24T03:16:42Z",
              "confidence": null,
              "between": [
                0.0,
                0.477767169
              ],
              "provider": "osm",
              "resource": "planet",
              "version": "2026-08-05"
            },
            {
              "property": "",
              "dataset": "OpenStreetMap",
              "license": "ODbL-1.0",
              "record_id": "w1481086125@1",
              "update_time": "2026-02-24T03:16:42Z",
              "confidence": null,
              "between": [
                0.477767169,
                1.0
              ],
              "provider": "osm",
              "resource": "planet",
              "version": "2026-08-05"
            }
          ],
          "version": 1
        }
      }
    },
    {
      "type": "Feature",
      "id": "4806127d-c02a-422b-a591-e9ae18fb5182",
      "geometry": {
        "type": "LineString",
        "coordinates": [
          [
            120.1993878,
            23.0254161
          ],
          [
            120.1999493,
            23.0254691
          ]
        ]
      },
      "properties": {
        "source": "overture",
        "sourceKey": "overture-segments",
        "sourceVersion": "latest",
        "sourceFeatureId": "4806127d-c02a-422b-a591-e9ae18fb5182",
        "facilityType": "residential",
        "pedestrianAllowed": null,
        "bicycleAllowed": null,
        "direction": "unknown",
        "provenance": [
          {
            "property": "",
            "dataset": "OpenStreetMap",
            "license": "ODbL-1.0",
            "record_id": "w662864108@4",
            "update_time": "2026-02-24T03:16:42Z",
            "confidence": null,
            "between": null,
            "provider": "osm",
            "resource": "planet",
            "version": "2026-08-05"
          }
        ],
        "connectorIds": [
          "cf429f15-a66b-4cbb-84ef-1841167d5087",
          "50bed22c-0ef4-4322-87ca-6b6d57c226e9"
        ],
        "officialInventory": false,
        "name": "府安路五段105巷61弄",
        "originalCrs": "EPSG:4326",
        "originalProperties": {
          "names": {
            "primary": "府安路五段105巷61弄",
            "common": null,
            "rules": [
              {
                "variant": "common",
                "language": null,
                "perspectives": null,
                "value": "府安路五段105巷61弄",
                "between": null,
                "side": null
              }
            ]
          },
          "subtype": "road",
          "class": "residential",
          "connectors": [
            {
              "connector_id": "cf429f15-a66b-4cbb-84ef-1841167d5087",
              "at": 0.0
            },
            {
              "connector_id": "50bed22c-0ef4-4322-87ca-6b6d57c226e9",
              "at": 1.0
            }
          ],
          "sources": [
            {
              "property": "",
              "dataset": "OpenStreetMap",
              "license": "ODbL-1.0",
              "record_id": "w662864108@4",
              "update_time": "2026-02-24T03:16:42Z",
              "confidence": null,
              "between": null,
              "provider": "osm",
              "resource": "planet",
              "version": "2026-08-05"
            }
          ],
          "version": 2
        }
      }
    },
    {
      "type": "Feature",
      "id": "04788828-5768-4930-a6af-46070a786baf",
      "geometry": {
        "type": "LineString",
        "coordinates": [
          [
            120.1983449,
            23.0253261
          ],
          [
            120.1984388,
            23.0253392
          ],
          [
            120.1987224,
            23.0253637
          ],
          [
            120.199304,
            23.0254067
          ],
          [
            120.1993878,
            23.0254161
          ]
        ]
      },
      "properties": {
        "source": "overture",
        "sourceKey": "overture-segments",
        "sourceVersion": "latest",
        "sourceFeatureId": "04788828-5768-4930-a6af-46070a786baf",
        "facilityType": "residential",
        "pedestrianAllowed": null,
        "bicycleAllowed": null,
        "direction": "unknown",
        "provenance": [
          {
            "property": "",
            "dataset": "OpenStreetMap",
            "license": "ODbL-1.0",
            "record_id": "w508638083@8",
            "update_time": "2026-02-24T03:16:42Z",
            "confidence": null,
            "between": null,
            "provider": "osm",
            "resource": "planet",
            "version": "2026-08-05"
          }
        ],
        "connectorIds": [
          "2dbefc3d-1ecc-4fc2-a987-37d820a4053d",
          "860f41f8-78f5-419c-90e4-60d23cfbb142",
          "f2d2967e-5d43-4f41-99fc-0bb97e49fdd6",
          "c83424f1-7c17-4998-8e1c-ba0b19661bdd",
          "cf429f15-a66b-4cbb-84ef-1841167d5087"
        ],
        "officialInventory": false,
        "name": "海佃路一段158巷",
        "originalCrs": "EPSG:4326",
        "originalProperties": {
          "names": {
            "primary": "海佃路一段158巷",
            "common": null,
            "rules": [
              {
                "variant": "common",
                "language": null,
                "perspectives": null,
                "value": "海佃路一段158巷",
                "between": null,
                "side": null
              }
            ]
          },
          "subtype": "road",
          "class": "residential",
          "connectors": [
            {
              "connector_id": "2dbefc3d-1ecc-4fc2-a987-37d820a4053d",
              "at": 0.0
            },
            {
              "connector_id": "860f41f8-78f5-419c-90e4-60d23cfbb142",
              "at": 0.090640828
            },
            {
              "connector_id": "f2d2967e-5d43-4f41-99fc-0bb97e49fdd6",
              "at": 0.362516193
            },
            {
              "connector_id": "c83424f1-7c17-4998-8e1c-ba0b19661bdd",
              "at": 0.919426902
            },
            {
              "connector_id": "cf429f15-a66b-4cbb-84ef-1841167d5087",
              "at": 1.0
            }
          ],
          "sources": [
            {
              "property": "",
              "dataset": "OpenStreetMap",
              "license": "ODbL-1.0",
              "record_id": "w508638083@8",
              "update_time": "2026-02-24T03:16:42Z",
              "confidence": null,
              "between": null,
              "provider": "osm",
              "resource": "planet",
              "version": "2026-08-05"
            }
          ],
          "version": 2
        }
      }
    },
    {
      "type": "Feature",
      "id": "d0e5820f-eeda-4584-a705-61039644689a",
      "geometry": {
        "type": "LineString",
        "coordinates": [
          [
            120.2046664,
            23.0256337
          ],
          [
            120.2044207,
            23.0256128
          ],
          [
            120.2033657,
            23.0255089
          ],
          [
            120.2031428,
            23.0254864
          ],
          [
            120.2029549,
            23.0254614
          ],
          [
            120.2025143,
            23.0253933
          ],
          [
            120.2019788,
            23.0252937
          ]
        ]
      },
      "properties": {
        "source": "overture",
        "sourceKey": "overture-segments",
        "sourceVersion": "latest",
        "sourceFeatureId": "d0e5820f-eeda-4584-a705-61039644689a",
        "facilityType": "service",
        "pedestrianAllowed": null,
        "bicycleAllowed": null,
        "direction": "unknown",
        "provenance": [
          {
            "property": "",
            "dataset": "OpenStreetMap",
            "license": "ODbL-1.0",
            "record_id": "w906752615@1",
            "update_time": "2024-08-11T01:47:26Z",
            "confidence": null,
            "between": [
              0.0,
              0.090886081
            ],
            "provider": "osm",
            "resource": "planet",
            "version": "2026-08-05"
          },
          {
            "property": "",
            "dataset": "OpenStreetMap",
            "license": "ODbL-1.0",
            "record_id": "w159025865@4",
            "update_time": "2026-03-11T16:47:13Z",
            "confidence": null,
            "between": [
              0.090886081,
              1.0
            ],
            "provider": "osm",
            "resource": "planet",
            "version": "2026-08-05"
          }
        ],
        "connectorIds": [
          "05b29fc2-5274-433d-86cc-ed4df35de00e",
          "cf23b541-792b-4f29-bcda-4d66df1cef19",
          "58419c40-8182-4df6-9b7e-07e3a269a8a6",
          "43948c20-36a6-497e-924a-5313bf50e680",
          "d499fe7d-db2e-4365-bcb8-638a1834ece6",
          "7fb1f0c0-f648-4ba1-9ab9-6a4607907c52",
          "00d3bd4e-bffa-40c7-ae15-eca6e208c39b"
        ],
        "officialInventory": false,
        "name": "府安路五段11巷35弄",
        "originalCrs": "EPSG:4326",
        "originalProperties": {
          "names": {
            "primary": "府安路五段11巷35弄",
            "common": null,
            "rules": [
              {
                "variant": "common",
                "language": null,
                "perspectives": null,
                "value": "府安路五段11巷",
                "between": [
                  0.0,
                  0.090886081
                ],
                "side": null
              },
              {
                "variant": "common",
                "language": null,
                "perspectives": null,
                "value": "府安路五段11巷35弄",
                "between": [
                  0.090886081,
                  1.0
                ],
                "side": null
              }
            ]
          },
          "subtype": "road",
          "class": "service",
          "subclass": "alley",
          "subclass_rules": [
            {
              "value": "alley",
              "between": null
            }
          ],
          "connectors": [
            {
              "connector_id": "05b29fc2-5274-433d-86cc-ed4df35de00e",
              "at": 0.0
            },
            {
              "connector_id": "cf23b541-792b-4f29-bcda-4d66df1cef19",
              "at": 0.090890259
            },
            {
              "connector_id": "58419c40-8182-4df6-9b7e-07e3a269a8a6",
              "at": 0.481715935
            },
            {
              "connector_id": "43948c20-36a6-497e-924a-5313bf50e680",
              "at": 0.564312837
            },
            {
              "connector_id": "d499fe7d-db2e-4365-bcb8-638a1834ece6",
              "at": 0.634241353
            },
            {
              "connector_id": "7fb1f0c0-f648-4ba1-9ab9-6a4607907c52",
              "at": 0.798793394
            },
            {
              "connector_id": "00d3bd4e-bffa-40c7-ae15-eca6e208c39b",
              "at": 1.0
            }
          ],
          "sources": [
            {
              "property": "",
              "dataset": "OpenStreetMap",
              "license": "ODbL-1.0",
              "record_id": "w906752615@1",
              "update_time": "2024-08-11T01:47:26Z",
              "confidence": null,
              "between": [
                0.0,
                0.090886081
              ],
              "provider": "osm",
              "resource": "planet",
              "version": "2026-08-05"
            },
            {
              "property": "",
              "dataset": "OpenStreetMap",
              "license": "ODbL-1.0",
              "record_id": "w159025865@4",
              "update_time": "2026-03-11T16:47:13Z",
              "confidence": null,
              "between": [
                0.090886081,
                1.0
              ],
              "provider": "osm",
              "resource": "planet",
              "version": "2026-08-05"
            }
          ],
          "version": 3
        }
      }
    },
    {
      "type": "Feature",
      "id": "22f2e808-91f8-4933-ac46-5bff6fd85986",
      "geometry": {
        "type": "LineString",
        "coordinates": [
          [
            120.1986454,
            23.0257251
          ],
          [
            120.1987217,
            23.025411
          ]
        ]
      },
      "properties": {
        "source": "overture",
        "sourceKey": "overture-segments",
        "sourceVersion": "latest",
        "sourceFeatureId": "22f2e808-91f8-4933-ac46-5bff6fd85986",
        "facilityType": "footway",
        "pedestrianAllowed": null,
        "bicycleAllowed": null,
        "direction": "unknown",
        "provenance": [
          {
            "property": "",
            "dataset": "OpenStreetMap",
            "license": "ODbL-1.0",
            "record_id": "w1481086127@1",
            "update_time": "2026-02-24T03:16:42Z",
            "confidence": null,
            "between": null,
            "provider": "osm",
            "resource": "planet",
            "version": "2026-08-05"
          }
        ],
        "connectorIds": [
          "f83184ef-7f03-4338-be8e-bdb920533503",
          "14d67756-c461-4973-afd8-ff14b7d32a58"
        ],
        "officialInventory": false,
        "name": null,
        "originalCrs": "EPSG:4326",
        "originalProperties": {
          "subtype": "road",
          "class": "footway",
          "connectors": [
            {
              "connector_id": "f83184ef-7f03-4338-be8e-bdb920533503",
              "at": 0.0
            },
            {
              "connector_id": "14d67756-c461-4973-afd8-ff14b7d32a58",
              "at": 1.0
            }
          ],
          "sources": [
            {
              "property": "",
              "dataset": "OpenStreetMap",
              "license": "ODbL-1.0",
              "record_id": "w1481086127@1",
              "update_time": "2026-02-24T03:16:42Z",
              "confidence": null,
              "between": null,
              "provider": "osm",
              "resource": "planet",
              "version": "2026-08-05"
            }
          ],
          "version": 1
        }
      }
    },
    {
      "type": "Feature",
      "id": "3176f977-6f20-43f5-9939-d64817fa9542",
      "geometry": {
        "type": "LineString",
        "coordinates": [
          [
            120.1992698,
            23.0256025
          ],
          [
            120.1992015,
            23.0256025
          ],
          [
            120.1992022,
            23.025557
          ],
          [
            120.1992361,
            23.0254636
          ]
        ]
      },
      "properties": {
        "source": "overture",
        "sourceKey": "overture-segments",
        "sourceVersion": "latest",
        "sourceFeatureId": "3176f977-6f20-43f5-9939-d64817fa9542",
        "facilityType": "footway",
        "pedestrianAllowed": null,
        "bicycleAllowed": null,
        "direction": "unknown",
        "provenance": [
          {
            "property": "",
            "dataset": "OpenStreetMap",
            "license": "ODbL-1.0",
            "record_id": "w1481086135@1",
            "update_time": "2026-02-24T03:16:42Z",
            "confidence": null,
            "between": null,
            "provider": "osm",
            "resource": "planet",
            "version": "2026-08-05"
          }
        ],
        "connectorIds": [
          "c3ea3db9-37fb-452d-814b-cfa9b18bd78b",
          "8542b384-53fb-4f88-ac29-d77421acf34c",
          "10307f31-f5a9-4fc6-a42d-80d0ef22ed7b"
        ],
        "officialInventory": false,
        "name": null,
        "originalCrs": "EPSG:4326",
        "originalProperties": {
          "subtype": "road",
          "class": "footway",
          "connectors": [
            {
              "connector_id": "c3ea3db9-37fb-452d-814b-cfa9b18bd78b",
              "at": 0.0
            },
            {
              "connector_id": "8542b384-53fb-4f88-ac29-d77421acf34c",
              "at": 0.305027108
            },
            {
              "connector_id": "10307f31-f5a9-4fc6-a42d-80d0ef22ed7b",
              "at": 1.0
            }
          ],
          "sources": [
            {
              "property": "",
              "dataset": "OpenStreetMap",
              "license": "ODbL-1.0",
              "record_id": "w1481086135@1",
              "update_time": "2026-02-24T03:16:42Z",
              "confidence": null,
              "between": null,
              "provider": "osm",
              "resource": "planet",
              "version": "2026-08-05"
            }
          ],
          "version": 1
        }
      }
    },
    {
      "type": "Feature",
      "id": "bee8ef9b-0c1f-412d-97ee-071e28507537",
      "geometry": {
        "type": "LineString",
        "coordinates": [
          [
            120.20082,
            23.0255601
          ],
          [
            120.200289,
            23.0255038
          ],
          [
            120.1999493,
            23.0254691
          ]
        ]
      },
      "properties": {
        "source": "overture",
        "sourceKey": "overture-segments",
        "sourceVersion": "latest",
        "sourceFeatureId": "bee8ef9b-0c1f-412d-97ee-071e28507537",
        "facilityType": "residential",
        "pedestrianAllowed": null,
        "bicycleAllowed": null,
        "direction": "unknown",
        "provenance": [
          {
            "property": "",
            "dataset": "OpenStreetMap",
            "license": "ODbL-1.0",
            "record_id": "w159029643@14",
            "update_time": "2026-02-24T03:16:42Z",
            "confidence": null,
            "between": [
              0.0,
              0.610018576
            ],
            "provider": "osm",
            "resource": "planet",
            "version": "2026-08-05"
          },
          {
            "property": "",
            "dataset": "OpenStreetMap",
            "license": "ODbL-1.0",
            "record_id": "w159029657@7",
            "update_time": "2026-02-24T03:16:42Z",
            "confidence": null,
            "between": [
              0.610018576,
              1.0
            ],
            "provider": "osm",
            "resource": "planet",
            "version": "2026-08-05"
          }
        ],
        "connectorIds": [
          "78456a34-a742-4a4f-83bf-e68944967114",
          "7072dea7-8663-4286-babe-21a45cce0f63",
          "50bed22c-0ef4-4322-87ca-6b6d57c226e9"
        ],
        "officialInventory": false,
        "name": "府安路五段98巷56弄",
        "originalCrs": "EPSG:4326",
        "originalProperties": {
          "names": {
            "primary": "府安路五段98巷56弄",
            "common": null,
            "rules": [
              {
                "variant": "common",
                "language": null,
                "perspectives": null,
                "value": "府安路五段98巷56弄",
                "between": [
                  0.0,
                  0.610018576
                ],
                "side": null
              },
              {
                "variant": "common",
                "language": null,
                "perspectives": null,
                "value": "府安路五段98巷55弄",
                "between": [
                  0.610018576,
                  1.0
                ],
                "side": null
              }
            ]
          },
          "subtype": "road",
          "class": "residential",
          "connectors": [
            {
              "connector_id": "78456a34-a742-4a4f-83bf-e68944967114",
              "at": 0.0
            },
            {
              "connector_id": "7072dea7-8663-4286-babe-21a45cce0f63",
              "at": 0.609964744
            },
            {
              "connector_id": "50bed22c-0ef4-4322-87ca-6b6d57c226e9",
              "at": 1.0
            }
          ],
          "sources": [
            {
              "property": "",
              "dataset": "OpenStreetMap",
              "license": "ODbL-1.0",
              "record_id": "w159029643@14",
              "update_time": "2026-02-24T03:16:42Z",
              "confidence": null,
              "between": [
                0.0,
                0.610018576
              ],
              "provider": "osm",
              "resource": "planet",
              "version": "2026-08-05"
            },
            {
              "property": "",
              "dataset": "OpenStreetMap",
              "license": "ODbL-1.0",
              "record_id": "w159029657@7",
              "update_time": "2026-02-24T03:16:42Z",
              "confidence": null,
              "between": [
                0.610018576,
                1.0
              ],
              "provider": "osm",
              "resource": "planet",
              "version": "2026-08-05"
            }
          ],
          "version": 2
        }
      }
    },
    {
      "type": "Feature",
      "id": "790ef180-dd4b-4629-af0f-8052d6871954",
      "geometry": {
        "type": "LineString",
        "coordinates": [
          [
            120.1990172,
            23.0254392
          ],
          [
            120.1990013,
            23.0255249
          ],
          [
            120.199039,
            23.0256195
          ]
        ]
      },
      "properties": {
        "source": "overture",
        "sourceKey": "overture-segments",
        "sourceVersion": "latest",
        "sourceFeatureId": "790ef180-dd4b-4629-af0f-8052d6871954",
        "facilityType": "footway",
        "pedestrianAllowed": null,
        "bicycleAllowed": null,
        "direction": "unknown",
        "provenance": [
          {
            "property": "",
            "dataset": "OpenStreetMap",
            "license": "ODbL-1.0",
            "record_id": "w1481086131@1",
            "update_time": "2026-02-24T03:16:42Z",
            "confidence": null,
            "between": null,
            "provider": "osm",
            "resource": "planet",
            "version": "2026-08-05"
          }
        ],
        "connectorIds": [
          "49cc3b25-a464-45e1-bfdc-6f15fb20a6b0",
          "aa340618-c15f-4a6e-b9fe-62001a78161f"
        ],
        "officialInventory": false,
        "name": null,
        "originalCrs": "EPSG:4326",
        "originalProperties": {
          "subtype": "road",
          "class": "footway",
          "connectors": [
            {
              "connector_id": "49cc3b25-a464-45e1-bfdc-6f15fb20a6b0",
              "at": 0.0
            },
            {
              "connector_id": "aa340618-c15f-4a6e-b9fe-62001a78161f",
              "at": 1.0
            }
          ],
          "sources": [
            {
              "property": "",
              "dataset": "OpenStreetMap",
              "license": "ODbL-1.0",
              "record_id": "w1481086131@1",
              "update_time": "2026-02-24T03:16:42Z",
              "confidence": null,
              "between": null,
              "provider": "osm",
              "resource": "planet",
              "version": "2026-08-05"
            }
          ],
          "version": 1
        }
      }
    },
    {
      "type": "Feature",
      "id": "91e4b851-2a1c-4c8a-ae09-1471879a8e14",
      "geometry": {
        "type": "LineString",
        "coordinates": [
          [
            120.1983449,
            23.0253261
          ],
          [
            120.1983223,
            23.0254039
          ],
          [
            120.198261,
            23.0256461
          ],
          [
            120.1982422,
            23.0257225
          ]
        ]
      },
      "properties": {
        "source": "overture",
        "sourceKey": "overture-segments",
        "sourceVersion": "latest",
        "sourceFeatureId": "91e4b851-2a1c-4c8a-ae09-1471879a8e14",
        "facilityType": "residential",
        "pedestrianAllowed": null,
        "bicycleAllowed": null,
        "direction": "unknown",
        "provenance": [
          {
            "property": "",
            "dataset": "OpenStreetMap",
            "license": "ODbL-1.0",
            "record_id": "w662864111@11",
            "update_time": "2026-02-24T03:16:42Z",
            "confidence": null,
            "between": null,
            "provider": "osm",
            "resource": "planet",
            "version": "2026-08-05"
          }
        ],
        "connectorIds": [
          "2dbefc3d-1ecc-4fc2-a987-37d820a4053d",
          "852f4520-5b6a-4c9f-928e-bd4f175a66a0",
          "c5ff61c2-d1ae-4284-9561-af6ccecd9fb3",
          "0521710f-379b-4229-b49c-11a1230b90aa"
        ],
        "officialInventory": false,
        "name": "富東路",
        "originalCrs": "EPSG:4326",
        "originalProperties": {
          "names": {
            "primary": "富東路",
            "common": [
              [
                "en",
                "Fudong Road"
              ],
              [
                "zh",
                "富東路"
              ]
            ],
            "rules": [
              {
                "variant": "common",
                "language": null,
                "perspectives": null,
                "value": "富東路",
                "between": null,
                "side": null
              }
            ]
          },
          "subtype": "road",
          "class": "residential",
          "connectors": [
            {
              "connector_id": "2dbefc3d-1ecc-4fc2-a987-37d820a4053d",
              "at": 0.0
            },
            {
              "connector_id": "852f4520-5b6a-4c9f-928e-bd4f175a66a0",
              "at": 0.197615135
            },
            {
              "connector_id": "c5ff61c2-d1ae-4284-9561-af6ccecd9fb3",
              "at": 0.807797273
            },
            {
              "connector_id": "0521710f-379b-4229-b49c-11a1230b90aa",
              "at": 1.0
            }
          ],
          "sources": [
            {
              "property": "",
              "dataset": "OpenStreetMap",
              "license": "ODbL-1.0",
              "record_id": "w662864111@11",
              "update_time": "2026-02-24T03:16:42Z",
              "confidence": null,
              "between": null,
              "provider": "osm",
              "resource": "planet",
              "version": "2026-08-05"
            }
          ],
          "version": 2
        }
      }
    },
    {
      "type": "Feature",
      "id": "0f359479-41b8-4ce5-8164-ac29408c4650",
      "geometry": {
        "type": "LineString",
        "coordinates": [
          [
            120.1978893,
            23.0226235
          ],
          [
            120.1976475,
            23.0237095
          ],
          [
            120.1973323,
            23.0251318
          ]
        ]
      },
      "properties": {
        "source": "overture",
        "sourceKey": "overture-segments",
        "sourceVersion": "latest",
        "sourceFeatureId": "0f359479-41b8-4ce5-8164-ac29408c4650",
        "facilityType": "residential",
        "pedestrianAllowed": null,
        "bicycleAllowed": null,
        "direction": "unknown",
        "provenance": [
          {
            "property": "",
            "dataset": "OpenStreetMap",
            "license": "ODbL-1.0",
            "record_id": "w906616782@2",
            "update_time": "2026-02-24T03:16:42Z",
            "confidence": null,
            "between": null,
            "provider": "osm",
            "resource": "planet",
            "version": "2026-08-05"
          }
        ],
        "connectorIds": [
          "f31a2caf-4515-4996-ab65-95294acbdea2",
          "c6ce2013-8824-4d4d-88a7-c6d1bfaa314c",
          "3830b678-2cb5-4bb1-a9fb-f872014a344b"
        ],
        "officialInventory": false,
        "name": "府安路五段162巷",
        "originalCrs": "EPSG:4326",
        "originalProperties": {
          "names": {
            "primary": "府安路五段162巷",
            "common": null,
            "rules": [
              {
                "variant": "common",
                "language": null,
                "perspectives": null,
                "value": "府安路五段162巷",
                "between": null,
                "side": null
              }
            ]
          },
          "subtype": "road",
          "class": "residential",
          "connectors": [
            {
              "connector_id": "f31a2caf-4515-4996-ab65-95294acbdea2",
              "at": 0.0
            },
            {
              "connector_id": "c6ce2013-8824-4d4d-88a7-c6d1bfaa314c",
              "at": 0.433009197
            },
            {
              "connector_id": "3830b678-2cb5-4bb1-a9fb-f872014a344b",
              "at": 1.0
            }
          ],
          "sources": [
            {
              "property": "",
              "dataset": "OpenStreetMap",
              "license": "ODbL-1.0",
              "record_id": "w906616782@2",
              "update_time": "2026-02-24T03:16:42Z",
              "confidence": null,
              "between": null,
              "provider": "osm",
              "resource": "planet",
              "version": "2026-08-05"
            }
          ],
          "version": 2
        }
      }
    },
    {
      "type": "Feature",
      "id": "ab22b069-5c63-4359-a355-0c2542280a0b",
      "geometry": {
        "type": "LineString",
        "coordinates": [
          [
            120.1998446,
            23.0233215
          ],
          [
            120.200402,
            23.0234849
          ],
          [
            120.2007344,
            23.0235852
          ],
          [
            120.2015415,
            23.0237965
          ],
          [
            120.2018078,
            23.0238662
          ],
          [
            120.2022532,
            23.0239714
          ],
          [
            120.2028129,
            23.0240943
          ],
          [
            120.2032565,
            23.0241806
          ],
          [
            120.2036164,
            23.024243
          ],
          [
            120.2039757,
            23.0242929
          ],
          [
            120.2042762,
            23.0243378
          ],
          [
            120.204689,
            23.024408
          ],
          [
            120.2050724,
            23.024476
          ],
          [
            120.2051563,
            23.0244909
          ],
          [
            120.2052379,
            23.0244996
          ],
          [
            120.2054929,
            23.024527
          ],
          [
            120.2055586,
            23.0245333
          ]
        ]
      },
      "properties": {
        "source": "overture",
        "sourceKey": "overture-segments",
        "sourceVersion": "latest",
        "sourceFeatureId": "ab22b069-5c63-4359-a355-0c2542280a0b",
        "facilityType": "tertiary",
        "pedestrianAllowed": null,
        "bicycleAllowed": null,
        "direction": "unknown",
        "provenance": [
          {
            "property": "",
            "dataset": "OpenStreetMap",
            "license": "ODbL-1.0",
            "record_id": "w62220473@29",
            "update_time": "2026-03-11T16:47:13Z",
            "confidence": null,
            "between": null,
            "provider": "osm",
            "resource": "planet",
            "version": "2026-08-05"
          }
        ],
        "connectorIds": [
          "a40401be-43c4-40db-9631-c31613757d4f",
          "d7898b24-4d1c-4270-bbcd-d6ec675af12a",
          "bbd301c0-fbaf-4db9-b324-8daf0fee23d6",
          "8806d28e-dcf9-4f9a-acc5-a7d9685cceef",
          "286fc06d-f6a4-4ccd-895b-bfd32aeeaaf6",
          "2ce37286-4a8e-487e-9009-f9da4cf17fbf",
          "2d6f2ecd-ed6b-4958-bdc6-e2788d99194c",
          "509de1f5-e787-4fc8-b79b-852eb83df72a",
          "e8d17460-6364-449f-9259-cd5ca7612ff7",
          "6540aa18-b148-4a46-9a25-27f70cd7b334",
          "c649a2c2-8e1c-4634-9827-819eae51913e",
          "7ed44a82-3a5a-42c4-b975-2877d2b65f4d",
          "8e7e7bd4-2385-45bf-8390-d6d8e10f0029",
          "b47fb1d9-17f3-4a67-b61d-30c30afb5d66",
          "c87b500b-2f02-46aa-8fb0-cce21f5cfb6c"
        ],
        "officialInventory": false,
        "name": "府安路五段",
        "originalCrs": "EPSG:4326",
        "originalProperties": {
          "names": {
            "primary": "府安路五段",
            "common": [
              [
                "en",
                "Fu’an Road Section 5"
              ],
              [
                "zh",
                "府安路五段"
              ]
            ],
            "rules": [
              {
                "variant": "common",
                "language": null,
                "perspectives": null,
                "value": "府安路五段",
                "between": null,
                "side": null
              }
            ]
          },
          "subtype": "road",
          "class": "tertiary",
          "connectors": [
            {
              "connector_id": "a40401be-43c4-40db-9631-c31613757d4f",
              "at": 0.0
            },
            {
              "connector_id": "d7898b24-4d1c-4270-bbcd-d6ec675af12a",
              "at": 0.099567421
            },
            {
              "connector_id": "bbd301c0-fbaf-4db9-b324-8daf0fee23d6",
              "at": 0.15910429
            },
            {
              "connector_id": "8806d28e-dcf9-4f9a-acc5-a7d9685cceef",
              "at": 0.349065298
            },
            {
              "connector_id": "286fc06d-f6a4-4ccd-895b-bfd32aeeaaf6",
              "at": 0.525300688
            },
            {
              "connector_id": "2ce37286-4a8e-487e-9009-f9da4cf17fbf",
              "at": 0.60249227
            },
            {
              "connector_id": "2d6f2ecd-ed6b-4958-bdc6-e2788d99194c",
              "at": 0.66484589
            },
            {
              "connector_id": "509de1f5-e787-4fc8-b79b-852eb83df72a",
              "at": 0.726716255
            },
            {
              "connector_id": "e8d17460-6364-449f-9259-cd5ca7612ff7",
              "at": 0.77855106
            },
            {
              "connector_id": "6540aa18-b148-4a46-9a25-27f70cd7b334",
              "at": 0.850023621
            },
            {
              "connector_id": "c649a2c2-8e1c-4634-9827-819eae51913e",
              "at": 0.916500816
            },
            {
              "connector_id": "7ed44a82-3a5a-42c4-b975-2877d2b65f4d",
              "at": 0.931048791
            },
            {
              "connector_id": "8e7e7bd4-2385-45bf-8390-d6d8e10f0029",
              "at": 0.945036371
            },
            {
              "connector_id": "b47fb1d9-17f3-4a67-b61d-30c30afb5d66",
              "at": 0.988752044
            },
            {
              "connector_id": "c87b500b-2f02-46aa-8fb0-cce21f5cfb6c",
              "at": 1.0
            }
          ],
          "road_surface": [
            {
              "value": "paved",
              "between": null
            }
          ],
          "speed_limits": [
            {
              "min_speed": null,
              "max_speed": {
                "value": 60,
                "unit": "km/h"
              },
              "is_max_speed_variable": null,
              "when": null,
              "between": null
            }
          ],
          "sources": [
            {
              "property": "",
              "dataset": "OpenStreetMap",
              "license": "ODbL-1.0",
              "record_id": "w62220473@29",
              "update_time": "2026-03-11T16:47:13Z",
              "confidence": null,
              "between": null,
              "provider": "osm",
              "resource": "planet",
              "version": "2026-08-05"
            }
          ],
          "version": 4
        }
      }
    },
    {
      "type": "Feature",
      "id": "f08402df-f3e6-453e-8682-0ff720c453b4",
      "geometry": {
        "type": "LineString",
        "coordinates": [
          [
            120.1979945,
            23.025262
          ],
          [
            120.1984098,
            23.023711
          ],
          [
            120.1981149,
            23.0236565
          ],
          [
            120.1978883,
            23.0236144
          ],
          [
            120.1981061,
            23.022706
          ]
        ]
      },
      "properties": {
        "source": "overture",
        "sourceKey": "overture-segments",
        "sourceVersion": "latest",
        "sourceFeatureId": "f08402df-f3e6-453e-8682-0ff720c453b4",
        "facilityType": "service",
        "pedestrianAllowed": null,
        "bicycleAllowed": null,
        "direction": "unknown",
        "provenance": [
          {
            "property": "",
            "dataset": "OpenStreetMap",
            "license": "ODbL-1.0",
            "record_id": "w159029667@4",
            "update_time": "2026-02-24T03:16:42Z",
            "confidence": null,
            "between": [
              0.0,
              0.69196637
            ],
            "provider": "osm",
            "resource": "planet",
            "version": "2026-08-05"
          },
          {
            "property": "",
            "dataset": "OpenStreetMap",
            "license": "ODbL-1.0",
            "record_id": "w906616784@1",
            "update_time": "2026-02-24T03:16:42Z",
            "confidence": null,
            "between": [
              0.69196637,
              1.0
            ],
            "provider": "osm",
            "resource": "planet",
            "version": "2026-08-05"
          }
        ],
        "connectorIds": [
          "7f7babdb-b531-4f8d-9125-1e880b5f4f89",
          "83f20ad2-561c-4f06-a5d3-f5e7a988b943",
          "aed143a1-a50c-4972-b491-27f5a401fee9"
        ],
        "officialInventory": false,
        "name": "府安路五段157巷22弄",
        "originalCrs": "EPSG:4326",
        "originalProperties": {
          "names": {
            "primary": "府安路五段157巷22弄",
            "common": null,
            "rules": [
              {
                "variant": "common",
                "language": null,
                "perspectives": null,
                "value": "府安路五段157巷22弄",
                "between": [
                  0.0,
                  0.69196637
                ],
                "side": null
              },
              {
                "variant": "common",
                "language": null,
                "perspectives": null,
                "value": "府安路五段157巷",
                "between": [
                  0.69196637,
                  1.0
                ],
                "side": null
              }
            ]
          },
          "subtype": "road",
          "class": "service",
          "subclass": "alley",
          "subclass_rules": [
            {
              "value": "alley",
              "between": null
            }
          ],
          "connectors": [
            {
              "connector_id": "7f7babdb-b531-4f8d-9125-1e880b5f4f89",
              "at": 0.0
            },
            {
              "connector_id": "83f20ad2-561c-4f06-a5d3-f5e7a988b943",
              "at": 0.621138744
            },
            {
              "connector_id": "aed143a1-a50c-4972-b491-27f5a401fee9",
              "at": 1.0
            }
          ],
          "sources": [
            {
              "property": "",
              "dataset": "OpenStreetMap",
              "license": "ODbL-1.0",
              "record_id": "w159029667@4",
              "update_time": "2026-02-24T03:16:42Z",
              "confidence": null,
              "between": [
                0.0,
                0.69196637
              ],
              "provider": "osm",
              "resource": "planet",
              "version": "2026-08-05"
            },
            {
              "property": "",
              "dataset": "OpenStreetMap",
              "license": "ODbL-1.0",
              "record_id": "w906616784@1",
              "update_time": "2026-02-24T03:16:42Z",
              "confidence": null,
              "between": [
                0.69196637,
                1.0
              ],
              "provider": "osm",
              "resource": "planet",
              "version": "2026-08-05"
            }
          ],
          "version": 2
        }
      }
    },
    {
      "type": "Feature",
      "id": "c8300c19-9e3f-4a04-863e-937f0722950b",
      "geometry": {
        "type": "LineString",
        "coordinates": [
          [
            120.197706,
            23.0252067
          ],
          [
            120.1981149,
            23.0236565
          ],
          [
            120.1981578,
            23.0234787
          ],
          [
            120.1982201,
            23.0232205
          ],
          [
            120.1983241,
            23.0227945
          ]
        ]
      },
      "properties": {
        "source": "overture",
        "sourceKey": "overture-segments",
        "sourceVersion": "latest",
        "sourceFeatureId": "c8300c19-9e3f-4a04-863e-937f0722950b",
        "facilityType": "service",
        "pedestrianAllowed": null,
        "bicycleAllowed": null,
        "direction": "unknown",
        "provenance": [
          {
            "property": "",
            "dataset": "OpenStreetMap",
            "license": "ODbL-1.0",
            "record_id": "w159029673@4",
            "update_time": "2026-02-24T03:16:42Z",
            "confidence": null,
            "between": null,
            "provider": "osm",
            "resource": "planet",
            "version": "2026-08-05"
          }
        ],
        "connectorIds": [
          "3acc0116-8e98-458e-b3a6-36b28e1267eb",
          "83f20ad2-561c-4f06-a5d3-f5e7a988b943",
          "ddff0f43-21a0-45d5-95fe-03f5202931b0",
          "b61eff24-5c8b-434d-acf7-8ffd8ca19f58",
          "09ab223e-6bcc-4776-b945-0ff7107325bd"
        ],
        "officialInventory": false,
        "name": "府安路五段153巷",
        "originalCrs": "EPSG:4326",
        "originalProperties": {
          "names": {
            "primary": "府安路五段153巷",
            "common": null,
            "rules": [
              {
                "variant": "common",
                "language": null,
                "perspectives": null,
                "value": "府安路五段153巷",
                "between": null,
                "side": null
              }
            ]
          },
          "subtype": "road",
          "class": "service",
          "subclass": "alley",
          "subclass_rules": [
            {
              "value": "alley",
              "between": null
            }
          ],
          "connectors": [
            {
              "connector_id": "3acc0116-8e98-458e-b3a6-36b28e1267eb",
              "at": 0.0
            },
            {
              "connector_id": "83f20ad2-561c-4f06-a5d3-f5e7a988b943",
              "at": 0.643644529
            },
            {
              "connector_id": "ddff0f43-21a0-45d5-95fe-03f5202931b0",
              "at": 0.717127505
            },
            {
              "connector_id": "b61eff24-5c8b-434d-acf7-8ffd8ca19f58",
              "at": 0.823839082
            },
            {
              "connector_id": "09ab223e-6bcc-4776-b945-0ff7107325bd",
              "at": 1.0
            }
          ],
          "sources": [
            {
              "property": "",
              "dataset": "OpenStreetMap",
              "license": "ODbL-1.0",
              "record_id": "w159029673@4",
              "update_time": "2026-02-24T03:16:42Z",
              "confidence": null,
              "between": null,
              "provider": "osm",
              "resource": "planet",
              "version": "2026-08-05"
            }
          ],
          "version": 2
        }
      }
    },
    {
      "type": "Feature",
      "id": "b28f370a-87e3-4e04-8aaf-c92f151def28",
      "geometry": {
        "type": "LineString",
        "coordinates": [
          [
            120.1972609,
            23.0236284
          ],
          [
            120.1969578,
            23.0250649
          ]
        ]
      },
      "properties": {
        "source": "overture",
        "sourceKey": "overture-segments",
        "sourceVersion": "latest",
        "sourceFeatureId": "b28f370a-87e3-4e04-8aaf-c92f151def28",
        "facilityType": "service",
        "pedestrianAllowed": null,
        "bicycleAllowed": null,
        "direction": "unknown",
        "provenance": [
          {
            "property": "",
            "dataset": "OpenStreetMap",
            "license": "ODbL-1.0",
            "record_id": "w270272479@2",
            "update_time": "2021-02-12T17:02:48Z",
            "confidence": null,
            "between": null,
            "provider": "osm",
            "resource": "planet",
            "version": "2026-08-05"
          }
        ],
        "connectorIds": [
          "ad512e30-dc3f-407c-912f-7b6812f76de1",
          "8b39874a-01e9-4dcc-95d8-e54d7429450c"
        ],
        "officialInventory": false,
        "name": "海佃路一段158巷144弄",
        "originalCrs": "EPSG:4326",
        "originalProperties": {
          "names": {
            "primary": "海佃路一段158巷144弄",
            "common": null,
            "rules": [
              {
                "variant": "common",
                "language": null,
                "perspectives": null,
                "value": "海佃路一段158巷144弄",
                "between": null,
                "side": null
              }
            ]
          },
          "subtype": "road",
          "class": "service",
          "subclass": "alley",
          "subclass_rules": [
            {
              "value": "alley",
              "between": null
            }
          ],
          "connectors": [
            {
              "connector_id": "ad512e30-dc3f-407c-912f-7b6812f76de1",
              "at": 0.0
            },
            {
              "connector_id": "8b39874a-01e9-4dcc-95d8-e54d7429450c",
              "at": 1.0
            }
          ],
          "sources": [
            {
              "property": "",
              "dataset": "OpenStreetMap",
              "license": "ODbL-1.0",
              "record_id": "w270272479@2",
              "update_time": "2021-02-12T17:02:48Z",
              "confidence": null,
              "between": null,
              "provider": "osm",
              "resource": "planet",
              "version": "2026-08-05"
            }
          ],
          "version": 1
        }
      }
    },
    {
      "type": "Feature",
      "id": "be63d764-155c-4c02-aec6-c09215962ab3",
      "geometry": {
        "type": "LineString",
        "coordinates": [
          [
            120.1993878,
            23.0254161
          ],
          [
            120.1994045,
            23.0253297
          ],
          [
            120.1995068,
            23.0248773
          ],
          [
            120.1996231,
            23.0243418
          ],
          [
            120.1997247,
            23.0238738
          ],
          [
            120.1998446,
            23.0233215
          ]
        ]
      },
      "properties": {
        "source": "overture",
        "sourceKey": "overture-segments",
        "sourceVersion": "latest",
        "sourceFeatureId": "be63d764-155c-4c02-aec6-c09215962ab3",
        "facilityType": "residential",
        "pedestrianAllowed": null,
        "bicycleAllowed": null,
        "direction": "unknown",
        "provenance": [
          {
            "property": "",
            "dataset": "OpenStreetMap",
            "license": "ODbL-1.0",
            "record_id": "w159029664@6",
            "update_time": "2026-02-24T03:16:42Z",
            "confidence": null,
            "between": null,
            "provider": "osm",
            "resource": "planet",
            "version": "2026-08-05"
          }
        ],
        "connectorIds": [
          "cf429f15-a66b-4cbb-84ef-1841167d5087",
          "de4ae590-b1ce-4662-888c-1eee583c69c9",
          "13da9bb3-b16e-48dc-b7e6-0f1b6cd2aed4",
          "efa546a0-4d99-4249-95ae-5e51a006d010",
          "714869fd-7981-4f40-a2a9-5ee8231e9a83",
          "a40401be-43c4-40db-9631-c31613757d4f"
        ],
        "officialInventory": false,
        "name": "府安路五段119巷",
        "originalCrs": "EPSG:4326",
        "originalProperties": {
          "names": {
            "primary": "府安路五段119巷",
            "common": null,
            "rules": [
              {
                "variant": "common",
                "language": null,
                "perspectives": null,
                "value": "府安路五段119巷",
                "between": null,
                "side": null
              }
            ]
          },
          "subtype": "road",
          "class": "residential",
          "connectors": [
            {
              "connector_id": "cf429f15-a66b-4cbb-84ef-1841167d5087",
              "at": 0.0
            },
            {
              "connector_id": "de4ae590-b1ce-4662-888c-1eee583c69c9",
              "at": 0.041074716
            },
            {
              "connector_id": "13da9bb3-b16e-48dc-b7e6-0f1b6cd2aed4",
              "at": 0.257372579
            },
            {
              "connector_id": "efa546a0-4d99-4249-95ae-5e51a006d010",
              "at": 0.512984494
            },
            {
              "connector_id": "714869fd-7981-4f40-a2a9-5ee8231e9a83",
              "at": 0.736372995
            },
            {
              "connector_id": "a40401be-43c4-40db-9631-c31613757d4f",
              "at": 1.0
            }
          ],
          "sources": [
            {
              "property": "",
              "dataset": "OpenStreetMap",
              "license": "ODbL-1.0",
              "record_id": "w159029664@6",
              "update_time": "2026-02-24T03:16:42Z",
              "confidence": null,
              "between": null,
              "provider": "osm",
              "resource": "planet",
              "version": "2026-08-05"
            }
          ],
          "version": 4
        }
      }
    },
    {
      "type": "Feature",
      "id": "3c8c01ed-b958-4daa-b2e2-9a164850d7f9",
      "geometry": {
        "type": "LineString",
        "coordinates": [
          [
            120.200402,
            23.0234849
          ],
          [
            120.2003869,
            23.0235374
          ],
          [
            120.2001159,
            23.0247332
          ],
          [
            120.2000381,
            23.0250766
          ],
          [
            120.1999493,
            23.0254691
          ]
        ]
      },
      "properties": {
        "source": "overture",
        "sourceKey": "overture-segments",
        "sourceVersion": "latest",
        "sourceFeatureId": "3c8c01ed-b958-4daa-b2e2-9a164850d7f9",
        "facilityType": "service",
        "pedestrianAllowed": null,
        "bicycleAllowed": null,
        "direction": "unknown",
        "provenance": [
          {
            "property": "",
            "dataset": "OpenStreetMap",
            "license": "ODbL-1.0",
            "record_id": "w444911799@5",
            "update_time": "2026-02-24T03:16:42Z",
            "confidence": null,
            "between": null,
            "provider": "osm",
            "resource": "planet",
            "version": "2026-08-05"
          }
        ],
        "connectorIds": [
          "d7898b24-4d1c-4270-bbcd-d6ec675af12a",
          "5e57755e-7a11-4a65-9324-b00292ce50b7",
          "bdd52c48-9bdb-408f-86e9-89cb752fc044",
          "50bed22c-0ef4-4322-87ca-6b6d57c226e9"
        ],
        "officialInventory": false,
        "name": "府安路五段105巷",
        "originalCrs": "EPSG:4326",
        "originalProperties": {
          "names": {
            "primary": "府安路五段105巷",
            "common": null,
            "rules": [
              {
                "variant": "common",
                "language": null,
                "perspectives": null,
                "value": "府安路五段105巷",
                "between": null,
                "side": null
              }
            ]
          },
          "subtype": "road",
          "class": "service",
          "subclass": "alley",
          "subclass_rules": [
            {
              "value": "alley",
              "between": null
            }
          ],
          "connectors": [
            {
              "connector_id": "d7898b24-4d1c-4270-bbcd-d6ec675af12a",
              "at": 0.0
            },
            {
              "connector_id": "5e57755e-7a11-4a65-9324-b00292ce50b7",
              "at": 0.629255816
            },
            {
              "connector_id": "bdd52c48-9bdb-408f-86e9-89cb752fc044",
              "at": 0.802265115
            },
            {
              "connector_id": "50bed22c-0ef4-4322-87ca-6b6d57c226e9",
              "at": 1.0
            }
          ],
          "sources": [
            {
              "property": "",
              "dataset": "OpenStreetMap",
              "license": "ODbL-1.0",
              "record_id": "w444911799@5",
              "update_time": "2026-02-24T03:16:42Z",
              "confidence": null,
              "between": null,
              "provider": "osm",
              "resource": "planet",
              "version": "2026-08-05"
            }
          ],
          "version": 2
        }
      }
    },
    {
      "type": "Feature",
      "id": "beb5f0bc-b411-47c5-a106-4874369270bc",
      "geometry": {
        "type": "LineString",
        "coordinates": [
          [
            120.2015249,
            23.0251092
          ],
          [
            120.2018078,
            23.0238662
          ]
        ]
      },
      "properties": {
        "source": "overture",
        "sourceKey": "overture-segments",
        "sourceVersion": "latest",
        "sourceFeatureId": "beb5f0bc-b411-47c5-a106-4874369270bc",
        "facilityType": "service",
        "pedestrianAllowed": null,
        "bicycleAllowed": null,
        "direction": "unknown",
        "provenance": [
          {
            "property": "",
            "dataset": "OpenStreetMap",
            "license": "ODbL-1.0",
            "record_id": "w159025822@5",
            "update_time": "2021-02-13T09:13:12Z",
            "confidence": null,
            "between": null,
            "provider": "osm",
            "resource": "planet",
            "version": "2026-08-05"
          }
        ],
        "connectorIds": [
          "9fb50b44-67ed-4d43-904d-cda324413d54",
          "8806d28e-dcf9-4f9a-acc5-a7d9685cceef"
        ],
        "officialInventory": false,
        "name": "府安路五段76巷",
        "originalCrs": "EPSG:4326",
        "originalProperties": {
          "names": {
            "primary": "府安路五段76巷",
            "common": null,
            "rules": [
              {
                "variant": "common",
                "language": null,
                "perspectives": null,
                "value": "府安路五段76巷",
                "between": null,
                "side": null
              }
            ]
          },
          "subtype": "road",
          "class": "service",
          "subclass": "alley",
          "subclass_rules": [
            {
              "value": "alley",
              "between": null
            }
          ],
          "connectors": [
            {
              "connector_id": "9fb50b44-67ed-4d43-904d-cda324413d54",
              "at": 0.0
            },
            {
              "connector_id": "8806d28e-dcf9-4f9a-acc5-a7d9685cceef",
              "at": 1.0
            }
          ],
          "sources": [
            {
              "property": "",
              "dataset": "OpenStreetMap",
              "license": "ODbL-1.0",
              "record_id": "w159025822@5",
              "update_time": "2021-02-13T09:13:12Z",
              "confidence": null,
              "between": null,
              "provider": "osm",
              "resource": "planet",
              "version": "2026-08-05"
            }
          ],
          "version": 1
        }
      }
    },
    {
      "type": "Feature",
      "id": "b9066422-bcfd-485b-8ad9-0f3ca0027f11",
      "geometry": {
        "type": "LineString",
        "coordinates": [
          [
            120.200289,
            23.0255038
          ],
          [
            120.2004107,
            23.0249666
          ],
          [
            120.2006215,
            23.0241683
          ],
          [
            120.2006126,
            23.0240373
          ],
          [
            120.2007344,
            23.0235852
          ]
        ]
      },
      "properties": {
        "source": "overture",
        "sourceKey": "overture-segments",
        "sourceVersion": "latest",
        "sourceFeatureId": "b9066422-bcfd-485b-8ad9-0f3ca0027f11",
        "facilityType": "service",
        "pedestrianAllowed": null,
        "bicycleAllowed": null,
        "direction": "unknown",
        "provenance": [
          {
            "property": "",
            "dataset": "OpenStreetMap",
            "license": "ODbL-1.0",
            "record_id": "w159029668@5",
            "update_time": "2026-02-24T03:16:42Z",
            "confidence": null,
            "between": null,
            "provider": "osm",
            "resource": "planet",
            "version": "2026-08-05"
          }
        ],
        "connectorIds": [
          "7072dea7-8663-4286-babe-21a45cce0f63",
          "efbf6f5d-d643-4d79-b70c-eea5c85cf05d",
          "bbd301c0-fbaf-4db9-b324-8daf0fee23d6"
        ],
        "officialInventory": false,
        "name": "府安路五段98巷",
        "originalCrs": "EPSG:4326",
        "originalProperties": {
          "names": {
            "primary": "府安路五段98巷",
            "common": null,
            "rules": [
              {
                "variant": "common",
                "language": null,
                "perspectives": null,
                "value": "府安路五段98巷",
                "between": null,
                "side": null
              }
            ]
          },
          "subtype": "road",
          "class": "service",
          "subclass": "alley",
          "subclass_rules": [
            {
              "value": "alley",
              "between": null
            }
          ],
          "connectors": [
            {
              "connector_id": "7072dea7-8663-4286-babe-21a45cce0f63",
              "at": 0.0
            },
            {
              "connector_id": "efbf6f5d-d643-4d79-b70c-eea5c85cf05d",
              "at": 0.278920329
            },
            {
              "connector_id": "bbd301c0-fbaf-4db9-b324-8daf0fee23d6",
              "at": 1.0
            }
          ],
          "sources": [
            {
              "property": "",
              "dataset": "OpenStreetMap",
              "license": "ODbL-1.0",
              "record_id": "w159029668@5",
              "update_time": "2026-02-24T03:16:42Z",
              "confidence": null,
              "between": null,
              "provider": "osm",
              "resource": "planet",
              "version": "2026-08-05"
            }
          ],
          "version": 2
        }
      }
    },
    {
      "type": "Feature",
      "id": "34fce42c-a679-4a5a-a5f1-481ae3441c12",
      "geometry": {
        "type": "LineString",
        "coordinates": [
          [
            120.2029734,
            23.0245423
          ],
          [
            120.2027201,
            23.0244985
          ]
        ]
      },
      "properties": {
        "source": "overture",
        "sourceKey": "overture-segments",
        "sourceVersion": "latest",
        "sourceFeatureId": "34fce42c-a679-4a5a-a5f1-481ae3441c12",
        "facilityType": "service",
        "pedestrianAllowed": null,
        "bicycleAllowed": null,
        "direction": "unknown",
        "provenance": [
          {
            "property": "",
            "dataset": "OpenStreetMap",
            "license": "ODbL-1.0",
            "record_id": "w159029645@2",
            "update_time": "2026-03-11T16:47:13Z",
            "confidence": null,
            "between": null,
            "provider": "osm",
            "resource": "planet",
            "version": "2026-08-05"
          }
        ],
        "connectorIds": [
          "0ef2d72f-89d7-4ab0-a47c-06df21165126",
          "3c93b979-24ca-42ae-8ee4-bdf127d84e2a"
        ],
        "officialInventory": false,
        "name": null,
        "originalCrs": "EPSG:4326",
        "originalProperties": {
          "subtype": "road",
          "class": "service",
          "subclass": "alley",
          "subclass_rules": [
            {
              "value": "alley",
              "between": null
            }
          ],
          "connectors": [
            {
              "connector_id": "0ef2d72f-89d7-4ab0-a47c-06df21165126",
              "at": 0.0
            },
            {
              "connector_id": "3c93b979-24ca-42ae-8ee4-bdf127d84e2a",
              "at": 1.0
            }
          ],
          "sources": [
            {
              "property": "",
              "dataset": "OpenStreetMap",
              "license": "ODbL-1.0",
              "record_id": "w159029645@2",
              "update_time": "2026-03-11T16:47:13Z",
              "confidence": null,
              "between": null,
              "provider": "osm",
              "resource": "planet",
              "version": "2026-08-05"
            }
          ],
          "version": 2
        }
      }
    },
    {
      "type": "Feature",
      "id": "d447fcee-2fc4-4f7b-8f69-7fb08b1673bc",
      "geometry": {
        "type": "LineString",
        "coordinates": [
          [
            120.1992818,
            23.0231579
          ],
          [
            120.1991366,
            23.0237303
          ],
          [
            120.1987224,
            23.0253637
          ]
        ]
      },
      "properties": {
        "source": "overture",
        "sourceKey": "overture-segments",
        "sourceVersion": "latest",
        "sourceFeatureId": "d447fcee-2fc4-4f7b-8f69-7fb08b1673bc",
        "facilityType": "service",
        "pedestrianAllowed": null,
        "bicycleAllowed": null,
        "direction": "unknown",
        "provenance": [
          {
            "property": "",
            "dataset": "OpenStreetMap",
            "license": "ODbL-1.0",
            "record_id": "w444911798@4",
            "update_time": "2026-02-24T03:16:42Z",
            "confidence": null,
            "between": null,
            "provider": "osm",
            "resource": "planet",
            "version": "2026-08-05"
          }
        ],
        "connectorIds": [
          "bc8f6da2-686c-4731-8b40-ee16bc64b903",
          "16ed72a3-c19d-4adb-9e0b-fa2f4f674570",
          "f2d2967e-5d43-4f41-99fc-0bb97e49fdd6"
        ],
        "officialInventory": false,
        "name": "府安路五段130巷",
        "originalCrs": "EPSG:4326",
        "originalProperties": {
          "names": {
            "primary": "府安路五段130巷",
            "common": null,
            "rules": [
              {
                "variant": "common",
                "language": null,
                "perspectives": null,
                "value": "府安路五段130巷",
                "between": null,
                "side": null
              }
            ]
          },
          "subtype": "road",
          "class": "service",
          "subclass": "alley",
          "subclass_rules": [
            {
              "value": "alley",
              "between": null
            }
          ],
          "connectors": [
            {
              "connector_id": "bc8f6da2-686c-4731-8b40-ee16bc64b903",
              "at": 0.0
            },
            {
              "connector_id": "16ed72a3-c19d-4adb-9e0b-fa2f4f674570",
              "at": 0.259501198
            },
            {
              "connector_id": "f2d2967e-5d43-4f41-99fc-0bb97e49fdd6",
              "at": 1.0
            }
          ],
          "sources": [
            {
              "property": "",
              "dataset": "OpenStreetMap",
              "license": "ODbL-1.0",
              "record_id": "w444911798@4",
              "update_time": "2026-02-24T03:16:42Z",
              "confidence": null,
              "between": null,
              "provider": "osm",
              "resource": "planet",
              "version": "2026-08-05"
            }
          ],
          "version": 4
        }
      }
    },
    {
      "type": "Feature",
      "id": "e5582fd2-08e1-4512-9fb7-5a47709e0cd3",
      "geometry": {
        "type": "LineString",
        "coordinates": [
          [
            120.1996231,
            23.0243418
          ],
          [
            120.1992767,
            23.0242714
          ],
          [
            120.1991743,
            23.0242505
          ]
        ]
      },
      "properties": {
        "source": "overture",
        "sourceKey": "overture-segments",
        "sourceVersion": "latest",
        "sourceFeatureId": "e5582fd2-08e1-4512-9fb7-5a47709e0cd3",
        "facilityType": "service",
        "pedestrianAllowed": null,
        "bicycleAllowed": null,
        "direction": "unknown",
        "provenance": [
          {
            "property": "",
            "dataset": "OpenStreetMap",
            "license": "ODbL-1.0",
            "record_id": "w159029660@3",
            "update_time": "2022-11-09T08:18:20Z",
            "confidence": null,
            "between": null,
            "provider": "osm",
            "resource": "planet",
            "version": "2026-08-05"
          }
        ],
        "connectorIds": [
          "efa546a0-4d99-4249-95ae-5e51a006d010",
          "db32a851-a629-416e-aa71-c83ee8862389",
          "9c2a6ced-ef67-4986-8006-9b02d028972d"
        ],
        "officialInventory": false,
        "name": "府安路五段119巷11弄",
        "originalCrs": "EPSG:4326",
        "originalProperties": {
          "names": {
            "primary": "府安路五段119巷11弄",
            "common": null,
            "rules": [
              {
                "variant": "common",
                "language": null,
                "perspectives": null,
                "value": "府安路五段119巷11弄",
                "between": null,
                "side": null
              }
            ]
          },
          "subtype": "road",
          "class": "service",
          "subclass": "alley",
          "subclass_rules": [
            {
              "value": "alley",
              "between": null
            }
          ],
          "connectors": [
            {
              "connector_id": "efa546a0-4d99-4249-95ae-5e51a006d010",
              "at": 0.0
            },
            {
              "connector_id": "db32a851-a629-416e-aa71-c83ee8862389",
              "at": 0.771801276
            },
            {
              "connector_id": "9c2a6ced-ef67-4986-8006-9b02d028972d",
              "at": 1.0
            }
          ],
          "sources": [
            {
              "property": "",
              "dataset": "OpenStreetMap",
              "license": "ODbL-1.0",
              "record_id": "w159029660@3",
              "update_time": "2022-11-09T08:18:20Z",
              "confidence": null,
              "between": null,
              "provider": "osm",
              "resource": "planet",
              "version": "2026-08-05"
            }
          ],
          "version": 1
        }
      }
    },
    {
      "type": "Feature",
      "id": "e91137b3-6924-4df4-b06e-aa101a707d40",
      "geometry": {
        "type": "LineString",
        "coordinates": [
          [
            120.1989112,
            23.0230468
          ],
          [
            120.1983613,
            23.0252601
          ],
          [
            120.1983449,
            23.0253261
          ]
        ]
      },
      "properties": {
        "source": "overture",
        "sourceKey": "overture-segments",
        "sourceVersion": "latest",
        "sourceFeatureId": "e91137b3-6924-4df4-b06e-aa101a707d40",
        "facilityType": "residential",
        "pedestrianAllowed": null,
        "bicycleAllowed": null,
        "direction": "unknown",
        "provenance": [
          {
            "property": "",
            "dataset": "OpenStreetMap",
            "license": "ODbL-1.0",
            "record_id": "w662864111@11",
            "update_time": "2026-02-24T03:16:42Z",
            "confidence": null,
            "between": null,
            "provider": "osm",
            "resource": "planet",
            "version": "2026-08-05"
          }
        ],
        "connectorIds": [
          "8d02d5a6-c845-4a33-817a-4edabfffb376",
          "6bbcfd01-768d-48ef-ad47-bb9540335c0b",
          "2dbefc3d-1ecc-4fc2-a987-37d820a4053d"
        ],
        "officialInventory": false,
        "name": "富東路",
        "originalCrs": "EPSG:4326",
        "originalProperties": {
          "names": {
            "primary": "富東路",
            "common": [
              [
                "en",
                "Fudong Road"
              ],
              [
                "zh",
                "富東路"
              ]
            ],
            "rules": [
              {
                "variant": "common",
                "language": null,
                "perspectives": null,
                "value": "富東路",
                "between": null,
                "side": null
              }
            ]
          },
          "subtype": "road",
          "class": "residential",
          "connectors": [
            {
              "connector_id": "8d02d5a6-c845-4a33-817a-4edabfffb376",
              "at": 0.0
            },
            {
              "connector_id": "6bbcfd01-768d-48ef-ad47-bb9540335c0b",
              "at": 0.971043566
            },
            {
              "connector_id": "2dbefc3d-1ecc-4fc2-a987-37d820a4053d",
              "at": 1.0
            }
          ],
          "sources": [
            {
              "property": "",
              "dataset": "OpenStreetMap",
              "license": "ODbL-1.0",
              "record_id": "w662864111@11",
              "update_time": "2026-02-24T03:16:42Z",
              "confidence": null,
              "between": null,
              "provider": "osm",
              "resource": "planet",
              "version": "2026-08-05"
            }
          ],
          "version": 1
        }
      }
    },
    {
      "type": "Feature",
      "id": "4ed19d6b-cd3f-4ca3-8e95-19d6d1f9b8b0",
      "geometry": {
        "type": "LineString",
        "coordinates": [
          [
            120.2052379,
            23.0244996
          ],
          [
            120.2052516,
            23.0243681
          ]
        ]
      },
      "properties": {
        "source": "overture",
        "sourceKey": "overture-segments",
        "sourceVersion": "latest",
        "sourceFeatureId": "4ed19d6b-cd3f-4ca3-8e95-19d6d1f9b8b0",
        "facilityType": "steps",
        "pedestrianAllowed": null,
        "bicycleAllowed": null,
        "direction": "unknown",
        "provenance": [
          {
            "property": "",
            "dataset": "OpenStreetMap",
            "license": "ODbL-1.0",
            "record_id": "w1120791300@1",
            "update_time": "2022-12-10T16:46:20Z",
            "confidence": null,
            "between": null,
            "provider": "osm",
            "resource": "planet",
            "version": "2026-08-05"
          }
        ],
        "connectorIds": [
          "8e7e7bd4-2385-45bf-8390-d6d8e10f0029",
          "9e9d726d-1e16-48fa-88b9-86e5f86f2ed9"
        ],
        "officialInventory": false,
        "name": null,
        "originalCrs": "EPSG:4326",
        "originalProperties": {
          "subtype": "road",
          "class": "steps",
          "connectors": [
            {
              "connector_id": "8e7e7bd4-2385-45bf-8390-d6d8e10f0029",
              "at": 0.0
            },
            {
              "connector_id": "9e9d726d-1e16-48fa-88b9-86e5f86f2ed9",
              "at": 1.0
            }
          ],
          "sources": [
            {
              "property": "",
              "dataset": "OpenStreetMap",
              "license": "ODbL-1.0",
              "record_id": "w1120791300@1",
              "update_time": "2022-12-10T16:46:20Z",
              "confidence": null,
              "between": null,
              "provider": "osm",
              "resource": "planet",
              "version": "2026-08-05"
            }
          ],
          "version": 1
        }
      }
    },
    {
      "type": "Feature",
      "id": "2dbb13d4-ba36-4e50-a37a-b3805dde0fac",
      "geometry": {
        "type": "LineString",
        "coordinates": [
          [
            120.2057936,
            23.0245471
          ],
          [
            120.2058047,
            23.0244231
          ]
        ]
      },
      "properties": {
        "source": "overture",
        "sourceKey": "overture-segments",
        "sourceVersion": "latest",
        "sourceFeatureId": "2dbb13d4-ba36-4e50-a37a-b3805dde0fac",
        "facilityType": "steps",
        "pedestrianAllowed": null,
        "bicycleAllowed": null,
        "direction": "unknown",
        "provenance": [
          {
            "property": "",
            "dataset": "OpenStreetMap",
            "license": "ODbL-1.0",
            "record_id": "w1120791296@1",
            "update_time": "2022-12-10T16:46:20Z",
            "confidence": null,
            "between": null,
            "provider": "osm",
            "resource": "planet",
            "version": "2026-08-05"
          }
        ],
        "connectorIds": [
          "36d9d037-cf8d-4fca-be83-c214bfef3f35",
          "c89ac226-e265-420e-90f6-52b209613a10"
        ],
        "officialInventory": false,
        "name": null,
        "originalCrs": "EPSG:4326",
        "originalProperties": {
          "subtype": "road",
          "class": "steps",
          "connectors": [
            {
              "connector_id": "36d9d037-cf8d-4fca-be83-c214bfef3f35",
              "at": 0.0
            },
            {
              "connector_id": "c89ac226-e265-420e-90f6-52b209613a10",
              "at": 1.0
            }
          ],
          "sources": [
            {
              "property": "",
              "dataset": "OpenStreetMap",
              "license": "ODbL-1.0",
              "record_id": "w1120791296@1",
              "update_time": "2022-12-10T16:46:20Z",
              "confidence": null,
              "between": null,
              "provider": "osm",
              "resource": "planet",
              "version": "2026-08-05"
            }
          ],
          "version": 1
        }
      }
    },
    {
      "type": "Feature",
      "id": "f00c8694-bc11-443b-8596-a04a9b38ac38",
      "geometry": {
        "type": "LineString",
        "coordinates": [
          [
            120.2056559,
            23.0229953
          ],
          [
            120.2054438,
            23.0245995
          ],
          [
            120.2052742,
            23.0259375
          ],
          [
            120.2052591,
            23.0260352
          ]
        ]
      },
      "properties": {
        "source": "overture",
        "sourceKey": "overture-segments",
        "sourceVersion": "latest",
        "sourceFeatureId": "f00c8694-bc11-443b-8596-a04a9b38ac38",
        "facilityType": "tertiary",
        "pedestrianAllowed": null,
        "bicycleAllowed": null,
        "direction": "unknown",
        "provenance": [
          {
            "property": "",
            "dataset": "OpenStreetMap",
            "license": "ODbL-1.0",
            "record_id": "w142297099@14",
            "update_time": "2025-11-29T02:07:36Z",
            "confidence": null,
            "between": [
              0.0,
              0.527803285
            ],
            "provider": "osm",
            "resource": "planet",
            "version": "2026-08-05"
          },
          {
            "property": "",
            "dataset": "OpenStreetMap",
            "license": "ODbL-1.0",
            "record_id": "w1171744886@4",
            "update_time": "2025-11-29T02:07:54Z",
            "confidence": null,
            "between": [
              0.527803285,
              0.967757313
            ],
            "provider": "osm",
            "resource": "planet",
            "version": "2026-08-05"
          },
          {
            "property": "",
            "dataset": "OpenStreetMap",
            "license": "ODbL-1.0",
            "record_id": "w142297112@27",
            "update_time": "2026-07-11T01:32:44Z",
            "confidence": null,
            "between": [
              0.967757313,
              1.0
            ],
            "provider": "osm",
            "resource": "planet",
            "version": "2026-08-05"
          }
        ],
        "connectorIds": [
          "5f9fcc86-79b0-4b01-9a72-e336c5dcf985",
          "9f9dd571-053e-45a8-975f-47f185fd456d",
          "f87e1987-d97d-447d-bfa4-6c0ac046861f"
        ],
        "officialInventory": false,
        "name": "北安橋",
        "originalCrs": "EPSG:4326",
        "originalProperties": {
          "names": {
            "primary": "北安橋",
            "common": null,
            "rules": [
              {
                "variant": "common",
                "language": "en",
                "perspectives": null,
                "value": "Bei’an Bridge",
                "between": [
                  0.0,
                  0.967757313
                ],
                "side": null
              },
              {
                "variant": "common",
                "language": null,
                "perspectives": null,
                "value": "北安橋",
                "between": [
                  0.0,
                  0.967757313
                ],
                "side": null
              },
              {
                "variant": "common",
                "language": "zh",
                "perspectives": null,
                "value": "北安橋",
                "between": [
                  0.0,
                  0.967757313
                ],
                "side": null
              },
              {
                "variant": "common",
                "language": "en",
                "perspectives": null,
                "value": "Bei’an Road Section 2",
                "between": [
                  0.967757313,
                  1.0
                ],
                "side": null
              },
              {
                "variant": "common",
                "language": null,
                "perspectives": null,
                "value": "北安路二段",
                "between": [
                  0.967757313,
                  1.0
                ],
                "side": null
              },
              {
                "variant": "common",
                "language": "zh",
                "perspectives": null,
                "value": "北安路二段",
                "between": [
                  0.967757313,
                  1.0
                ],
                "side": null
              }
            ]
          },
          "subtype": "road",
          "class": "tertiary",
          "connectors": [
            {
              "connector_id": "5f9fcc86-79b0-4b01-9a72-e336c5dcf985",
              "at": 0.0
            },
            {
              "connector_id": "9f9dd571-053e-45a8-975f-47f185fd456d",
              "at": 0.527807571
            },
            {
              "connector_id": "f87e1987-d97d-447d-bfa4-6c0ac046861f",
              "at": 1.0
            }
          ],
          "road_surface": [
            {
              "value": "paved",
              "between": null
            }
          ],
          "road_flags": [
            {
              "values": [
                "is_bridge"
              ],
              "between": [
                0.0,
                0.967757313
              ]
            }
          ],
          "level_rules": [
            {
              "value": 1,
              "between": [
                0.0,
                0.967757313
              ]
            }
          ],
          "access_restrictions": [
            {
              "access_type": "allowed",
              "when": {
                "during": null,
                "heading": null,
                "using": null,
                "recognized": null,
                "mode": [
                  "foot"
                ],
                "vehicle": null
              },
              "between": [
                0.0,
                0.527803285
              ]
            },
            {
              "access_type": "denied",
              "when": {
                "during": null,
                "heading": null,
                "using": null,
                "recognized": null,
                "mode": [
                  "foot"
                ],
                "vehicle": null
              },
              "between": [
                0.527803285,
                0.967757313
              ]
            },
            {
              "access_type": "denied",
              "when": {
                "during": null,
                "heading": "backward",
                "using": null,
                "recognized": null,
                "mode": null,
                "vehicle": null
              },
              "between": null
            }
          ],
          "speed_limits": [
            {
              "min_speed": null,
              "max_speed": {
                "value": 60,
                "unit": "km/h"
              },
              "is_max_speed_variable": null,
              "when": null,
              "between": null
            }
          ],
          "sources": [
            {
              "property": "",
              "dataset": "OpenStreetMap",
              "license": "ODbL-1.0",
              "record_id": "w142297099@14",
              "update_time": "2025-11-29T02:07:36Z",
              "confidence": null,
              "between": [
                0.0,
                0.527803285
              ],
              "provider": "osm",
              "resource": "planet",
              "version": "2026-08-05"
            },
            {
              "property": "",
              "dataset": "OpenStreetMap",
              "license": "ODbL-1.0",
              "record_id": "w1171744886@4",
              "update_time": "2025-11-29T02:07:54Z",
              "confidence": null,
              "between": [
                0.527803285,
                0.967757313
              ],
              "provider": "osm",
              "resource": "planet",
              "version": "2026-08-05"
            },
            {
              "property": "",
              "dataset": "OpenStreetMap",
              "license": "ODbL-1.0",
              "record_id": "w142297112@27",
              "update_time": "2026-07-11T01:32:44Z",
              "confidence": null,
              "between": [
                0.967757313,
                1.0
              ],
              "provider": "osm",
              "resource": "planet",
              "version": "2026-08-05"
            }
          ],
          "version": 4
        }
      }
    },
    {
      "type": "Feature",
      "id": "03d6d8be-c47c-41bc-8a2e-51e3734a3d9a",
      "geometry": {
        "type": "LineString",
        "coordinates": [
          [
            120.2065354,
            23.0245883
          ],
          [
            120.206546,
            23.0244785
          ]
        ]
      },
      "properties": {
        "source": "overture",
        "sourceKey": "overture-segments",
        "sourceVersion": "latest",
        "sourceFeatureId": "03d6d8be-c47c-41bc-8a2e-51e3734a3d9a",
        "facilityType": "steps",
        "pedestrianAllowed": null,
        "bicycleAllowed": null,
        "direction": "unknown",
        "provenance": [
          {
            "property": "",
            "dataset": "OpenStreetMap",
            "license": "ODbL-1.0",
            "record_id": "w1120791295@1",
            "update_time": "2022-12-10T16:46:20Z",
            "confidence": null,
            "between": null,
            "provider": "osm",
            "resource": "planet",
            "version": "2026-08-05"
          }
        ],
        "connectorIds": [
          "1cec694d-31c1-4f81-9a68-fdc250fbdfe4",
          "d23bf956-6963-4931-815c-729a81e8a8de"
        ],
        "officialInventory": false,
        "name": null,
        "originalCrs": "EPSG:4326",
        "originalProperties": {
          "subtype": "road",
          "class": "steps",
          "connectors": [
            {
              "connector_id": "1cec694d-31c1-4f81-9a68-fdc250fbdfe4",
              "at": 0.0
            },
            {
              "connector_id": "d23bf956-6963-4931-815c-729a81e8a8de",
              "at": 1.0
            }
          ],
          "sources": [
            {
              "property": "",
              "dataset": "OpenStreetMap",
              "license": "ODbL-1.0",
              "record_id": "w1120791295@1",
              "update_time": "2022-12-10T16:46:20Z",
              "confidence": null,
              "between": null,
              "provider": "osm",
              "resource": "planet",
              "version": "2026-08-05"
            }
          ],
          "version": 1
        }
      }
    },
    {
      "type": "Feature",
      "id": "4a85817b-0520-40eb-8b3f-021482bfbc24",
      "geometry": {
        "type": "LineString",
        "coordinates": [
          [
            120.1926676,
            23.0201866
          ],
          [
            120.19377,
            23.0207144
          ],
          [
            120.1965183,
            23.0219846
          ],
          [
            120.1981751,
            23.0225814
          ],
          [
            120.1995117,
            23.0230909
          ],
          [
            120.2025683,
            23.0239134
          ],
          [
            120.2048381,
            23.0243247
          ],
          [
            120.2052516,
            23.0243681
          ],
          [
            120.2057041,
            23.0244156
          ],
          [
            120.2058047,
            23.0244231
          ],
          [
            120.206546,
            23.0244785
          ],
          [
            120.206998,
            23.0245123
          ],
          [
            120.2074084,
            23.024543
          ],
          [
            120.2077428,
            23.0245715
          ],
          [
            120.2082828,
            23.0246176
          ],
          [
            120.2090644,
            23.0246874
          ],
          [
            120.2092368,
            23.0247025
          ],
          [
            120.2095793,
            23.0247323
          ],
          [
            120.2101434,
            23.0247815
          ],
          [
            120.210977,
            23.0248542
          ],
          [
            120.2110384,
            23.0248596
          ],
          [
            120.2119841,
            23.0249572
          ],
          [
            120.2126597,
            23.025027
          ],
          [
            120.2128064,
            23.025065
          ],
          [
            120.2135839,
            23.0252664
          ],
          [
            120.2139829,
            23.0253698
          ],
          [
            120.2146654,
            23.0255466
          ],
          [
            120.2151137,
            23.0256627
          ]
        ]
      },
      "properties": {
        "source": "overture",
        "sourceKey": "overture-segments",
        "sourceVersion": "latest",
        "sourceFeatureId": "4a85817b-0520-40eb-8b3f-021482bfbc24",
        "facilityType": "pedestrian",
        "pedestrianAllowed": null,
        "bicycleAllowed": null,
        "direction": "unknown",
        "provenance": [
          {
            "property": "",
            "dataset": "OpenStreetMap",
            "license": "ODbL-1.0",
            "record_id": "w510329285@3",
            "update_time": "2022-12-10T16:46:20Z",
            "confidence": null,
            "between": null,
            "provider": "osm",
            "resource": "planet",
            "version": "2026-08-05"
          }
        ],
        "connectorIds": [
          "602586b6-3793-425d-a0ae-21522ebd193c",
          "9e9d726d-1e16-48fa-88b9-86e5f86f2ed9",
          "c89ac226-e265-420e-90f6-52b209613a10",
          "d23bf956-6963-4931-815c-729a81e8a8de",
          "995079b5-4734-4df8-b373-62941b438e4f",
          "de4d2994-a789-4b0b-8022-0685d3fac218",
          "f5ed5165-66d7-4243-a22a-d95383d054a2",
          "c1055500-f765-4f53-86d5-9069c100a0a4",
          "834f99d9-a608-4304-835b-e97deb0f6a75",
          "ca94643c-749d-4675-a0ac-d2ccdb051f99",
          "da69be20-bdb8-4158-813d-219297e0c50e",
          "50d6ed00-3c6a-4059-a136-930450978338",
          "25240bf5-baa9-49ea-9569-5bec2d5b530c",
          "61591ad4-1286-4c35-8acd-2e0a3a83e07a",
          "68be4fed-e749-4782-9d72-1e8ae6833897",
          "baca9b99-1b91-41e9-8196-78d711cd6947",
          "9801f01b-bd6a-48ad-94ab-6cde6de956bc",
          "8d3750da-426f-4bad-a768-5a1e4cd5fb7c",
          "cb16ccad-40e3-4bcf-8752-8905254384d3"
        ],
        "officialInventory": false,
        "name": null,
        "originalCrs": "EPSG:4326",
        "originalProperties": {
          "subtype": "road",
          "class": "pedestrian",
          "connectors": [
            {
              "connector_id": "602586b6-3793-425d-a0ae-21522ebd193c",
              "at": 0.0
            },
            {
              "connector_id": "9e9d726d-1e16-48fa-88b9-86e5f86f2ed9",
              "at": 0.573758591
            },
            {
              "connector_id": "c89ac226-e265-420e-90f6-52b209613a10",
              "at": 0.597493001
            },
            {
              "connector_id": "d23bf956-6963-4931-815c-729a81e8a8de",
              "at": 0.629221793
            },
            {
              "connector_id": "995079b5-4734-4df8-b373-62941b438e4f",
              "at": 0.648568164
            },
            {
              "connector_id": "de4d2994-a789-4b0b-8022-0685d3fac218",
              "at": 0.66613402
            },
            {
              "connector_id": "f5ed5165-66d7-4243-a22a-d95383d054a2",
              "at": 0.680460772
            },
            {
              "connector_id": "c1055500-f765-4f53-86d5-9069c100a0a4",
              "at": 0.703596399
            },
            {
              "connector_id": "834f99d9-a608-4304-835b-e97deb0f6a75",
              "at": 0.737096373
            },
            {
              "connector_id": "ca94643c-749d-4675-a0ac-d2ccdb051f99",
              "at": 0.744484269
            },
            {
              "connector_id": "da69be20-bdb8-4158-813d-219297e0c50e",
              "at": 0.759160637
            },
            {
              "connector_id": "50d6ed00-3c6a-4059-a136-930450978338",
              "at": 0.78333323
            },
            {
              "connector_id": "25240bf5-baa9-49ea-9569-5bec2d5b530c",
              "at": 0.819054292
            },
            {
              "connector_id": "61591ad4-1286-4c35-8acd-2e0a3a83e07a",
              "at": 0.862281593
            },
            {
              "connector_id": "68be4fed-e749-4782-9d72-1e8ae6833897",
              "at": 0.897782469
            },
            {
              "connector_id": "baca9b99-1b91-41e9-8196-78d711cd6947",
              "at": 0.932227045
            },
            {
              "connector_id": "9801f01b-bd6a-48ad-94ab-6cde6de956bc",
              "at": 0.949903965
            },
            {
              "connector_id": "8d3750da-426f-4bad-a768-5a1e4cd5fb7c",
              "at": 0.980139922
            },
            {
              "connector_id": "cb16ccad-40e3-4bcf-8752-8905254384d3",
              "at": 1.0
            }
          ],
          "road_surface": [
            {
              "value": "paved",
              "between": null
            }
          ],
          "sources": [
            {
              "property": "",
              "dataset": "OpenStreetMap",
              "license": "ODbL-1.0",
              "record_id": "w510329285@3",
              "update_time": "2022-12-10T16:46:20Z",
              "confidence": null,
              "between": null,
              "provider": "osm",
              "resource": "planet",
              "version": "2026-08-05"
            }
          ],
          "version": 1
        }
      }
    },
    {
      "type": "Feature",
      "id": "aca8c12f-d893-4539-82f9-10d526cf3886",
      "geometry": {
        "type": "LineString",
        "coordinates": [
          [
            120.2742236,
            22.6185465
          ],
          [
            120.2742488,
            22.6183473
          ],
          [
            120.2742072,
            22.6180477
          ],
          [
            120.2739712,
            22.6177308
          ],
          [
            120.2736869,
            22.6174436
          ],
          [
            120.2732309,
            22.6171811
          ],
          [
            120.2723941,
            22.6168097
          ],
          [
            120.2715036,
            22.6165225
          ],
          [
            120.2705863,
            22.6162947
          ],
          [
            120.2698665,
            22.6161897
          ],
          [
            120.2692505,
            22.6161511
          ],
          [
            120.2687677,
            22.6161363
          ],
          [
            120.2687257,
            22.6161383
          ],
          [
            120.2681401,
            22.6161759
          ],
          [
            120.2676116,
            22.6162537
          ],
          [
            120.2669173,
            22.6164068
          ],
          [
            120.2664879,
            22.6165176
          ],
          [
            120.2655216,
            22.6168329
          ],
          [
            120.2644238,
            22.6171996
          ],
          [
            120.2627635,
            22.6178217
          ],
          [
            120.2603348,
            22.618741
          ],
          [
            120.2568272,
            22.620075
          ],
          [
            120.2548823,
            22.6208262
          ],
          [
            120.2530926,
            22.6215846
          ],
          [
            120.2507899,
            22.6226465
          ],
          [
            120.2487044,
            22.6236718
          ],
          [
            120.2458682,
            22.6251985
          ],
          [
            120.2429059,
            22.6270802
          ],
          [
            120.2404628,
            22.6288295
          ],
          [
            120.2375251,
            22.6313169
          ],
          [
            120.2346841,
            22.6339759
          ],
          [
            120.2309944,
            22.6379064
          ],
          [
            120.2264525,
            22.6432375
          ],
          [
            120.2230153,
            22.6472729
          ],
          [
            120.2192606,
            22.6519772
          ],
          [
            119.5561242,
            23.4958235
          ],
          [
            119.5530731,
            23.49981
          ],
          [
            119.5490994,
            23.5053194
          ],
          [
            119.5462884,
            23.509609
          ],
          [
            119.543768,
            23.5140706
          ],
          [
            119.541675,
            23.5185222
          ],
          [
            119.539658,
            23.5232441
          ],
          [
            119.5382418,
            23.5271593
          ],
          [
            119.5378341,
            23.5290086
          ],
          [
            119.5373821,
            23.5313938
          ],
          [
            119.5370494,
            23.5340348
          ],
          [
            119.5369418,
            23.5362711
          ],
          [
            119.5369209,
            23.538555
          ],
          [
            119.5368437,
            23.5417675
          ],
          [
            119.5365198,
            23.5493124
          ],
          [
            119.5364879,
            23.5504044
          ],
          [
            119.536505,
            23.5510929
          ],
          [
            119.536587,
            23.5519956
          ],
          [
            119.5368631,
            23.55304
          ],
          [
            119.5372279,
            23.5538661
          ],
          [
            119.5375927,
            23.5545054
          ],
          [
            119.5381721,
            23.5552134
          ],
          [
            119.5389446,
            23.5560298
          ],
          [
            119.5399209,
            23.5567182
          ],
          [
            119.5409079,
            23.5572197
          ],
          [
            119.5418735,
            23.5576819
          ],
          [
            119.5433004,
            23.5579672
          ],
          [
            119.546124,
            23.558292
          ],
          [
            119.5584495,
            23.5587342
          ],
          [
            119.5588589,
            23.5587459
          ],
          [
            119.5592073,
            23.5587775
          ],
          [
            119.5596698,
            23.558924
          ],
          [
            119.5599823,
            23.559107
          ],
          [
            119.5604383,
            23.5594448
          ],
          [
            119.5627531,
            23.5614418
          ],
          [
            119.5632149,
            23.5617378
          ],
          [
            119.5635522,
            23.5619108
          ],
          [
            119.5639448,
            23.5620754
          ],
          [
            119.564317,
            23.5621427
          ],
          [
            119.5646782,
            23.5621571
          ]
        ]
      },
      "properties": {
        "source": "overture",
        "sourceKey": "overture-segments",
        "sourceVersion": "latest",
        "sourceFeatureId": "aca8c12f-d893-4539-82f9-10d526cf3886",
        "facilityType": "water",
        "pedestrianAllowed": null,
        "bicycleAllowed": null,
        "direction": "unknown",
        "provenance": [
          {
            "property": "",
            "dataset": "OpenStreetMap",
            "license": "ODbL-1.0",
            "record_id": "w723858526@13",
            "update_time": "2025-10-20T04:04:18Z",
            "confidence": null,
            "between": null,
            "provider": "osm",
            "resource": "planet",
            "version": "2026-08-05"
          }
        ],
        "connectorIds": [
          "20b3864a-e6d2-49d8-8ad8-c88c8198ba69",
          "d6ee8fb9-51e8-47fc-bf55-0143af465dad"
        ],
        "officialInventory": false,
        "name": "高雄-馬公",
        "originalCrs": "EPSG:4326",
        "originalProperties": {
          "names": {
            "primary": "高雄-馬公",
            "common": [
              [
                "zh-Hans",
                "高雄-马公"
              ],
              [
                "en",
                "Kaohsiung - Magong"
              ],
              [
                "zh-Hant",
                "高雄-馬公"
              ],
              [
                "zh",
                "高雄-馬公"
              ]
            ],
            "rules": [
              {
                "variant": "common",
                "language": null,
                "perspectives": null,
                "value": "高雄-馬公",
                "between": null,
                "side": null
              }
            ]
          },
          "subtype": "water",
          "connectors": [
            {
              "connector_id": "20b3864a-e6d2-49d8-8ad8-c88c8198ba69",
              "at": 0.0
            },
            {
              "connector_id": "d6ee8fb9-51e8-47fc-bf55-0143af465dad",
              "at": 1.0
            }
          ],
          "sources": [
            {
              "property": "",
              "dataset": "OpenStreetMap",
              "license": "ODbL-1.0",
              "record_id": "w723858526@13",
              "update_time": "2025-10-20T04:04:18Z",
              "confidence": null,
              "between": null,
              "provider": "osm",
              "resource": "planet",
              "version": "2026-08-05"
            }
          ],
          "version": 2
        }
      }
    },
    {
      "type": "Feature",
      "id": "92e48818-b270-4a3b-8c94-ef56face1f94",
      "geometry": {
        "type": "LineString",
        "coordinates": [
          [
            120.1734853,
            23.0238165
          ],
          [
            120.1736199,
            23.0238985
          ],
          [
            120.1737544,
            23.0239555
          ],
          [
            120.1756071,
            23.0252193
          ],
          [
            120.1760142,
            23.025462
          ],
          [
            120.1764583,
            23.0256786
          ],
          [
            120.1769166,
            23.0258545
          ],
          [
            120.185009,
            23.0281785
          ],
          [
            120.1859628,
            23.0284603
          ],
          [
            120.1874865,
            23.0288918
          ],
          [
            120.1876723,
            23.0289423
          ],
          [
            120.1902364,
            23.0296996
          ],
          [
            120.1902612,
            23.0296898
          ],
          [
            120.1905585,
            23.0297778
          ],
          [
            120.1905797,
            23.0297989
          ],
          [
            120.1915725,
            23.030066
          ],
          [
            120.1919034,
            23.0301312
          ],
          [
            120.1923705,
            23.0302012
          ],
          [
            120.1927298,
            23.030224
          ],
          [
            120.1931386,
            23.030224
          ],
          [
            120.1941932,
            23.0301751
          ],
          [
            120.1953647,
            23.0300839
          ],
          [
            120.1959381,
            23.0300367
          ],
          [
            120.1967768,
            23.0299406
          ],
          [
            120.1975767,
            23.0298901
          ],
          [
            120.2004205,
            23.0296686
          ],
          [
            120.2041544,
            23.0293709
          ],
          [
            120.2045629,
            23.029354
          ],
          [
            120.20467,
            23.0293551
          ],
          [
            120.2048048,
            23.0293451
          ],
          [
            120.2048481,
            23.0293397
          ],
          [
            120.2061156,
            23.0292431
          ],
          [
            120.209272,
            23.0289982
          ],
          [
            120.2105837,
            23.028899
          ],
          [
            120.2111696,
            23.0289258
          ],
          [
            120.2114639,
            23.0289542
          ],
          [
            120.2115036,
            23.0289332
          ],
          [
            120.2115552,
            23.0289272
          ],
          [
            120.2115995,
            23.028944
          ],
          [
            120.2116289,
            23.0289764
          ],
          [
            120.2117789,
            23.0289987
          ],
          [
            120.2122084,
            23.0290941
          ],
          [
            120.2126579,
            23.0292537
          ],
          [
            120.213033,
            23.0294019
          ],
          [
            120.2135431,
            23.0296379
          ],
          [
            120.213652,
            23.0296833
          ],
          [
            120.2137408,
            23.0297243
          ],
          [
            120.2153678,
            23.03048
          ],
          [
            120.2160342,
            23.0309197
          ],
          [
            120.2164448,
            23.0312389
          ],
          [
            120.2167916,
            23.0315483
          ],
          [
            120.2169048,
            23.031639
          ],
          [
            120.2169628,
            23.0317657
          ],
          [
            120.2176856,
            23.0328648
          ],
          [
            120.2185811,
            23.0342644
          ],
          [
            120.2205753,
            23.0372618
          ],
          [
            120.222198,
            23.0397028
          ],
          [
            120.2237093,
            23.0419728
          ],
          [
            120.2245021,
            23.0431746
          ],
          [
            120.2254718,
            23.0446271
          ],
          [
            120.2262274,
            23.0457833
          ],
          [
            120.226284,
            23.0458745
          ],
          [
            120.2263617,
            23.0459462
          ],
          [
            120.2264433,
            23.0459982
          ],
          [
            120.2265318,
            23.0460308
          ],
          [
            120.2266402,
            23.0460404
          ],
          [
            120.2267583,
            23.0460341
          ],
          [
            120.2268114,
            23.0460243
          ],
          [
            120.2272573,
            23.0467131
          ],
          [
            120.2276203,
            23.0472605
          ],
          [
            120.228088,
            23.0479948
          ],
          [
            120.228453,
            23.0485896
          ],
          [
            120.2292136,
            23.0497706
          ],
          [
            120.2298272,
            23.0507127
          ],
          [
            120.2301958,
            23.0512118
          ],
          [
            120.2307247,
            23.0517219
          ],
          [
            120.2312502,
            23.0521849
          ],
          [
            120.2316735,
            23.0525489
          ],
          [
            120.2350596,
            23.0555314
          ],
          [
            120.2351676,
            23.0556268
          ],
          [
            120.2352745,
            23.055716
          ],
          [
            120.2353732,
            23.0558032
          ],
          [
            120.2387966,
            23.0587906
          ],
          [
            120.2411346,
            23.0608559
          ],
          [
            120.2429907,
            23.0624423
          ],
          [
            120.2431135,
            23.0626153
          ],
          [
            120.2433901,
            23.0630388
          ],
          [
            120.2444112,
            23.0647955
          ]
        ]
      },
      "properties": {
        "source": "overture",
        "sourceKey": "overture-segments",
        "sourceVersion": "latest",
        "sourceFeatureId": "92e48818-b270-4a3b-8c94-ef56face1f94",
        "facilityType": "cycleway",
        "pedestrianAllowed": null,
        "bicycleAllowed": null,
        "direction": "unknown",
        "provenance": [
          {
            "property": "",
            "dataset": "OpenStreetMap",
            "license": "ODbL-1.0",
            "record_id": "w383026194@7",
            "update_time": "2026-07-11T01:32:44Z",
            "confidence": null,
            "between": [
              0.0,
              0.455913199
            ],
            "provider": "osm",
            "resource": "planet",
            "version": "2026-08-05"
          },
          {
            "property": "",
            "dataset": "OpenStreetMap",
            "license": "ODbL-1.0",
            "record_id": "w893780231@2",
            "update_time": "2026-02-17T13:15:56Z",
            "confidence": null,
            "between": [
              0.455913199,
              0.457219919
            ],
            "provider": "osm",
            "resource": "planet",
            "version": "2026-08-05"
          },
          {
            "property": "",
            "dataset": "OpenStreetMap",
            "license": "ODbL-1.0",
            "record_id": "w764376768@3",
            "update_time": "2026-02-17T13:15:56Z",
            "confidence": null,
            "between": [
              0.457219919,
              0.697105684
            ],
            "provider": "osm",
            "resource": "planet",
            "version": "2026-08-05"
          },
          {
            "property": "",
            "dataset": "OpenStreetMap",
            "license": "ODbL-1.0",
            "record_id": "w383026195@4",
            "update_time": "2021-01-10T12:48:36Z",
            "confidence": null,
            "between": [
              0.697105684,
              0.703510111
            ],
            "provider": "osm",
            "resource": "planet",
            "version": "2026-08-05"
          },
          {
            "property": "",
            "dataset": "OpenStreetMap",
            "license": "ODbL-1.0",
            "record_id": "w383026197@6",
            "update_time": "2026-05-09T08:53:59Z",
            "confidence": null,
            "between": [
              0.703510111,
              0.850566384
            ],
            "provider": "osm",
            "resource": "planet",
            "version": "2026-08-05"
          },
          {
            "property": "",
            "dataset": "OpenStreetMap",
            "license": "ODbL-1.0",
            "record_id": "w764376766@5",
            "update_time": "2026-05-09T08:53:59Z",
            "confidence": null,
            "between": [
              0.850566384,
              1.0
            ],
            "provider": "osm",
            "resource": "planet",
            "version": "2026-08-05"
          }
        ],
        "connectorIds": [
          "0d1760b8-e6a1-406a-ade3-1e2e0a093e43",
          "68117ad1-a839-4bee-afbd-a172a976b238",
          "2581b09b-dad9-44a1-944c-6af3348ee463",
          "a5d39b48-622d-458d-b7b3-74855073ccff",
          "62e4d17b-42e7-41b1-9011-73a24770f310",
          "204d6c9a-56fc-4feb-858b-d2530573952f",
          "c15bfa83-2f85-4761-b94b-9a5a92964d88",
          "d7425c9e-5e21-4dc1-b824-1265ba33408a",
          "f93a7514-2192-44d9-8436-b5490f9821e7",
          "71814d2a-d3f4-4f5e-9fa8-bda06313666d",
          "06732de3-3617-4928-9fc1-e945498d6277"
        ],
        "officialInventory": false,
        "name": "山海圳支線",
        "originalCrs": "EPSG:4326",
        "originalProperties": {
          "names": {
            "primary": "山海圳支線",
            "common": null,
            "rules": [
              {
                "variant": "common",
                "language": null,
                "perspectives": null,
                "value": "山海圳支線",
                "between": null,
                "side": null
              }
            ]
          },
          "subtype": "road",
          "class": "cycleway",
          "connectors": [
            {
              "connector_id": "0d1760b8-e6a1-406a-ade3-1e2e0a093e43",
              "at": 0.0
            },
            {
              "connector_id": "68117ad1-a839-4bee-afbd-a172a976b238",
              "at": 0.356757371
            },
            {
              "connector_id": "2581b09b-dad9-44a1-944c-6af3348ee463",
              "at": 0.358237185
            },
            {
              "connector_id": "a5d39b48-622d-458d-b7b3-74855073ccff",
              "at": 0.457219763
            },
            {
              "connector_id": "62e4d17b-42e7-41b1-9011-73a24770f310",
              "at": 0.720596948
            },
            {
              "connector_id": "204d6c9a-56fc-4feb-858b-d2530573952f",
              "at": 0.730674428
            },
            {
              "connector_id": "c15bfa83-2f85-4761-b94b-9a5a92964d88",
              "at": 0.850566173
            },
            {
              "connector_id": "d7425c9e-5e21-4dc1-b824-1265ba33408a",
              "at": 0.852140989
            },
            {
              "connector_id": "f93a7514-2192-44d9-8436-b5490f9821e7",
              "at": 0.853633949
            },
            {
              "connector_id": "71814d2a-d3f4-4f5e-9fa8-bda06313666d",
              "at": 0.968119625
            },
            {
              "connector_id": "06732de3-3617-4928-9fc1-e945498d6277",
              "at": 1.0
            }
          ],
          "road_surface": [
            {
              "value": "paving_stones",
              "between": [
                0.0,
                0.455913199
              ]
            }
          ],
          "road_flags": [
            {
              "values": [
                "is_bridge"
              ],
              "between": [
                0.697105684,
                0.703510111
              ]
            }
          ],
          "access_restrictions": [
            {
              "access_type": "designated",
              "when": {
                "during": null,
                "heading": null,
                "using": null,
                "recognized": null,
                "mode": [
                  "bicycle"
                ],
                "vehicle": null
              },
              "between": [
                0.0,
                0.703510111
              ]
            },
            {
              "access_type": "designated",
              "when": {
                "during": null,
                "heading": null,
                "using": null,
                "recognized": null,
                "mode": [
                  "foot"
                ],
                "vehicle": null
              },
              "between": [
                0.850566384,
                1.0
              ]
            },
            {
              "access_type": "allowed",
              "when": {
                "during": null,
                "heading": null,
                "using": null,
                "recognized": null,
                "mode": [
                  "bicycle"
                ],
                "vehicle": null
              },
              "between": [
                0.850566384,
                1.0
              ]
            },
            {
              "access_type": "denied",
              "when": {
                "during": null,
                "heading": null,
                "using": null,
                "recognized": null,
                "mode": [
                  "motor_vehicle"
                ],
                "vehicle": null
              },
              "between": [
                0.850566384,
                1.0
              ]
            }
          ],
          "sources": [
            {
              "property": "",
              "dataset": "OpenStreetMap",
              "license": "ODbL-1.0",
              "record_id": "w383026194@7",
              "update_time": "2026-07-11T01:32:44Z",
              "confidence": null,
              "between": [
                0.0,
                0.455913199
              ],
              "provider": "osm",
              "resource": "planet",
              "version": "2026-08-05"
            },
            {
              "property": "",
              "dataset": "OpenStreetMap",
              "license": "ODbL-1.0",
              "record_id": "w893780231@2",
              "update_time": "2026-02-17T13:15:56Z",
              "confidence": null,
              "between": [
                0.455913199,
                0.457219919
              ],
              "provider": "osm",
              "resource": "planet",
              "version": "2026-08-05"
            },
            {
              "property": "",
              "dataset": "OpenStreetMap",
              "license": "ODbL-1.0",
              "record_id": "w764376768@3",
              "update_time": "2026-02-17T13:15:56Z",
              "confidence": null,
              "between": [
                0.457219919,
                0.697105684
              ],
              "provider": "osm",
              "resource": "planet",
              "version": "2026-08-05"
            },
            {
              "property": "",
              "dataset": "OpenStreetMap",
              "license": "ODbL-1.0",
              "record_id": "w383026195@4",
              "update_time": "2021-01-10T12:48:36Z",
              "confidence": null,
              "between": [
                0.697105684,
                0.703510111
              ],
              "provider": "osm",
              "resource": "planet",
              "version": "2026-08-05"
            },
            {
              "property": "",
              "dataset": "OpenStreetMap",
              "license": "ODbL-1.0",
              "record_id": "w383026197@6",
              "update_time": "2026-05-09T08:53:59Z",
              "confidence": null,
              "between": [
                0.703510111,
                0.850566384
              ],
              "provider": "osm",
              "resource": "planet",
              "version": "2026-08-05"
            },
            {
              "property": "",
              "dataset": "OpenStreetMap",
              "license": "ODbL-1.0",
              "record_id": "w764376766@5",
              "update_time": "2026-05-09T08:53:59Z",
              "confidence": null,
              "between": [
                0.850566384,
                1.0
              ],
              "provider": "osm",
              "resource": "planet",
              "version": "2026-08-05"
            }
          ],
          "version": 6
        }
      }
    }
  ],
  "metadata": {
    "originalCrs": "EPSG:4326"
  }
}
