{"type":"FeatureCollection","schema":"astra-nlsc-official-geometry-pilot-v1","createdAt":"2026-09-30T15:51:50.671Z","source":"NLSC I3S public 3D building service","sourceSnapshotSchema":"astra-nlsc-geometry-snapshot-v1","baselineCore":"37.9.5","coverage":{"west":120.20139348,"south":23.02661608,"east":120.20842157,"north":23.02869523},"coverageKind":"local-pilot-positive-evidence-only","absenceIsEvidence":false,"completenessProof":false,"featureCount":104,"features":[{"type":"Feature","id":"nlsc3d-1KA4C574BJ","geometry":{"type":"Polygon","coordinates":[[[120.20151547,23.02849888],[120.2014434,23.02848424],[120.20139348,23.02869523],[120.20147306,23.02868713],[120.20147443,23.02866423],[120.20148417,23.02866218],[120.20151393,23.02852747],[120.2015202,23.02849885],[120.20151567,23.02849798],[120.20151547,23.02849888]]]},"properties":{"building_uid":"nlsc3d-1KA4C574BJ","source_id":"1KA4C574BJ","building_source":"NLSC-3D-geometry","source_version":"67fec239-0993-40d8-8f4c-45dfff595538","source_license":"Government-Open-Data-TW-1.0","geometry_quality":"source-footprint","height":13.8,"render_height":13.8,"height_quality":"reported","height_source":"NLSC 3D BUILD_H","height_known":true,"min_height":0,"official_height_provider":"NLSC-3D","official_height_building_id":"1KA4C574BJ","official_geometry_provider":"NLSC-I3S","official_geometry_node":104761,"official_geometry_resource":104761,"official_geometry_definition":0,"official_geometry_validation_m":0.1838312180232391,"official_height_floors":4,"official_height_h_source_code":"0","official_height_h_extraction_code":"0"}},{"type":"Feature","id":"nlsc3d-1KA84574BX","geometry":{"type":"Polygon","coordinates":[[[120.20154452,23.02852555],[120.20155933,23.02868422],[120.20160476,23.02868059],[120.20158994,23.02852202],[120.20154452,23.02852555]]]},"properties":{"building_uid":"nlsc3d-1KA84574BX","source_id":"1KA84574BX","building_source":"NLSC-3D-geometry","source_version":"67fec239-0993-40d8-8f4c-45dfff595538","source_license":"Government-Open-Data-TW-1.0","geometry_quality":"source-footprint","height":17.07,"render_height":17.07,"height_quality":"reported","height_source":"NLSC 3D BUILD_H","height_known":true,"min_height":0,"official_height_provider":"NLSC-3D","official_height_building_id":"1KA84574BX","official_geometry_provider":"NLSC-I3S","official_geometry_node":104761,"official_geometry_resource":104761,"official_geometry_definition":0,"official_geometry_validation_m":0.18305104609003958,"official_height_floors":5,"official_height_h_source_code":"0","official_height_h_extraction_code":"0"}},{"type":"Feature","id":"nlsc3d-1KA6J574CA","geometry":{"type":"Polygon","coordinates":[[[120.20151349,23.02852782],[120.20148382,23.02866253],[120.20150953,23.0286572],[120.20151151,23.02866979],[120.20151343,23.02868777],[120.20155965,23.02868394],[120.20154474,23.02852537],[120.20151349,23.02852782]]]},"properties":{"building_uid":"nlsc3d-1KA6J574CA","source_id":"1KA6J574CA","building_source":"NLSC-3D-geometry","source_version":"67fec239-0993-40d8-8f4c-45dfff595538","source_license":"Government-Open-Data-TW-1.0","geometry_quality":"source-footprint","height":17.07,"render_height":17.07,"height_quality":"reported","height_source":"NLSC 3D BUILD_H","height_known":true,"min_height":0,"official_height_provider":"NLSC-3D","official_height_building_id":"1KA6J574CA","official_geometry_provider":"NLSC-I3S","official_geometry_node":104761,"official_geometry_resource":104761,"official_geometry_definition":0,"official_geometry_validation_m":0.7315752519393068,"official_height_floors":5,"official_height_h_source_code":"0","official_height_h_extraction_code":"0"}},{"type":"Feature","id":"nlsc3d-1KAB1574BN","geometry":{"type":"Polygon","coordinates":[[[120.20168321,23.02851458],[120.20167356,23.02851533],[120.20163497,23.02851892],[120.20164978,23.0286773],[120.20165109,23.02867719],[120.20169521,23.02867357],[120.20168321,23.02851458]]]},"properties":{"building_uid":"nlsc3d-1KAB1574BN","source_id":"1KAB1574BN","building_source":"NLSC-3D-geometry","source_version":"67fec239-0993-40d8-8f4c-45dfff595538","source_license":"Government-Open-Data-TW-1.0","geometry_quality":"source-footprint","height":16.9,"render_height":16.9,"height_quality":"reported","height_source":"NLSC 3D BUILD_H","height_known":true,"min_height":0,"official_height_provider":"NLSC-3D","official_height_building_id":"1KAB1574BN","official_geometry_provider":"NLSC-I3S","official_geometry_node":104762,"official_geometry_resource":104762,"official_geometry_definition":0,"official_geometry_validation_m":0.13773137700852708,"official_height_floors":5,"official_height_h_source_code":"0","official_height_h_extraction_code":"0"}},{"type":"Feature","id":"nlsc3d-1KA9J574BT","geometry":{"type":"Polygon","coordinates":[[[120.20158974,23.02852223],[120.20160456,23.0286808],[120.20164998,23.02867708],[120.20163516,23.0285187],[120.20161949,23.02852008],[120.20161959,23.02851978],[120.20158974,23.02852223]]]},"properties":{"building_uid":"nlsc3d-1KA9J574BT","source_id":"1KA9J574BT","building_source":"NLSC-3D-geometry","source_version":"67fec239-0993-40d8-8f4c-45dfff595538","source_license":"Government-Open-Data-TW-1.0","geometry_quality":"source-footprint","height":16.94,"render_height":16.94,"height_quality":"reported","height_source":"NLSC 3D BUILD_H","height_known":true,"min_height":0,"official_height_provider":"NLSC-3D","official_height_building_id":"1KA9J574BT","official_geometry_provider":"NLSC-I3S","official_geometry_node":104762,"official_geometry_resource":104762,"official_geometry_definition":0,"official_geometry_validation_m":0.18415073103113988,"official_height_floors":5,"official_height_h_source_code":"0","official_height_h_extraction_code":"0"}},{"type":"Feature","id":"nlsc3d-1KAGS574B7","geometry":{"type":"Polygon","coordinates":[[[120.20186127,23.0285017],[120.20183896,23.02850341],[120.20181585,23.02850523],[120.20183066,23.0286634],[120.20187608,23.02865967],[120.20186127,23.0285017]]]},"properties":{"building_uid":"nlsc3d-1KAGS574B7","source_id":"1KAGS574B7","building_source":"NLSC-3D-geometry","source_version":"67fec239-0993-40d8-8f4c-45dfff595538","source_license":"Government-Open-Data-TW-1.0","geometry_quality":"source-footprint","height":17.06,"render_height":17.06,"height_quality":"reported","height_source":"NLSC 3D BUILD_H","height_known":true,"min_height":0,"official_height_provider":"NLSC-3D","official_height_building_id":"1KAGS574B7","official_geometry_provider":"NLSC-I3S","official_geometry_node":104762,"official_geometry_resource":104762,"official_geometry_definition":0,"official_geometry_validation_m":0.18567581987394116,"official_height_floors":5,"official_height_h_source_code":"0","official_height_h_extraction_code":"0"}},{"type":"Feature","id":"nlsc3d-1KAFC574BA","geometry":{"type":"Polygon","coordinates":[[[120.20177057,23.02850803],[120.20178539,23.02866691],[120.20183091,23.02866318],[120.201816,23.02850501],[120.20181368,23.02850472],[120.20181368,23.02850462],[120.20177057,23.02850803]]]},"properties":{"building_uid":"nlsc3d-1KAFC574BA","source_id":"1KAFC574BA","building_source":"NLSC-3D-geometry","source_version":"67fec239-0993-40d8-8f4c-45dfff595538","source_license":"Government-Open-Data-TW-1.0","geometry_quality":"source-footprint","height":17.08,"render_height":17.08,"height_quality":"reported","height_source":"NLSC 3D BUILD_H","height_known":true,"min_height":0,"official_height_provider":"NLSC-3D","official_height_building_id":"1KAFC574BA","official_geometry_provider":"NLSC-I3S","official_geometry_node":104762,"official_geometry_resource":104762,"official_geometry_definition":0,"official_geometry_validation_m":0.18764263503881987,"official_height_floors":5,"official_height_h_source_code":"0","official_height_h_extraction_code":"0"}},{"type":"Feature","id":"nlsc3d-1KADV574BE","geometry":{"type":"Polygon","coordinates":[[[120.20172536,23.02851151],[120.20174018,23.02867029],[120.20174239,23.02867018],[120.2017857,23.02866666],[120.20177078,23.02850789],[120.20172536,23.02851151]]]},"properties":{"building_uid":"nlsc3d-1KADV574BE","source_id":"1KADV574BE","building_source":"NLSC-3D-geometry","source_version":"67fec239-0993-40d8-8f4c-45dfff595538","source_license":"Government-Open-Data-TW-1.0","geometry_quality":"source-footprint","height":17.33,"render_height":17.33,"height_quality":"reported","height_source":"NLSC 3D BUILD_H","height_known":true,"min_height":0,"official_height_provider":"NLSC-3D","official_height_building_id":"1KADV574BE","official_geometry_provider":"NLSC-I3S","official_geometry_node":104762,"official_geometry_resource":104762,"official_geometry_definition":0,"official_geometry_validation_m":0.1872486576257209,"official_height_floors":5,"official_height_h_source_code":"0","official_height_h_extraction_code":"0"}},{"type":"Feature","id":"nlsc3d-1KACG574BK","geometry":{"type":"Polygon","coordinates":[[[120.20172557,23.02851136],[120.20168307,23.02851477],[120.20169497,23.02867386],[120.20169597,23.02867376],[120.20174039,23.02867013],[120.20172557,23.02851136]]]},"properties":{"building_uid":"nlsc3d-1KACG574BK","source_id":"1KACG574BK","building_source":"NLSC-3D-geometry","source_version":"67fec239-0993-40d8-8f4c-45dfff595538","source_license":"Government-Open-Data-TW-1.0","geometry_quality":"source-footprint","height":16.99,"render_height":16.99,"height_quality":"reported","height_source":"NLSC 3D BUILD_H","height_known":true,"min_height":0,"official_height_provider":"NLSC-3D","official_height_building_id":"1KACG574BK","official_geometry_provider":"NLSC-I3S","official_geometry_node":104762,"official_geometry_resource":104762,"official_geometry_definition":0,"official_geometry_validation_m":0.2662114555867418,"official_height_floors":5,"official_height_h_source_code":"0","official_height_h_extraction_code":"0"}},{"type":"Feature","id":"nlsc3d-1KECR57400","geometry":{"type":"Polygon","coordinates":[[[120.20568309,23.02819527],[120.20570139,23.02836602],[120.20575204,23.02836197],[120.20573514,23.02819081],[120.20568309,23.02819527]]]},"properties":{"building_uid":"nlsc3d-1KECR57400","source_id":"1KECR57400","building_source":"NLSC-3D-geometry","source_version":"67fec239-0993-40d8-8f4c-45dfff595538","source_license":"Government-Open-Data-TW-1.0","geometry_quality":"source-footprint","height":13.48,"render_height":13.48,"height_quality":"reported","height_source":"NLSC 3D BUILD_H","height_known":true,"min_height":0,"official_height_provider":"NLSC-3D","official_height_building_id":"1KECR57400","official_geometry_provider":"NLSC-I3S","official_geometry_node":104708,"official_geometry_resource":104708,"official_geometry_definition":0,"official_geometry_validation_m":0.1557247765228885,"official_height_floors":4,"official_height_h_source_code":"0","official_height_h_extraction_code":"0"}},{"type":"Feature","id":"nlsc3d-1KEAD57402","geometry":{"type":"Polygon","coordinates":[[[120.20559816,23.02818172],[120.20558934,23.02823824],[120.20560552,23.02837322],[120.20570179,23.02836564],[120.20568339,23.02819489],[120.20559816,23.02818172]]]},"properties":{"building_uid":"nlsc3d-1KEAD57402","source_id":"1KEAD57402","building_source":"NLSC-3D-geometry","source_version":"67fec239-0993-40d8-8f4c-45dfff595538","source_license":"Government-Open-Data-TW-1.0","geometry_quality":"source-footprint","height":13.44,"render_height":13.44,"height_quality":"reported","height_source":"NLSC 3D BUILD_H","height_known":true,"min_height":0,"official_height_provider":"NLSC-3D","official_height_building_id":"1KEAD57402","official_geometry_provider":"NLSC-I3S","official_geometry_node":104708,"official_geometry_resource":104708,"official_geometry_definition":0,"official_geometry_validation_m":0.47854152326805033,"official_height_floors":4,"official_height_h_source_code":"0","official_height_h_extraction_code":"0"}},{"type":"Feature","id":"nlsc3d-1KFVD573QV","geometry":{"type":"Polygon","coordinates":[[[120.20714458,23.02809236],[120.20732783,23.02810494],[120.20733114,23.02806834],[120.20714768,23.02805555],[120.20714458,23.02809236]]]},"properties":{"building_uid":"nlsc3d-1KFVD573QV","source_id":"1KFVD573QV","building_source":"NLSC-3D-geometry","source_version":"67fec239-0993-40d8-8f4c-45dfff595538","source_license":"Government-Open-Data-TW-1.0","geometry_quality":"source-footprint","height":9.15,"render_height":9.15,"height_quality":"reported","height_source":"NLSC 3D BUILD_H","height_known":true,"min_height":0,"official_height_provider":"NLSC-3D","official_height_building_id":"1KFVD573QV","official_geometry_provider":"NLSC-I3S","official_geometry_node":104538,"official_geometry_resource":104538,"official_geometry_definition":0,"official_geometry_validation_m":0.202548744446093,"official_height_floors":3,"official_height_h_source_code":"0","official_height_h_extraction_code":"0"}},{"type":"Feature","id":"nlsc3d-1KFV4573UP","geometry":{"type":"Polygon","coordinates":[[[120.20713453,23.02820278],[120.20731758,23.02821536],[120.20732078,23.02817866],[120.20713753,23.02816627],[120.20713453,23.02820278]]]},"properties":{"building_uid":"nlsc3d-1KFV4573UP","source_id":"1KFV4573UP","building_source":"NLSC-3D-geometry","source_version":"67fec239-0993-40d8-8f4c-45dfff595538","source_license":"Government-Open-Data-TW-1.0","geometry_quality":"source-footprint","height":16.02,"render_height":16.02,"height_quality":"reported","height_source":"NLSC 3D BUILD_H","height_known":true,"min_height":0,"official_height_provider":"NLSC-3D","official_height_building_id":"1KFV4573UP","official_geometry_provider":"NLSC-I3S","official_geometry_node":104538,"official_geometry_resource":104538,"official_geometry_definition":0,"official_geometry_validation_m":0.18257119631435936,"official_height_floors":5,"official_height_h_source_code":"0","official_height_h_extraction_code":"0"}},{"type":"Feature","id":"nlsc3d-1KFV7573TE","geometry":{"type":"Polygon","coordinates":[[[120.20714092,23.02812935],[120.20713782,23.02816625],[120.20732098,23.02817874],[120.20732428,23.02814183],[120.20714093,23.02812935],[120.20714092,23.02812935]]]},"properties":{"building_uid":"nlsc3d-1KFV7573TE","source_id":"1KFV7573TE","building_source":"NLSC-3D-geometry","source_version":"67fec239-0993-40d8-8f4c-45dfff595538","source_license":"Government-Open-Data-TW-1.0","geometry_quality":"source-footprint","height":9.38,"render_height":9.38,"height_quality":"reported","height_source":"NLSC 3D BUILD_H","height_known":true,"min_height":0,"official_height_provider":"NLSC-3D","official_height_building_id":"1KFV7573TE","official_geometry_provider":"NLSC-I3S","official_geometry_node":104538,"official_geometry_resource":104538,"official_geometry_definition":0,"official_geometry_validation_m":0.190574189805081,"official_height_floors":3,"official_height_h_source_code":"0","official_height_h_extraction_code":"0"}},{"type":"Feature","id":"nlsc3d-1KFUP573W4","geometry":{"type":"Polygon","coordinates":[[[120.20731735,23.02821537],[120.20713429,23.02820279],[120.2071296,23.02826009],[120.20731461,23.02824607],[120.20731735,23.02821537]]]},"properties":{"building_uid":"nlsc3d-1KFUP573W4","source_id":"1KFUP573W4","building_source":"NLSC-3D-geometry","source_version":"67fec239-0993-40d8-8f4c-45dfff595538","source_license":"Government-Open-Data-TW-1.0","geometry_quality":"source-footprint","height":16.08,"render_height":16.08,"height_quality":"reported","height_source":"NLSC 3D BUILD_H","height_known":true,"min_height":0,"official_height_provider":"NLSC-3D","official_height_building_id":"1KFUP573W4","official_geometry_provider":"NLSC-I3S","official_geometry_node":104538,"official_geometry_resource":104538,"official_geometry_definition":0,"official_geometry_validation_m":1.0776201415751996,"official_height_floors":5,"official_height_h_source_code":"0","official_height_h_extraction_code":"0"}},{"type":"Feature","id":"nlsc3d-1KFVA573S5","geometry":{"type":"Polygon","coordinates":[[[120.2071412,23.02812934],[120.20732446,23.02814182],[120.20732766,23.02810492],[120.2071443,23.02809244],[120.2071412,23.02812934]]]},"properties":{"building_uid":"nlsc3d-1KFVA573S5","source_id":"1KFVA573S5","building_source":"NLSC-3D-geometry","source_version":"67fec239-0993-40d8-8f4c-45dfff595538","source_license":"Government-Open-Data-TW-1.0","geometry_quality":"source-footprint","height":9.32,"render_height":9.32,"height_quality":"reported","height_source":"NLSC 3D BUILD_H","height_known":true,"min_height":0,"official_height_provider":"NLSC-3D","official_height_building_id":"1KFVA573S5","official_geometry_provider":"NLSC-I3S","official_geometry_node":104538,"official_geometry_resource":104538,"official_geometry_definition":0,"official_geometry_validation_m":0.1873156995495849,"official_height_floors":3,"official_height_h_source_code":"0","official_height_h_extraction_code":"0"}},{"type":"Feature","id":"nlsc3d-1KFW1573H7","geometry":{"type":"Polygon","coordinates":[[[120.2071648,23.02787132],[120.20734856,23.0278841],[120.20735186,23.02784699],[120.207168,23.02783411],[120.2071648,23.02787132]]]},"properties":{"building_uid":"nlsc3d-1KFW1573H7","source_id":"1KFW1573H7","building_source":"NLSC-3D-geometry","source_version":"67fec239-0993-40d8-8f4c-45dfff595538","source_license":"Government-Open-Data-TW-1.0","geometry_quality":"source-footprint","height":9.36,"render_height":9.36,"height_quality":"reported","height_source":"NLSC 3D BUILD_H","height_known":true,"min_height":0,"official_height_provider":"NLSC-3D","official_height_building_id":"1KFW1573H7","official_geometry_provider":"NLSC-I3S","official_geometry_node":104540,"official_geometry_resource":104540,"official_geometry_definition":0,"official_geometry_validation_m":0.1941933558951733,"official_height_floors":3,"official_height_h_source_code":"0","official_height_h_extraction_code":"0"}},{"type":"Feature","id":"nlsc3d-1KFVT573KR","geometry":{"type":"Polygon","coordinates":[[[120.2071581,23.0279446],[120.20734165,23.02795738],[120.20734486,23.02792087],[120.2071612,23.02790829],[120.2071581,23.0279446]]]},"properties":{"building_uid":"nlsc3d-1KFVT573KR","source_id":"1KFVT573KR","building_source":"NLSC-3D-geometry","source_version":"67fec239-0993-40d8-8f4c-45dfff595538","source_license":"Government-Open-Data-TW-1.0","geometry_quality":"source-footprint","height":9.44,"render_height":9.44,"height_quality":"reported","height_source":"NLSC 3D BUILD_H","height_known":true,"min_height":0,"official_height_provider":"NLSC-3D","official_height_building_id":"1KFVT573KR","official_geometry_provider":"NLSC-I3S","official_geometry_node":104540,"official_geometry_resource":104540,"official_geometry_definition":0,"official_geometry_validation_m":0.17876169335885167,"official_height_floors":3,"official_height_h_source_code":"0","official_height_h_extraction_code":"0"}},{"type":"Feature","id":"nlsc3d-1KFVP573M2","geometry":{"type":"Polygon","coordinates":[[[120.20715472,23.02798144],[120.20733828,23.02799412],[120.20734148,23.02795742],[120.20715782,23.02794464],[120.20715472,23.02798144]]]},"properties":{"building_uid":"nlsc3d-1KFVP573M2","source_id":"1KFVP573M2","building_source":"NLSC-3D-geometry","source_version":"67fec239-0993-40d8-8f4c-45dfff595538","source_license":"Government-Open-Data-TW-1.0","geometry_quality":"source-footprint","height":9.39,"render_height":9.39,"height_quality":"reported","height_source":"NLSC 3D BUILD_H","height_known":true,"min_height":0,"official_height_provider":"NLSC-3D","official_height_building_id":"1KFVP573M2","official_geometry_provider":"NLSC-I3S","official_geometry_node":104540,"official_geometry_resource":104540,"official_geometry_definition":0,"official_geometry_validation_m":0.1957616503413338,"official_height_floors":3,"official_height_h_source_code":"0","official_height_h_extraction_code":"0"}},{"type":"Feature","id":"nlsc3d-1KFVH573PL","geometry":{"type":"Polygon","coordinates":[[[120.20714795,23.0280555],[120.20733131,23.02806838],[120.20733451,23.02803157],[120.20715105,23.02801919],[120.20714795,23.0280555]]]},"properties":{"building_uid":"nlsc3d-1KFVH573PL","source_id":"1KFVH573PL","building_source":"NLSC-3D-geometry","source_version":"67fec239-0993-40d8-8f4c-45dfff595538","source_license":"Government-Open-Data-TW-1.0","geometry_quality":"source-footprint","height":9.18,"render_height":9.18,"height_quality":"reported","height_source":"NLSC 3D BUILD_H","height_known":true,"min_height":0,"official_height_provider":"NLSC-3D","official_height_building_id":"1KFVH573PL","official_geometry_provider":"NLSC-I3S","official_geometry_node":104540,"official_geometry_resource":104540,"official_geometry_definition":0,"official_geometry_validation_m":0.16696528632970106,"official_height_floors":3,"official_height_h_source_code":"0","official_height_h_extraction_code":"0"}},{"type":"Feature","id":"nlsc3d-1KFVL573NB","geometry":{"type":"Polygon","coordinates":[[[120.20715128,23.02801913],[120.20733474,23.02803151],[120.20733803,23.02799411],[120.20715448,23.02798153],[120.20715128,23.02801913]]]},"properties":{"building_uid":"nlsc3d-1KFVL573NB","source_id":"1KFVL573NB","building_source":"NLSC-3D-geometry","source_version":"67fec239-0993-40d8-8f4c-45dfff595538","source_license":"Government-Open-Data-TW-1.0","geometry_quality":"source-footprint","height":9.3,"render_height":9.3,"height_quality":"reported","height_source":"NLSC 3D BUILD_H","height_known":true,"min_height":0,"official_height_provider":"NLSC-3D","official_height_building_id":"1KFVL573NB","official_geometry_provider":"NLSC-I3S","official_geometry_node":104540,"official_geometry_resource":104540,"official_geometry_definition":0,"official_geometry_validation_m":0.19545530810357373,"official_height_floors":3,"official_height_h_source_code":"0","official_height_h_extraction_code":"0"}},{"type":"Feature","id":"nlsc3d-1KFVW573JG","geometry":{"type":"Polygon","coordinates":[[[120.20716142,23.02790821],[120.20734508,23.02792089],[120.20734838,23.02788409],[120.20716452,23.02787141],[120.20716142,23.02790821]]]},"properties":{"building_uid":"nlsc3d-1KFVW573JG","source_id":"1KFVW573JG","building_source":"NLSC-3D-geometry","source_version":"67fec239-0993-40d8-8f4c-45dfff595538","source_license":"Government-Open-Data-TW-1.0","geometry_quality":"source-footprint","height":9.51,"render_height":9.51,"height_quality":"reported","height_source":"NLSC 3D BUILD_H","height_known":true,"min_height":0,"official_height_provider":"NLSC-3D","official_height_building_id":"1KFVW573JG","official_geometry_provider":"NLSC-I3S","official_geometry_node":104540,"official_geometry_resource":104540,"official_geometry_definition":0,"official_geometry_validation_m":0.1946762062311892,"official_height_floors":3,"official_height_h_source_code":"0","official_height_h_extraction_code":"0"}},{"type":"Feature","id":"nlsc3d-1KFW8573EN","geometry":{"type":"Polygon","coordinates":[[[120.20717151,23.02779797],[120.20735547,23.02781055],[120.20735868,23.02777385],[120.20717462,23.02776107],[120.20717151,23.02779797]]]},"properties":{"building_uid":"nlsc3d-1KFW8573EN","source_id":"1KFW8573EN","building_source":"NLSC-3D-geometry","source_version":"67fec239-0993-40d8-8f4c-45dfff595538","source_license":"Government-Open-Data-TW-1.0","geometry_quality":"source-footprint","height":9.29,"render_height":9.29,"height_quality":"reported","height_source":"NLSC 3D BUILD_H","height_known":true,"min_height":0,"official_height_provider":"NLSC-3D","official_height_building_id":"1KFW8573EN","official_geometry_provider":"NLSC-I3S","official_geometry_node":104540,"official_geometry_resource":104540,"official_geometry_definition":0,"official_geometry_validation_m":0.1971505453806775,"official_height_floors":3,"official_height_h_source_code":"0","official_height_h_extraction_code":"0"}},{"type":"Feature","id":"nlsc3d-1KFW5573FX","geometry":{"type":"Polygon","coordinates":[[[120.2071682,23.02783408],[120.20735196,23.02784696],[120.20735527,23.02781055],[120.20717131,23.02779797],[120.2071682,23.02783408]]]},"properties":{"building_uid":"nlsc3d-1KFW5573FX","source_id":"1KFW5573FX","building_source":"NLSC-3D-geometry","source_version":"67fec239-0993-40d8-8f4c-45dfff595538","source_license":"Government-Open-Data-TW-1.0","geometry_quality":"source-footprint","height":9.31,"render_height":9.31,"height_quality":"reported","height_source":"NLSC 3D BUILD_H","height_known":true,"min_height":0,"official_height_provider":"NLSC-3D","official_height_building_id":"1KFW5573FX","official_geometry_provider":"NLSC-I3S","official_geometry_node":104540,"official_geometry_resource":104540,"official_geometry_definition":0,"official_geometry_validation_m":0.17877162390212048,"official_height_floors":3,"official_height_h_source_code":"0","official_height_h_extraction_code":"0"}},{"type":"Feature","id":"nlsc3d-1KG3B573RB","geometry":{"type":"Polygon","coordinates":[[[120.20732686,23.02810587],[120.20751495,23.02811872],[120.20751805,23.02808262],[120.20733007,23.02806936],[120.20732686,23.02810587]]]},"properties":{"building_uid":"nlsc3d-1KG3B573RB","source_id":"1KG3B573RB","building_source":"NLSC-3D-geometry","source_version":"67fec239-0993-40d8-8f4c-45dfff595538","source_license":"Government-Open-Data-TW-1.0","geometry_quality":"source-footprint","height":9.34,"render_height":9.34,"height_quality":"reported","height_source":"NLSC 3D BUILD_H","height_known":true,"min_height":0,"official_height_provider":"NLSC-3D","official_height_building_id":"1KG3B573RB","official_geometry_provider":"NLSC-I3S","official_geometry_node":104527,"official_geometry_resource":104527,"official_geometry_definition":0,"official_geometry_validation_m":0.20470705135895828,"official_height_floors":3,"official_height_h_source_code":"0","official_height_h_extraction_code":"0"}},{"type":"Feature","id":"nlsc3d-1KG38573SK","geometry":{"type":"Polygon","coordinates":[[[120.20732662,23.02810591],[120.20732342,23.02814272],[120.2075116,23.02815558],[120.2075147,23.02811867],[120.20732662,23.02810591]]]},"properties":{"building_uid":"nlsc3d-1KG38573SK","source_id":"1KG38573SK","building_source":"NLSC-3D-geometry","source_version":"67fec239-0993-40d8-8f4c-45dfff595538","source_license":"Government-Open-Data-TW-1.0","geometry_quality":"source-footprint","height":9.39,"render_height":9.39,"height_quality":"reported","height_source":"NLSC 3D BUILD_H","height_known":true,"min_height":0,"official_height_provider":"NLSC-3D","official_height_building_id":"1KG38573SK","official_geometry_provider":"NLSC-I3S","official_geometry_node":104527,"official_geometry_resource":104527,"official_geometry_definition":0,"official_geometry_validation_m":0.18335592855471575,"official_height_floors":3,"official_height_h_source_code":"0","official_height_h_extraction_code":"0"}},{"type":"Feature","id":"nlsc3d-1KG2Q573VE","geometry":{"type":"Polygon","coordinates":[[[120.20731965,23.02817968],[120.20731645,23.02821628],[120.20731381,23.02824699],[120.20750445,23.02823264],[120.20750793,23.02819244],[120.20731965,23.02817968]]]},"properties":{"building_uid":"nlsc3d-1KG2Q573VE","source_id":"1KG2Q573VE","building_source":"NLSC-3D-geometry","source_version":"67fec239-0993-40d8-8f4c-45dfff595538","source_license":"Government-Open-Data-TW-1.0","geometry_quality":"source-footprint","height":20.37,"render_height":20.37,"height_quality":"reported","height_source":"NLSC 3D BUILD_H","height_known":true,"min_height":0,"official_height_provider":"NLSC-3D","official_height_building_id":"1KG2Q573VE","official_geometry_provider":"NLSC-I3S","official_geometry_node":104527,"official_geometry_resource":104527,"official_geometry_definition":0,"official_geometry_validation_m":0.9365754780135374,"official_height_floors":6,"official_height_h_source_code":"0","official_height_h_extraction_code":"0"}},{"type":"Feature","id":"nlsc3d-1KG34573TU","geometry":{"type":"Polygon","coordinates":[[[120.20731998,23.02817959],[120.20750816,23.02819245],[120.20751136,23.02815555],[120.20732318,23.02814279],[120.20731998,23.02817959]]]},"properties":{"building_uid":"nlsc3d-1KG34573TU","source_id":"1KG34573TU","building_source":"NLSC-3D-geometry","source_version":"67fec239-0993-40d8-8f4c-45dfff595538","source_license":"Government-Open-Data-TW-1.0","geometry_quality":"source-footprint","height":9.46,"render_height":9.46,"height_quality":"reported","height_source":"NLSC 3D BUILD_H","height_known":true,"min_height":0,"official_height_provider":"NLSC-3D","official_height_building_id":"1KG34573TU","official_geometry_provider":"NLSC-I3S","official_geometry_node":104527,"official_geometry_resource":104527,"official_geometry_definition":0,"official_geometry_validation_m":0.18519598583778554,"official_height_floors":3,"official_height_h_source_code":"0","official_height_h_extraction_code":"0"}},{"type":"Feature","id":"nlsc3d-1KG3E573Q2","geometry":{"type":"Polygon","coordinates":[[[120.20733027,23.02806933],[120.20751825,23.02808259],[120.20752145,23.02804518],[120.20733347,23.02803252],[120.20733027,23.02806933]]]},"properties":{"building_uid":"nlsc3d-1KG3E573Q2","source_id":"1KG3E573Q2","building_source":"NLSC-3D-geometry","source_version":"67fec239-0993-40d8-8f4c-45dfff595538","source_license":"Government-Open-Data-TW-1.0","geometry_quality":"source-footprint","height":9.3,"render_height":9.3,"height_quality":"reported","height_source":"NLSC 3D BUILD_H","height_known":true,"min_height":0,"official_height_provider":"NLSC-3D","official_height_building_id":"1KG3E573Q2","official_geometry_provider":"NLSC-I3S","official_geometry_node":104529,"official_geometry_resource":104529,"official_geometry_definition":0,"official_geometry_validation_m":0.16090666937022505,"official_height_floors":3,"official_height_h_source_code":"0","official_height_h_extraction_code":"0"}},{"type":"Feature","id":"nlsc3d-1KG3H573NR","geometry":{"type":"Polygon","coordinates":[[[120.20733372,23.02803248],[120.2075216,23.02804514],[120.2075248,23.02800793],[120.20733702,23.02799507],[120.20733372,23.02803248]]]},"properties":{"building_uid":"nlsc3d-1KG3H573NR","source_id":"1KG3H573NR","building_source":"NLSC-3D-geometry","source_version":"67fec239-0993-40d8-8f4c-45dfff595538","source_license":"Government-Open-Data-TW-1.0","geometry_quality":"source-footprint","height":9.32,"render_height":9.32,"height_quality":"reported","height_source":"NLSC 3D BUILD_H","height_known":true,"min_height":0,"official_height_provider":"NLSC-3D","official_height_building_id":"1KG3H573NR","official_geometry_provider":"NLSC-I3S","official_geometry_node":104529,"official_geometry_resource":104529,"official_geometry_definition":0,"official_geometry_validation_m":0.18966001884594716,"official_height_floors":3,"official_height_h_source_code":"0","official_height_h_extraction_code":"0"}},{"type":"Feature","id":"nlsc3d-1KG3M573MG","geometry":{"type":"Polygon","coordinates":[[[120.20733722,23.02799499],[120.207525,23.02800795],[120.20752821,23.02797144],[120.20734042,23.02795838],[120.20733722,23.02799499]]]},"properties":{"building_uid":"nlsc3d-1KG3M573MG","source_id":"1KG3M573MG","building_source":"NLSC-3D-geometry","source_version":"67fec239-0993-40d8-8f4c-45dfff595538","source_license":"Government-Open-Data-TW-1.0","geometry_quality":"source-footprint","height":9.33,"render_height":9.33,"height_quality":"reported","height_source":"NLSC 3D BUILD_H","height_known":true,"min_height":0,"official_height_provider":"NLSC-3D","official_height_building_id":"1KG3M573MG","official_geometry_provider":"NLSC-I3S","official_geometry_node":104529,"official_geometry_resource":104529,"official_geometry_definition":0,"official_geometry_validation_m":0.19481497402328762,"official_height_floors":3,"official_height_h_source_code":"0","official_height_h_extraction_code":"0"}},{"type":"Feature","id":"nlsc3d-1KG3Q573L7","geometry":{"type":"Polygon","coordinates":[[[120.20734065,23.02795838],[120.20752833,23.02797144],[120.20753154,23.02793474],[120.20734386,23.02792188],[120.20734065,23.02795838]]]},"properties":{"building_uid":"nlsc3d-1KG3Q573L7","source_id":"1KG3Q573L7","building_source":"NLSC-3D-geometry","source_version":"67fec239-0993-40d8-8f4c-45dfff595538","source_license":"Government-Open-Data-TW-1.0","geometry_quality":"source-footprint","height":9.39,"render_height":9.39,"height_quality":"reported","height_source":"NLSC 3D BUILD_H","height_known":true,"min_height":0,"official_height_provider":"NLSC-3D","official_height_building_id":"1KG3Q573L7","official_geometry_provider":"NLSC-I3S","official_geometry_node":104529,"official_geometry_resource":104529,"official_geometry_definition":0,"official_geometry_validation_m":0.1774635966242564,"official_height_floors":3,"official_height_h_source_code":"0","official_height_h_extraction_code":"0"}},{"type":"Feature","id":"nlsc3d-1KG3T573JX","geometry":{"type":"Polygon","coordinates":[[[120.20734407,23.02792181],[120.20753175,23.02793477],[120.20753485,23.02789807],[120.20734727,23.0278851],[120.20734407,23.02792181]]]},"properties":{"building_uid":"nlsc3d-1KG3T573JX","source_id":"1KG3T573JX","building_source":"NLSC-3D-geometry","source_version":"67fec239-0993-40d8-8f4c-45dfff595538","source_license":"Government-Open-Data-TW-1.0","geometry_quality":"source-footprint","height":9.39,"render_height":9.39,"height_quality":"reported","height_source":"NLSC 3D BUILD_H","height_known":true,"min_height":0,"official_height_provider":"NLSC-3D","official_height_building_id":"1KG3T573JX","official_geometry_provider":"NLSC-I3S","official_geometry_node":104529,"official_geometry_resource":104529,"official_geometry_definition":0,"official_geometry_validation_m":0.18631962733968904,"official_height_floors":3,"official_height_h_source_code":"0","official_height_h_extraction_code":"0"}},{"type":"Feature","id":"nlsc3d-1KG3X573HN","geometry":{"type":"Polygon","coordinates":[[[120.20734751,23.02788503],[120.20753509,23.0278981],[120.20753829,23.02786099],[120.20735071,23.02784793],[120.20734751,23.02788503]]]},"properties":{"building_uid":"nlsc3d-1KG3X573HN","source_id":"1KG3X573HN","building_source":"NLSC-3D-geometry","source_version":"67fec239-0993-40d8-8f4c-45dfff595538","source_license":"Government-Open-Data-TW-1.0","geometry_quality":"source-footprint","height":9.41,"render_height":9.41,"height_quality":"reported","height_source":"NLSC 3D BUILD_H","height_known":true,"min_height":0,"official_height_provider":"NLSC-3D","official_height_building_id":"1KG3X573HN","official_geometry_provider":"NLSC-I3S","official_geometry_node":104529,"official_geometry_resource":104529,"official_geometry_definition":0,"official_geometry_validation_m":0.18981825372295807,"official_height_floors":3,"official_height_h_source_code":"0","official_height_h_extraction_code":"0"}},{"type":"Feature","id":"nlsc3d-1KFWC573CV","geometry":{"type":"Polygon","coordinates":[[[120.20717497,23.02776099],[120.20735893,23.02777387],[120.20736477,23.02770796],[120.20718061,23.02769529],[120.20717497,23.02776099]]]},"properties":{"building_uid":"nlsc3d-1KFWC573CV","source_id":"1KFWC573CV","building_source":"NLSC-3D-geometry","source_version":"67fec239-0993-40d8-8f4c-45dfff595538","source_license":"Government-Open-Data-TW-1.0","geometry_quality":"source-footprint","height":9.42,"render_height":9.42,"height_quality":"reported","height_source":"NLSC 3D BUILD_H","height_known":true,"min_height":0,"official_height_provider":"NLSC-3D","official_height_building_id":"1KFWC573CV","official_geometry_provider":"NLSC-I3S","official_geometry_node":104483,"official_geometry_resource":104483,"official_geometry_definition":0,"official_geometry_validation_m":0.1861303483458387,"official_height_floors":3,"official_height_h_source_code":"0","official_height_h_extraction_code":"0"}},{"type":"Feature","id":"nlsc3d-1KFX157351","geometry":{"type":"Polygon","coordinates":[[[120.20719711,23.02751803],[120.20738168,23.027531],[120.20738488,23.0274949],[120.20720012,23.02748212],[120.20719711,23.02751803]]]},"properties":{"building_uid":"nlsc3d-1KFX157351","source_id":"1KFX157351","building_source":"NLSC-3D-geometry","source_version":"67fec239-0993-40d8-8f4c-45dfff595538","source_license":"Government-Open-Data-TW-1.0","geometry_quality":"source-footprint","height":9.28,"render_height":9.28,"height_quality":"reported","height_source":"NLSC 3D BUILD_H","height_known":true,"min_height":0,"official_height_provider":"NLSC-3D","official_height_building_id":"1KFX157351","official_geometry_provider":"NLSC-I3S","official_geometry_node":104483,"official_geometry_resource":104483,"official_geometry_definition":0,"official_geometry_validation_m":0.18289055114537398,"official_height_floors":3,"official_height_h_source_code":"0","official_height_h_extraction_code":"0"}},{"type":"Feature","id":"nlsc3d-1KFWV5736A","geometry":{"type":"Polygon","coordinates":[[[120.20719367,23.02755568],[120.20737814,23.02756856],[120.20738143,23.02753095],[120.20719687,23.02751808],[120.20719367,23.02755568]]]},"properties":{"building_uid":"nlsc3d-1KFWV5736A","source_id":"1KFWV5736A","building_source":"NLSC-3D-geometry","source_version":"67fec239-0993-40d8-8f4c-45dfff595538","source_license":"Government-Open-Data-TW-1.0","geometry_quality":"source-footprint","height":9.28,"render_height":9.28,"height_quality":"reported","height_source":"NLSC 3D BUILD_H","height_known":true,"min_height":0,"official_height_provider":"NLSC-3D","official_height_building_id":"1KFWV5736A","official_geometry_provider":"NLSC-I3S","official_geometry_node":104483,"official_geometry_resource":104483,"official_geometry_definition":0,"official_geometry_validation_m":0.1907083817395106,"official_height_floors":3,"official_height_h_source_code":"0","official_height_h_extraction_code":"0"}},{"type":"Feature","id":"nlsc3d-1KFWS5737J","geometry":{"type":"Polygon","coordinates":[[[120.20719036,23.02759184],[120.20737472,23.02760442],[120.20737793,23.02756852],[120.20719347,23.02755574],[120.20719036,23.02759184]]]},"properties":{"building_uid":"nlsc3d-1KFWS5737J","source_id":"1KFWS5737J","building_source":"NLSC-3D-geometry","source_version":"67fec239-0993-40d8-8f4c-45dfff595538","source_license":"Government-Open-Data-TW-1.0","geometry_quality":"source-footprint","height":9.25,"render_height":9.25,"height_quality":"reported","height_source":"NLSC 3D BUILD_H","height_known":true,"min_height":0,"official_height_provider":"NLSC-3D","official_height_building_id":"1KFWS5737J","official_geometry_provider":"NLSC-I3S","official_geometry_node":104483,"official_geometry_resource":104483,"official_geometry_definition":0,"official_geometry_validation_m":0.1994607517958248,"official_height_floors":3,"official_height_h_source_code":"0","official_height_h_extraction_code":"0"}},{"type":"Feature","id":"nlsc3d-1KFX45733Q","geometry":{"type":"Polygon","coordinates":[[[120.2072035,23.02744534],[120.2072004,23.02748205],[120.20738507,23.02749492],[120.20738826,23.02745742],[120.20728196,23.02745075],[120.20729271,23.0274507],[120.2072035,23.02744534]]]},"properties":{"building_uid":"nlsc3d-1KFX45733Q","source_id":"1KFX45733Q","building_source":"NLSC-3D-geometry","source_version":"67fec239-0993-40d8-8f4c-45dfff595538","source_license":"Government-Open-Data-TW-1.0","geometry_quality":"source-footprint","height":9.28,"render_height":9.28,"height_quality":"reported","height_source":"NLSC 3D BUILD_H","height_known":true,"min_height":0,"official_height_provider":"NLSC-3D","official_height_building_id":"1KFX45733Q","official_geometry_provider":"NLSC-I3S","official_geometry_node":104483,"official_geometry_resource":104483,"official_geometry_definition":0,"official_geometry_validation_m":0.17323779523451044,"official_height_floors":3,"official_height_h_source_code":"0","official_height_h_extraction_code":"0"}},{"type":"Feature","id":"nlsc3d-1KFX75732F","geometry":{"type":"Polygon","coordinates":[[[120.20729298,23.02745068],[120.20728223,23.02745073],[120.20738843,23.0274574],[120.20739063,23.0274206],[120.20720697,23.02740802],[120.20720377,23.02744533],[120.20729298,23.02745068]]]},"properties":{"building_uid":"nlsc3d-1KFX75732F","source_id":"1KFX75732F","building_source":"NLSC-3D-geometry","source_version":"67fec239-0993-40d8-8f4c-45dfff595538","source_license":"Government-Open-Data-TW-1.0","geometry_quality":"source-footprint","height":9.46,"render_height":9.46,"height_quality":"reported","height_source":"NLSC 3D BUILD_H","height_known":true,"min_height":0,"official_height_provider":"NLSC-3D","official_height_building_id":"1KFX75732F","official_geometry_provider":"NLSC-I3S","official_geometry_node":104485,"official_geometry_resource":104485,"official_geometry_definition":0,"official_geometry_validation_m":0.1659783884383317,"official_height_floors":3,"official_height_h_source_code":"0","official_height_h_extraction_code":"0"}},{"type":"Feature","id":"nlsc3d-1KFXL572VB","geometry":{"type":"Polygon","coordinates":[[[120.20721729,23.02729755],[120.20740144,23.02730963],[120.20740475,23.02727272],[120.20722049,23.02726024],[120.20721729,23.02729755]]]},"properties":{"building_uid":"nlsc3d-1KFXL572VB","source_id":"1KFXL572VB","building_source":"NLSC-3D-geometry","source_version":"67fec239-0993-40d8-8f4c-45dfff595538","source_license":"Government-Open-Data-TW-1.0","geometry_quality":"source-footprint","height":9.55,"render_height":9.55,"height_quality":"reported","height_source":"NLSC 3D BUILD_H","height_known":true,"min_height":0,"official_height_provider":"NLSC-3D","official_height_building_id":"1KFXL572VB","official_geometry_provider":"NLSC-I3S","official_geometry_node":104485,"official_geometry_resource":104485,"official_geometry_definition":0,"official_geometry_validation_m":0.2058952730183061,"official_height_floors":3,"official_height_h_source_code":"0","official_height_h_extraction_code":"0"}},{"type":"Feature","id":"nlsc3d-1KFXD572XV","geometry":{"type":"Polygon","coordinates":[[[120.20721052,23.02737155],[120.20739438,23.02738383],[120.20739768,23.02734653],[120.20721372,23.02733405],[120.20721052,23.02737155]]]},"properties":{"building_uid":"nlsc3d-1KFXD572XV","source_id":"1KFXD572XV","building_source":"NLSC-3D-geometry","source_version":"67fec239-0993-40d8-8f4c-45dfff595538","source_license":"Government-Open-Data-TW-1.0","geometry_quality":"source-footprint","height":9.49,"render_height":9.49,"height_quality":"reported","height_source":"NLSC 3D BUILD_H","height_known":true,"min_height":0,"official_height_provider":"NLSC-3D","official_height_building_id":"1KFXD572XV","official_geometry_provider":"NLSC-I3S","official_geometry_node":104485,"official_geometry_resource":104485,"official_geometry_definition":0,"official_geometry_validation_m":0.19649671071888355,"official_height_floors":3,"official_height_h_source_code":"0","official_height_h_extraction_code":"0"}},{"type":"Feature","id":"nlsc3d-1KFXH572WL","geometry":{"type":"Polygon","coordinates":[[[120.20721395,23.02733401],[120.20739791,23.02734659],[120.20740121,23.02730968],[120.20721705,23.0272976],[120.20721395,23.02733401]]]},"properties":{"building_uid":"nlsc3d-1KFXH572WL","source_id":"1KFXH572WL","building_source":"NLSC-3D-geometry","source_version":"67fec239-0993-40d8-8f4c-45dfff595538","source_license":"Government-Open-Data-TW-1.0","geometry_quality":"source-footprint","height":9.46,"render_height":9.46,"height_quality":"reported","height_source":"NLSC 3D BUILD_H","height_known":true,"min_height":0,"official_height_provider":"NLSC-3D","official_height_building_id":"1KFXH572WL","official_geometry_provider":"NLSC-I3S","official_geometry_node":104485,"official_geometry_resource":104485,"official_geometry_definition":0,"official_geometry_validation_m":0.172324809385642,"official_height_floors":3,"official_height_h_source_code":"0","official_height_h_extraction_code":"0"}},{"type":"Feature","id":"nlsc3d-1KFXS572SS","geometry":{"type":"Polygon","coordinates":[[[120.20722405,23.02722357],[120.20740841,23.02723604],[120.20741171,23.02719894],[120.20722725,23.02718646],[120.20722405,23.02722357]]]},"properties":{"building_uid":"nlsc3d-1KFXS572SS","source_id":"1KFXS572SS","building_source":"NLSC-3D-geometry","source_version":"67fec239-0993-40d8-8f4c-45dfff595538","source_license":"Government-Open-Data-TW-1.0","geometry_quality":"source-footprint","height":9.54,"render_height":9.54,"height_quality":"reported","height_source":"NLSC 3D BUILD_H","height_known":true,"min_height":0,"official_height_provider":"NLSC-3D","official_height_building_id":"1KFXS572SS","official_geometry_provider":"NLSC-I3S","official_geometry_node":104485,"official_geometry_resource":104485,"official_geometry_definition":0,"official_geometry_validation_m":0.19158653483953575,"official_height_floors":3,"official_height_h_source_code":"0","official_height_h_extraction_code":"0"}},{"type":"Feature","id":"nlsc3d-1KFXP572U3","geometry":{"type":"Polygon","coordinates":[[[120.2072207,23.02726025],[120.20740496,23.02727272],[120.20740826,23.02723602],[120.2072238,23.02722364],[120.2072207,23.02726025]]]},"properties":{"building_uid":"nlsc3d-1KFXP572U3","source_id":"1KFXP572U3","building_source":"NLSC-3D-geometry","source_version":"67fec239-0993-40d8-8f4c-45dfff595538","source_license":"Government-Open-Data-TW-1.0","geometry_quality":"source-footprint","height":9.56,"render_height":9.56,"height_quality":"reported","height_source":"NLSC 3D BUILD_H","height_known":true,"min_height":0,"official_height_provider":"NLSC-3D","official_height_building_id":"1KFXP572U3","official_geometry_provider":"NLSC-I3S","official_geometry_node":104485,"official_geometry_resource":104485,"official_geometry_definition":0,"official_geometry_validation_m":0.18754953221809703,"official_height_floors":3,"official_height_h_source_code":"0","official_height_h_extraction_code":"0"}},{"type":"Feature","id":"nlsc3d-1KFXW572RH","geometry":{"type":"Polygon","coordinates":[[[120.20722745,23.02718646],[120.20741191,23.02719894],[120.20741531,23.02716173],[120.20723055,23.02714946],[120.20722745,23.02718646]]]},"properties":{"building_uid":"nlsc3d-1KFXW572RH","source_id":"1KFXW572RH","building_source":"NLSC-3D-geometry","source_version":"67fec239-0993-40d8-8f4c-45dfff595538","source_license":"Government-Open-Data-TW-1.0","geometry_quality":"source-footprint","height":9.35,"render_height":9.35,"height_quality":"reported","height_source":"NLSC 3D BUILD_H","height_known":true,"min_height":0,"official_height_provider":"NLSC-3D","official_height_building_id":"1KFXW572RH","official_geometry_provider":"NLSC-I3S","official_geometry_node":104485,"official_geometry_resource":104485,"official_geometry_definition":0,"official_geometry_validation_m":0.17930408824155472,"official_height_floors":3,"official_height_h_source_code":"0","official_height_h_extraction_code":"0"}},{"type":"Feature","id":"nlsc3d-1KFXA57316","geometry":{"type":"Polygon","coordinates":[[[120.20720718,23.02740801],[120.20739084,23.02742059],[120.20739414,23.02738388],[120.20721029,23.0273716],[120.20720718,23.02740801]]]},"properties":{"building_uid":"nlsc3d-1KFXA57316","source_id":"1KFXA57316","building_source":"NLSC-3D-geometry","source_version":"67fec239-0993-40d8-8f4c-45dfff595538","source_license":"Government-Open-Data-TW-1.0","geometry_quality":"source-footprint","height":9.46,"render_height":9.46,"height_quality":"reported","height_source":"NLSC 3D BUILD_H","height_known":true,"min_height":0,"official_height_provider":"NLSC-3D","official_height_building_id":"1KFXA57316","official_geometry_provider":"NLSC-I3S","official_geometry_node":104485,"official_geometry_resource":104485,"official_geometry_definition":0,"official_geometry_validation_m":0.17854644280842952,"official_height_floors":3,"official_height_h_source_code":"0","official_height_h_extraction_code":"0"}},{"type":"Feature","id":"nlsc3d-1KG01572Q8","geometry":{"type":"Polygon","coordinates":[[[120.20723083,23.02714945],[120.20741549,23.02716173],[120.2074187,23.02712572],[120.20723394,23.02711325],[120.20723083,23.02714945]]]},"properties":{"building_uid":"nlsc3d-1KG01572Q8","source_id":"1KG01572Q8","building_source":"NLSC-3D-geometry","source_version":"67fec239-0993-40d8-8f4c-45dfff595538","source_license":"Government-Open-Data-TW-1.0","geometry_quality":"source-footprint","height":9.42,"render_height":9.42,"height_quality":"reported","height_source":"NLSC 3D BUILD_H","height_known":true,"min_height":0,"official_height_provider":"NLSC-3D","official_height_building_id":"1KG01572Q8","official_geometry_provider":"NLSC-I3S","official_geometry_node":104475,"official_geometry_resource":104475,"official_geometry_definition":0,"official_geometry_validation_m":0.19532009136562997,"official_height_floors":3,"official_height_h_source_code":"0","official_height_h_extraction_code":"0"}},{"type":"Feature","id":"nlsc3d-1KG04572NX","geometry":{"type":"Polygon","coordinates":[[[120.20723735,23.02707512],[120.20723415,23.02711323],[120.20741891,23.0271257],[120.20742231,23.0270878],[120.20739958,23.02708621],[120.20723735,23.02707512]]]},"properties":{"building_uid":"nlsc3d-1KG04572NX","source_id":"1KG04572NX","building_source":"NLSC-3D-geometry","source_version":"67fec239-0993-40d8-8f4c-45dfff595538","source_license":"Government-Open-Data-TW-1.0","geometry_quality":"source-footprint","height":9.47,"render_height":9.47,"height_quality":"reported","height_source":"NLSC 3D BUILD_H","height_known":true,"min_height":0,"official_height_provider":"NLSC-3D","official_height_building_id":"1KG04572NX","official_geometry_provider":"NLSC-I3S","official_geometry_node":104475,"official_geometry_resource":104475,"official_geometry_definition":0,"official_geometry_validation_m":0.1956689950118478,"official_height_floors":3,"official_height_h_source_code":"0","official_height_h_extraction_code":"0"}},{"type":"Feature","id":"nlsc3d-1KG0M572JU","geometry":{"type":"Polygon","coordinates":[[[120.20731722,23.02708051],[120.20735926,23.0270834],[120.20737357,23.0268832],[120.20733103,23.02688221],[120.20731722,23.02708051]]]},"properties":{"building_uid":"nlsc3d-1KG0M572JU","source_id":"1KG0M572JU","building_source":"NLSC-3D-geometry","source_version":"67fec239-0993-40d8-8f4c-45dfff595538","source_license":"Government-Open-Data-TW-1.0","geometry_quality":"source-footprint","height":9.51,"render_height":9.51,"height_quality":"reported","height_source":"NLSC 3D BUILD_H","height_known":true,"min_height":0,"official_height_provider":"NLSC-3D","official_height_building_id":"1KG0M572JU","official_geometry_provider":"NLSC-I3S","official_geometry_node":104475,"official_geometry_resource":104475,"official_geometry_definition":0,"official_geometry_validation_m":0.20208418494991257,"official_height_floors":3,"official_height_h_source_code":"0","official_height_h_extraction_code":"0"}},{"type":"Feature","id":"nlsc3d-1KFXA572JS","geometry":{"type":"Polygon","coordinates":[[[120.20727535,23.02707744],[120.2073174,23.02708033],[120.20733121,23.02688193],[120.20728958,23.02688093],[120.20727535,23.02707744]]]},"properties":{"building_uid":"nlsc3d-1KFXA572JS","source_id":"1KFXA572JS","building_source":"NLSC-3D-geometry","source_version":"67fec239-0993-40d8-8f4c-45dfff595538","source_license":"Government-Open-Data-TW-1.0","geometry_quality":"source-footprint","height":9.59,"render_height":9.59,"height_quality":"reported","height_source":"NLSC 3D BUILD_H","height_known":true,"min_height":0,"official_height_provider":"NLSC-3D","official_height_building_id":"1KFXA572JS","official_geometry_provider":"NLSC-I3S","official_geometry_node":104475,"official_geometry_resource":104475,"official_geometry_definition":0,"official_geometry_validation_m":0.17262495160378316,"official_height_floors":3,"official_height_h_source_code":"0","official_height_h_extraction_code":"0"}},{"type":"Feature","id":"nlsc3d-1KFW1572JV","geometry":{"type":"Polygon","coordinates":[[[120.2072431,23.0269692],[120.20723849,23.02702281],[120.20723969,23.0270229],[120.20724033,23.02702769],[120.20724244,23.02702778],[120.20723849,23.02707469],[120.2072755,23.0270772],[120.20728983,23.0268807],[120.20728983,23.02688069],[120.20727837,23.02688045],[120.20725338,23.02690507],[120.20725264,23.02691587],[120.20724771,23.02691559],[120.2072431,23.0269692]],[[120.20728982921676,23.026880700740687],[120.20728982921676,23.026880700740694],[120.20725264,23.02691587],[120.20728982921676,23.026880700740687]]]},"properties":{"building_uid":"nlsc3d-1KFW1572JV","source_id":"1KFW1572JV","building_source":"NLSC-3D-geometry","source_version":"67fec239-0993-40d8-8f4c-45dfff595538","source_license":"Government-Open-Data-TW-1.0","geometry_quality":"source-footprint","height":9.43,"render_height":9.43,"height_quality":"reported","height_source":"NLSC 3D BUILD_H","height_known":true,"min_height":0,"official_height_provider":"NLSC-3D","official_height_building_id":"1KFW1572JV","official_geometry_provider":"NLSC-I3S","official_geometry_node":104475,"official_geometry_resource":104475,"official_geometry_definition":0,"official_geometry_validation_m":0.48747094699647975,"official_height_floors":3,"official_height_h_source_code":"0","official_height_h_extraction_code":"0"}},{"type":"Feature","id":"nlsc3d-1KG4W5735F","geometry":{"type":"Polygon","coordinates":[[[120.20738064,23.02753195],[120.20756731,23.02754502],[120.20757042,23.02750872],[120.20738374,23.02749585],[120.20738064,23.02753195]]]},"properties":{"building_uid":"nlsc3d-1KG4W5735F","source_id":"1KG4W5735F","building_source":"NLSC-3D-geometry","source_version":"67fec239-0993-40d8-8f4c-45dfff595538","source_license":"Government-Open-Data-TW-1.0","geometry_quality":"source-footprint","height":9.26,"render_height":9.26,"height_quality":"reported","height_source":"NLSC 3D BUILD_H","height_known":true,"min_height":0,"official_height_provider":"NLSC-3D","official_height_building_id":"1KG4W5735F","official_geometry_provider":"NLSC-I3S","official_geometry_node":104467,"official_geometry_resource":104467,"official_geometry_definition":0,"official_geometry_validation_m":0.1757821281075809,"official_height_floors":3,"official_height_h_source_code":"0","official_height_h_extraction_code":"0"}},{"type":"Feature","id":"nlsc3d-1KG5157346","geometry":{"type":"Polygon","coordinates":[[[120.20738402,23.02749581],[120.2075706,23.02750878],[120.20757389,23.02747077],[120.20738722,23.02745841],[120.20738402,23.02749581]]]},"properties":{"building_uid":"nlsc3d-1KG5157346","source_id":"1KG5157346","building_source":"NLSC-3D-geometry","source_version":"67fec239-0993-40d8-8f4c-45dfff595538","source_license":"Government-Open-Data-TW-1.0","geometry_quality":"source-footprint","height":9.19,"render_height":9.19,"height_quality":"reported","height_source":"NLSC 3D BUILD_H","height_known":true,"min_height":0,"official_height_provider":"NLSC-3D","official_height_building_id":"1KG5157346","official_geometry_provider":"NLSC-I3S","official_geometry_node":104467,"official_geometry_resource":104467,"official_geometry_definition":0,"official_geometry_validation_m":0.1620356137041494,"official_height_floors":3,"official_height_h_source_code":"0","official_height_h_extraction_code":"0"}},{"type":"Feature","id":"nlsc3d-1KG4L57399","geometry":{"type":"Polygon","coordinates":[[[120.20737027,23.02764246],[120.20755724,23.02765543],[120.20756044,23.02761802],[120.20737347,23.02760536],[120.20737027,23.02764246]]]},"properties":{"building_uid":"nlsc3d-1KG4L57399","source_id":"1KG4L57399","building_source":"NLSC-3D-geometry","source_version":"67fec239-0993-40d8-8f4c-45dfff595538","source_license":"Government-Open-Data-TW-1.0","geometry_quality":"source-footprint","height":9.26,"render_height":9.26,"height_quality":"reported","height_source":"NLSC 3D BUILD_H","height_known":true,"min_height":0,"official_height_provider":"NLSC-3D","official_height_building_id":"1KG4L57399","official_geometry_provider":"NLSC-I3S","official_geometry_node":104467,"official_geometry_resource":104467,"official_geometry_definition":0,"official_geometry_validation_m":0.17244861714862975,"official_height_floors":3,"official_height_h_source_code":"0","official_height_h_extraction_code":"0"}},{"type":"Feature","id":"nlsc3d-1KG4P57381","geometry":{"type":"Polygon","coordinates":[[[120.20737375,23.02760533],[120.20756063,23.027618],[120.20756374,23.02758249],[120.20737686,23.02756953],[120.20737375,23.02760533]]]},"properties":{"building_uid":"nlsc3d-1KG4P57381","source_id":"1KG4P57381","building_source":"NLSC-3D-geometry","source_version":"67fec239-0993-40d8-8f4c-45dfff595538","source_license":"Government-Open-Data-TW-1.0","geometry_quality":"source-footprint","height":9.32,"render_height":9.32,"height_quality":"reported","height_source":"NLSC 3D BUILD_H","height_known":true,"min_height":0,"official_height_provider":"NLSC-3D","official_height_building_id":"1KG4P57381","official_geometry_provider":"NLSC-I3S","official_geometry_node":104467,"official_geometry_resource":104467,"official_geometry_definition":0,"official_geometry_validation_m":0.19830914565457547,"official_height_floors":3,"official_height_h_source_code":"0","official_height_h_extraction_code":"0"}},{"type":"Feature","id":"nlsc3d-1KG4T5736Q","geometry":{"type":"Polygon","coordinates":[[[120.20737712,23.02756948],[120.2075639,23.02758255],[120.20756709,23.02754504],[120.20738042,23.02753198],[120.20737712,23.02756948]]]},"properties":{"building_uid":"nlsc3d-1KG4T5736Q","source_id":"1KG4T5736Q","building_source":"NLSC-3D-geometry","source_version":"67fec239-0993-40d8-8f4c-45dfff595538","source_license":"Government-Open-Data-TW-1.0","geometry_quality":"source-footprint","height":9.27,"render_height":9.27,"height_quality":"reported","height_source":"NLSC 3D BUILD_H","height_known":true,"min_height":0,"official_height_provider":"NLSC-3D","official_height_building_id":"1KG4T5736Q","official_geometry_provider":"NLSC-I3S","official_geometry_node":104467,"official_geometry_resource":104467,"official_geometry_definition":0,"official_geometry_validation_m":0.18588939365396961,"official_height_floors":3,"official_height_h_source_code":"0","official_height_h_extraction_code":"0"}},{"type":"Feature","id":"nlsc3d-1KG5T572RW","geometry":{"type":"Polygon","coordinates":[[[120.20741094,23.02719988],[120.20759772,23.02721254],[120.20760091,23.02717504],[120.20741424,23.02716267],[120.20741094,23.02719988]]]},"properties":{"building_uid":"nlsc3d-1KG5T572RW","source_id":"1KG5T572RW","building_source":"NLSC-3D-geometry","source_version":"67fec239-0993-40d8-8f4c-45dfff595538","source_license":"Government-Open-Data-TW-1.0","geometry_quality":"source-footprint","height":9.32,"render_height":9.32,"height_quality":"reported","height_source":"NLSC 3D BUILD_H","height_known":true,"min_height":0,"official_height_provider":"NLSC-3D","official_height_building_id":"1KG5T572RW","official_geometry_provider":"NLSC-I3S","official_geometry_node":104469,"official_geometry_resource":104469,"official_geometry_definition":0,"official_geometry_validation_m":0.1717614039460285,"official_height_floors":3,"official_height_h_source_code":"0","official_height_h_extraction_code":"0"}},{"type":"Feature","id":"nlsc3d-1KG5A5730B","geometry":{"type":"Polygon","coordinates":[[[120.20739333,23.02738482],[120.2075808,23.02739738],[120.207584,23.02736018],[120.20739663,23.02734751],[120.20739333,23.02738482]]]},"properties":{"building_uid":"nlsc3d-1KG5A5730B","source_id":"1KG5A5730B","building_source":"NLSC-3D-geometry","source_version":"67fec239-0993-40d8-8f4c-45dfff595538","source_license":"Government-Open-Data-TW-1.0","geometry_quality":"source-footprint","height":9.17,"render_height":9.17,"height_quality":"reported","height_source":"NLSC 3D BUILD_H","height_known":true,"min_height":0,"official_height_provider":"NLSC-3D","official_height_building_id":"1KG5A5730B","official_geometry_provider":"NLSC-I3S","official_geometry_node":104469,"official_geometry_resource":104469,"official_geometry_definition":0,"official_geometry_validation_m":0.1899604999871355,"official_height_floors":3,"official_height_h_source_code":"0","official_height_h_extraction_code":"0"}},{"type":"Feature","id":"nlsc3d-1KG5L572UG","geometry":{"type":"Polygon","coordinates":[[[120.20740391,23.0272736],[120.20759099,23.02728626],[120.20759409,23.02724956],[120.20740712,23.02723699],[120.20740391,23.0272736]]]},"properties":{"building_uid":"nlsc3d-1KG5L572UG","source_id":"1KG5L572UG","building_source":"NLSC-3D-geometry","source_version":"67fec239-0993-40d8-8f4c-45dfff595538","source_license":"Government-Open-Data-TW-1.0","geometry_quality":"source-footprint","height":9.35,"render_height":9.35,"height_quality":"reported","height_source":"NLSC 3D BUILD_H","height_known":true,"min_height":0,"official_height_provider":"NLSC-3D","official_height_building_id":"1KG5L572UG","official_geometry_provider":"NLSC-I3S","official_geometry_node":104469,"official_geometry_resource":104469,"official_geometry_definition":0,"official_geometry_validation_m":0.1772171822326098,"official_height_floors":3,"official_height_h_source_code":"0","official_height_h_extraction_code":"0"}},{"type":"Feature","id":"nlsc3d-1KG5E572X2","geometry":{"type":"Polygon","coordinates":[[[120.20739688,23.02734744],[120.20758426,23.0273602],[120.20758745,23.0273229],[120.20740018,23.02731064],[120.20739688,23.02734744]]]},"properties":{"building_uid":"nlsc3d-1KG5E572X2","source_id":"1KG5E572X2","building_source":"NLSC-3D-geometry","source_version":"67fec239-0993-40d8-8f4c-45dfff595538","source_license":"Government-Open-Data-TW-1.0","geometry_quality":"source-footprint","height":9.31,"render_height":9.31,"height_quality":"reported","height_source":"NLSC 3D BUILD_H","height_known":true,"min_height":0,"official_height_provider":"NLSC-3D","official_height_building_id":"1KG5E572X2","official_geometry_provider":"NLSC-I3S","official_geometry_node":104469,"official_geometry_resource":104469,"official_geometry_definition":0,"official_geometry_validation_m":0.16654289431415137,"official_height_floors":3,"official_height_h_source_code":"0","official_height_h_extraction_code":"0"}},{"type":"Feature","id":"nlsc3d-1KG5Q572T8","geometry":{"type":"Polygon","coordinates":[[[120.20740741,23.02723693],[120.20759428,23.0272495],[120.20759749,23.0272126],[120.20741071,23.02719993],[120.20740741,23.02723693]]]},"properties":{"building_uid":"nlsc3d-1KG5Q572T8","source_id":"1KG5Q572T8","building_source":"NLSC-3D-geometry","source_version":"67fec239-0993-40d8-8f4c-45dfff595538","source_license":"Government-Open-Data-TW-1.0","geometry_quality":"source-footprint","height":9.31,"render_height":9.31,"height_quality":"reported","height_source":"NLSC 3D BUILD_H","height_known":true,"min_height":0,"official_height_provider":"NLSC-3D","official_height_building_id":"1KG5Q572T8","official_geometry_provider":"NLSC-I3S","official_geometry_node":104469,"official_geometry_resource":104469,"official_geometry_definition":0,"official_geometry_validation_m":0.18614657414137245,"official_height_floors":3,"official_height_h_source_code":"0","official_height_h_extraction_code":"0"}},{"type":"Feature","id":"nlsc3d-1KG5H572VR","geometry":{"type":"Polygon","coordinates":[[[120.20740039,23.02731057],[120.20758767,23.02732293],[120.20759077,23.02728633],[120.20740369,23.02727367],[120.20740039,23.02731057]]]},"properties":{"building_uid":"nlsc3d-1KG5H572VR","source_id":"1KG5H572VR","building_source":"NLSC-3D-geometry","source_version":"67fec239-0993-40d8-8f4c-45dfff595538","source_license":"Government-Open-Data-TW-1.0","geometry_quality":"source-footprint","height":9.32,"render_height":9.32,"height_quality":"reported","height_source":"NLSC 3D BUILD_H","height_known":true,"min_height":0,"official_height_provider":"NLSC-3D","official_height_building_id":"1KG5H572VR","official_geometry_provider":"NLSC-I3S","official_geometry_node":104469,"official_geometry_resource":104469,"official_geometry_definition":0,"official_geometry_validation_m":0.19880661448810583,"official_height_floors":3,"official_height_h_source_code":"0","official_height_h_extraction_code":"0"}},{"type":"Feature","id":"nlsc3d-1KG545732V","geometry":{"type":"Polygon","coordinates":[[[120.20738955,23.02742154],[120.20738746,23.02745834],[120.20757413,23.02747071],[120.20757723,23.0274343],[120.20738955,23.02742154]]]},"properties":{"building_uid":"nlsc3d-1KG545732V","source_id":"1KG545732V","building_source":"NLSC-3D-geometry","source_version":"67fec239-0993-40d8-8f4c-45dfff595538","source_license":"Government-Open-Data-TW-1.0","geometry_quality":"source-footprint","height":9.29,"render_height":9.29,"height_quality":"reported","height_source":"NLSC 3D BUILD_H","height_known":true,"min_height":0,"official_height_provider":"NLSC-3D","official_height_building_id":"1KG545732V","official_geometry_provider":"NLSC-I3S","official_geometry_node":104469,"official_geometry_resource":104469,"official_geometry_definition":0,"official_geometry_validation_m":0.22599320017146904,"official_height_floors":3,"official_height_h_source_code":"0","official_height_h_extraction_code":"0"}},{"type":"Feature","id":"nlsc3d-1KG575731L","geometry":{"type":"Polygon","coordinates":[[[120.20738985,23.02742146],[120.20757743,23.02743432],[120.20758063,23.02739731],[120.20739305,23.02738485],[120.20738985,23.02742146]]]},"properties":{"building_uid":"nlsc3d-1KG575731L","source_id":"1KG575731L","building_source":"NLSC-3D-geometry","source_version":"67fec239-0993-40d8-8f4c-45dfff595538","source_license":"Government-Open-Data-TW-1.0","geometry_quality":"source-footprint","height":9.27,"render_height":9.27,"height_quality":"reported","height_source":"NLSC 3D BUILD_H","height_known":true,"min_height":0,"official_height_provider":"NLSC-3D","official_height_building_id":"1KG575731L","official_geometry_provider":"NLSC-I3S","official_geometry_node":104469,"official_geometry_resource":104469,"official_geometry_definition":0,"official_geometry_validation_m":0.17297119664884528,"official_height_floors":3,"official_height_h_source_code":"0","official_height_h_extraction_code":"0"}},{"type":"Feature","id":"nlsc3d-1KG5W572QN","geometry":{"type":"Polygon","coordinates":[[[120.20741449,23.02716267],[120.20760116,23.02717504],[120.20760417,23.02713924],[120.2074177,23.02712667],[120.20741449,23.02716267]]]},"properties":{"building_uid":"nlsc3d-1KG5W572QN","source_id":"1KG5W572QN","building_source":"NLSC-3D-geometry","source_version":"67fec239-0993-40d8-8f4c-45dfff595538","source_license":"Government-Open-Data-TW-1.0","geometry_quality":"source-footprint","height":9.29,"render_height":9.29,"height_quality":"reported","height_source":"NLSC 3D BUILD_H","height_known":true,"min_height":0,"official_height_provider":"NLSC-3D","official_height_building_id":"1KG5W572QN","official_geometry_provider":"NLSC-I3S","official_geometry_node":104461,"official_geometry_resource":104461,"official_geometry_definition":0,"official_geometry_validation_m":0.1894375295824517,"official_height_floors":3,"official_height_h_source_code":"0","official_height_h_extraction_code":"0"}},{"type":"Feature","id":"nlsc3d-1KG62572PD","geometry":{"type":"Polygon","coordinates":[[[120.20742132,23.02708875],[120.20741792,23.02712666],[120.2076044,23.02713922],[120.20760769,23.02710152],[120.20744073,23.02709006],[120.20742132,23.02708875]]]},"properties":{"building_uid":"nlsc3d-1KG62572PD","source_id":"1KG62572PD","building_source":"NLSC-3D-geometry","source_version":"67fec239-0993-40d8-8f4c-45dfff595538","source_license":"Government-Open-Data-TW-1.0","geometry_quality":"source-footprint","height":9.46,"render_height":9.46,"height_quality":"reported","height_source":"NLSC 3D BUILD_H","height_known":true,"min_height":0,"official_height_provider":"NLSC-3D","official_height_building_id":"1KG62572PD","official_geometry_provider":"NLSC-I3S","official_geometry_node":104461,"official_geometry_resource":104461,"official_geometry_definition":0,"official_geometry_validation_m":0.19244998668470967,"official_height_floors":3,"official_height_h_source_code":"0","official_height_h_extraction_code":"0"}},{"type":"Feature","id":"nlsc3d-1KG3B572K1","geometry":{"type":"Polygon","coordinates":[[[120.20739971,23.02708668],[120.20744196,23.02708957],[120.20745745,23.02688576],[120.20741562,23.02688476],[120.20739971,23.02708668]]]},"properties":{"building_uid":"nlsc3d-1KG3B572K1","source_id":"1KG3B572K1","building_source":"NLSC-3D-geometry","source_version":"67fec239-0993-40d8-8f4c-45dfff595538","source_license":"Government-Open-Data-TW-1.0","geometry_quality":"source-footprint","height":9.44,"render_height":9.44,"height_quality":"reported","height_source":"NLSC 3D BUILD_H","height_known":true,"min_height":0,"official_height_provider":"NLSC-3D","official_height_building_id":"1KG3B572K1","official_geometry_provider":"NLSC-I3S","official_geometry_node":104461,"official_geometry_resource":104461,"official_geometry_definition":0,"official_geometry_validation_m":0.1723965336910012,"official_height_floors":3,"official_height_h_source_code":"0","official_height_h_extraction_code":"0"}},{"type":"Feature","id":"nlsc3d-1KG20572JW","geometry":{"type":"Polygon","coordinates":[[[120.20735909,23.02708369],[120.20739992,23.02708649],[120.20741583,23.02688448],[120.20737329,23.02688349],[120.20735909,23.02708369]]]},"properties":{"building_uid":"nlsc3d-1KG20572JW","source_id":"1KG20572JW","building_source":"NLSC-3D-geometry","source_version":"67fec239-0993-40d8-8f4c-45dfff595538","source_license":"Government-Open-Data-TW-1.0","geometry_quality":"source-footprint","height":9.39,"render_height":9.39,"height_quality":"reported","height_source":"NLSC 3D BUILD_H","height_known":true,"min_height":0,"official_height_provider":"NLSC-3D","official_height_building_id":"1KG20572JW","official_geometry_provider":"NLSC-I3S","official_geometry_node":104461,"official_geometry_resource":104461,"official_geometry_definition":0,"official_geometry_validation_m":0.2483336667879785,"official_height_floors":3,"official_height_h_source_code":"0","official_height_h_extraction_code":"0"}},{"type":"Feature","id":"nlsc3d-1KG61572K5","geometry":{"type":"Polygon","coordinates":[[[120.20748345,23.02709284],[120.2075263,23.02709583],[120.20754136,23.02688832],[120.20749974,23.02688733],[120.20748345,23.02709284]]]},"properties":{"building_uid":"nlsc3d-1KG61572K5","source_id":"1KG61572K5","building_source":"NLSC-3D-geometry","source_version":"67fec239-0993-40d8-8f4c-45dfff595538","source_license":"Government-Open-Data-TW-1.0","geometry_quality":"source-footprint","height":9.58,"render_height":9.58,"height_quality":"reported","height_source":"NLSC 3D BUILD_H","height_known":true,"min_height":0,"official_height_provider":"NLSC-3D","official_height_building_id":"1KG61572K5","official_geometry_provider":"NLSC-I3S","official_geometry_node":104461,"official_geometry_resource":104461,"official_geometry_definition":0,"official_geometry_validation_m":0.15295692146886988,"official_height_floors":3,"official_height_h_source_code":"0","official_height_h_extraction_code":"0"}},{"type":"Feature","id":"nlsc3d-1KG4N572K2","geometry":{"type":"Polygon","coordinates":[[[120.20744179,23.02708974],[120.20748363,23.02709263],[120.20750001,23.02688712],[120.20745728,23.02688603],[120.20744179,23.02708974]]]},"properties":{"building_uid":"nlsc3d-1KG4N572K2","source_id":"1KG4N572K2","building_source":"NLSC-3D-geometry","source_version":"67fec239-0993-40d8-8f4c-45dfff595538","source_license":"Government-Open-Data-TW-1.0","geometry_quality":"source-footprint","height":9.4,"render_height":9.4,"height_quality":"reported","height_source":"NLSC 3D BUILD_H","height_known":true,"min_height":0,"official_height_provider":"NLSC-3D","official_height_building_id":"1KG4N572K2","official_geometry_provider":"NLSC-I3S","official_geometry_node":104461,"official_geometry_resource":104461,"official_geometry_definition":0,"official_geometry_validation_m":0.2167061366675296,"official_height_floors":3,"official_height_h_source_code":"0","official_height_h_extraction_code":"0"}},{"type":"Feature","id":"nlsc3d-1KG7C572K8","geometry":{"type":"Polygon","coordinates":[[[120.20752615,23.02709599],[120.20756879,23.02709898],[120.20758264,23.02688958],[120.20754122,23.02688858],[120.20752615,23.02709599]]]},"properties":{"building_uid":"nlsc3d-1KG7C572K8","source_id":"1KG7C572K8","building_source":"NLSC-3D-geometry","source_version":"67fec239-0993-40d8-8f4c-45dfff595538","source_license":"Government-Open-Data-TW-1.0","geometry_quality":"source-footprint","height":9.5,"render_height":9.5,"height_quality":"reported","height_source":"NLSC 3D BUILD_H","height_known":true,"min_height":0,"official_height_provider":"NLSC-3D","official_height_building_id":"1KG7C572K8","official_geometry_provider":"NLSC-I3S","official_geometry_node":104461,"official_geometry_resource":104461,"official_geometry_definition":0,"official_geometry_validation_m":0.1566398194531537,"official_height_floors":3,"official_height_h_source_code":"0","official_height_h_extraction_code":"0"}},{"type":"Feature","id":"nlsc3d-1KG8R572K7","geometry":{"type":"Polygon","coordinates":[[[120.20758238,23.02688984],[120.20756863,23.02709914],[120.20756863,23.02709915],[120.20756863065395,23.027099140045177],[120.20760786,23.02710185],[120.20761181,23.02705574],[120.20761835,23.02705631],[120.20762773,23.0269419],[120.20762471,23.02694172],[120.20762702,23.02689092],[120.20758238,23.02688984]],[[120.20756863070336,23.027099139293057],[120.20756863070336,23.02709913929305],[120.20761181,23.02705574],[120.20756863070336,23.027099139293057]]]},"properties":{"building_uid":"nlsc3d-1KG8R572K7","source_id":"1KG8R572K7","building_source":"NLSC-3D-geometry","source_version":"67fec239-0993-40d8-8f4c-45dfff595538","source_license":"Government-Open-Data-TW-1.0","geometry_quality":"source-footprint","height":9.45,"render_height":9.45,"height_quality":"reported","height_source":"NLSC 3D BUILD_H","height_known":true,"min_height":0,"official_height_provider":"NLSC-3D","official_height_building_id":"1KG8R572K7","official_geometry_provider":"NLSC-I3S","official_geometry_node":104461,"official_geometry_resource":104461,"official_geometry_definition":0,"official_geometry_validation_m":0.31465258108371374,"official_height_floors":3,"official_height_h_source_code":"0","official_height_h_extraction_code":"0"}},{"type":"Feature","id":"nlsc3d-1KFR6572AN","geometry":{"type":"Polygon","coordinates":[[[120.20706215,23.02678256],[120.20713515,23.0267835],[120.20716933,23.02678263],[120.20717079,23.02670645],[120.20705667,23.02670492],[120.20705671,23.02677989],[120.20706215,23.02678256]]]},"properties":{"building_uid":"nlsc3d-1KFR6572AN","source_id":"1KFR6572AN","building_source":"NLSC-3D-geometry","source_version":"67fec239-0993-40d8-8f4c-45dfff595538","source_license":"Government-Open-Data-TW-1.0","geometry_quality":"source-footprint","height":10.28,"render_height":10.28,"height_quality":"reported","height_source":"NLSC 3D BUILD_H","height_known":true,"min_height":0,"official_height_provider":"NLSC-3D","official_height_building_id":"1KFR6572AN","official_geometry_provider":"NLSC-I3S","official_geometry_node":104477,"official_geometry_resource":104477,"official_geometry_definition":0,"official_geometry_validation_m":0.23236611360283346,"official_height_floors":3,"official_height_h_source_code":"0","official_height_h_extraction_code":"0"}},{"type":"Feature","id":"nlsc3d-1KFUC5727U","geometry":{"type":"Polygon","coordinates":[[[120.20717235,23.02661994],[120.20717075,23.02670692],[120.2072547,23.0267081],[120.2072564,23.02662122],[120.20721307,23.02662044],[120.20717235,23.02661994]]]},"properties":{"building_uid":"nlsc3d-1KFUC5727U","source_id":"1KFUC5727U","building_source":"NLSC-3D-geometry","source_version":"67fec239-0993-40d8-8f4c-45dfff595538","source_license":"Government-Open-Data-TW-1.0","geometry_quality":"source-footprint","height":9.44,"render_height":9.44,"height_quality":"reported","height_source":"NLSC 3D BUILD_H","height_known":true,"min_height":0,"official_height_provider":"NLSC-3D","official_height_building_id":"1KFUC5727U","official_geometry_provider":"NLSC-I3S","official_geometry_node":104477,"official_geometry_resource":104477,"official_geometry_definition":0,"official_geometry_validation_m":0.18893774699442187,"official_height_floors":3,"official_height_h_source_code":"0","official_height_h_extraction_code":"0"}},{"type":"Feature","id":"nlsc3d-1KFRB5727V","geometry":{"type":"Polygon","coordinates":[[[120.20706969,23.02664288],[120.20706272,23.02665351],[120.20705902,23.02667442],[120.2070571,23.02668923],[120.20705719,23.02670482],[120.20717121,23.02670646],[120.20717291,23.02661937],[120.2071345,23.02661877],[120.20709276,23.02661608],[120.20706969,23.02664288]]]},"properties":{"building_uid":"nlsc3d-1KFRB5727V","source_id":"1KFRB5727V","building_source":"NLSC-3D-geometry","source_version":"67fec239-0993-40d8-8f4c-45dfff595538","source_license":"Government-Open-Data-TW-1.0","geometry_quality":"source-footprint","height":5.98,"render_height":5.98,"height_quality":"reported","height_source":"NLSC 3D BUILD_H","height_known":true,"min_height":0,"official_height_provider":"NLSC-3D","official_height_building_id":"1KFRB5727V","official_geometry_provider":"NLSC-I3S","official_geometry_node":104477,"official_geometry_resource":104477,"official_geometry_definition":0,"official_geometry_validation_m":0.3501987146516882,"official_height_floors":2,"official_height_h_source_code":"0","official_height_h_extraction_code":"0"}},{"type":"Feature","id":"nlsc3d-1KFX25727W","geometry":{"type":"Polygon","coordinates":[[[120.2072559,23.02662166],[120.2072543,23.02670844],[120.20733756,23.02670963],[120.20733916,23.02662305],[120.20730256,23.02662243],[120.2072559,23.02662166]]]},"properties":{"building_uid":"nlsc3d-1KFX25727W","source_id":"1KFX25727W","building_source":"NLSC-3D-geometry","source_version":"67fec239-0993-40d8-8f4c-45dfff595538","source_license":"Government-Open-Data-TW-1.0","geometry_quality":"source-footprint","height":9.69,"render_height":9.69,"height_quality":"reported","height_source":"NLSC 3D BUILD_H","height_known":true,"min_height":0,"official_height_provider":"NLSC-3D","official_height_building_id":"1KFX25727W","official_geometry_provider":"NLSC-I3S","official_geometry_node":104477,"official_geometry_resource":104477,"official_geometry_definition":0,"official_geometry_validation_m":0.18755979140486873,"official_height_floors":3,"official_height_h_source_code":"0","official_height_h_extraction_code":"0"}},{"type":"Feature","id":"nlsc3d-1KFUB572AW","geometry":{"type":"Polygon","coordinates":[[[120.20717067,23.02678306],[120.20717045,23.02679705],[120.20721339,23.02679764],[120.20721337,23.02679564],[120.2072525,23.02679764],[120.20725418,23.02670807],[120.20717022,23.02670698],[120.20716876,23.02678307],[120.20717067,23.02678306]]]},"properties":{"building_uid":"nlsc3d-1KFUB572AW","source_id":"1KFUB572AW","building_source":"NLSC-3D-geometry","source_version":"67fec239-0993-40d8-8f4c-45dfff595538","source_license":"Government-Open-Data-TW-1.0","geometry_quality":"source-footprint","height":9.44,"render_height":9.44,"height_quality":"reported","height_source":"NLSC 3D BUILD_H","height_known":true,"min_height":0,"official_height_provider":"NLSC-3D","official_height_building_id":"1KFUB572AW","official_geometry_provider":"NLSC-I3S","official_geometry_node":104477,"official_geometry_resource":104477,"official_geometry_definition":0,"official_geometry_validation_m":0.19427064086523615,"official_height_floors":3,"official_height_h_source_code":"0","official_height_h_extraction_code":"0"}},{"type":"Feature","id":"nlsc3d-1KFWX572AV","geometry":{"type":"Polygon","coordinates":[[[120.2073354,23.02679032],[120.20733704,23.02670963],[120.20725378,23.02670855],[120.2072521,23.02679803],[120.20726527,23.02679866],[120.20729906,23.02679909],[120.2072983,23.0267901],[120.2073354,23.02679032]]]},"properties":{"building_uid":"nlsc3d-1KFWX572AV","source_id":"1KFWX572AV","building_source":"NLSC-3D-geometry","source_version":"67fec239-0993-40d8-8f4c-45dfff595538","source_license":"Government-Open-Data-TW-1.0","geometry_quality":"source-footprint","height":9.06,"render_height":9.06,"height_quality":"reported","height_source":"NLSC 3D BUILD_H","height_known":true,"min_height":0,"official_height_provider":"NLSC-3D","official_height_building_id":"1KFWX572AV","official_geometry_provider":"NLSC-I3S","official_geometry_node":104477,"official_geometry_resource":104477,"official_geometry_definition":0,"official_geometry_validation_m":0.3464931489641515,"official_height_floors":3,"official_height_h_source_code":"0","official_height_h_extraction_code":"0"}},{"type":"Feature","id":"nlsc3d-1KG9L57280","geometry":{"type":"Polygon","coordinates":[[[120.20758735,23.02662029],[120.20758539,23.02671467],[120.20766945,23.02671585],[120.20767095,23.02662907],[120.20763244,23.02662846],[120.2076323,23.02662087],[120.20758735,23.02662029]]]},"properties":{"building_uid":"nlsc3d-1KG9L57280","source_id":"1KG9L57280","building_source":"NLSC-3D-geometry","source_version":"67fec239-0993-40d8-8f4c-45dfff595538","source_license":"Government-Open-Data-TW-1.0","geometry_quality":"source-footprint","height":9.44,"render_height":9.44,"height_quality":"reported","height_source":"NLSC 3D BUILD_H","height_known":true,"min_height":0,"official_height_provider":"NLSC-3D","official_height_building_id":"1KG9L57280","official_geometry_provider":"NLSC-I3S","official_geometry_node":104462,"official_geometry_resource":104462,"official_geometry_definition":0,"official_geometry_validation_m":0.32521387084420655,"official_height_floors":3,"official_height_h_source_code":"0","official_height_h_extraction_code":"0"}},{"type":"Feature","id":"nlsc3d-1KG715727V","geometry":{"type":"Polygon","coordinates":[[[120.20750341,23.02671312],[120.20758576,23.02671431],[120.20758781,23.02661983],[120.20750506,23.02661874],[120.20750341,23.02671312]]]},"properties":{"building_uid":"nlsc3d-1KG715727V","source_id":"1KG715727V","building_source":"NLSC-3D-geometry","source_version":"67fec239-0993-40d8-8f4c-45dfff595538","source_license":"Government-Open-Data-TW-1.0","geometry_quality":"source-footprint","height":9.33,"render_height":9.33,"height_quality":"reported","height_source":"NLSC 3D BUILD_H","height_known":true,"min_height":0,"official_height_provider":"NLSC-3D","official_height_building_id":"1KG715727V","official_geometry_provider":"NLSC-I3S","official_geometry_node":104462,"official_geometry_resource":104462,"official_geometry_definition":0,"official_geometry_validation_m":0.19244022390103516,"official_height_floors":3,"official_height_h_source_code":"0","official_height_h_extraction_code":"0"}},{"type":"Feature","id":"nlsc3d-1KG4C5727U","geometry":{"type":"Polygon","coordinates":[[[120.20742035,23.02671156],[120.2075038,23.02671274],[120.20750556,23.02661827],[120.20742201,23.02661718],[120.20742035,23.02671156]]]},"properties":{"building_uid":"nlsc3d-1KG4C5727U","source_id":"1KG4C5727U","building_source":"NLSC-3D-geometry","source_version":"67fec239-0993-40d8-8f4c-45dfff595538","source_license":"Government-Open-Data-TW-1.0","geometry_quality":"source-footprint","height":9.11,"render_height":9.11,"height_quality":"reported","height_source":"NLSC 3D BUILD_H","height_known":true,"min_height":0,"official_height_provider":"NLSC-3D","official_height_building_id":"1KG4C5727U","official_geometry_provider":"NLSC-I3S","official_geometry_node":104462,"official_geometry_resource":104462,"official_geometry_definition":0,"official_geometry_validation_m":0.1876334310783083,"official_height_floors":3,"official_height_h_source_code":"0","official_height_h_extraction_code":"0"}},{"type":"Feature","id":"nlsc3d-1KG4D572AR","geometry":{"type":"Polygon","coordinates":[[[120.20742126,23.02677364],[120.20746581,23.02677581],[120.20746572,23.02679481],[120.20750172,23.02679553],[120.20750335,23.02671275],[120.20741979,23.02671166],[120.20741875,23.02677355],[120.20742126,23.02677364]]]},"properties":{"building_uid":"nlsc3d-1KG4D572AR","source_id":"1KG4D572AR","building_source":"NLSC-3D-geometry","source_version":"67fec239-0993-40d8-8f4c-45dfff595538","source_license":"Government-Open-Data-TW-1.0","geometry_quality":"source-footprint","height":9.66,"render_height":9.66,"height_quality":"reported","height_source":"NLSC 3D BUILD_H","height_known":true,"min_height":0,"official_height_provider":"NLSC-3D","official_height_building_id":"1KG4D572AR","official_geometry_provider":"NLSC-I3S","official_geometry_node":104462,"official_geometry_resource":104462,"official_geometry_definition":0,"official_geometry_validation_m":0.5590078645157164,"official_height_floors":3,"official_height_h_source_code":"0","official_height_h_extraction_code":"0"}},{"type":"Feature","id":"nlsc3d-1KG1M572AG","geometry":{"type":"Polygon","coordinates":[[[120.20741912,23.02677307],[120.20742026,23.02671118],[120.20733661,23.0267101],[120.20733507,23.02679068],[120.2073402,23.02679076],[120.20737619,23.02679078],[120.20737537,23.02677089],[120.20741912,23.02677307]]]},"properties":{"building_uid":"nlsc3d-1KG1M572AG","source_id":"1KG1M572AG","building_source":"NLSC-3D-geometry","source_version":"67fec239-0993-40d8-8f4c-45dfff595538","source_license":"Government-Open-Data-TW-1.0","geometry_quality":"source-footprint","height":10.01,"render_height":10.01,"height_quality":"reported","height_source":"NLSC 3D BUILD_H","height_known":true,"min_height":0,"official_height_provider":"NLSC-3D","official_height_building_id":"1KG1M572AG","official_geometry_provider":"NLSC-I3S","official_geometry_node":104462,"official_geometry_resource":104462,"official_geometry_definition":0,"official_geometry_validation_m":1.0825653186209727,"official_height_floors":3,"official_height_h_source_code":"0","official_height_h_extraction_code":"0"}},{"type":"Feature","id":"nlsc3d-1KG1Q5727V","geometry":{"type":"Polygon","coordinates":[[[120.20737896,23.02662418],[120.20733874,23.02662348],[120.20733713,23.02671006],[120.20742079,23.02671114],[120.20742245,23.02661676],[120.20737921,23.02661618],[120.20737896,23.02662418]]]},"properties":{"building_uid":"nlsc3d-1KG1Q5727V","source_id":"1KG1Q5727V","building_source":"NLSC-3D-geometry","source_version":"67fec239-0993-40d8-8f4c-45dfff595538","source_license":"Government-Open-Data-TW-1.0","geometry_quality":"source-footprint","height":9.14,"render_height":9.14,"height_quality":"reported","height_source":"NLSC 3D BUILD_H","height_known":true,"min_height":0,"official_height_provider":"NLSC-3D","official_height_building_id":"1KG1Q5727V","official_geometry_provider":"NLSC-I3S","official_geometry_node":104462,"official_geometry_resource":104462,"official_geometry_definition":0,"official_geometry_validation_m":0.20432151804039983,"official_height_floors":3,"official_height_h_source_code":"0","official_height_h_extraction_code":"0"}},{"type":"Feature","id":"nlsc3d-1KG9L572AM","geometry":{"type":"Polygon","coordinates":[[[120.20758488,23.02671477],[120.20758688,23.02678054],[120.20762898,23.02677624],[120.2076292,23.02679723],[120.20766751,23.02679804],[120.20766894,23.02671586],[120.20758488,23.02671477]]]},"properties":{"building_uid":"nlsc3d-1KG9L572AM","source_id":"1KG9L572AM","building_source":"NLSC-3D-geometry","source_version":"67fec239-0993-40d8-8f4c-45dfff595538","source_license":"Government-Open-Data-TW-1.0","geometry_quality":"source-footprint","height":9.42,"render_height":9.42,"height_quality":"reported","height_source":"NLSC 3D BUILD_H","height_known":true,"min_height":0,"official_height_provider":"NLSC-3D","official_height_building_id":"1KG9L572AM","official_geometry_provider":"NLSC-I3S","official_geometry_node":104462,"official_geometry_resource":104462,"official_geometry_definition":0,"official_geometry_validation_m":1.1817993712327421,"official_height_floors":3,"official_height_h_source_code":"0","official_height_h_extraction_code":"0"}},{"type":"Feature","id":"nlsc3d-1KG70572B1","geometry":{"type":"Polygon","coordinates":[[[120.20754006,23.02679682],[120.20753848,23.02680123],[120.20758724,23.02680249],[120.20758731,23.02678009],[120.20758522,23.02671432],[120.20750287,23.02671324],[120.20750135,23.02679592],[120.20754006,23.02679682]]]},"properties":{"building_uid":"nlsc3d-1KG70572B1","source_id":"1KG70572B1","building_source":"NLSC-3D-geometry","source_version":"67fec239-0993-40d8-8f4c-45dfff595538","source_license":"Government-Open-Data-TW-1.0","geometry_quality":"source-footprint","height":9.56,"render_height":9.56,"height_quality":"reported","height_source":"NLSC 3D BUILD_H","height_known":true,"min_height":0,"official_height_provider":"NLSC-3D","official_height_building_id":"1KG70572B1","official_geometry_provider":"NLSC-I3S","official_geometry_node":104462,"official_geometry_resource":104462,"official_geometry_definition":0,"official_geometry_validation_m":0.15501430303418953,"official_height_floors":3,"official_height_h_source_code":"0","official_height_h_extraction_code":"0"}},{"type":"Feature","id":"nlsc3d-1KGHN572AR","geometry":{"type":"Polygon","coordinates":[[[120.20791947,23.02678189],[120.20792062,23.0267206],[120.20783767,23.02671951],[120.20783633,23.0268006],[120.20784186,23.02680067],[120.20787585,23.0268008],[120.20787573,23.02678141],[120.20791947,23.02678189]]]},"properties":{"building_uid":"nlsc3d-1KGHN572AR","source_id":"1KGHN572AR","building_source":"NLSC-3D-geometry","source_version":"67fec239-0993-40d8-8f4c-45dfff595538","source_license":"Government-Open-Data-TW-1.0","geometry_quality":"source-footprint","height":9.85,"render_height":9.85,"height_quality":"reported","height_source":"NLSC 3D BUILD_H","height_known":true,"min_height":0,"official_height_provider":"NLSC-3D","official_height_building_id":"1KGHN572AR","official_geometry_provider":"NLSC-I3S","official_geometry_node":104463,"official_geometry_resource":104463,"official_geometry_definition":0,"official_geometry_validation_m":1.0581796288662795,"official_height_floors":3,"official_height_h_source_code":"0","official_height_h_extraction_code":"0"}},{"type":"Feature","id":"nlsc3d-1KGCC57284","geometry":{"type":"Polygon","coordinates":[[[120.20766902,23.02671624],[120.20775408,23.02671741],[120.20775558,23.02663054],[120.20775558,23.02663053],[120.20775557982736,23.026630539998553],[120.20771023,23.02663016],[120.20767052,23.02662956],[120.20766902,23.02671624]]]},"properties":{"building_uid":"nlsc3d-1KGCC57284","source_id":"1KGCC57284","building_source":"NLSC-3D-geometry","source_version":"67fec239-0993-40d8-8f4c-45dfff595538","source_license":"Government-Open-Data-TW-1.0","geometry_quality":"source-footprint","height":9.37,"render_height":9.37,"height_quality":"reported","height_source":"NLSC 3D BUILD_H","height_known":true,"min_height":0,"official_height_provider":"NLSC-3D","official_height_building_id":"1KGCC57284","official_geometry_provider":"NLSC-I3S","official_geometry_node":104463,"official_geometry_resource":104463,"official_geometry_definition":0,"official_geometry_validation_m":0.18500424139641675,"official_height_floors":3,"official_height_h_source_code":"0","official_height_h_extraction_code":"0"}},{"type":"Feature","id":"nlsc3d-1KGHR57284","geometry":{"type":"Polygon","coordinates":[[[120.20792513,23.02662616],[120.20788049,23.02662558],[120.20787942,23.02663328],[120.20783961,23.02663258],[120.20783821,23.02671946],[120.20792116,23.02672055],[120.20792488,23.02663516],[120.20792513,23.02662616]]]},"properties":{"building_uid":"nlsc3d-1KGHR57284","source_id":"1KGHR57284","building_source":"NLSC-3D-geometry","source_version":"67fec239-0993-40d8-8f4c-45dfff595538","source_license":"Government-Open-Data-TW-1.0","geometry_quality":"source-footprint","height":12.82,"render_height":12.82,"height_quality":"reported","height_source":"NLSC 3D BUILD_H","height_known":true,"min_height":0,"official_height_provider":"NLSC-3D","official_height_building_id":"1KGHR57284","official_geometry_provider":"NLSC-I3S","official_geometry_node":104463,"official_geometry_resource":104463,"official_geometry_definition":0,"official_geometry_validation_m":0.2126954437211005,"official_height_floors":4,"official_height_h_source_code":"0","official_height_h_extraction_code":"0"}},{"type":"Feature","id":"nlsc3d-1KGCA572B2","geometry":{"type":"Polygon","coordinates":[[[120.20767191,23.0267985],[120.20770982,23.02679941],[120.20775215,23.0267995],[120.20775358,23.02671742],[120.20766851,23.02671634],[120.20766709,23.02679842],[120.20767191,23.0267985]]]},"properties":{"building_uid":"nlsc3d-1KGCA572B2","source_id":"1KGCA572B2","building_source":"NLSC-3D-geometry","source_version":"67fec239-0993-40d8-8f4c-45dfff595538","source_license":"Government-Open-Data-TW-1.0","geometry_quality":"source-footprint","height":9.52,"render_height":9.52,"height_quality":"reported","height_source":"NLSC 3D BUILD_H","height_known":true,"min_height":0,"official_height_provider":"NLSC-3D","official_height_building_id":"1KGCA572B2","official_geometry_provider":"NLSC-I3S","official_geometry_node":104463,"official_geometry_resource":104463,"official_geometry_definition":0,"official_geometry_validation_m":0.18913906865765523,"official_height_floors":3,"official_height_h_source_code":"0","official_height_h_extraction_code":"0"}},{"type":"Feature","id":"nlsc3d-1KGF1572B3","geometry":{"type":"Polygon","coordinates":[[[120.2077517,23.02679992],[120.20783676,23.0268002],[120.20783809,23.02671901],[120.20775313,23.02671794],[120.2077517,23.02679992]]]},"properties":{"building_uid":"nlsc3d-1KGF1572B3","source_id":"1KGF1572B3","building_source":"NLSC-3D-geometry","source_version":"67fec239-0993-40d8-8f4c-45dfff595538","source_license":"Government-Open-Data-TW-1.0","geometry_quality":"source-footprint","height":9.9,"render_height":9.9,"height_quality":"reported","height_source":"NLSC 3D BUILD_H","height_known":true,"min_height":0,"official_height_provider":"NLSC-3D","official_height_building_id":"1KGF1572B3","official_geometry_provider":"NLSC-I3S","official_geometry_node":104463,"official_geometry_resource":104463,"official_geometry_definition":0,"official_geometry_validation_m":0.19353402557154062,"official_height_floors":3,"official_height_h_source_code":"0","official_height_h_extraction_code":"0"}},{"type":"Feature","id":"nlsc3d-1KGF257285","geometry":{"type":"Polygon","coordinates":[[[120.20775513,23.02663103],[120.20775363,23.02671791],[120.20783859,23.02671899],[120.20784009,23.02663211],[120.20780419,23.02663139],[120.20775513,23.02663103]]]},"properties":{"building_uid":"nlsc3d-1KGF257285","source_id":"1KGF257285","building_source":"NLSC-3D-geometry","source_version":"67fec239-0993-40d8-8f4c-45dfff595538","source_license":"Government-Open-Data-TW-1.0","geometry_quality":"source-footprint","height":9.99,"render_height":9.99,"height_quality":"reported","height_source":"NLSC 3D BUILD_H","height_known":true,"min_height":0,"official_height_provider":"NLSC-3D","official_height_building_id":"1KGF257285","official_geometry_provider":"NLSC-I3S","official_geometry_node":104463,"official_geometry_resource":104463,"official_geometry_definition":0,"official_geometry_validation_m":0.18392064428740687,"official_height_floors":3,"official_height_h_source_code":"0","official_height_h_extraction_code":"0"}},{"type":"Feature","id":"nlsc3d-1KGRQ5728H","geometry":{"type":"Polygon","coordinates":[[[120.20813624,23.02665769],[120.20808737,23.02665634],[120.20808626,23.02672482],[120.20816831,23.02672571],[120.20817011,23.02663853],[120.20816559,23.02664055],[120.20813603,23.0266401],[120.20813624,23.02665769]]]},"properties":{"building_uid":"nlsc3d-1KGRQ5728H","source_id":"1KGRQ5728H","building_source":"NLSC-3D-geometry","source_version":"67fec239-0993-40d8-8f4c-45dfff595538","source_license":"Government-Open-Data-TW-1.0","geometry_quality":"source-footprint","height":10.65,"render_height":10.65,"height_quality":"reported","height_source":"NLSC 3D BUILD_H","height_known":true,"min_height":0,"official_height_provider":"NLSC-3D","official_height_building_id":"1KGRQ5728H","official_geometry_provider":"NLSC-I3S","official_geometry_node":104459,"official_geometry_resource":104459,"official_geometry_definition":0,"official_geometry_validation_m":0.5767437861852814,"official_height_floors":3,"official_height_h_source_code":"0","official_height_h_extraction_code":"0"}},{"type":"Feature","id":"nlsc3d-1KGLE572AX","geometry":{"type":"Polygon","coordinates":[[[120.20796663,23.02678281],[120.20796694,23.026803],[120.20800244,23.02680313],[120.20800387,23.02672215],[120.20792022,23.02672106],[120.20791907,23.02678235],[120.20796663,23.02678281]]]},"properties":{"building_uid":"nlsc3d-1KGLE572AX","source_id":"1KGLE572AX","building_source":"NLSC-3D-geometry","source_version":"67fec239-0993-40d8-8f4c-45dfff595538","source_license":"Government-Open-Data-TW-1.0","geometry_quality":"source-footprint","height":9.91,"render_height":9.91,"height_quality":"reported","height_source":"NLSC 3D BUILD_H","height_known":true,"min_height":0,"official_height_provider":"NLSC-3D","official_height_building_id":"1KGLE572AX","official_geometry_provider":"NLSC-I3S","official_geometry_node":104459,"official_geometry_resource":104459,"official_geometry_definition":0,"official_geometry_validation_m":0.5462179026150552,"official_height_floors":3,"official_height_h_source_code":"0","official_height_h_extraction_code":"0"}},{"type":"Feature","id":"nlsc3d-1KGNX5728E","geometry":{"type":"Polygon","coordinates":[[[120.20800549,23.02663606],[120.20800399,23.02672254],[120.20803617,23.02672378],[120.20808664,23.02672433],[120.20808785,23.02665594],[120.2080602,23.02665518],[120.20804783,23.02665484],[120.20804812,23.02663595],[120.20800549,23.02663606]]]},"properties":{"building_uid":"nlsc3d-1KGNX5728E","source_id":"1KGNX5728E","building_source":"NLSC-3D-geometry","source_version":"67fec239-0993-40d8-8f4c-45dfff595538","source_license":"Government-Open-Data-TW-1.0","geometry_quality":"source-footprint","height":9.26,"render_height":9.26,"height_quality":"reported","height_source":"NLSC 3D BUILD_H","height_known":true,"min_height":0,"official_height_provider":"NLSC-3D","official_height_building_id":"1KGNX5728E","official_geometry_provider":"NLSC-I3S","official_geometry_node":104459,"official_geometry_resource":104459,"official_geometry_definition":0,"official_geometry_validation_m":0.6053088682593526,"official_height_floors":3,"official_height_h_source_code":"0","official_height_h_extraction_code":"0"}},{"type":"Feature","id":"nlsc3d-1KGLD57288","geometry":{"type":"Polygon","coordinates":[[[120.20792442,23.0266356],[120.2079207,23.026721],[120.20800435,23.02672218],[120.20800595,23.0266356],[120.20796815,23.02663579],[120.20792442,23.0266356]]]},"properties":{"building_uid":"nlsc3d-1KGLD57288","source_id":"1KGLD57288","building_source":"NLSC-3D-geometry","source_version":"67fec239-0993-40d8-8f4c-45dfff595538","source_license":"Government-Open-Data-TW-1.0","geometry_quality":"source-footprint","height":8.86,"render_height":8.86,"height_quality":"reported","height_source":"NLSC 3D BUILD_H","height_known":true,"min_height":0,"official_height_provider":"NLSC-3D","official_height_building_id":"1KGLD57288","official_geometry_provider":"NLSC-I3S","official_geometry_node":104459,"official_geometry_resource":104459,"official_geometry_definition":0,"official_geometry_validation_m":0.12230931625829673,"official_height_floors":3,"official_height_h_source_code":"0","official_height_h_extraction_code":"0"}},{"type":"Feature","id":"nlsc3d-1KGQB572BA","geometry":{"type":"Polygon","coordinates":[[[120.20800182,23.0268037],[120.20804194,23.0268038],[120.20804179,23.0268126],[120.20812966,23.02681246],[120.20816626,23.02681368],[120.20816806,23.0267256],[120.20803544,23.02672406],[120.20800326,23.02672282],[120.20800182,23.0268037]]]},"properties":{"building_uid":"nlsc3d-1KGQB572BA","source_id":"1KGQB572BA","building_source":"NLSC-3D-geometry","source_version":"67fec239-0993-40d8-8f4c-45dfff595538","source_license":"Government-Open-Data-TW-1.0","geometry_quality":"source-footprint","height":12.78,"render_height":12.78,"height_quality":"reported","height_source":"NLSC 3D BUILD_H","height_known":true,"min_height":0,"official_height_provider":"NLSC-3D","official_height_building_id":"1KGQB572BA","official_geometry_provider":"NLSC-I3S","official_geometry_node":104459,"official_geometry_resource":104459,"official_geometry_definition":0,"official_geometry_validation_m":0.09430996588706994,"official_height_floors":4,"official_height_h_source_code":"0","official_height_h_extraction_code":"0"}},{"type":"Feature","id":"nlsc3d-1KGUC5728A","geometry":{"type":"Polygon","coordinates":[[[120.20821168,23.02663841],[120.20817227,23.02663771],[120.20816976,23.02663892],[120.20816796,23.0267262],[120.20825413,23.02672717],[120.20825542,23.02665529],[120.20825591,23.02663619],[120.20821177,23.02663501],[120.20821168,23.02663841]]]},"properties":{"building_uid":"nlsc3d-1KGUC5728A","source_id":"1KGUC5728A","building_source":"NLSC-3D-geometry","source_version":"67fec239-0993-40d8-8f4c-45dfff595538","source_license":"Government-Open-Data-TW-1.0","geometry_quality":"source-footprint","height":12.88,"render_height":12.88,"height_quality":"reported","height_source":"NLSC 3D BUILD_H","height_known":true,"min_height":0,"official_height_provider":"NLSC-3D","official_height_building_id":"1KGUC5728A","official_geometry_provider":"NLSC-I3S","official_geometry_node":104459,"official_geometry_resource":104459,"official_geometry_definition":0,"official_geometry_validation_m":0.17209177717738,"official_height_floors":4,"official_height_h_source_code":"0","official_height_h_extraction_code":"0"}},{"type":"Feature","id":"nlsc3d-1KGU8572BD","geometry":{"type":"Polygon","coordinates":[[[120.20816743,23.02672623],[120.20816563,23.02681431],[120.208249,23.02681699],[120.20825048,23.02672711],[120.20816743,23.02672623]]]},"properties":{"building_uid":"nlsc3d-1KGU8572BD","source_id":"1KGU8572BD","building_source":"NLSC-3D-geometry","source_version":"67fec239-0993-40d8-8f4c-45dfff595538","source_license":"Government-Open-Data-TW-1.0","geometry_quality":"source-footprint","height":9.63,"render_height":9.63,"height_quality":"reported","height_source":"NLSC 3D BUILD_H","height_known":true,"min_height":0,"official_height_provider":"NLSC-3D","official_height_building_id":"1KGU8572BD","official_geometry_provider":"NLSC-I3S","official_geometry_node":104459,"official_geometry_resource":104459,"official_geometry_definition":0,"official_geometry_validation_m":0.1665260163016575,"official_height_floors":3,"official_height_h_source_code":"0","official_height_h_extraction_code":"0"}},{"type":"Feature","id":"nlsc3d-1KH1K572BH","geometry":{"type":"Polygon","coordinates":[[[120.20833268,23.02672903],[120.20833101,23.02682061],[120.20840542,23.02682304],[120.20841302,23.02681611],[120.20841951,23.02679118],[120.2084194,23.0267379],[120.20841955,23.02673],[120.20833268,23.02672903]]]},"properties":{"building_uid":"nlsc3d-1KH1K572BH","source_id":"1KH1K572BH","building_source":"NLSC-3D-geometry","source_version":"67fec239-0993-40d8-8f4c-45dfff595538","source_license":"Government-Open-Data-TW-1.0","geometry_quality":"source-footprint","height":9.47,"render_height":9.47,"height_quality":"reported","height_source":"NLSC 3D BUILD_H","height_known":true,"min_height":0,"official_height_provider":"NLSC-3D","official_height_building_id":"1KH1K572BH","official_geometry_provider":"NLSC-I3S","official_geometry_node":104460,"official_geometry_resource":104460,"official_geometry_definition":0,"official_geometry_validation_m":0.22696890568929923,"official_height_floors":3,"official_height_h_source_code":"0","official_height_h_extraction_code":"0"}},{"type":"Feature","id":"nlsc3d-1KGWV572BF","geometry":{"type":"Polygon","coordinates":[[[120.2082501,23.02672762],[120.20824862,23.0268174],[120.20833138,23.02682018],[120.20833315,23.0267286],[120.2082501,23.02672762]]]},"properties":{"building_uid":"nlsc3d-1KGWV572BF","source_id":"1KGWV572BF","building_source":"NLSC-3D-geometry","source_version":"67fec239-0993-40d8-8f4c-45dfff595538","source_license":"Government-Open-Data-TW-1.0","geometry_quality":"source-footprint","height":9.47,"render_height":9.47,"height_quality":"reported","height_source":"NLSC 3D BUILD_H","height_known":true,"min_height":0,"official_height_provider":"NLSC-3D","official_height_building_id":"1KGWV572BF","official_geometry_provider":"NLSC-I3S","official_geometry_node":104460,"official_geometry_resource":104460,"official_geometry_definition":0,"official_geometry_validation_m":0.1839874827904553,"official_height_floors":3,"official_height_h_source_code":"0","official_height_h_extraction_code":"0"}},{"type":"Feature","id":"nlsc3d-1KH1K5728J","geometry":{"type":"Polygon","coordinates":[[[120.20837793,23.02664075],[120.2083364,23.02663986],[120.20833499,23.02663997],[120.2083333,23.02672895],[120.20842008,23.02673002],[120.20842157,23.02666003],[120.20837753,23.02665935],[120.20837793,23.02664075]]]},"properties":{"building_uid":"nlsc3d-1KH1K5728J","source_id":"1KH1K5728J","building_source":"NLSC-3D-geometry","source_version":"67fec239-0993-40d8-8f4c-45dfff595538","source_license":"Government-Open-Data-TW-1.0","geometry_quality":"source-footprint","height":9.39,"render_height":9.39,"height_quality":"reported","height_source":"NLSC 3D BUILD_H","height_known":true,"min_height":0,"official_height_provider":"NLSC-3D","official_height_building_id":"1KH1K5728J","official_geometry_provider":"NLSC-I3S","official_geometry_node":104460,"official_geometry_resource":104460,"official_geometry_definition":0,"official_geometry_validation_m":0.6502620531293265,"official_height_floors":3,"official_height_h_source_code":"0","official_height_h_extraction_code":"0"}},{"type":"Feature","id":"nlsc3d-1KGX05728Q","geometry":{"type":"Polygon","coordinates":[[[120.20831505,23.02664116],[120.20829926,23.02664094],[120.20829928,23.02666103],[120.20825491,23.02665575],[120.20825372,23.02672763],[120.20833366,23.02672854],[120.20833545,23.02663956],[120.20831505,23.02664116]]]},"properties":{"building_uid":"nlsc3d-1KGX05728Q","source_id":"1KGX05728Q","building_source":"NLSC-3D-geometry","source_version":"67fec239-0993-40d8-8f4c-45dfff595538","source_license":"Government-Open-Data-TW-1.0","geometry_quality":"source-footprint","height":9.39,"render_height":9.39,"height_quality":"reported","height_source":"NLSC 3D BUILD_H","height_known":true,"min_height":0,"official_height_provider":"NLSC-3D","official_height_building_id":"1KGX05728Q","official_geometry_provider":"NLSC-I3S","official_geometry_node":104460,"official_geometry_resource":104460,"official_geometry_definition":0,"official_geometry_validation_m":1.1618076247574423,"official_height_floors":3,"official_height_h_source_code":"0","official_height_h_extraction_code":"0"}}]}