{"type":"FeatureCollection","schema":"astra-nlsc-official-geometry-pilot-v1","createdAt":"2026-09-30T23:36:39.350Z","source":"NLSC I3S public 3D building service","sourceSnapshotSchema":"astra-dev37.9.7-remaining-unknown-diagnostic-v1 + astra-nlsc-geometry-snapshot-v1","baselineCore":"37.9.6","coverage":{"west":120.20132537,"south":23.02598237,"east":120.20857614,"north":23.02870186},"coverageKind":"local-pilot-positive-evidence-only-expanded","absenceIsEvidence":false,"completenessProof":false,"featureCount":419,"provenance":{"baselineGeometryFeatures":104,"diagnosticDiscoveredFeatures":315,"newlyResolvedShadeMInDiagnostic":23.94777844697081,"projectedUnknownMInDiagnostic":24.55123282712173,"selectionNote":"official NLSC geometry discovered around remaining dev37.9.6 unknown samples; positive shade evidence only; not a completeness claim"},"features":[{"type":"Feature","id":"nlsc3d-1KA4C574BJ","geometry":{"type":"Polygon","coordinates":[[[120.20151547,23.02849888],[120.2014434,23.02848424],[120.20139348,23.02869523],[120.20147306,23.02868713],[120.20147443,23.02866423],[120.20148417,23.02866218],[120.20151393,23.02852747],[120.2015202,23.02849885],[120.20151567,23.02849798],[120.20151547,23.02849888]]]},"properties":{"building_uid":"nlsc3d-1KA4C574BJ","source_id":"1KA4C574BJ","building_source":"NLSC-3D-geometry","source_version":"67fec239-0993-40d8-8f4c-45dfff595538","source_license":"Government-Open-Data-TW-1.0","geometry_quality":"source-footprint","height":13.8,"render_height":13.8,"height_quality":"reported","height_source":"NLSC 3D BUILD_H","height_known":true,"min_height":0,"official_height_provider":"NLSC-3D","official_height_building_id":"1KA4C574BJ","official_geometry_provider":"NLSC-I3S","official_geometry_node":104761,"official_geometry_resource":104761,"official_geometry_definition":0,"official_geometry_validation_m":0.1838312180232391,"official_height_floors":4,"official_height_h_source_code":"0","official_height_h_extraction_code":"0"}},{"type":"Feature","id":"nlsc3d-1KA84574BX","geometry":{"type":"Polygon","coordinates":[[[120.20154452,23.02852555],[120.20155933,23.02868422],[120.20160476,23.02868059],[120.20158994,23.02852202],[120.20154452,23.02852555]]]},"properties":{"building_uid":"nlsc3d-1KA84574BX","source_id":"1KA84574BX","building_source":"NLSC-3D-geometry","source_version":"67fec239-0993-40d8-8f4c-45dfff595538","source_license":"Government-Open-Data-TW-1.0","geometry_quality":"source-footprint","height":17.07,"render_height":17.07,"height_quality":"reported","height_source":"NLSC 3D BUILD_H","height_known":true,"min_height":0,"official_height_provider":"NLSC-3D","official_height_building_id":"1KA84574BX","official_geometry_provider":"NLSC-I3S","official_geometry_node":104761,"official_geometry_resource":104761,"official_geometry_definition":0,"official_geometry_validation_m":0.18305104609003958,"official_height_floors":5,"official_height_h_source_code":"0","official_height_h_extraction_code":"0"}},{"type":"Feature","id":"nlsc3d-1KA6J574CA","geometry":{"type":"Polygon","coordinates":[[[120.20151349,23.02852782],[120.20148382,23.02866253],[120.20150953,23.0286572],[120.20151151,23.02866979],[120.20151343,23.02868777],[120.20155965,23.02868394],[120.20154474,23.02852537],[120.20151349,23.02852782]]]},"properties":{"building_uid":"nlsc3d-1KA6J574CA","source_id":"1KA6J574CA","building_source":"NLSC-3D-geometry","source_version":"67fec239-0993-40d8-8f4c-45dfff595538","source_license":"Government-Open-Data-TW-1.0","geometry_quality":"source-footprint","height":17.07,"render_height":17.07,"height_quality":"reported","height_source":"NLSC 3D BUILD_H","height_known":true,"min_height":0,"official_height_provider":"NLSC-3D","official_height_building_id":"1KA6J574CA","official_geometry_provider":"NLSC-I3S","official_geometry_node":104761,"official_geometry_resource":104761,"official_geometry_definition":0,"official_geometry_validation_m":0.7315752519393068,"official_height_floors":5,"official_height_h_source_code":"0","official_height_h_extraction_code":"0"}},{"type":"Feature","id":"nlsc3d-1KAB1574BN","geometry":{"type":"Polygon","coordinates":[[[120.20168321,23.02851458],[120.20167356,23.02851533],[120.20163497,23.02851892],[120.20164978,23.0286773],[120.20165109,23.02867719],[120.20169521,23.02867357],[120.20168321,23.02851458]]]},"properties":{"building_uid":"nlsc3d-1KAB1574BN","source_id":"1KAB1574BN","building_source":"NLSC-3D-geometry","source_version":"67fec239-0993-40d8-8f4c-45dfff595538","source_license":"Government-Open-Data-TW-1.0","geometry_quality":"source-footprint","height":16.9,"render_height":16.9,"height_quality":"reported","height_source":"NLSC 3D BUILD_H","height_known":true,"min_height":0,"official_height_provider":"NLSC-3D","official_height_building_id":"1KAB1574BN","official_geometry_provider":"NLSC-I3S","official_geometry_node":104762,"official_geometry_resource":104762,"official_geometry_definition":0,"official_geometry_validation_m":0.13773137700852708,"official_height_floors":5,"official_height_h_source_code":"0","official_height_h_extraction_code":"0"}},{"type":"Feature","id":"nlsc3d-1KA9J574BT","geometry":{"type":"Polygon","coordinates":[[[120.20158974,23.02852223],[120.20160456,23.0286808],[120.20164998,23.02867708],[120.20163516,23.0285187],[120.20161949,23.02852008],[120.20161959,23.02851978],[120.20158974,23.02852223]]]},"properties":{"building_uid":"nlsc3d-1KA9J574BT","source_id":"1KA9J574BT","building_source":"NLSC-3D-geometry","source_version":"67fec239-0993-40d8-8f4c-45dfff595538","source_license":"Government-Open-Data-TW-1.0","geometry_quality":"source-footprint","height":16.94,"render_height":16.94,"height_quality":"reported","height_source":"NLSC 3D BUILD_H","height_known":true,"min_height":0,"official_height_provider":"NLSC-3D","official_height_building_id":"1KA9J574BT","official_geometry_provider":"NLSC-I3S","official_geometry_node":104762,"official_geometry_resource":104762,"official_geometry_definition":0,"official_geometry_validation_m":0.18415073103113988,"official_height_floors":5,"official_height_h_source_code":"0","official_height_h_extraction_code":"0"}},{"type":"Feature","id":"nlsc3d-1KAGS574B7","geometry":{"type":"Polygon","coordinates":[[[120.20186127,23.0285017],[120.20183896,23.02850341],[120.20181585,23.02850523],[120.20183066,23.0286634],[120.20187608,23.02865967],[120.20186127,23.0285017]]]},"properties":{"building_uid":"nlsc3d-1KAGS574B7","source_id":"1KAGS574B7","building_source":"NLSC-3D-geometry","source_version":"67fec239-0993-40d8-8f4c-45dfff595538","source_license":"Government-Open-Data-TW-1.0","geometry_quality":"source-footprint","height":17.06,"render_height":17.06,"height_quality":"reported","height_source":"NLSC 3D BUILD_H","height_known":true,"min_height":0,"official_height_provider":"NLSC-3D","official_height_building_id":"1KAGS574B7","official_geometry_provider":"NLSC-I3S","official_geometry_node":104762,"official_geometry_resource":104762,"official_geometry_definition":0,"official_geometry_validation_m":0.18567581987394116,"official_height_floors":5,"official_height_h_source_code":"0","official_height_h_extraction_code":"0"}},{"type":"Feature","id":"nlsc3d-1KAFC574BA","geometry":{"type":"Polygon","coordinates":[[[120.20177057,23.02850803],[120.20178539,23.02866691],[120.20183091,23.02866318],[120.201816,23.02850501],[120.20181368,23.02850472],[120.20181368,23.02850462],[120.20177057,23.02850803]]]},"properties":{"building_uid":"nlsc3d-1KAFC574BA","source_id":"1KAFC574BA","building_source":"NLSC-3D-geometry","source_version":"67fec239-0993-40d8-8f4c-45dfff595538","source_license":"Government-Open-Data-TW-1.0","geometry_quality":"source-footprint","height":17.08,"render_height":17.08,"height_quality":"reported","height_source":"NLSC 3D BUILD_H","height_known":true,"min_height":0,"official_height_provider":"NLSC-3D","official_height_building_id":"1KAFC574BA","official_geometry_provider":"NLSC-I3S","official_geometry_node":104762,"official_geometry_resource":104762,"official_geometry_definition":0,"official_geometry_validation_m":0.18764263503881987,"official_height_floors":5,"official_height_h_source_code":"0","official_height_h_extraction_code":"0"}},{"type":"Feature","id":"nlsc3d-1KADV574BE","geometry":{"type":"Polygon","coordinates":[[[120.20172536,23.02851151],[120.20174018,23.02867029],[120.20174239,23.02867018],[120.2017857,23.02866666],[120.20177078,23.02850789],[120.20172536,23.02851151]]]},"properties":{"building_uid":"nlsc3d-1KADV574BE","source_id":"1KADV574BE","building_source":"NLSC-3D-geometry","source_version":"67fec239-0993-40d8-8f4c-45dfff595538","source_license":"Government-Open-Data-TW-1.0","geometry_quality":"source-footprint","height":17.33,"render_height":17.33,"height_quality":"reported","height_source":"NLSC 3D BUILD_H","height_known":true,"min_height":0,"official_height_provider":"NLSC-3D","official_height_building_id":"1KADV574BE","official_geometry_provider":"NLSC-I3S","official_geometry_node":104762,"official_geometry_resource":104762,"official_geometry_definition":0,"official_geometry_validation_m":0.1872486576257209,"official_height_floors":5,"official_height_h_source_code":"0","official_height_h_extraction_code":"0"}},{"type":"Feature","id":"nlsc3d-1KACG574BK","geometry":{"type":"Polygon","coordinates":[[[120.20172557,23.02851136],[120.20168307,23.02851477],[120.20169497,23.02867386],[120.20169597,23.02867376],[120.20174039,23.02867013],[120.20172557,23.02851136]]]},"properties":{"building_uid":"nlsc3d-1KACG574BK","source_id":"1KACG574BK","building_source":"NLSC-3D-geometry","source_version":"67fec239-0993-40d8-8f4c-45dfff595538","source_license":"Government-Open-Data-TW-1.0","geometry_quality":"source-footprint","height":16.99,"render_height":16.99,"height_quality":"reported","height_source":"NLSC 3D BUILD_H","height_known":true,"min_height":0,"official_height_provider":"NLSC-3D","official_height_building_id":"1KACG574BK","official_geometry_provider":"NLSC-I3S","official_geometry_node":104762,"official_geometry_resource":104762,"official_geometry_definition":0,"official_geometry_validation_m":0.2662114555867418,"official_height_floors":5,"official_height_h_source_code":"0","official_height_h_extraction_code":"0"}},{"type":"Feature","id":"nlsc3d-1KECR57400","geometry":{"type":"Polygon","coordinates":[[[120.20568309,23.02819527],[120.20570139,23.02836602],[120.20575204,23.02836197],[120.20573514,23.02819081],[120.20568309,23.02819527]]]},"properties":{"building_uid":"nlsc3d-1KECR57400","source_id":"1KECR57400","building_source":"NLSC-3D-geometry","source_version":"67fec239-0993-40d8-8f4c-45dfff595538","source_license":"Government-Open-Data-TW-1.0","geometry_quality":"source-footprint","height":13.48,"render_height":13.48,"height_quality":"reported","height_source":"NLSC 3D BUILD_H","height_known":true,"min_height":0,"official_height_provider":"NLSC-3D","official_height_building_id":"1KECR57400","official_geometry_provider":"NLSC-I3S","official_geometry_node":104708,"official_geometry_resource":104708,"official_geometry_definition":0,"official_geometry_validation_m":0.1557247765228885,"official_height_floors":4,"official_height_h_source_code":"0","official_height_h_extraction_code":"0"}},{"type":"Feature","id":"nlsc3d-1KEAD57402","geometry":{"type":"Polygon","coordinates":[[[120.20559816,23.02818172],[120.20558934,23.02823824],[120.20560552,23.02837322],[120.20570179,23.02836564],[120.20568339,23.02819489],[120.20559816,23.02818172]]]},"properties":{"building_uid":"nlsc3d-1KEAD57402","source_id":"1KEAD57402","building_source":"NLSC-3D-geometry","source_version":"67fec239-0993-40d8-8f4c-45dfff595538","source_license":"Government-Open-Data-TW-1.0","geometry_quality":"source-footprint","height":13.44,"render_height":13.44,"height_quality":"reported","height_source":"NLSC 3D BUILD_H","height_known":true,"min_height":0,"official_height_provider":"NLSC-3D","official_height_building_id":"1KEAD57402","official_geometry_provider":"NLSC-I3S","official_geometry_node":104708,"official_geometry_resource":104708,"official_geometry_definition":0,"official_geometry_validation_m":0.47854152326805033,"official_height_floors":4,"official_height_h_source_code":"0","official_height_h_extraction_code":"0"}},{"type":"Feature","id":"nlsc3d-1KFVD573QV","geometry":{"type":"Polygon","coordinates":[[[120.20714458,23.02809236],[120.20732783,23.02810494],[120.20733114,23.02806834],[120.20714768,23.02805555],[120.20714458,23.02809236]]]},"properties":{"building_uid":"nlsc3d-1KFVD573QV","source_id":"1KFVD573QV","building_source":"NLSC-3D-geometry","source_version":"67fec239-0993-40d8-8f4c-45dfff595538","source_license":"Government-Open-Data-TW-1.0","geometry_quality":"source-footprint","height":9.15,"render_height":9.15,"height_quality":"reported","height_source":"NLSC 3D BUILD_H","height_known":true,"min_height":0,"official_height_provider":"NLSC-3D","official_height_building_id":"1KFVD573QV","official_geometry_provider":"NLSC-I3S","official_geometry_node":104538,"official_geometry_resource":104538,"official_geometry_definition":0,"official_geometry_validation_m":0.202548744446093,"official_height_floors":3,"official_height_h_source_code":"0","official_height_h_extraction_code":"0"}},{"type":"Feature","id":"nlsc3d-1KFV4573UP","geometry":{"type":"Polygon","coordinates":[[[120.20713453,23.02820278],[120.20731758,23.02821536],[120.20732078,23.02817866],[120.20713753,23.02816627],[120.20713453,23.02820278]]]},"properties":{"building_uid":"nlsc3d-1KFV4573UP","source_id":"1KFV4573UP","building_source":"NLSC-3D-geometry","source_version":"67fec239-0993-40d8-8f4c-45dfff595538","source_license":"Government-Open-Data-TW-1.0","geometry_quality":"source-footprint","height":16.02,"render_height":16.02,"height_quality":"reported","height_source":"NLSC 3D BUILD_H","height_known":true,"min_height":0,"official_height_provider":"NLSC-3D","official_height_building_id":"1KFV4573UP","official_geometry_provider":"NLSC-I3S","official_geometry_node":104538,"official_geometry_resource":104538,"official_geometry_definition":0,"official_geometry_validation_m":0.18257119631435936,"official_height_floors":5,"official_height_h_source_code":"0","official_height_h_extraction_code":"0"}},{"type":"Feature","id":"nlsc3d-1KFV7573TE","geometry":{"type":"Polygon","coordinates":[[[120.20714092,23.02812935],[120.20713782,23.02816625],[120.20732098,23.02817874],[120.20732428,23.02814183],[120.20714093,23.02812935],[120.20714092,23.02812935]]]},"properties":{"building_uid":"nlsc3d-1KFV7573TE","source_id":"1KFV7573TE","building_source":"NLSC-3D-geometry","source_version":"67fec239-0993-40d8-8f4c-45dfff595538","source_license":"Government-Open-Data-TW-1.0","geometry_quality":"source-footprint","height":9.38,"render_height":9.38,"height_quality":"reported","height_source":"NLSC 3D BUILD_H","height_known":true,"min_height":0,"official_height_provider":"NLSC-3D","official_height_building_id":"1KFV7573TE","official_geometry_provider":"NLSC-I3S","official_geometry_node":104538,"official_geometry_resource":104538,"official_geometry_definition":0,"official_geometry_validation_m":0.190574189805081,"official_height_floors":3,"official_height_h_source_code":"0","official_height_h_extraction_code":"0"}},{"type":"Feature","id":"nlsc3d-1KFUP573W4","geometry":{"type":"Polygon","coordinates":[[[120.20731735,23.02821537],[120.20713429,23.02820279],[120.2071296,23.02826009],[120.20731461,23.02824607],[120.20731735,23.02821537]]]},"properties":{"building_uid":"nlsc3d-1KFUP573W4","source_id":"1KFUP573W4","building_source":"NLSC-3D-geometry","source_version":"67fec239-0993-40d8-8f4c-45dfff595538","source_license":"Government-Open-Data-TW-1.0","geometry_quality":"source-footprint","height":16.08,"render_height":16.08,"height_quality":"reported","height_source":"NLSC 3D BUILD_H","height_known":true,"min_height":0,"official_height_provider":"NLSC-3D","official_height_building_id":"1KFUP573W4","official_geometry_provider":"NLSC-I3S","official_geometry_node":104538,"official_geometry_resource":104538,"official_geometry_definition":0,"official_geometry_validation_m":1.0776201415751996,"official_height_floors":5,"official_height_h_source_code":"0","official_height_h_extraction_code":"0"}},{"type":"Feature","id":"nlsc3d-1KFVA573S5","geometry":{"type":"Polygon","coordinates":[[[120.2071412,23.02812934],[120.20732446,23.02814182],[120.20732766,23.02810492],[120.2071443,23.02809244],[120.2071412,23.02812934]]]},"properties":{"building_uid":"nlsc3d-1KFVA573S5","source_id":"1KFVA573S5","building_source":"NLSC-3D-geometry","source_version":"67fec239-0993-40d8-8f4c-45dfff595538","source_license":"Government-Open-Data-TW-1.0","geometry_quality":"source-footprint","height":9.32,"render_height":9.32,"height_quality":"reported","height_source":"NLSC 3D BUILD_H","height_known":true,"min_height":0,"official_height_provider":"NLSC-3D","official_height_building_id":"1KFVA573S5","official_geometry_provider":"NLSC-I3S","official_geometry_node":104538,"official_geometry_resource":104538,"official_geometry_definition":0,"official_geometry_validation_m":0.1873156995495849,"official_height_floors":3,"official_height_h_source_code":"0","official_height_h_extraction_code":"0"}},{"type":"Feature","id":"nlsc3d-1KFW1573H7","geometry":{"type":"Polygon","coordinates":[[[120.2071648,23.02787132],[120.20734856,23.0278841],[120.20735186,23.02784699],[120.207168,23.02783411],[120.2071648,23.02787132]]]},"properties":{"building_uid":"nlsc3d-1KFW1573H7","source_id":"1KFW1573H7","building_source":"NLSC-3D-geometry","source_version":"67fec239-0993-40d8-8f4c-45dfff595538","source_license":"Government-Open-Data-TW-1.0","geometry_quality":"source-footprint","height":9.36,"render_height":9.36,"height_quality":"reported","height_source":"NLSC 3D BUILD_H","height_known":true,"min_height":0,"official_height_provider":"NLSC-3D","official_height_building_id":"1KFW1573H7","official_geometry_provider":"NLSC-I3S","official_geometry_node":104540,"official_geometry_resource":104540,"official_geometry_definition":0,"official_geometry_validation_m":0.1941933558951733,"official_height_floors":3,"official_height_h_source_code":"0","official_height_h_extraction_code":"0"}},{"type":"Feature","id":"nlsc3d-1KFVT573KR","geometry":{"type":"Polygon","coordinates":[[[120.2071581,23.0279446],[120.20734165,23.02795738],[120.20734486,23.02792087],[120.2071612,23.02790829],[120.2071581,23.0279446]]]},"properties":{"building_uid":"nlsc3d-1KFVT573KR","source_id":"1KFVT573KR","building_source":"NLSC-3D-geometry","source_version":"67fec239-0993-40d8-8f4c-45dfff595538","source_license":"Government-Open-Data-TW-1.0","geometry_quality":"source-footprint","height":9.44,"render_height":9.44,"height_quality":"reported","height_source":"NLSC 3D BUILD_H","height_known":true,"min_height":0,"official_height_provider":"NLSC-3D","official_height_building_id":"1KFVT573KR","official_geometry_provider":"NLSC-I3S","official_geometry_node":104540,"official_geometry_resource":104540,"official_geometry_definition":0,"official_geometry_validation_m":0.17876169335885167,"official_height_floors":3,"official_height_h_source_code":"0","official_height_h_extraction_code":"0"}},{"type":"Feature","id":"nlsc3d-1KFVP573M2","geometry":{"type":"Polygon","coordinates":[[[120.20715472,23.02798144],[120.20733828,23.02799412],[120.20734148,23.02795742],[120.20715782,23.02794464],[120.20715472,23.02798144]]]},"properties":{"building_uid":"nlsc3d-1KFVP573M2","source_id":"1KFVP573M2","building_source":"NLSC-3D-geometry","source_version":"67fec239-0993-40d8-8f4c-45dfff595538","source_license":"Government-Open-Data-TW-1.0","geometry_quality":"source-footprint","height":9.39,"render_height":9.39,"height_quality":"reported","height_source":"NLSC 3D BUILD_H","height_known":true,"min_height":0,"official_height_provider":"NLSC-3D","official_height_building_id":"1KFVP573M2","official_geometry_provider":"NLSC-I3S","official_geometry_node":104540,"official_geometry_resource":104540,"official_geometry_definition":0,"official_geometry_validation_m":0.1957616503413338,"official_height_floors":3,"official_height_h_source_code":"0","official_height_h_extraction_code":"0"}},{"type":"Feature","id":"nlsc3d-1KFVH573PL","geometry":{"type":"Polygon","coordinates":[[[120.20714795,23.0280555],[120.20733131,23.02806838],[120.20733451,23.02803157],[120.20715105,23.02801919],[120.20714795,23.0280555]]]},"properties":{"building_uid":"nlsc3d-1KFVH573PL","source_id":"1KFVH573PL","building_source":"NLSC-3D-geometry","source_version":"67fec239-0993-40d8-8f4c-45dfff595538","source_license":"Government-Open-Data-TW-1.0","geometry_quality":"source-footprint","height":9.18,"render_height":9.18,"height_quality":"reported","height_source":"NLSC 3D BUILD_H","height_known":true,"min_height":0,"official_height_provider":"NLSC-3D","official_height_building_id":"1KFVH573PL","official_geometry_provider":"NLSC-I3S","official_geometry_node":104540,"official_geometry_resource":104540,"official_geometry_definition":0,"official_geometry_validation_m":0.16696528632970106,"official_height_floors":3,"official_height_h_source_code":"0","official_height_h_extraction_code":"0"}},{"type":"Feature","id":"nlsc3d-1KFVL573NB","geometry":{"type":"Polygon","coordinates":[[[120.20715128,23.02801913],[120.20733474,23.02803151],[120.20733803,23.02799411],[120.20715448,23.02798153],[120.20715128,23.02801913]]]},"properties":{"building_uid":"nlsc3d-1KFVL573NB","source_id":"1KFVL573NB","building_source":"NLSC-3D-geometry","source_version":"67fec239-0993-40d8-8f4c-45dfff595538","source_license":"Government-Open-Data-TW-1.0","geometry_quality":"source-footprint","height":9.3,"render_height":9.3,"height_quality":"reported","height_source":"NLSC 3D BUILD_H","height_known":true,"min_height":0,"official_height_provider":"NLSC-3D","official_height_building_id":"1KFVL573NB","official_geometry_provider":"NLSC-I3S","official_geometry_node":104540,"official_geometry_resource":104540,"official_geometry_definition":0,"official_geometry_validation_m":0.19545530810357373,"official_height_floors":3,"official_height_h_source_code":"0","official_height_h_extraction_code":"0"}},{"type":"Feature","id":"nlsc3d-1KFVW573JG","geometry":{"type":"Polygon","coordinates":[[[120.20716142,23.02790821],[120.20734508,23.02792089],[120.20734838,23.02788409],[120.20716452,23.02787141],[120.20716142,23.02790821]]]},"properties":{"building_uid":"nlsc3d-1KFVW573JG","source_id":"1KFVW573JG","building_source":"NLSC-3D-geometry","source_version":"67fec239-0993-40d8-8f4c-45dfff595538","source_license":"Government-Open-Data-TW-1.0","geometry_quality":"source-footprint","height":9.51,"render_height":9.51,"height_quality":"reported","height_source":"NLSC 3D BUILD_H","height_known":true,"min_height":0,"official_height_provider":"NLSC-3D","official_height_building_id":"1KFVW573JG","official_geometry_provider":"NLSC-I3S","official_geometry_node":104540,"official_geometry_resource":104540,"official_geometry_definition":0,"official_geometry_validation_m":0.1946762062311892,"official_height_floors":3,"official_height_h_source_code":"0","official_height_h_extraction_code":"0"}},{"type":"Feature","id":"nlsc3d-1KFW8573EN","geometry":{"type":"Polygon","coordinates":[[[120.20717151,23.02779797],[120.20735547,23.02781055],[120.20735868,23.02777385],[120.20717462,23.02776107],[120.20717151,23.02779797]]]},"properties":{"building_uid":"nlsc3d-1KFW8573EN","source_id":"1KFW8573EN","building_source":"NLSC-3D-geometry","source_version":"67fec239-0993-40d8-8f4c-45dfff595538","source_license":"Government-Open-Data-TW-1.0","geometry_quality":"source-footprint","height":9.29,"render_height":9.29,"height_quality":"reported","height_source":"NLSC 3D BUILD_H","height_known":true,"min_height":0,"official_height_provider":"NLSC-3D","official_height_building_id":"1KFW8573EN","official_geometry_provider":"NLSC-I3S","official_geometry_node":104540,"official_geometry_resource":104540,"official_geometry_definition":0,"official_geometry_validation_m":0.1971505453806775,"official_height_floors":3,"official_height_h_source_code":"0","official_height_h_extraction_code":"0"}},{"type":"Feature","id":"nlsc3d-1KFW5573FX","geometry":{"type":"Polygon","coordinates":[[[120.2071682,23.02783408],[120.20735196,23.02784696],[120.20735527,23.02781055],[120.20717131,23.02779797],[120.2071682,23.02783408]]]},"properties":{"building_uid":"nlsc3d-1KFW5573FX","source_id":"1KFW5573FX","building_source":"NLSC-3D-geometry","source_version":"67fec239-0993-40d8-8f4c-45dfff595538","source_license":"Government-Open-Data-TW-1.0","geometry_quality":"source-footprint","height":9.31,"render_height":9.31,"height_quality":"reported","height_source":"NLSC 3D BUILD_H","height_known":true,"min_height":0,"official_height_provider":"NLSC-3D","official_height_building_id":"1KFW5573FX","official_geometry_provider":"NLSC-I3S","official_geometry_node":104540,"official_geometry_resource":104540,"official_geometry_definition":0,"official_geometry_validation_m":0.17877162390212048,"official_height_floors":3,"official_height_h_source_code":"0","official_height_h_extraction_code":"0"}},{"type":"Feature","id":"nlsc3d-1KG3B573RB","geometry":{"type":"Polygon","coordinates":[[[120.20732686,23.02810587],[120.20751495,23.02811872],[120.20751805,23.02808262],[120.20733007,23.02806936],[120.20732686,23.02810587]]]},"properties":{"building_uid":"nlsc3d-1KG3B573RB","source_id":"1KG3B573RB","building_source":"NLSC-3D-geometry","source_version":"67fec239-0993-40d8-8f4c-45dfff595538","source_license":"Government-Open-Data-TW-1.0","geometry_quality":"source-footprint","height":9.34,"render_height":9.34,"height_quality":"reported","height_source":"NLSC 3D BUILD_H","height_known":true,"min_height":0,"official_height_provider":"NLSC-3D","official_height_building_id":"1KG3B573RB","official_geometry_provider":"NLSC-I3S","official_geometry_node":104527,"official_geometry_resource":104527,"official_geometry_definition":0,"official_geometry_validation_m":0.20470705135895828,"official_height_floors":3,"official_height_h_source_code":"0","official_height_h_extraction_code":"0"}},{"type":"Feature","id":"nlsc3d-1KG38573SK","geometry":{"type":"Polygon","coordinates":[[[120.20732662,23.02810591],[120.20732342,23.02814272],[120.2075116,23.02815558],[120.2075147,23.02811867],[120.20732662,23.02810591]]]},"properties":{"building_uid":"nlsc3d-1KG38573SK","source_id":"1KG38573SK","building_source":"NLSC-3D-geometry","source_version":"67fec239-0993-40d8-8f4c-45dfff595538","source_license":"Government-Open-Data-TW-1.0","geometry_quality":"source-footprint","height":9.39,"render_height":9.39,"height_quality":"reported","height_source":"NLSC 3D BUILD_H","height_known":true,"min_height":0,"official_height_provider":"NLSC-3D","official_height_building_id":"1KG38573SK","official_geometry_provider":"NLSC-I3S","official_geometry_node":104527,"official_geometry_resource":104527,"official_geometry_definition":0,"official_geometry_validation_m":0.18335592855471575,"official_height_floors":3,"official_height_h_source_code":"0","official_height_h_extraction_code":"0"}},{"type":"Feature","id":"nlsc3d-1KG2Q573VE","geometry":{"type":"Polygon","coordinates":[[[120.20731965,23.02817968],[120.20731645,23.02821628],[120.20731381,23.02824699],[120.20750445,23.02823264],[120.20750793,23.02819244],[120.20731965,23.02817968]]]},"properties":{"building_uid":"nlsc3d-1KG2Q573VE","source_id":"1KG2Q573VE","building_source":"NLSC-3D-geometry","source_version":"67fec239-0993-40d8-8f4c-45dfff595538","source_license":"Government-Open-Data-TW-1.0","geometry_quality":"source-footprint","height":20.37,"render_height":20.37,"height_quality":"reported","height_source":"NLSC 3D BUILD_H","height_known":true,"min_height":0,"official_height_provider":"NLSC-3D","official_height_building_id":"1KG2Q573VE","official_geometry_provider":"NLSC-I3S","official_geometry_node":104527,"official_geometry_resource":104527,"official_geometry_definition":0,"official_geometry_validation_m":0.9365754780135374,"official_height_floors":6,"official_height_h_source_code":"0","official_height_h_extraction_code":"0"}},{"type":"Feature","id":"nlsc3d-1KG34573TU","geometry":{"type":"Polygon","coordinates":[[[120.20731998,23.02817959],[120.20750816,23.02819245],[120.20751136,23.02815555],[120.20732318,23.02814279],[120.20731998,23.02817959]]]},"properties":{"building_uid":"nlsc3d-1KG34573TU","source_id":"1KG34573TU","building_source":"NLSC-3D-geometry","source_version":"67fec239-0993-40d8-8f4c-45dfff595538","source_license":"Government-Open-Data-TW-1.0","geometry_quality":"source-footprint","height":9.46,"render_height":9.46,"height_quality":"reported","height_source":"NLSC 3D BUILD_H","height_known":true,"min_height":0,"official_height_provider":"NLSC-3D","official_height_building_id":"1KG34573TU","official_geometry_provider":"NLSC-I3S","official_geometry_node":104527,"official_geometry_resource":104527,"official_geometry_definition":0,"official_geometry_validation_m":0.18519598583778554,"official_height_floors":3,"official_height_h_source_code":"0","official_height_h_extraction_code":"0"}},{"type":"Feature","id":"nlsc3d-1KG3E573Q2","geometry":{"type":"Polygon","coordinates":[[[120.20733027,23.02806933],[120.20751825,23.02808259],[120.20752145,23.02804518],[120.20733347,23.02803252],[120.20733027,23.02806933]]]},"properties":{"building_uid":"nlsc3d-1KG3E573Q2","source_id":"1KG3E573Q2","building_source":"NLSC-3D-geometry","source_version":"67fec239-0993-40d8-8f4c-45dfff595538","source_license":"Government-Open-Data-TW-1.0","geometry_quality":"source-footprint","height":9.3,"render_height":9.3,"height_quality":"reported","height_source":"NLSC 3D BUILD_H","height_known":true,"min_height":0,"official_height_provider":"NLSC-3D","official_height_building_id":"1KG3E573Q2","official_geometry_provider":"NLSC-I3S","official_geometry_node":104529,"official_geometry_resource":104529,"official_geometry_definition":0,"official_geometry_validation_m":0.16090666937022505,"official_height_floors":3,"official_height_h_source_code":"0","official_height_h_extraction_code":"0"}},{"type":"Feature","id":"nlsc3d-1KG3H573NR","geometry":{"type":"Polygon","coordinates":[[[120.20733372,23.02803248],[120.2075216,23.02804514],[120.2075248,23.02800793],[120.20733702,23.02799507],[120.20733372,23.02803248]]]},"properties":{"building_uid":"nlsc3d-1KG3H573NR","source_id":"1KG3H573NR","building_source":"NLSC-3D-geometry","source_version":"67fec239-0993-40d8-8f4c-45dfff595538","source_license":"Government-Open-Data-TW-1.0","geometry_quality":"source-footprint","height":9.32,"render_height":9.32,"height_quality":"reported","height_source":"NLSC 3D BUILD_H","height_known":true,"min_height":0,"official_height_provider":"NLSC-3D","official_height_building_id":"1KG3H573NR","official_geometry_provider":"NLSC-I3S","official_geometry_node":104529,"official_geometry_resource":104529,"official_geometry_definition":0,"official_geometry_validation_m":0.18966001884594716,"official_height_floors":3,"official_height_h_source_code":"0","official_height_h_extraction_code":"0"}},{"type":"Feature","id":"nlsc3d-1KG3M573MG","geometry":{"type":"Polygon","coordinates":[[[120.20733722,23.02799499],[120.207525,23.02800795],[120.20752821,23.02797144],[120.20734042,23.02795838],[120.20733722,23.02799499]]]},"properties":{"building_uid":"nlsc3d-1KG3M573MG","source_id":"1KG3M573MG","building_source":"NLSC-3D-geometry","source_version":"67fec239-0993-40d8-8f4c-45dfff595538","source_license":"Government-Open-Data-TW-1.0","geometry_quality":"source-footprint","height":9.33,"render_height":9.33,"height_quality":"reported","height_source":"NLSC 3D BUILD_H","height_known":true,"min_height":0,"official_height_provider":"NLSC-3D","official_height_building_id":"1KG3M573MG","official_geometry_provider":"NLSC-I3S","official_geometry_node":104529,"official_geometry_resource":104529,"official_geometry_definition":0,"official_geometry_validation_m":0.19481497402328762,"official_height_floors":3,"official_height_h_source_code":"0","official_height_h_extraction_code":"0"}},{"type":"Feature","id":"nlsc3d-1KG3Q573L7","geometry":{"type":"Polygon","coordinates":[[[120.20734065,23.02795838],[120.20752833,23.02797144],[120.20753154,23.02793474],[120.20734386,23.02792188],[120.20734065,23.02795838]]]},"properties":{"building_uid":"nlsc3d-1KG3Q573L7","source_id":"1KG3Q573L7","building_source":"NLSC-3D-geometry","source_version":"67fec239-0993-40d8-8f4c-45dfff595538","source_license":"Government-Open-Data-TW-1.0","geometry_quality":"source-footprint","height":9.39,"render_height":9.39,"height_quality":"reported","height_source":"NLSC 3D BUILD_H","height_known":true,"min_height":0,"official_height_provider":"NLSC-3D","official_height_building_id":"1KG3Q573L7","official_geometry_provider":"NLSC-I3S","official_geometry_node":104529,"official_geometry_resource":104529,"official_geometry_definition":0,"official_geometry_validation_m":0.1774635966242564,"official_height_floors":3,"official_height_h_source_code":"0","official_height_h_extraction_code":"0"}},{"type":"Feature","id":"nlsc3d-1KG3T573JX","geometry":{"type":"Polygon","coordinates":[[[120.20734407,23.02792181],[120.20753175,23.02793477],[120.20753485,23.02789807],[120.20734727,23.0278851],[120.20734407,23.02792181]]]},"properties":{"building_uid":"nlsc3d-1KG3T573JX","source_id":"1KG3T573JX","building_source":"NLSC-3D-geometry","source_version":"67fec239-0993-40d8-8f4c-45dfff595538","source_license":"Government-Open-Data-TW-1.0","geometry_quality":"source-footprint","height":9.39,"render_height":9.39,"height_quality":"reported","height_source":"NLSC 3D BUILD_H","height_known":true,"min_height":0,"official_height_provider":"NLSC-3D","official_height_building_id":"1KG3T573JX","official_geometry_provider":"NLSC-I3S","official_geometry_node":104529,"official_geometry_resource":104529,"official_geometry_definition":0,"official_geometry_validation_m":0.18631962733968904,"official_height_floors":3,"official_height_h_source_code":"0","official_height_h_extraction_code":"0"}},{"type":"Feature","id":"nlsc3d-1KG3X573HN","geometry":{"type":"Polygon","coordinates":[[[120.20734751,23.02788503],[120.20753509,23.0278981],[120.20753829,23.02786099],[120.20735071,23.02784793],[120.20734751,23.02788503]]]},"properties":{"building_uid":"nlsc3d-1KG3X573HN","source_id":"1KG3X573HN","building_source":"NLSC-3D-geometry","source_version":"67fec239-0993-40d8-8f4c-45dfff595538","source_license":"Government-Open-Data-TW-1.0","geometry_quality":"source-footprint","height":9.41,"render_height":9.41,"height_quality":"reported","height_source":"NLSC 3D BUILD_H","height_known":true,"min_height":0,"official_height_provider":"NLSC-3D","official_height_building_id":"1KG3X573HN","official_geometry_provider":"NLSC-I3S","official_geometry_node":104529,"official_geometry_resource":104529,"official_geometry_definition":0,"official_geometry_validation_m":0.18981825372295807,"official_height_floors":3,"official_height_h_source_code":"0","official_height_h_extraction_code":"0"}},{"type":"Feature","id":"nlsc3d-1KFWC573CV","geometry":{"type":"Polygon","coordinates":[[[120.20717497,23.02776099],[120.20735893,23.02777387],[120.20736477,23.02770796],[120.20718061,23.02769529],[120.20717497,23.02776099]]]},"properties":{"building_uid":"nlsc3d-1KFWC573CV","source_id":"1KFWC573CV","building_source":"NLSC-3D-geometry","source_version":"67fec239-0993-40d8-8f4c-45dfff595538","source_license":"Government-Open-Data-TW-1.0","geometry_quality":"source-footprint","height":9.42,"render_height":9.42,"height_quality":"reported","height_source":"NLSC 3D BUILD_H","height_known":true,"min_height":0,"official_height_provider":"NLSC-3D","official_height_building_id":"1KFWC573CV","official_geometry_provider":"NLSC-I3S","official_geometry_node":104483,"official_geometry_resource":104483,"official_geometry_definition":0,"official_geometry_validation_m":0.1861303483458387,"official_height_floors":3,"official_height_h_source_code":"0","official_height_h_extraction_code":"0"}},{"type":"Feature","id":"nlsc3d-1KFX157351","geometry":{"type":"Polygon","coordinates":[[[120.20719711,23.02751803],[120.20738168,23.027531],[120.20738488,23.0274949],[120.20720012,23.02748212],[120.20719711,23.02751803]]]},"properties":{"building_uid":"nlsc3d-1KFX157351","source_id":"1KFX157351","building_source":"NLSC-3D-geometry","source_version":"67fec239-0993-40d8-8f4c-45dfff595538","source_license":"Government-Open-Data-TW-1.0","geometry_quality":"source-footprint","height":9.28,"render_height":9.28,"height_quality":"reported","height_source":"NLSC 3D BUILD_H","height_known":true,"min_height":0,"official_height_provider":"NLSC-3D","official_height_building_id":"1KFX157351","official_geometry_provider":"NLSC-I3S","official_geometry_node":104483,"official_geometry_resource":104483,"official_geometry_definition":0,"official_geometry_validation_m":0.18289055114537398,"official_height_floors":3,"official_height_h_source_code":"0","official_height_h_extraction_code":"0"}},{"type":"Feature","id":"nlsc3d-1KFWV5736A","geometry":{"type":"Polygon","coordinates":[[[120.20719367,23.02755568],[120.20737814,23.02756856],[120.20738143,23.02753095],[120.20719687,23.02751808],[120.20719367,23.02755568]]]},"properties":{"building_uid":"nlsc3d-1KFWV5736A","source_id":"1KFWV5736A","building_source":"NLSC-3D-geometry","source_version":"67fec239-0993-40d8-8f4c-45dfff595538","source_license":"Government-Open-Data-TW-1.0","geometry_quality":"source-footprint","height":9.28,"render_height":9.28,"height_quality":"reported","height_source":"NLSC 3D BUILD_H","height_known":true,"min_height":0,"official_height_provider":"NLSC-3D","official_height_building_id":"1KFWV5736A","official_geometry_provider":"NLSC-I3S","official_geometry_node":104483,"official_geometry_resource":104483,"official_geometry_definition":0,"official_geometry_validation_m":0.1907083817395106,"official_height_floors":3,"official_height_h_source_code":"0","official_height_h_extraction_code":"0"}},{"type":"Feature","id":"nlsc3d-1KFWS5737J","geometry":{"type":"Polygon","coordinates":[[[120.20719036,23.02759184],[120.20737472,23.02760442],[120.20737793,23.02756852],[120.20719347,23.02755574],[120.20719036,23.02759184]]]},"properties":{"building_uid":"nlsc3d-1KFWS5737J","source_id":"1KFWS5737J","building_source":"NLSC-3D-geometry","source_version":"67fec239-0993-40d8-8f4c-45dfff595538","source_license":"Government-Open-Data-TW-1.0","geometry_quality":"source-footprint","height":9.25,"render_height":9.25,"height_quality":"reported","height_source":"NLSC 3D BUILD_H","height_known":true,"min_height":0,"official_height_provider":"NLSC-3D","official_height_building_id":"1KFWS5737J","official_geometry_provider":"NLSC-I3S","official_geometry_node":104483,"official_geometry_resource":104483,"official_geometry_definition":0,"official_geometry_validation_m":0.1994607517958248,"official_height_floors":3,"official_height_h_source_code":"0","official_height_h_extraction_code":"0"}},{"type":"Feature","id":"nlsc3d-1KFX45733Q","geometry":{"type":"Polygon","coordinates":[[[120.2072035,23.02744534],[120.2072004,23.02748205],[120.20738507,23.02749492],[120.20738826,23.02745742],[120.20728196,23.02745075],[120.20729271,23.0274507],[120.2072035,23.02744534]]]},"properties":{"building_uid":"nlsc3d-1KFX45733Q","source_id":"1KFX45733Q","building_source":"NLSC-3D-geometry","source_version":"67fec239-0993-40d8-8f4c-45dfff595538","source_license":"Government-Open-Data-TW-1.0","geometry_quality":"source-footprint","height":9.28,"render_height":9.28,"height_quality":"reported","height_source":"NLSC 3D BUILD_H","height_known":true,"min_height":0,"official_height_provider":"NLSC-3D","official_height_building_id":"1KFX45733Q","official_geometry_provider":"NLSC-I3S","official_geometry_node":104483,"official_geometry_resource":104483,"official_geometry_definition":0,"official_geometry_validation_m":0.17323779523451044,"official_height_floors":3,"official_height_h_source_code":"0","official_height_h_extraction_code":"0"}},{"type":"Feature","id":"nlsc3d-1KFX75732F","geometry":{"type":"Polygon","coordinates":[[[120.20729298,23.02745068],[120.20728223,23.02745073],[120.20738843,23.0274574],[120.20739063,23.0274206],[120.20720697,23.02740802],[120.20720377,23.02744533],[120.20729298,23.02745068]]]},"properties":{"building_uid":"nlsc3d-1KFX75732F","source_id":"1KFX75732F","building_source":"NLSC-3D-geometry","source_version":"67fec239-0993-40d8-8f4c-45dfff595538","source_license":"Government-Open-Data-TW-1.0","geometry_quality":"source-footprint","height":9.46,"render_height":9.46,"height_quality":"reported","height_source":"NLSC 3D BUILD_H","height_known":true,"min_height":0,"official_height_provider":"NLSC-3D","official_height_building_id":"1KFX75732F","official_geometry_provider":"NLSC-I3S","official_geometry_node":104485,"official_geometry_resource":104485,"official_geometry_definition":0,"official_geometry_validation_m":0.1659783884383317,"official_height_floors":3,"official_height_h_source_code":"0","official_height_h_extraction_code":"0"}},{"type":"Feature","id":"nlsc3d-1KFXL572VB","geometry":{"type":"Polygon","coordinates":[[[120.20721729,23.02729755],[120.20740144,23.02730963],[120.20740475,23.02727272],[120.20722049,23.02726024],[120.20721729,23.02729755]]]},"properties":{"building_uid":"nlsc3d-1KFXL572VB","source_id":"1KFXL572VB","building_source":"NLSC-3D-geometry","source_version":"67fec239-0993-40d8-8f4c-45dfff595538","source_license":"Government-Open-Data-TW-1.0","geometry_quality":"source-footprint","height":9.55,"render_height":9.55,"height_quality":"reported","height_source":"NLSC 3D BUILD_H","height_known":true,"min_height":0,"official_height_provider":"NLSC-3D","official_height_building_id":"1KFXL572VB","official_geometry_provider":"NLSC-I3S","official_geometry_node":104485,"official_geometry_resource":104485,"official_geometry_definition":0,"official_geometry_validation_m":0.2058952730183061,"official_height_floors":3,"official_height_h_source_code":"0","official_height_h_extraction_code":"0"}},{"type":"Feature","id":"nlsc3d-1KFXD572XV","geometry":{"type":"Polygon","coordinates":[[[120.20721052,23.02737155],[120.20739438,23.02738383],[120.20739768,23.02734653],[120.20721372,23.02733405],[120.20721052,23.02737155]]]},"properties":{"building_uid":"nlsc3d-1KFXD572XV","source_id":"1KFXD572XV","building_source":"NLSC-3D-geometry","source_version":"67fec239-0993-40d8-8f4c-45dfff595538","source_license":"Government-Open-Data-TW-1.0","geometry_quality":"source-footprint","height":9.49,"render_height":9.49,"height_quality":"reported","height_source":"NLSC 3D BUILD_H","height_known":true,"min_height":0,"official_height_provider":"NLSC-3D","official_height_building_id":"1KFXD572XV","official_geometry_provider":"NLSC-I3S","official_geometry_node":104485,"official_geometry_resource":104485,"official_geometry_definition":0,"official_geometry_validation_m":0.19649671071888355,"official_height_floors":3,"official_height_h_source_code":"0","official_height_h_extraction_code":"0"}},{"type":"Feature","id":"nlsc3d-1KFXH572WL","geometry":{"type":"Polygon","coordinates":[[[120.20721395,23.02733401],[120.20739791,23.02734659],[120.20740121,23.02730968],[120.20721705,23.0272976],[120.20721395,23.02733401]]]},"properties":{"building_uid":"nlsc3d-1KFXH572WL","source_id":"1KFXH572WL","building_source":"NLSC-3D-geometry","source_version":"67fec239-0993-40d8-8f4c-45dfff595538","source_license":"Government-Open-Data-TW-1.0","geometry_quality":"source-footprint","height":9.46,"render_height":9.46,"height_quality":"reported","height_source":"NLSC 3D BUILD_H","height_known":true,"min_height":0,"official_height_provider":"NLSC-3D","official_height_building_id":"1KFXH572WL","official_geometry_provider":"NLSC-I3S","official_geometry_node":104485,"official_geometry_resource":104485,"official_geometry_definition":0,"official_geometry_validation_m":0.172324809385642,"official_height_floors":3,"official_height_h_source_code":"0","official_height_h_extraction_code":"0"}},{"type":"Feature","id":"nlsc3d-1KFXS572SS","geometry":{"type":"Polygon","coordinates":[[[120.20722405,23.02722357],[120.20740841,23.02723604],[120.20741171,23.02719894],[120.20722725,23.02718646],[120.20722405,23.02722357]]]},"properties":{"building_uid":"nlsc3d-1KFXS572SS","source_id":"1KFXS572SS","building_source":"NLSC-3D-geometry","source_version":"67fec239-0993-40d8-8f4c-45dfff595538","source_license":"Government-Open-Data-TW-1.0","geometry_quality":"source-footprint","height":9.54,"render_height":9.54,"height_quality":"reported","height_source":"NLSC 3D BUILD_H","height_known":true,"min_height":0,"official_height_provider":"NLSC-3D","official_height_building_id":"1KFXS572SS","official_geometry_provider":"NLSC-I3S","official_geometry_node":104485,"official_geometry_resource":104485,"official_geometry_definition":0,"official_geometry_validation_m":0.19158653483953575,"official_height_floors":3,"official_height_h_source_code":"0","official_height_h_extraction_code":"0"}},{"type":"Feature","id":"nlsc3d-1KFXP572U3","geometry":{"type":"Polygon","coordinates":[[[120.2072207,23.02726025],[120.20740496,23.02727272],[120.20740826,23.02723602],[120.2072238,23.02722364],[120.2072207,23.02726025]]]},"properties":{"building_uid":"nlsc3d-1KFXP572U3","source_id":"1KFXP572U3","building_source":"NLSC-3D-geometry","source_version":"67fec239-0993-40d8-8f4c-45dfff595538","source_license":"Government-Open-Data-TW-1.0","geometry_quality":"source-footprint","height":9.56,"render_height":9.56,"height_quality":"reported","height_source":"NLSC 3D BUILD_H","height_known":true,"min_height":0,"official_height_provider":"NLSC-3D","official_height_building_id":"1KFXP572U3","official_geometry_provider":"NLSC-I3S","official_geometry_node":104485,"official_geometry_resource":104485,"official_geometry_definition":0,"official_geometry_validation_m":0.18754953221809703,"official_height_floors":3,"official_height_h_source_code":"0","official_height_h_extraction_code":"0"}},{"type":"Feature","id":"nlsc3d-1KFXW572RH","geometry":{"type":"Polygon","coordinates":[[[120.20722745,23.02718646],[120.20741191,23.02719894],[120.20741531,23.02716173],[120.20723055,23.02714946],[120.20722745,23.02718646]]]},"properties":{"building_uid":"nlsc3d-1KFXW572RH","source_id":"1KFXW572RH","building_source":"NLSC-3D-geometry","source_version":"67fec239-0993-40d8-8f4c-45dfff595538","source_license":"Government-Open-Data-TW-1.0","geometry_quality":"source-footprint","height":9.35,"render_height":9.35,"height_quality":"reported","height_source":"NLSC 3D BUILD_H","height_known":true,"min_height":0,"official_height_provider":"NLSC-3D","official_height_building_id":"1KFXW572RH","official_geometry_provider":"NLSC-I3S","official_geometry_node":104485,"official_geometry_resource":104485,"official_geometry_definition":0,"official_geometry_validation_m":0.17930408824155472,"official_height_floors":3,"official_height_h_source_code":"0","official_height_h_extraction_code":"0"}},{"type":"Feature","id":"nlsc3d-1KFXA57316","geometry":{"type":"Polygon","coordinates":[[[120.20720718,23.02740801],[120.20739084,23.02742059],[120.20739414,23.02738388],[120.20721029,23.0273716],[120.20720718,23.02740801]]]},"properties":{"building_uid":"nlsc3d-1KFXA57316","source_id":"1KFXA57316","building_source":"NLSC-3D-geometry","source_version":"67fec239-0993-40d8-8f4c-45dfff595538","source_license":"Government-Open-Data-TW-1.0","geometry_quality":"source-footprint","height":9.46,"render_height":9.46,"height_quality":"reported","height_source":"NLSC 3D BUILD_H","height_known":true,"min_height":0,"official_height_provider":"NLSC-3D","official_height_building_id":"1KFXA57316","official_geometry_provider":"NLSC-I3S","official_geometry_node":104485,"official_geometry_resource":104485,"official_geometry_definition":0,"official_geometry_validation_m":0.17854644280842952,"official_height_floors":3,"official_height_h_source_code":"0","official_height_h_extraction_code":"0"}},{"type":"Feature","id":"nlsc3d-1KG01572Q8","geometry":{"type":"Polygon","coordinates":[[[120.20723083,23.02714945],[120.20741549,23.02716173],[120.2074187,23.02712572],[120.20723394,23.02711325],[120.20723083,23.02714945]]]},"properties":{"building_uid":"nlsc3d-1KG01572Q8","source_id":"1KG01572Q8","building_source":"NLSC-3D-geometry","source_version":"67fec239-0993-40d8-8f4c-45dfff595538","source_license":"Government-Open-Data-TW-1.0","geometry_quality":"source-footprint","height":9.42,"render_height":9.42,"height_quality":"reported","height_source":"NLSC 3D BUILD_H","height_known":true,"min_height":0,"official_height_provider":"NLSC-3D","official_height_building_id":"1KG01572Q8","official_geometry_provider":"NLSC-I3S","official_geometry_node":104475,"official_geometry_resource":104475,"official_geometry_definition":0,"official_geometry_validation_m":0.19532009136562997,"official_height_floors":3,"official_height_h_source_code":"0","official_height_h_extraction_code":"0"}},{"type":"Feature","id":"nlsc3d-1KG04572NX","geometry":{"type":"Polygon","coordinates":[[[120.20723735,23.02707512],[120.20723415,23.02711323],[120.20741891,23.0271257],[120.20742231,23.0270878],[120.20739958,23.02708621],[120.20723735,23.02707512]]]},"properties":{"building_uid":"nlsc3d-1KG04572NX","source_id":"1KG04572NX","building_source":"NLSC-3D-geometry","source_version":"67fec239-0993-40d8-8f4c-45dfff595538","source_license":"Government-Open-Data-TW-1.0","geometry_quality":"source-footprint","height":9.47,"render_height":9.47,"height_quality":"reported","height_source":"NLSC 3D BUILD_H","height_known":true,"min_height":0,"official_height_provider":"NLSC-3D","official_height_building_id":"1KG04572NX","official_geometry_provider":"NLSC-I3S","official_geometry_node":104475,"official_geometry_resource":104475,"official_geometry_definition":0,"official_geometry_validation_m":0.1956689950118478,"official_height_floors":3,"official_height_h_source_code":"0","official_height_h_extraction_code":"0"}},{"type":"Feature","id":"nlsc3d-1KG0M572JU","geometry":{"type":"Polygon","coordinates":[[[120.20731722,23.02708051],[120.20735926,23.0270834],[120.20737357,23.0268832],[120.20733103,23.02688221],[120.20731722,23.02708051]]]},"properties":{"building_uid":"nlsc3d-1KG0M572JU","source_id":"1KG0M572JU","building_source":"NLSC-3D-geometry","source_version":"67fec239-0993-40d8-8f4c-45dfff595538","source_license":"Government-Open-Data-TW-1.0","geometry_quality":"source-footprint","height":9.51,"render_height":9.51,"height_quality":"reported","height_source":"NLSC 3D BUILD_H","height_known":true,"min_height":0,"official_height_provider":"NLSC-3D","official_height_building_id":"1KG0M572JU","official_geometry_provider":"NLSC-I3S","official_geometry_node":104475,"official_geometry_resource":104475,"official_geometry_definition":0,"official_geometry_validation_m":0.20208418494991257,"official_height_floors":3,"official_height_h_source_code":"0","official_height_h_extraction_code":"0"}},{"type":"Feature","id":"nlsc3d-1KFXA572JS","geometry":{"type":"Polygon","coordinates":[[[120.20727535,23.02707744],[120.2073174,23.02708033],[120.20733121,23.02688193],[120.20728958,23.02688093],[120.20727535,23.02707744]]]},"properties":{"building_uid":"nlsc3d-1KFXA572JS","source_id":"1KFXA572JS","building_source":"NLSC-3D-geometry","source_version":"67fec239-0993-40d8-8f4c-45dfff595538","source_license":"Government-Open-Data-TW-1.0","geometry_quality":"source-footprint","height":9.59,"render_height":9.59,"height_quality":"reported","height_source":"NLSC 3D BUILD_H","height_known":true,"min_height":0,"official_height_provider":"NLSC-3D","official_height_building_id":"1KFXA572JS","official_geometry_provider":"NLSC-I3S","official_geometry_node":104475,"official_geometry_resource":104475,"official_geometry_definition":0,"official_geometry_validation_m":0.17262495160378316,"official_height_floors":3,"official_height_h_source_code":"0","official_height_h_extraction_code":"0"}},{"type":"Feature","id":"nlsc3d-1KFW1572JV","geometry":{"type":"Polygon","coordinates":[[[120.2072431,23.0269692],[120.20723849,23.02702281],[120.20723969,23.0270229],[120.20724033,23.02702769],[120.20724244,23.02702778],[120.20723849,23.02707469],[120.2072755,23.0270772],[120.20728983,23.0268807],[120.20728983,23.02688069],[120.20727837,23.02688045],[120.20725338,23.02690507],[120.20725264,23.02691587],[120.20724771,23.02691559],[120.2072431,23.0269692]],[[120.20728982921676,23.026880700740687],[120.20728982921676,23.026880700740694],[120.20725264,23.02691587],[120.20728982921676,23.026880700740687]]]},"properties":{"building_uid":"nlsc3d-1KFW1572JV","source_id":"1KFW1572JV","building_source":"NLSC-3D-geometry","source_version":"67fec239-0993-40d8-8f4c-45dfff595538","source_license":"Government-Open-Data-TW-1.0","geometry_quality":"source-footprint","height":9.43,"render_height":9.43,"height_quality":"reported","height_source":"NLSC 3D BUILD_H","height_known":true,"min_height":0,"official_height_provider":"NLSC-3D","official_height_building_id":"1KFW1572JV","official_geometry_provider":"NLSC-I3S","official_geometry_node":104475,"official_geometry_resource":104475,"official_geometry_definition":0,"official_geometry_validation_m":0.48747094699647975,"official_height_floors":3,"official_height_h_source_code":"0","official_height_h_extraction_code":"0"}},{"type":"Feature","id":"nlsc3d-1KG4W5735F","geometry":{"type":"Polygon","coordinates":[[[120.20738064,23.02753195],[120.20756731,23.02754502],[120.20757042,23.02750872],[120.20738374,23.02749585],[120.20738064,23.02753195]]]},"properties":{"building_uid":"nlsc3d-1KG4W5735F","source_id":"1KG4W5735F","building_source":"NLSC-3D-geometry","source_version":"67fec239-0993-40d8-8f4c-45dfff595538","source_license":"Government-Open-Data-TW-1.0","geometry_quality":"source-footprint","height":9.26,"render_height":9.26,"height_quality":"reported","height_source":"NLSC 3D BUILD_H","height_known":true,"min_height":0,"official_height_provider":"NLSC-3D","official_height_building_id":"1KG4W5735F","official_geometry_provider":"NLSC-I3S","official_geometry_node":104467,"official_geometry_resource":104467,"official_geometry_definition":0,"official_geometry_validation_m":0.1757821281075809,"official_height_floors":3,"official_height_h_source_code":"0","official_height_h_extraction_code":"0"}},{"type":"Feature","id":"nlsc3d-1KG5157346","geometry":{"type":"Polygon","coordinates":[[[120.20738402,23.02749581],[120.2075706,23.02750878],[120.20757389,23.02747077],[120.20738722,23.02745841],[120.20738402,23.02749581]]]},"properties":{"building_uid":"nlsc3d-1KG5157346","source_id":"1KG5157346","building_source":"NLSC-3D-geometry","source_version":"67fec239-0993-40d8-8f4c-45dfff595538","source_license":"Government-Open-Data-TW-1.0","geometry_quality":"source-footprint","height":9.19,"render_height":9.19,"height_quality":"reported","height_source":"NLSC 3D BUILD_H","height_known":true,"min_height":0,"official_height_provider":"NLSC-3D","official_height_building_id":"1KG5157346","official_geometry_provider":"NLSC-I3S","official_geometry_node":104467,"official_geometry_resource":104467,"official_geometry_definition":0,"official_geometry_validation_m":0.1620356137041494,"official_height_floors":3,"official_height_h_source_code":"0","official_height_h_extraction_code":"0"}},{"type":"Feature","id":"nlsc3d-1KG4L57399","geometry":{"type":"Polygon","coordinates":[[[120.20737027,23.02764246],[120.20755724,23.02765543],[120.20756044,23.02761802],[120.20737347,23.02760536],[120.20737027,23.02764246]]]},"properties":{"building_uid":"nlsc3d-1KG4L57399","source_id":"1KG4L57399","building_source":"NLSC-3D-geometry","source_version":"67fec239-0993-40d8-8f4c-45dfff595538","source_license":"Government-Open-Data-TW-1.0","geometry_quality":"source-footprint","height":9.26,"render_height":9.26,"height_quality":"reported","height_source":"NLSC 3D BUILD_H","height_known":true,"min_height":0,"official_height_provider":"NLSC-3D","official_height_building_id":"1KG4L57399","official_geometry_provider":"NLSC-I3S","official_geometry_node":104467,"official_geometry_resource":104467,"official_geometry_definition":0,"official_geometry_validation_m":0.17244861714862975,"official_height_floors":3,"official_height_h_source_code":"0","official_height_h_extraction_code":"0"}},{"type":"Feature","id":"nlsc3d-1KG4P57381","geometry":{"type":"Polygon","coordinates":[[[120.20737375,23.02760533],[120.20756063,23.027618],[120.20756374,23.02758249],[120.20737686,23.02756953],[120.20737375,23.02760533]]]},"properties":{"building_uid":"nlsc3d-1KG4P57381","source_id":"1KG4P57381","building_source":"NLSC-3D-geometry","source_version":"67fec239-0993-40d8-8f4c-45dfff595538","source_license":"Government-Open-Data-TW-1.0","geometry_quality":"source-footprint","height":9.32,"render_height":9.32,"height_quality":"reported","height_source":"NLSC 3D BUILD_H","height_known":true,"min_height":0,"official_height_provider":"NLSC-3D","official_height_building_id":"1KG4P57381","official_geometry_provider":"NLSC-I3S","official_geometry_node":104467,"official_geometry_resource":104467,"official_geometry_definition":0,"official_geometry_validation_m":0.19830914565457547,"official_height_floors":3,"official_height_h_source_code":"0","official_height_h_extraction_code":"0"}},{"type":"Feature","id":"nlsc3d-1KG4T5736Q","geometry":{"type":"Polygon","coordinates":[[[120.20737712,23.02756948],[120.2075639,23.02758255],[120.20756709,23.02754504],[120.20738042,23.02753198],[120.20737712,23.02756948]]]},"properties":{"building_uid":"nlsc3d-1KG4T5736Q","source_id":"1KG4T5736Q","building_source":"NLSC-3D-geometry","source_version":"67fec239-0993-40d8-8f4c-45dfff595538","source_license":"Government-Open-Data-TW-1.0","geometry_quality":"source-footprint","height":9.27,"render_height":9.27,"height_quality":"reported","height_source":"NLSC 3D BUILD_H","height_known":true,"min_height":0,"official_height_provider":"NLSC-3D","official_height_building_id":"1KG4T5736Q","official_geometry_provider":"NLSC-I3S","official_geometry_node":104467,"official_geometry_resource":104467,"official_geometry_definition":0,"official_geometry_validation_m":0.18588939365396961,"official_height_floors":3,"official_height_h_source_code":"0","official_height_h_extraction_code":"0"}},{"type":"Feature","id":"nlsc3d-1KG5T572RW","geometry":{"type":"Polygon","coordinates":[[[120.20741094,23.02719988],[120.20759772,23.02721254],[120.20760091,23.02717504],[120.20741424,23.02716267],[120.20741094,23.02719988]]]},"properties":{"building_uid":"nlsc3d-1KG5T572RW","source_id":"1KG5T572RW","building_source":"NLSC-3D-geometry","source_version":"67fec239-0993-40d8-8f4c-45dfff595538","source_license":"Government-Open-Data-TW-1.0","geometry_quality":"source-footprint","height":9.32,"render_height":9.32,"height_quality":"reported","height_source":"NLSC 3D BUILD_H","height_known":true,"min_height":0,"official_height_provider":"NLSC-3D","official_height_building_id":"1KG5T572RW","official_geometry_provider":"NLSC-I3S","official_geometry_node":104469,"official_geometry_resource":104469,"official_geometry_definition":0,"official_geometry_validation_m":0.1717614039460285,"official_height_floors":3,"official_height_h_source_code":"0","official_height_h_extraction_code":"0"}},{"type":"Feature","id":"nlsc3d-1KG5A5730B","geometry":{"type":"Polygon","coordinates":[[[120.20739333,23.02738482],[120.2075808,23.02739738],[120.207584,23.02736018],[120.20739663,23.02734751],[120.20739333,23.02738482]]]},"properties":{"building_uid":"nlsc3d-1KG5A5730B","source_id":"1KG5A5730B","building_source":"NLSC-3D-geometry","source_version":"67fec239-0993-40d8-8f4c-45dfff595538","source_license":"Government-Open-Data-TW-1.0","geometry_quality":"source-footprint","height":9.17,"render_height":9.17,"height_quality":"reported","height_source":"NLSC 3D BUILD_H","height_known":true,"min_height":0,"official_height_provider":"NLSC-3D","official_height_building_id":"1KG5A5730B","official_geometry_provider":"NLSC-I3S","official_geometry_node":104469,"official_geometry_resource":104469,"official_geometry_definition":0,"official_geometry_validation_m":0.1899604999871355,"official_height_floors":3,"official_height_h_source_code":"0","official_height_h_extraction_code":"0"}},{"type":"Feature","id":"nlsc3d-1KG5L572UG","geometry":{"type":"Polygon","coordinates":[[[120.20740391,23.0272736],[120.20759099,23.02728626],[120.20759409,23.02724956],[120.20740712,23.02723699],[120.20740391,23.0272736]]]},"properties":{"building_uid":"nlsc3d-1KG5L572UG","source_id":"1KG5L572UG","building_source":"NLSC-3D-geometry","source_version":"67fec239-0993-40d8-8f4c-45dfff595538","source_license":"Government-Open-Data-TW-1.0","geometry_quality":"source-footprint","height":9.35,"render_height":9.35,"height_quality":"reported","height_source":"NLSC 3D BUILD_H","height_known":true,"min_height":0,"official_height_provider":"NLSC-3D","official_height_building_id":"1KG5L572UG","official_geometry_provider":"NLSC-I3S","official_geometry_node":104469,"official_geometry_resource":104469,"official_geometry_definition":0,"official_geometry_validation_m":0.1772171822326098,"official_height_floors":3,"official_height_h_source_code":"0","official_height_h_extraction_code":"0"}},{"type":"Feature","id":"nlsc3d-1KG5E572X2","geometry":{"type":"Polygon","coordinates":[[[120.20739688,23.02734744],[120.20758426,23.0273602],[120.20758745,23.0273229],[120.20740018,23.02731064],[120.20739688,23.02734744]]]},"properties":{"building_uid":"nlsc3d-1KG5E572X2","source_id":"1KG5E572X2","building_source":"NLSC-3D-geometry","source_version":"67fec239-0993-40d8-8f4c-45dfff595538","source_license":"Government-Open-Data-TW-1.0","geometry_quality":"source-footprint","height":9.31,"render_height":9.31,"height_quality":"reported","height_source":"NLSC 3D BUILD_H","height_known":true,"min_height":0,"official_height_provider":"NLSC-3D","official_height_building_id":"1KG5E572X2","official_geometry_provider":"NLSC-I3S","official_geometry_node":104469,"official_geometry_resource":104469,"official_geometry_definition":0,"official_geometry_validation_m":0.16654289431415137,"official_height_floors":3,"official_height_h_source_code":"0","official_height_h_extraction_code":"0"}},{"type":"Feature","id":"nlsc3d-1KG5Q572T8","geometry":{"type":"Polygon","coordinates":[[[120.20740741,23.02723693],[120.20759428,23.0272495],[120.20759749,23.0272126],[120.20741071,23.02719993],[120.20740741,23.02723693]]]},"properties":{"building_uid":"nlsc3d-1KG5Q572T8","source_id":"1KG5Q572T8","building_source":"NLSC-3D-geometry","source_version":"67fec239-0993-40d8-8f4c-45dfff595538","source_license":"Government-Open-Data-TW-1.0","geometry_quality":"source-footprint","height":9.31,"render_height":9.31,"height_quality":"reported","height_source":"NLSC 3D BUILD_H","height_known":true,"min_height":0,"official_height_provider":"NLSC-3D","official_height_building_id":"1KG5Q572T8","official_geometry_provider":"NLSC-I3S","official_geometry_node":104469,"official_geometry_resource":104469,"official_geometry_definition":0,"official_geometry_validation_m":0.18614657414137245,"official_height_floors":3,"official_height_h_source_code":"0","official_height_h_extraction_code":"0"}},{"type":"Feature","id":"nlsc3d-1KG5H572VR","geometry":{"type":"Polygon","coordinates":[[[120.20740039,23.02731057],[120.20758767,23.02732293],[120.20759077,23.02728633],[120.20740369,23.02727367],[120.20740039,23.02731057]]]},"properties":{"building_uid":"nlsc3d-1KG5H572VR","source_id":"1KG5H572VR","building_source":"NLSC-3D-geometry","source_version":"67fec239-0993-40d8-8f4c-45dfff595538","source_license":"Government-Open-Data-TW-1.0","geometry_quality":"source-footprint","height":9.32,"render_height":9.32,"height_quality":"reported","height_source":"NLSC 3D BUILD_H","height_known":true,"min_height":0,"official_height_provider":"NLSC-3D","official_height_building_id":"1KG5H572VR","official_geometry_provider":"NLSC-I3S","official_geometry_node":104469,"official_geometry_resource":104469,"official_geometry_definition":0,"official_geometry_validation_m":0.19880661448810583,"official_height_floors":3,"official_height_h_source_code":"0","official_height_h_extraction_code":"0"}},{"type":"Feature","id":"nlsc3d-1KG545732V","geometry":{"type":"Polygon","coordinates":[[[120.20738955,23.02742154],[120.20738746,23.02745834],[120.20757413,23.02747071],[120.20757723,23.0274343],[120.20738955,23.02742154]]]},"properties":{"building_uid":"nlsc3d-1KG545732V","source_id":"1KG545732V","building_source":"NLSC-3D-geometry","source_version":"67fec239-0993-40d8-8f4c-45dfff595538","source_license":"Government-Open-Data-TW-1.0","geometry_quality":"source-footprint","height":9.29,"render_height":9.29,"height_quality":"reported","height_source":"NLSC 3D BUILD_H","height_known":true,"min_height":0,"official_height_provider":"NLSC-3D","official_height_building_id":"1KG545732V","official_geometry_provider":"NLSC-I3S","official_geometry_node":104469,"official_geometry_resource":104469,"official_geometry_definition":0,"official_geometry_validation_m":0.22599320017146904,"official_height_floors":3,"official_height_h_source_code":"0","official_height_h_extraction_code":"0"}},{"type":"Feature","id":"nlsc3d-1KG575731L","geometry":{"type":"Polygon","coordinates":[[[120.20738985,23.02742146],[120.20757743,23.02743432],[120.20758063,23.02739731],[120.20739305,23.02738485],[120.20738985,23.02742146]]]},"properties":{"building_uid":"nlsc3d-1KG575731L","source_id":"1KG575731L","building_source":"NLSC-3D-geometry","source_version":"67fec239-0993-40d8-8f4c-45dfff595538","source_license":"Government-Open-Data-TW-1.0","geometry_quality":"source-footprint","height":9.27,"render_height":9.27,"height_quality":"reported","height_source":"NLSC 3D BUILD_H","height_known":true,"min_height":0,"official_height_provider":"NLSC-3D","official_height_building_id":"1KG575731L","official_geometry_provider":"NLSC-I3S","official_geometry_node":104469,"official_geometry_resource":104469,"official_geometry_definition":0,"official_geometry_validation_m":0.17297119664884528,"official_height_floors":3,"official_height_h_source_code":"0","official_height_h_extraction_code":"0"}},{"type":"Feature","id":"nlsc3d-1KG5W572QN","geometry":{"type":"Polygon","coordinates":[[[120.20741449,23.02716267],[120.20760116,23.02717504],[120.20760417,23.02713924],[120.2074177,23.02712667],[120.20741449,23.02716267]]]},"properties":{"building_uid":"nlsc3d-1KG5W572QN","source_id":"1KG5W572QN","building_source":"NLSC-3D-geometry","source_version":"67fec239-0993-40d8-8f4c-45dfff595538","source_license":"Government-Open-Data-TW-1.0","geometry_quality":"source-footprint","height":9.29,"render_height":9.29,"height_quality":"reported","height_source":"NLSC 3D BUILD_H","height_known":true,"min_height":0,"official_height_provider":"NLSC-3D","official_height_building_id":"1KG5W572QN","official_geometry_provider":"NLSC-I3S","official_geometry_node":104461,"official_geometry_resource":104461,"official_geometry_definition":0,"official_geometry_validation_m":0.1894375295824517,"official_height_floors":3,"official_height_h_source_code":"0","official_height_h_extraction_code":"0"}},{"type":"Feature","id":"nlsc3d-1KG62572PD","geometry":{"type":"Polygon","coordinates":[[[120.20742132,23.02708875],[120.20741792,23.02712666],[120.2076044,23.02713922],[120.20760769,23.02710152],[120.20744073,23.02709006],[120.20742132,23.02708875]]]},"properties":{"building_uid":"nlsc3d-1KG62572PD","source_id":"1KG62572PD","building_source":"NLSC-3D-geometry","source_version":"67fec239-0993-40d8-8f4c-45dfff595538","source_license":"Government-Open-Data-TW-1.0","geometry_quality":"source-footprint","height":9.46,"render_height":9.46,"height_quality":"reported","height_source":"NLSC 3D BUILD_H","height_known":true,"min_height":0,"official_height_provider":"NLSC-3D","official_height_building_id":"1KG62572PD","official_geometry_provider":"NLSC-I3S","official_geometry_node":104461,"official_geometry_resource":104461,"official_geometry_definition":0,"official_geometry_validation_m":0.19244998668470967,"official_height_floors":3,"official_height_h_source_code":"0","official_height_h_extraction_code":"0"}},{"type":"Feature","id":"nlsc3d-1KG3B572K1","geometry":{"type":"Polygon","coordinates":[[[120.20739971,23.02708668],[120.20744196,23.02708957],[120.20745745,23.02688576],[120.20741562,23.02688476],[120.20739971,23.02708668]]]},"properties":{"building_uid":"nlsc3d-1KG3B572K1","source_id":"1KG3B572K1","building_source":"NLSC-3D-geometry","source_version":"67fec239-0993-40d8-8f4c-45dfff595538","source_license":"Government-Open-Data-TW-1.0","geometry_quality":"source-footprint","height":9.44,"render_height":9.44,"height_quality":"reported","height_source":"NLSC 3D BUILD_H","height_known":true,"min_height":0,"official_height_provider":"NLSC-3D","official_height_building_id":"1KG3B572K1","official_geometry_provider":"NLSC-I3S","official_geometry_node":104461,"official_geometry_resource":104461,"official_geometry_definition":0,"official_geometry_validation_m":0.1723965336910012,"official_height_floors":3,"official_height_h_source_code":"0","official_height_h_extraction_code":"0"}},{"type":"Feature","id":"nlsc3d-1KG20572JW","geometry":{"type":"Polygon","coordinates":[[[120.20735909,23.02708369],[120.20739992,23.02708649],[120.20741583,23.02688448],[120.20737329,23.02688349],[120.20735909,23.02708369]]]},"properties":{"building_uid":"nlsc3d-1KG20572JW","source_id":"1KG20572JW","building_source":"NLSC-3D-geometry","source_version":"67fec239-0993-40d8-8f4c-45dfff595538","source_license":"Government-Open-Data-TW-1.0","geometry_quality":"source-footprint","height":9.39,"render_height":9.39,"height_quality":"reported","height_source":"NLSC 3D BUILD_H","height_known":true,"min_height":0,"official_height_provider":"NLSC-3D","official_height_building_id":"1KG20572JW","official_geometry_provider":"NLSC-I3S","official_geometry_node":104461,"official_geometry_resource":104461,"official_geometry_definition":0,"official_geometry_validation_m":0.2483336667879785,"official_height_floors":3,"official_height_h_source_code":"0","official_height_h_extraction_code":"0"}},{"type":"Feature","id":"nlsc3d-1KG61572K5","geometry":{"type":"Polygon","coordinates":[[[120.20748345,23.02709284],[120.2075263,23.02709583],[120.20754136,23.02688832],[120.20749974,23.02688733],[120.20748345,23.02709284]]]},"properties":{"building_uid":"nlsc3d-1KG61572K5","source_id":"1KG61572K5","building_source":"NLSC-3D-geometry","source_version":"67fec239-0993-40d8-8f4c-45dfff595538","source_license":"Government-Open-Data-TW-1.0","geometry_quality":"source-footprint","height":9.58,"render_height":9.58,"height_quality":"reported","height_source":"NLSC 3D BUILD_H","height_known":true,"min_height":0,"official_height_provider":"NLSC-3D","official_height_building_id":"1KG61572K5","official_geometry_provider":"NLSC-I3S","official_geometry_node":104461,"official_geometry_resource":104461,"official_geometry_definition":0,"official_geometry_validation_m":0.15295692146886988,"official_height_floors":3,"official_height_h_source_code":"0","official_height_h_extraction_code":"0"}},{"type":"Feature","id":"nlsc3d-1KG4N572K2","geometry":{"type":"Polygon","coordinates":[[[120.20744179,23.02708974],[120.20748363,23.02709263],[120.20750001,23.02688712],[120.20745728,23.02688603],[120.20744179,23.02708974]]]},"properties":{"building_uid":"nlsc3d-1KG4N572K2","source_id":"1KG4N572K2","building_source":"NLSC-3D-geometry","source_version":"67fec239-0993-40d8-8f4c-45dfff595538","source_license":"Government-Open-Data-TW-1.0","geometry_quality":"source-footprint","height":9.4,"render_height":9.4,"height_quality":"reported","height_source":"NLSC 3D BUILD_H","height_known":true,"min_height":0,"official_height_provider":"NLSC-3D","official_height_building_id":"1KG4N572K2","official_geometry_provider":"NLSC-I3S","official_geometry_node":104461,"official_geometry_resource":104461,"official_geometry_definition":0,"official_geometry_validation_m":0.2167061366675296,"official_height_floors":3,"official_height_h_source_code":"0","official_height_h_extraction_code":"0"}},{"type":"Feature","id":"nlsc3d-1KG7C572K8","geometry":{"type":"Polygon","coordinates":[[[120.20752615,23.02709599],[120.20756879,23.02709898],[120.20758264,23.02688958],[120.20754122,23.02688858],[120.20752615,23.02709599]]]},"properties":{"building_uid":"nlsc3d-1KG7C572K8","source_id":"1KG7C572K8","building_source":"NLSC-3D-geometry","source_version":"67fec239-0993-40d8-8f4c-45dfff595538","source_license":"Government-Open-Data-TW-1.0","geometry_quality":"source-footprint","height":9.5,"render_height":9.5,"height_quality":"reported","height_source":"NLSC 3D BUILD_H","height_known":true,"min_height":0,"official_height_provider":"NLSC-3D","official_height_building_id":"1KG7C572K8","official_geometry_provider":"NLSC-I3S","official_geometry_node":104461,"official_geometry_resource":104461,"official_geometry_definition":0,"official_geometry_validation_m":0.1566398194531537,"official_height_floors":3,"official_height_h_source_code":"0","official_height_h_extraction_code":"0"}},{"type":"Feature","id":"nlsc3d-1KG8R572K7","geometry":{"type":"Polygon","coordinates":[[[120.20758238,23.02688984],[120.20756863,23.02709914],[120.20756863,23.02709915],[120.20756863065395,23.027099140045177],[120.20760786,23.02710185],[120.20761181,23.02705574],[120.20761835,23.02705631],[120.20762773,23.0269419],[120.20762471,23.02694172],[120.20762702,23.02689092],[120.20758238,23.02688984]],[[120.20756863070336,23.027099139293057],[120.20756863070336,23.02709913929305],[120.20761181,23.02705574],[120.20756863070336,23.027099139293057]]]},"properties":{"building_uid":"nlsc3d-1KG8R572K7","source_id":"1KG8R572K7","building_source":"NLSC-3D-geometry","source_version":"67fec239-0993-40d8-8f4c-45dfff595538","source_license":"Government-Open-Data-TW-1.0","geometry_quality":"source-footprint","height":9.45,"render_height":9.45,"height_quality":"reported","height_source":"NLSC 3D BUILD_H","height_known":true,"min_height":0,"official_height_provider":"NLSC-3D","official_height_building_id":"1KG8R572K7","official_geometry_provider":"NLSC-I3S","official_geometry_node":104461,"official_geometry_resource":104461,"official_geometry_definition":0,"official_geometry_validation_m":0.31465258108371374,"official_height_floors":3,"official_height_h_source_code":"0","official_height_h_extraction_code":"0"}},{"type":"Feature","id":"nlsc3d-1KFR6572AN","geometry":{"type":"Polygon","coordinates":[[[120.20706215,23.02678256],[120.20713515,23.0267835],[120.20716933,23.02678263],[120.20717079,23.02670645],[120.20705667,23.02670492],[120.20705671,23.02677989],[120.20706215,23.02678256]]]},"properties":{"building_uid":"nlsc3d-1KFR6572AN","source_id":"1KFR6572AN","building_source":"NLSC-3D-geometry","source_version":"67fec239-0993-40d8-8f4c-45dfff595538","source_license":"Government-Open-Data-TW-1.0","geometry_quality":"source-footprint","height":10.28,"render_height":10.28,"height_quality":"reported","height_source":"NLSC 3D BUILD_H","height_known":true,"min_height":0,"official_height_provider":"NLSC-3D","official_height_building_id":"1KFR6572AN","official_geometry_provider":"NLSC-I3S","official_geometry_node":104477,"official_geometry_resource":104477,"official_geometry_definition":0,"official_geometry_validation_m":0.23236611360283346,"official_height_floors":3,"official_height_h_source_code":"0","official_height_h_extraction_code":"0"}},{"type":"Feature","id":"nlsc3d-1KFUC5727U","geometry":{"type":"Polygon","coordinates":[[[120.20717235,23.02661994],[120.20717075,23.02670692],[120.2072547,23.0267081],[120.2072564,23.02662122],[120.20721307,23.02662044],[120.20717235,23.02661994]]]},"properties":{"building_uid":"nlsc3d-1KFUC5727U","source_id":"1KFUC5727U","building_source":"NLSC-3D-geometry","source_version":"67fec239-0993-40d8-8f4c-45dfff595538","source_license":"Government-Open-Data-TW-1.0","geometry_quality":"source-footprint","height":9.44,"render_height":9.44,"height_quality":"reported","height_source":"NLSC 3D BUILD_H","height_known":true,"min_height":0,"official_height_provider":"NLSC-3D","official_height_building_id":"1KFUC5727U","official_geometry_provider":"NLSC-I3S","official_geometry_node":104477,"official_geometry_resource":104477,"official_geometry_definition":0,"official_geometry_validation_m":0.18893774699442187,"official_height_floors":3,"official_height_h_source_code":"0","official_height_h_extraction_code":"0"}},{"type":"Feature","id":"nlsc3d-1KFRB5727V","geometry":{"type":"Polygon","coordinates":[[[120.20706969,23.02664288],[120.20706272,23.02665351],[120.20705902,23.02667442],[120.2070571,23.02668923],[120.20705719,23.02670482],[120.20717121,23.02670646],[120.20717291,23.02661937],[120.2071345,23.02661877],[120.20709276,23.02661608],[120.20706969,23.02664288]]]},"properties":{"building_uid":"nlsc3d-1KFRB5727V","source_id":"1KFRB5727V","building_source":"NLSC-3D-geometry","source_version":"67fec239-0993-40d8-8f4c-45dfff595538","source_license":"Government-Open-Data-TW-1.0","geometry_quality":"source-footprint","height":5.98,"render_height":5.98,"height_quality":"reported","height_source":"NLSC 3D BUILD_H","height_known":true,"min_height":0,"official_height_provider":"NLSC-3D","official_height_building_id":"1KFRB5727V","official_geometry_provider":"NLSC-I3S","official_geometry_node":104477,"official_geometry_resource":104477,"official_geometry_definition":0,"official_geometry_validation_m":0.3501987146516882,"official_height_floors":2,"official_height_h_source_code":"0","official_height_h_extraction_code":"0"}},{"type":"Feature","id":"nlsc3d-1KFX25727W","geometry":{"type":"Polygon","coordinates":[[[120.2072559,23.02662166],[120.2072543,23.02670844],[120.20733756,23.02670963],[120.20733916,23.02662305],[120.20730256,23.02662243],[120.2072559,23.02662166]]]},"properties":{"building_uid":"nlsc3d-1KFX25727W","source_id":"1KFX25727W","building_source":"NLSC-3D-geometry","source_version":"67fec239-0993-40d8-8f4c-45dfff595538","source_license":"Government-Open-Data-TW-1.0","geometry_quality":"source-footprint","height":9.69,"render_height":9.69,"height_quality":"reported","height_source":"NLSC 3D BUILD_H","height_known":true,"min_height":0,"official_height_provider":"NLSC-3D","official_height_building_id":"1KFX25727W","official_geometry_provider":"NLSC-I3S","official_geometry_node":104477,"official_geometry_resource":104477,"official_geometry_definition":0,"official_geometry_validation_m":0.18755979140486873,"official_height_floors":3,"official_height_h_source_code":"0","official_height_h_extraction_code":"0"}},{"type":"Feature","id":"nlsc3d-1KFUB572AW","geometry":{"type":"Polygon","coordinates":[[[120.20717067,23.02678306],[120.20717045,23.02679705],[120.20721339,23.02679764],[120.20721337,23.02679564],[120.2072525,23.02679764],[120.20725418,23.02670807],[120.20717022,23.02670698],[120.20716876,23.02678307],[120.20717067,23.02678306]]]},"properties":{"building_uid":"nlsc3d-1KFUB572AW","source_id":"1KFUB572AW","building_source":"NLSC-3D-geometry","source_version":"67fec239-0993-40d8-8f4c-45dfff595538","source_license":"Government-Open-Data-TW-1.0","geometry_quality":"source-footprint","height":9.44,"render_height":9.44,"height_quality":"reported","height_source":"NLSC 3D BUILD_H","height_known":true,"min_height":0,"official_height_provider":"NLSC-3D","official_height_building_id":"1KFUB572AW","official_geometry_provider":"NLSC-I3S","official_geometry_node":104477,"official_geometry_resource":104477,"official_geometry_definition":0,"official_geometry_validation_m":0.19427064086523615,"official_height_floors":3,"official_height_h_source_code":"0","official_height_h_extraction_code":"0"}},{"type":"Feature","id":"nlsc3d-1KFWX572AV","geometry":{"type":"Polygon","coordinates":[[[120.2073354,23.02679032],[120.20733704,23.02670963],[120.20725378,23.02670855],[120.2072521,23.02679803],[120.20726527,23.02679866],[120.20729906,23.02679909],[120.2072983,23.0267901],[120.2073354,23.02679032]]]},"properties":{"building_uid":"nlsc3d-1KFWX572AV","source_id":"1KFWX572AV","building_source":"NLSC-3D-geometry","source_version":"67fec239-0993-40d8-8f4c-45dfff595538","source_license":"Government-Open-Data-TW-1.0","geometry_quality":"source-footprint","height":9.06,"render_height":9.06,"height_quality":"reported","height_source":"NLSC 3D BUILD_H","height_known":true,"min_height":0,"official_height_provider":"NLSC-3D","official_height_building_id":"1KFWX572AV","official_geometry_provider":"NLSC-I3S","official_geometry_node":104477,"official_geometry_resource":104477,"official_geometry_definition":0,"official_geometry_validation_m":0.3464931489641515,"official_height_floors":3,"official_height_h_source_code":"0","official_height_h_extraction_code":"0"}},{"type":"Feature","id":"nlsc3d-1KG9L57280","geometry":{"type":"Polygon","coordinates":[[[120.20758735,23.02662029],[120.20758539,23.02671467],[120.20766945,23.02671585],[120.20767095,23.02662907],[120.20763244,23.02662846],[120.2076323,23.02662087],[120.20758735,23.02662029]]]},"properties":{"building_uid":"nlsc3d-1KG9L57280","source_id":"1KG9L57280","building_source":"NLSC-3D-geometry","source_version":"67fec239-0993-40d8-8f4c-45dfff595538","source_license":"Government-Open-Data-TW-1.0","geometry_quality":"source-footprint","height":9.44,"render_height":9.44,"height_quality":"reported","height_source":"NLSC 3D BUILD_H","height_known":true,"min_height":0,"official_height_provider":"NLSC-3D","official_height_building_id":"1KG9L57280","official_geometry_provider":"NLSC-I3S","official_geometry_node":104462,"official_geometry_resource":104462,"official_geometry_definition":0,"official_geometry_validation_m":0.32521387084420655,"official_height_floors":3,"official_height_h_source_code":"0","official_height_h_extraction_code":"0"}},{"type":"Feature","id":"nlsc3d-1KG715727V","geometry":{"type":"Polygon","coordinates":[[[120.20750341,23.02671312],[120.20758576,23.02671431],[120.20758781,23.02661983],[120.20750506,23.02661874],[120.20750341,23.02671312]]]},"properties":{"building_uid":"nlsc3d-1KG715727V","source_id":"1KG715727V","building_source":"NLSC-3D-geometry","source_version":"67fec239-0993-40d8-8f4c-45dfff595538","source_license":"Government-Open-Data-TW-1.0","geometry_quality":"source-footprint","height":9.33,"render_height":9.33,"height_quality":"reported","height_source":"NLSC 3D BUILD_H","height_known":true,"min_height":0,"official_height_provider":"NLSC-3D","official_height_building_id":"1KG715727V","official_geometry_provider":"NLSC-I3S","official_geometry_node":104462,"official_geometry_resource":104462,"official_geometry_definition":0,"official_geometry_validation_m":0.19244022390103516,"official_height_floors":3,"official_height_h_source_code":"0","official_height_h_extraction_code":"0"}},{"type":"Feature","id":"nlsc3d-1KG4C5727U","geometry":{"type":"Polygon","coordinates":[[[120.20742035,23.02671156],[120.2075038,23.02671274],[120.20750556,23.02661827],[120.20742201,23.02661718],[120.20742035,23.02671156]]]},"properties":{"building_uid":"nlsc3d-1KG4C5727U","source_id":"1KG4C5727U","building_source":"NLSC-3D-geometry","source_version":"67fec239-0993-40d8-8f4c-45dfff595538","source_license":"Government-Open-Data-TW-1.0","geometry_quality":"source-footprint","height":9.11,"render_height":9.11,"height_quality":"reported","height_source":"NLSC 3D BUILD_H","height_known":true,"min_height":0,"official_height_provider":"NLSC-3D","official_height_building_id":"1KG4C5727U","official_geometry_provider":"NLSC-I3S","official_geometry_node":104462,"official_geometry_resource":104462,"official_geometry_definition":0,"official_geometry_validation_m":0.1876334310783083,"official_height_floors":3,"official_height_h_source_code":"0","official_height_h_extraction_code":"0"}},{"type":"Feature","id":"nlsc3d-1KG4D572AR","geometry":{"type":"Polygon","coordinates":[[[120.20742126,23.02677364],[120.20746581,23.02677581],[120.20746572,23.02679481],[120.20750172,23.02679553],[120.20750335,23.02671275],[120.20741979,23.02671166],[120.20741875,23.02677355],[120.20742126,23.02677364]]]},"properties":{"building_uid":"nlsc3d-1KG4D572AR","source_id":"1KG4D572AR","building_source":"NLSC-3D-geometry","source_version":"67fec239-0993-40d8-8f4c-45dfff595538","source_license":"Government-Open-Data-TW-1.0","geometry_quality":"source-footprint","height":9.66,"render_height":9.66,"height_quality":"reported","height_source":"NLSC 3D BUILD_H","height_known":true,"min_height":0,"official_height_provider":"NLSC-3D","official_height_building_id":"1KG4D572AR","official_geometry_provider":"NLSC-I3S","official_geometry_node":104462,"official_geometry_resource":104462,"official_geometry_definition":0,"official_geometry_validation_m":0.5590078645157164,"official_height_floors":3,"official_height_h_source_code":"0","official_height_h_extraction_code":"0"}},{"type":"Feature","id":"nlsc3d-1KG1M572AG","geometry":{"type":"Polygon","coordinates":[[[120.20741912,23.02677307],[120.20742026,23.02671118],[120.20733661,23.0267101],[120.20733507,23.02679068],[120.2073402,23.02679076],[120.20737619,23.02679078],[120.20737537,23.02677089],[120.20741912,23.02677307]]]},"properties":{"building_uid":"nlsc3d-1KG1M572AG","source_id":"1KG1M572AG","building_source":"NLSC-3D-geometry","source_version":"67fec239-0993-40d8-8f4c-45dfff595538","source_license":"Government-Open-Data-TW-1.0","geometry_quality":"source-footprint","height":10.01,"render_height":10.01,"height_quality":"reported","height_source":"NLSC 3D BUILD_H","height_known":true,"min_height":0,"official_height_provider":"NLSC-3D","official_height_building_id":"1KG1M572AG","official_geometry_provider":"NLSC-I3S","official_geometry_node":104462,"official_geometry_resource":104462,"official_geometry_definition":0,"official_geometry_validation_m":1.0825653186209727,"official_height_floors":3,"official_height_h_source_code":"0","official_height_h_extraction_code":"0"}},{"type":"Feature","id":"nlsc3d-1KG1Q5727V","geometry":{"type":"Polygon","coordinates":[[[120.20737896,23.02662418],[120.20733874,23.02662348],[120.20733713,23.02671006],[120.20742079,23.02671114],[120.20742245,23.02661676],[120.20737921,23.02661618],[120.20737896,23.02662418]]]},"properties":{"building_uid":"nlsc3d-1KG1Q5727V","source_id":"1KG1Q5727V","building_source":"NLSC-3D-geometry","source_version":"67fec239-0993-40d8-8f4c-45dfff595538","source_license":"Government-Open-Data-TW-1.0","geometry_quality":"source-footprint","height":9.14,"render_height":9.14,"height_quality":"reported","height_source":"NLSC 3D BUILD_H","height_known":true,"min_height":0,"official_height_provider":"NLSC-3D","official_height_building_id":"1KG1Q5727V","official_geometry_provider":"NLSC-I3S","official_geometry_node":104462,"official_geometry_resource":104462,"official_geometry_definition":0,"official_geometry_validation_m":0.20432151804039983,"official_height_floors":3,"official_height_h_source_code":"0","official_height_h_extraction_code":"0"}},{"type":"Feature","id":"nlsc3d-1KG9L572AM","geometry":{"type":"Polygon","coordinates":[[[120.20758488,23.02671477],[120.20758688,23.02678054],[120.20762898,23.02677624],[120.2076292,23.02679723],[120.20766751,23.02679804],[120.20766894,23.02671586],[120.20758488,23.02671477]]]},"properties":{"building_uid":"nlsc3d-1KG9L572AM","source_id":"1KG9L572AM","building_source":"NLSC-3D-geometry","source_version":"67fec239-0993-40d8-8f4c-45dfff595538","source_license":"Government-Open-Data-TW-1.0","geometry_quality":"source-footprint","height":9.42,"render_height":9.42,"height_quality":"reported","height_source":"NLSC 3D BUILD_H","height_known":true,"min_height":0,"official_height_provider":"NLSC-3D","official_height_building_id":"1KG9L572AM","official_geometry_provider":"NLSC-I3S","official_geometry_node":104462,"official_geometry_resource":104462,"official_geometry_definition":0,"official_geometry_validation_m":1.1817993712327421,"official_height_floors":3,"official_height_h_source_code":"0","official_height_h_extraction_code":"0"}},{"type":"Feature","id":"nlsc3d-1KG70572B1","geometry":{"type":"Polygon","coordinates":[[[120.20754006,23.02679682],[120.20753848,23.02680123],[120.20758724,23.02680249],[120.20758731,23.02678009],[120.20758522,23.02671432],[120.20750287,23.02671324],[120.20750135,23.02679592],[120.20754006,23.02679682]]]},"properties":{"building_uid":"nlsc3d-1KG70572B1","source_id":"1KG70572B1","building_source":"NLSC-3D-geometry","source_version":"67fec239-0993-40d8-8f4c-45dfff595538","source_license":"Government-Open-Data-TW-1.0","geometry_quality":"source-footprint","height":9.56,"render_height":9.56,"height_quality":"reported","height_source":"NLSC 3D BUILD_H","height_known":true,"min_height":0,"official_height_provider":"NLSC-3D","official_height_building_id":"1KG70572B1","official_geometry_provider":"NLSC-I3S","official_geometry_node":104462,"official_geometry_resource":104462,"official_geometry_definition":0,"official_geometry_validation_m":0.15501430303418953,"official_height_floors":3,"official_height_h_source_code":"0","official_height_h_extraction_code":"0"}},{"type":"Feature","id":"nlsc3d-1KGHN572AR","geometry":{"type":"Polygon","coordinates":[[[120.20791947,23.02678189],[120.20792062,23.0267206],[120.20783767,23.02671951],[120.20783633,23.0268006],[120.20784186,23.02680067],[120.20787585,23.0268008],[120.20787573,23.02678141],[120.20791947,23.02678189]]]},"properties":{"building_uid":"nlsc3d-1KGHN572AR","source_id":"1KGHN572AR","building_source":"NLSC-3D-geometry","source_version":"67fec239-0993-40d8-8f4c-45dfff595538","source_license":"Government-Open-Data-TW-1.0","geometry_quality":"source-footprint","height":9.85,"render_height":9.85,"height_quality":"reported","height_source":"NLSC 3D BUILD_H","height_known":true,"min_height":0,"official_height_provider":"NLSC-3D","official_height_building_id":"1KGHN572AR","official_geometry_provider":"NLSC-I3S","official_geometry_node":104463,"official_geometry_resource":104463,"official_geometry_definition":0,"official_geometry_validation_m":1.0581796288662795,"official_height_floors":3,"official_height_h_source_code":"0","official_height_h_extraction_code":"0"}},{"type":"Feature","id":"nlsc3d-1KGCC57284","geometry":{"type":"Polygon","coordinates":[[[120.20766902,23.02671624],[120.20775408,23.02671741],[120.20775558,23.02663054],[120.20775558,23.02663053],[120.20775557982736,23.026630539998553],[120.20771023,23.02663016],[120.20767052,23.02662956],[120.20766902,23.02671624]]]},"properties":{"building_uid":"nlsc3d-1KGCC57284","source_id":"1KGCC57284","building_source":"NLSC-3D-geometry","source_version":"67fec239-0993-40d8-8f4c-45dfff595538","source_license":"Government-Open-Data-TW-1.0","geometry_quality":"source-footprint","height":9.37,"render_height":9.37,"height_quality":"reported","height_source":"NLSC 3D BUILD_H","height_known":true,"min_height":0,"official_height_provider":"NLSC-3D","official_height_building_id":"1KGCC57284","official_geometry_provider":"NLSC-I3S","official_geometry_node":104463,"official_geometry_resource":104463,"official_geometry_definition":0,"official_geometry_validation_m":0.18500424139641675,"official_height_floors":3,"official_height_h_source_code":"0","official_height_h_extraction_code":"0"}},{"type":"Feature","id":"nlsc3d-1KGHR57284","geometry":{"type":"Polygon","coordinates":[[[120.20792513,23.02662616],[120.20788049,23.02662558],[120.20787942,23.02663328],[120.20783961,23.02663258],[120.20783821,23.02671946],[120.20792116,23.02672055],[120.20792488,23.02663516],[120.20792513,23.02662616]]]},"properties":{"building_uid":"nlsc3d-1KGHR57284","source_id":"1KGHR57284","building_source":"NLSC-3D-geometry","source_version":"67fec239-0993-40d8-8f4c-45dfff595538","source_license":"Government-Open-Data-TW-1.0","geometry_quality":"source-footprint","height":12.82,"render_height":12.82,"height_quality":"reported","height_source":"NLSC 3D BUILD_H","height_known":true,"min_height":0,"official_height_provider":"NLSC-3D","official_height_building_id":"1KGHR57284","official_geometry_provider":"NLSC-I3S","official_geometry_node":104463,"official_geometry_resource":104463,"official_geometry_definition":0,"official_geometry_validation_m":0.2126954437211005,"official_height_floors":4,"official_height_h_source_code":"0","official_height_h_extraction_code":"0"}},{"type":"Feature","id":"nlsc3d-1KGCA572B2","geometry":{"type":"Polygon","coordinates":[[[120.20767191,23.0267985],[120.20770982,23.02679941],[120.20775215,23.0267995],[120.20775358,23.02671742],[120.20766851,23.02671634],[120.20766709,23.02679842],[120.20767191,23.0267985]]]},"properties":{"building_uid":"nlsc3d-1KGCA572B2","source_id":"1KGCA572B2","building_source":"NLSC-3D-geometry","source_version":"67fec239-0993-40d8-8f4c-45dfff595538","source_license":"Government-Open-Data-TW-1.0","geometry_quality":"source-footprint","height":9.52,"render_height":9.52,"height_quality":"reported","height_source":"NLSC 3D BUILD_H","height_known":true,"min_height":0,"official_height_provider":"NLSC-3D","official_height_building_id":"1KGCA572B2","official_geometry_provider":"NLSC-I3S","official_geometry_node":104463,"official_geometry_resource":104463,"official_geometry_definition":0,"official_geometry_validation_m":0.18913906865765523,"official_height_floors":3,"official_height_h_source_code":"0","official_height_h_extraction_code":"0"}},{"type":"Feature","id":"nlsc3d-1KGF1572B3","geometry":{"type":"Polygon","coordinates":[[[120.2077517,23.02679992],[120.20783676,23.0268002],[120.20783809,23.02671901],[120.20775313,23.02671794],[120.2077517,23.02679992]]]},"properties":{"building_uid":"nlsc3d-1KGF1572B3","source_id":"1KGF1572B3","building_source":"NLSC-3D-geometry","source_version":"67fec239-0993-40d8-8f4c-45dfff595538","source_license":"Government-Open-Data-TW-1.0","geometry_quality":"source-footprint","height":9.9,"render_height":9.9,"height_quality":"reported","height_source":"NLSC 3D BUILD_H","height_known":true,"min_height":0,"official_height_provider":"NLSC-3D","official_height_building_id":"1KGF1572B3","official_geometry_provider":"NLSC-I3S","official_geometry_node":104463,"official_geometry_resource":104463,"official_geometry_definition":0,"official_geometry_validation_m":0.19353402557154062,"official_height_floors":3,"official_height_h_source_code":"0","official_height_h_extraction_code":"0"}},{"type":"Feature","id":"nlsc3d-1KGF257285","geometry":{"type":"Polygon","coordinates":[[[120.20775513,23.02663103],[120.20775363,23.02671791],[120.20783859,23.02671899],[120.20784009,23.02663211],[120.20780419,23.02663139],[120.20775513,23.02663103]]]},"properties":{"building_uid":"nlsc3d-1KGF257285","source_id":"1KGF257285","building_source":"NLSC-3D-geometry","source_version":"67fec239-0993-40d8-8f4c-45dfff595538","source_license":"Government-Open-Data-TW-1.0","geometry_quality":"source-footprint","height":9.99,"render_height":9.99,"height_quality":"reported","height_source":"NLSC 3D BUILD_H","height_known":true,"min_height":0,"official_height_provider":"NLSC-3D","official_height_building_id":"1KGF257285","official_geometry_provider":"NLSC-I3S","official_geometry_node":104463,"official_geometry_resource":104463,"official_geometry_definition":0,"official_geometry_validation_m":0.18392064428740687,"official_height_floors":3,"official_height_h_source_code":"0","official_height_h_extraction_code":"0"}},{"type":"Feature","id":"nlsc3d-1KGRQ5728H","geometry":{"type":"Polygon","coordinates":[[[120.20813624,23.02665769],[120.20808737,23.02665634],[120.20808626,23.02672482],[120.20816831,23.02672571],[120.20817011,23.02663853],[120.20816559,23.02664055],[120.20813603,23.0266401],[120.20813624,23.02665769]]]},"properties":{"building_uid":"nlsc3d-1KGRQ5728H","source_id":"1KGRQ5728H","building_source":"NLSC-3D-geometry","source_version":"67fec239-0993-40d8-8f4c-45dfff595538","source_license":"Government-Open-Data-TW-1.0","geometry_quality":"source-footprint","height":10.65,"render_height":10.65,"height_quality":"reported","height_source":"NLSC 3D BUILD_H","height_known":true,"min_height":0,"official_height_provider":"NLSC-3D","official_height_building_id":"1KGRQ5728H","official_geometry_provider":"NLSC-I3S","official_geometry_node":104459,"official_geometry_resource":104459,"official_geometry_definition":0,"official_geometry_validation_m":0.5767437861852814,"official_height_floors":3,"official_height_h_source_code":"0","official_height_h_extraction_code":"0"}},{"type":"Feature","id":"nlsc3d-1KGLE572AX","geometry":{"type":"Polygon","coordinates":[[[120.20796663,23.02678281],[120.20796694,23.026803],[120.20800244,23.02680313],[120.20800387,23.02672215],[120.20792022,23.02672106],[120.20791907,23.02678235],[120.20796663,23.02678281]]]},"properties":{"building_uid":"nlsc3d-1KGLE572AX","source_id":"1KGLE572AX","building_source":"NLSC-3D-geometry","source_version":"67fec239-0993-40d8-8f4c-45dfff595538","source_license":"Government-Open-Data-TW-1.0","geometry_quality":"source-footprint","height":9.91,"render_height":9.91,"height_quality":"reported","height_source":"NLSC 3D BUILD_H","height_known":true,"min_height":0,"official_height_provider":"NLSC-3D","official_height_building_id":"1KGLE572AX","official_geometry_provider":"NLSC-I3S","official_geometry_node":104459,"official_geometry_resource":104459,"official_geometry_definition":0,"official_geometry_validation_m":0.5462179026150552,"official_height_floors":3,"official_height_h_source_code":"0","official_height_h_extraction_code":"0"}},{"type":"Feature","id":"nlsc3d-1KGNX5728E","geometry":{"type":"Polygon","coordinates":[[[120.20800549,23.02663606],[120.20800399,23.02672254],[120.20803617,23.02672378],[120.20808664,23.02672433],[120.20808785,23.02665594],[120.2080602,23.02665518],[120.20804783,23.02665484],[120.20804812,23.02663595],[120.20800549,23.02663606]]]},"properties":{"building_uid":"nlsc3d-1KGNX5728E","source_id":"1KGNX5728E","building_source":"NLSC-3D-geometry","source_version":"67fec239-0993-40d8-8f4c-45dfff595538","source_license":"Government-Open-Data-TW-1.0","geometry_quality":"source-footprint","height":9.26,"render_height":9.26,"height_quality":"reported","height_source":"NLSC 3D BUILD_H","height_known":true,"min_height":0,"official_height_provider":"NLSC-3D","official_height_building_id":"1KGNX5728E","official_geometry_provider":"NLSC-I3S","official_geometry_node":104459,"official_geometry_resource":104459,"official_geometry_definition":0,"official_geometry_validation_m":0.6053088682593526,"official_height_floors":3,"official_height_h_source_code":"0","official_height_h_extraction_code":"0"}},{"type":"Feature","id":"nlsc3d-1KGLD57288","geometry":{"type":"Polygon","coordinates":[[[120.20792442,23.0266356],[120.2079207,23.026721],[120.20800435,23.02672218],[120.20800595,23.0266356],[120.20796815,23.02663579],[120.20792442,23.0266356]]]},"properties":{"building_uid":"nlsc3d-1KGLD57288","source_id":"1KGLD57288","building_source":"NLSC-3D-geometry","source_version":"67fec239-0993-40d8-8f4c-45dfff595538","source_license":"Government-Open-Data-TW-1.0","geometry_quality":"source-footprint","height":8.86,"render_height":8.86,"height_quality":"reported","height_source":"NLSC 3D BUILD_H","height_known":true,"min_height":0,"official_height_provider":"NLSC-3D","official_height_building_id":"1KGLD57288","official_geometry_provider":"NLSC-I3S","official_geometry_node":104459,"official_geometry_resource":104459,"official_geometry_definition":0,"official_geometry_validation_m":0.12230931625829673,"official_height_floors":3,"official_height_h_source_code":"0","official_height_h_extraction_code":"0"}},{"type":"Feature","id":"nlsc3d-1KGQB572BA","geometry":{"type":"Polygon","coordinates":[[[120.20800182,23.0268037],[120.20804194,23.0268038],[120.20804179,23.0268126],[120.20812966,23.02681246],[120.20816626,23.02681368],[120.20816806,23.0267256],[120.20803544,23.02672406],[120.20800326,23.02672282],[120.20800182,23.0268037]]]},"properties":{"building_uid":"nlsc3d-1KGQB572BA","source_id":"1KGQB572BA","building_source":"NLSC-3D-geometry","source_version":"67fec239-0993-40d8-8f4c-45dfff595538","source_license":"Government-Open-Data-TW-1.0","geometry_quality":"source-footprint","height":12.78,"render_height":12.78,"height_quality":"reported","height_source":"NLSC 3D BUILD_H","height_known":true,"min_height":0,"official_height_provider":"NLSC-3D","official_height_building_id":"1KGQB572BA","official_geometry_provider":"NLSC-I3S","official_geometry_node":104459,"official_geometry_resource":104459,"official_geometry_definition":0,"official_geometry_validation_m":0.09430996588706994,"official_height_floors":4,"official_height_h_source_code":"0","official_height_h_extraction_code":"0"}},{"type":"Feature","id":"nlsc3d-1KGUC5728A","geometry":{"type":"Polygon","coordinates":[[[120.20821168,23.02663841],[120.20817227,23.02663771],[120.20816976,23.02663892],[120.20816796,23.0267262],[120.20825413,23.02672717],[120.20825542,23.02665529],[120.20825591,23.02663619],[120.20821177,23.02663501],[120.20821168,23.02663841]]]},"properties":{"building_uid":"nlsc3d-1KGUC5728A","source_id":"1KGUC5728A","building_source":"NLSC-3D-geometry","source_version":"67fec239-0993-40d8-8f4c-45dfff595538","source_license":"Government-Open-Data-TW-1.0","geometry_quality":"source-footprint","height":12.88,"render_height":12.88,"height_quality":"reported","height_source":"NLSC 3D BUILD_H","height_known":true,"min_height":0,"official_height_provider":"NLSC-3D","official_height_building_id":"1KGUC5728A","official_geometry_provider":"NLSC-I3S","official_geometry_node":104459,"official_geometry_resource":104459,"official_geometry_definition":0,"official_geometry_validation_m":0.17209177717738,"official_height_floors":4,"official_height_h_source_code":"0","official_height_h_extraction_code":"0"}},{"type":"Feature","id":"nlsc3d-1KGU8572BD","geometry":{"type":"Polygon","coordinates":[[[120.20816743,23.02672623],[120.20816563,23.02681431],[120.208249,23.02681699],[120.20825048,23.02672711],[120.20816743,23.02672623]]]},"properties":{"building_uid":"nlsc3d-1KGU8572BD","source_id":"1KGU8572BD","building_source":"NLSC-3D-geometry","source_version":"67fec239-0993-40d8-8f4c-45dfff595538","source_license":"Government-Open-Data-TW-1.0","geometry_quality":"source-footprint","height":9.63,"render_height":9.63,"height_quality":"reported","height_source":"NLSC 3D BUILD_H","height_known":true,"min_height":0,"official_height_provider":"NLSC-3D","official_height_building_id":"1KGU8572BD","official_geometry_provider":"NLSC-I3S","official_geometry_node":104459,"official_geometry_resource":104459,"official_geometry_definition":0,"official_geometry_validation_m":0.1665260163016575,"official_height_floors":3,"official_height_h_source_code":"0","official_height_h_extraction_code":"0"}},{"type":"Feature","id":"nlsc3d-1KH1K572BH","geometry":{"type":"Polygon","coordinates":[[[120.20833268,23.02672903],[120.20833101,23.02682061],[120.20840542,23.02682304],[120.20841302,23.02681611],[120.20841951,23.02679118],[120.2084194,23.0267379],[120.20841955,23.02673],[120.20833268,23.02672903]]]},"properties":{"building_uid":"nlsc3d-1KH1K572BH","source_id":"1KH1K572BH","building_source":"NLSC-3D-geometry","source_version":"67fec239-0993-40d8-8f4c-45dfff595538","source_license":"Government-Open-Data-TW-1.0","geometry_quality":"source-footprint","height":9.47,"render_height":9.47,"height_quality":"reported","height_source":"NLSC 3D BUILD_H","height_known":true,"min_height":0,"official_height_provider":"NLSC-3D","official_height_building_id":"1KH1K572BH","official_geometry_provider":"NLSC-I3S","official_geometry_node":104460,"official_geometry_resource":104460,"official_geometry_definition":0,"official_geometry_validation_m":0.22696890568929923,"official_height_floors":3,"official_height_h_source_code":"0","official_height_h_extraction_code":"0"}},{"type":"Feature","id":"nlsc3d-1KGWV572BF","geometry":{"type":"Polygon","coordinates":[[[120.2082501,23.02672762],[120.20824862,23.0268174],[120.20833138,23.02682018],[120.20833315,23.0267286],[120.2082501,23.02672762]]]},"properties":{"building_uid":"nlsc3d-1KGWV572BF","source_id":"1KGWV572BF","building_source":"NLSC-3D-geometry","source_version":"67fec239-0993-40d8-8f4c-45dfff595538","source_license":"Government-Open-Data-TW-1.0","geometry_quality":"source-footprint","height":9.47,"render_height":9.47,"height_quality":"reported","height_source":"NLSC 3D BUILD_H","height_known":true,"min_height":0,"official_height_provider":"NLSC-3D","official_height_building_id":"1KGWV572BF","official_geometry_provider":"NLSC-I3S","official_geometry_node":104460,"official_geometry_resource":104460,"official_geometry_definition":0,"official_geometry_validation_m":0.1839874827904553,"official_height_floors":3,"official_height_h_source_code":"0","official_height_h_extraction_code":"0"}},{"type":"Feature","id":"nlsc3d-1KH1K5728J","geometry":{"type":"Polygon","coordinates":[[[120.20837793,23.02664075],[120.2083364,23.02663986],[120.20833499,23.02663997],[120.2083333,23.02672895],[120.20842008,23.02673002],[120.20842157,23.02666003],[120.20837753,23.02665935],[120.20837793,23.02664075]]]},"properties":{"building_uid":"nlsc3d-1KH1K5728J","source_id":"1KH1K5728J","building_source":"NLSC-3D-geometry","source_version":"67fec239-0993-40d8-8f4c-45dfff595538","source_license":"Government-Open-Data-TW-1.0","geometry_quality":"source-footprint","height":9.39,"render_height":9.39,"height_quality":"reported","height_source":"NLSC 3D BUILD_H","height_known":true,"min_height":0,"official_height_provider":"NLSC-3D","official_height_building_id":"1KH1K5728J","official_geometry_provider":"NLSC-I3S","official_geometry_node":104460,"official_geometry_resource":104460,"official_geometry_definition":0,"official_geometry_validation_m":0.6502620531293265,"official_height_floors":3,"official_height_h_source_code":"0","official_height_h_extraction_code":"0"}},{"type":"Feature","id":"nlsc3d-1KGX05728Q","geometry":{"type":"Polygon","coordinates":[[[120.20831505,23.02664116],[120.20829926,23.02664094],[120.20829928,23.02666103],[120.20825491,23.02665575],[120.20825372,23.02672763],[120.20833366,23.02672854],[120.20833545,23.02663956],[120.20831505,23.02664116]]]},"properties":{"building_uid":"nlsc3d-1KGX05728Q","source_id":"1KGX05728Q","building_source":"NLSC-3D-geometry","source_version":"67fec239-0993-40d8-8f4c-45dfff595538","source_license":"Government-Open-Data-TW-1.0","geometry_quality":"source-footprint","height":9.39,"render_height":9.39,"height_quality":"reported","height_source":"NLSC 3D BUILD_H","height_known":true,"min_height":0,"official_height_provider":"NLSC-3D","official_height_building_id":"1KGX05728Q","official_geometry_provider":"NLSC-I3S","official_geometry_node":104460,"official_geometry_resource":104460,"official_geometry_definition":0,"official_geometry_validation_m":1.1618076247574423,"official_height_floors":3,"official_height_h_source_code":"0","official_height_h_extraction_code":"0"}},{"type":"Feature","id":"nlsc3d-1KASA574A2","geometry":{"type":"MultiPolygon","coordinates":[[[[120.20210582176936,23.028468617937996],[120.20216169357504,23.02846393926442],[120.20216169358595,23.028463939220764],[120.20210582176936,23.028468617937996]]],[[[120.20212372843038,23.02864027275931],[120.20213709248753,23.028639006156503],[120.20213709252461,23.028639006488028],[120.20213709252097,23.028639006153334],[120.2021368802321,23.028637108159675],[120.20213688019489,23.02863710782689],[120.20217848066444,23.02863330074755],[120.20217848048618,23.02863330044196],[120.20216169345862,23.02846393967915],[120.20210582191488,23.02846861836],[120.20212372843038,23.02864027275931]]],[[[120.20212372838581,23.028640273108557],[120.2021370925237,23.028639006531684],[120.20213709252461,23.028639006488028],[120.20212372843038,23.02864027275931],[120.20212372838581,23.028640273108557]]],[[[120.20217848066444,23.02863330074755],[120.2021368802321,23.028637108159675],[120.20217848068627,23.02863330078393],[120.20216169358595,23.028463939220764],[120.20217848066444,23.02863330074755]]]]},"properties":{"building_uid":"nlsc3d-1KASA574A2","source_id":"1KASA574A2","building_source":"NLSC-3D-geometry","source_version":"67fec239-0993-40d8-8f4c-45dfff595538","source_license":"Government-Open-Data-TW-1.0","geometry_quality":"source-footprint","height":30.41,"render_height":30.41,"height_quality":"reported","height_source":"NLSC 3D BUILD_H","height_known":true,"min_height":0,"official_height_provider":"NLSC-3D","official_height_building_id":"1KASA574A2","official_geometry_provider":"NLSC-I3S","official_geometry_node":104754,"official_geometry_resource":104754,"official_geometry_definition":0,"official_geometry_face_start":0,"official_geometry_face_end":27,"official_geometry_validation_m":0.2026598267380868,"official_height_floors":9,"official_height_h_source_code":"0","official_height_h_extraction_code":"0","official_geometry_positive_evidence_only":true}},{"type":"Feature","id":"nlsc3d-1KAKP57467","geometry":{"type":"MultiPolygon","coordinates":[[[[120.20190042767412,23.028498918979984],[120.20190042768132,23.028498918966015],[120.20190042773233,23.028498918867207],[120.20190706065536,23.028498485842228],[120.20195419058349,23.028494650641314],[120.20190706071357,23.02849848572945],[120.20195419052529,23.028494650546726],[120.20195416449191,23.028490252092105],[120.20195591552387,23.028480346497908],[120.20197171749227,23.02839839367656],[120.2019727613448,23.02838789171941],[120.20197276124294,23.028387891835827],[120.20197074884403,23.02838760191802],[120.20197074875672,23.028387602019883],[120.20197220064496,23.028378097669282],[120.20195690623281,23.028375975039616],[120.2019569062037,23.02837597508327],[120.2019569061455,23.02837597521424],[120.2019553473463,23.028384380160254],[120.2019224366892,23.028378547134288],[120.20190344851933,23.028482397376074],[120.20190042767412,23.028498918979984]],[[120.20190437801016,23.02847731380564],[120.2019224366892,23.028378547177944],[120.20195534734015,23.028384380193426],[120.20195534731523,23.028384380327715],[120.2019224366892,23.02837854729436],[120.20190437801016,23.02847731380564]]],[[[120.20190706065536,23.028498485842228],[120.20190042767884,23.028498918979675],[120.20190042767412,23.028498918979984],[120.20190042767412,23.02849891900545],[120.20190706065536,23.028498485864056],[120.20190706065536,23.028498485842228]]],[[[120.2019727613448,23.02838789171941],[120.20197074887314,23.028387601874364],[120.20197220067406,23.028378097625627],[120.20197074884403,23.02838760191802],[120.2019727613448,23.02838789171941]]],[[[120.20197171762324,23.028398393560146],[120.20197171759413,23.02839839358925],[120.20195591552387,23.028480346497908],[120.20195591558208,23.028480346577943],[120.20197171762324,23.028398393560146]]]]},"properties":{"building_uid":"nlsc3d-1KAKP57467","source_id":"1KAKP57467","building_source":"NLSC-3D-geometry","source_version":"67fec239-0993-40d8-8f4c-45dfff595538","source_license":"Government-Open-Data-TW-1.0","geometry_quality":"source-footprint","height":16.09,"render_height":16.09,"height_quality":"reported","height_source":"NLSC 3D BUILD_H","height_known":true,"min_height":0,"official_height_provider":"NLSC-3D","official_height_building_id":"1KAKP57467","official_geometry_provider":"NLSC-I3S","official_geometry_node":104754,"official_geometry_resource":104754,"official_geometry_definition":0,"official_geometry_face_start":28,"official_geometry_face_end":85,"official_geometry_validation_m":0.1533563554854066,"official_height_floors":5,"official_height_h_source_code":"0","official_height_h_extraction_code":"0","official_geometry_positive_evidence_only":true}},{"type":"Feature","id":"nlsc3d-1KATX5749U","geometry":{"type":"MultiPolygon","coordinates":[[[[120.20216149569809,23.02846412611101],[120.20217818276855,23.02863358808967],[120.20216149578177,23.02846412647481],[120.20217818279401,23.028633587740423],[120.20222641543718,23.02862924724608],[120.2022126445669,23.02845987136383],[120.20221264467604,23.028459870970927],[120.20216149569809,23.02846412611101]]],[[[120.20222641564091,23.02862924762443],[120.20217818276855,23.02863358808967],[120.20217818276491,23.02863358812605],[120.20222641564091,23.02862924762443]]]]},"properties":{"building_uid":"nlsc3d-1KATX5749U","source_id":"1KATX5749U","building_source":"NLSC-3D-geometry","source_version":"67fec239-0993-40d8-8f4c-45dfff595538","source_license":"Government-Open-Data-TW-1.0","geometry_quality":"source-footprint","height":30.43,"render_height":30.43,"height_quality":"reported","height_source":"NLSC 3D BUILD_H","height_known":true,"min_height":0,"official_height_provider":"NLSC-3D","official_height_building_id":"1KATX5749U","official_geometry_provider":"NLSC-I3S","official_geometry_node":104754,"official_geometry_resource":104754,"official_geometry_definition":0,"official_geometry_face_start":86,"official_geometry_face_end":103,"official_geometry_validation_m":0.14998087162878096,"official_height_floors":9,"official_height_h_source_code":"0","official_height_h_extraction_code":"0","official_geometry_positive_evidence_only":true}},{"type":"Feature","id":"nlsc3d-1KAKQ574AX","geometry":{"type":"MultiPolygon","coordinates":[[[[120.20190628319018,23.028498526267448],[120.2019534137004,23.028494791045468],[120.20195341371495,23.028494790998174],[120.20190628319018,23.028498526223792],[120.20190628319018,23.028498526267448]]],[[[120.20195341365674,23.028494791231005],[120.20190628319018,23.028498526267448],[120.20192109287804,23.028656501346212],[120.20190628324839,23.02849852644571],[120.20192109289259,23.02865650118614],[120.20196922757226,23.028652561131402],[120.2019692274704,23.028652560978607],[120.20196079280198,23.028569430099687],[120.20196079272922,23.028569430125152],[120.20195341365674,23.028494791231005]]]]},"properties":{"building_uid":"nlsc3d-1KAKQ574AX","source_id":"1KAKQ574AX","building_source":"NLSC-3D-geometry","source_version":"67fec239-0993-40d8-8f4c-45dfff595538","source_license":"Government-Open-Data-TW-1.0","geometry_quality":"source-footprint","height":16.89,"render_height":16.89,"height_quality":"reported","height_source":"NLSC 3D BUILD_H","height_known":true,"min_height":0,"official_height_provider":"NLSC-3D","official_height_building_id":"1KAKQ574AX","official_geometry_provider":"NLSC-I3S","official_geometry_node":104754,"official_geometry_resource":104754,"official_geometry_definition":0,"official_geometry_face_start":104,"official_geometry_face_end":126,"official_geometry_validation_m":0.21252817578897867,"official_height_floors":5,"official_height_h_source_code":"0","official_height_h_extraction_code":"0","official_geometry_positive_evidence_only":true}},{"type":"Feature","id":"nlsc3d-1KAX25749V","geometry":{"type":"MultiPolygon","coordinates":[[[[120.2022721436448,23.028627315493885],[120.20232529960835,23.028622450512138],[120.20232272480702,23.028595072524276],[120.2023190024271,23.028509718556542],[120.20232272464695,23.02859507232055],[120.20231900226703,23.028509718692966],[120.20231727833074,23.02849023365483],[120.20229547230032,23.028492042217785],[120.20229203689873,23.028472165814982],[120.20229547224211,23.028492042417874],[120.20229203684052,23.02847216608783],[120.20227494459745,23.028455057008195],[120.20225866493332,23.02845633823157],[120.20225866499153,23.02845633857354],[120.2022721436448,23.028627315493885]]],[[[120.20227494459745,23.028455057008195],[120.20229203689873,23.028472165814982],[120.20229203689873,23.028472165778602],[120.202274944612,23.02845505696454],[120.20227494459745,23.028455057008195]]],[[[120.20225866493332,23.02845633823157],[120.2022721436157,23.028627315850407],[120.20232529978297,23.028622450861384],[120.20232529976842,23.02862245081773],[120.2022721436157,23.02862731580675],[120.20225866493332,23.02845633823157]]],[[[120.20231727850536,23.028490233429274],[120.20229547231487,23.028492042185043],[120.20229547230032,23.028492042217785],[120.20231727847626,23.02849023345474],[120.20231727850536,23.028490233429274]]],[[[120.20231727847626,23.02849023345474],[120.20231900226703,23.028509718692966],[120.2023190024271,23.028509718556542],[120.20231727847626,23.02849023345474]]],[[[120.20231900244166,23.028509718538352],[120.20232272480702,23.028595072524276],[120.20232272483612,23.028595072546103],[120.20231900244166,23.028509718538352]]]]},"properties":{"building_uid":"nlsc3d-1KAX25749V","source_id":"1KAX25749V","building_source":"NLSC-3D-geometry","source_version":"67fec239-0993-40d8-8f4c-45dfff595538","source_license":"Government-Open-Data-TW-1.0","geometry_quality":"source-footprint","height":27.26,"render_height":27.26,"height_quality":"reported","height_source":"NLSC 3D BUILD_H","height_known":true,"min_height":0,"official_height_provider":"NLSC-3D","official_height_building_id":"1KAX25749V","official_geometry_provider":"NLSC-I3S","official_geometry_node":104754,"official_geometry_resource":104754,"official_geometry_definition":0,"official_geometry_face_start":127,"official_geometry_face_end":169,"official_geometry_validation_m":0.7016368935533365,"official_height_floors":8,"official_height_h_source_code":"0","official_height_h_extraction_code":"0","official_geometry_positive_evidence_only":true}},{"type":"Feature","id":"nlsc3d-1KB0L5747F","geometry":{"type":"MultiPolygon","coordinates":[[[[120.20232591075607,23.02841432359275],[120.20232749966875,23.02842999355338],[120.20232104414812,23.02846041614388],[120.202316360978,23.0284675373346],[120.20232104416267,23.02846041615843],[120.20231636099255,23.028467537356427],[120.20233309434174,23.028508940176415],[120.20231902527361,23.02851001036428],[120.20231902525906,23.028510010377012],[120.20231902527412,23.028510010375864],[120.20231902527412,23.028510010375868],[120.20232274704234,23.028595264354898],[120.2023362205879,23.02859549671988],[120.2023525893825,23.028507342932734],[120.20237041648274,23.028393789989003],[120.20232333562366,23.02838892753929],[120.20232591075607,23.02841432359275]]],[[[120.2023525893825,23.028507342932734],[120.20235258939705,23.028507342945467],[120.20237041652639,23.028393789930796],[120.2023525893825,23.028507342932734]]]]},"properties":{"building_uid":"nlsc3d-1KB0L5747F","source_id":"1KB0L5747F","building_source":"NLSC-3D-geometry","source_version":"67fec239-0993-40d8-8f4c-45dfff595538","source_license":"Government-Open-Data-TW-1.0","geometry_quality":"source-footprint","height":3.88,"render_height":3.88,"height_quality":"reported","height_source":"NLSC 3D BUILD_H","height_known":true,"min_height":0,"official_height_provider":"NLSC-3D","official_height_building_id":"1KB0L5747F","official_geometry_provider":"NLSC-I3S","official_geometry_node":104754,"official_geometry_resource":104754,"official_geometry_definition":0,"official_geometry_face_start":170,"official_geometry_face_end":197,"official_geometry_validation_m":1.758805832827722,"official_height_floors":1,"official_height_h_source_code":"0","official_height_h_extraction_code":"0","official_geometry_positive_evidence_only":true}},{"type":"Feature","id":"nlsc3d-1KAQ3574AJ","geometry":{"type":"MultiPolygon","coordinates":[[[[120.20205374415441,23.028472682668937],[120.20210609896152,23.028468321493655],[120.20205374415004,23.028472682633527],[120.20205374414276,23.028472682669907],[120.2020537441876,23.028472683032394],[120.20205374417186,23.028472683033705],[120.20205606718868,23.028491465274364],[120.20205808565574,23.028509749206513],[120.20202692552324,23.028510904925078],[120.20202692564693,23.028510905123348],[120.2020235535389,23.02853571388099],[120.20202355367714,23.028535713980126],[120.2020333687184,23.028648228225883],[120.20212400503955,23.028639876641627],[120.2021240047767,23.02863987632876],[120.20210609876507,23.02846832186473],[120.20205374419925,23.028472683031424],[120.20205374415441,23.028472682668937]]],[[[120.2020235535389,23.02853571388099],[120.20202692552324,23.028510904925078],[120.20202692550869,23.02851090490325],[120.20202355351707,23.028535713866894],[120.2020235535389,23.02853571388099]]],[[[120.20203336862382,23.028648228567853],[120.2020235535389,23.02853571388099],[120.20203336861654,23.028648228618785],[120.20203336862382,23.028648228567853]]],[[[120.20210609898517,23.028468321442723],[120.20210609896152,23.028468321493655],[120.20212400503955,23.028639876641627],[120.20210609898517,23.028468321442723]]],[[[120.20212400507411,23.02863987669256],[120.20212400503955,23.028639876641627],[120.20203336862382,23.028648228567853],[120.20212400507411,23.02863987669256]]]]},"properties":{"building_uid":"nlsc3d-1KAQ3574AJ","source_id":"1KAQ3574AJ","building_source":"NLSC-3D-geometry","source_version":"67fec239-0993-40d8-8f4c-45dfff595538","source_license":"Government-Open-Data-TW-1.0","geometry_quality":"source-footprint","height":29.48,"render_height":29.48,"height_quality":"reported","height_source":"NLSC 3D BUILD_H","height_known":true,"min_height":0,"official_height_provider":"NLSC-3D","official_height_building_id":"1KAQ3574AJ","official_geometry_provider":"NLSC-I3S","official_geometry_node":104754,"official_geometry_resource":104754,"official_geometry_definition":0,"official_geometry_face_start":198,"official_geometry_face_end":235,"official_geometry_validation_m":0.7648396924318873,"official_height_floors":9,"official_height_h_source_code":"0","official_height_h_extraction_code":"0","official_geometry_positive_evidence_only":true}},{"type":"Feature","id":"nlsc3d-1KAVG5749R","geometry":{"type":"MultiPolygon","coordinates":[[[[120.20227245915943,23.028627064677075],[120.2022588804763,23.02845618752466],[120.2022588804763,23.028456187568317],[120.20221245430061,23.028460019145804],[120.20225888040353,23.028456187997598],[120.20221245440975,23.028460019560534],[120.20222633700963,23.028631294278547],[120.20227245901391,23.028627064371484],[120.20227245915943,23.028627064677075]]],[[[120.20221245430061,23.028460019145804],[120.20222633694415,23.02863129463507],[120.20222633695143,23.02863129459869],[120.20221245440975,23.028460019560534],[120.20221245430061,23.028460019145804]]]]},"properties":{"building_uid":"nlsc3d-1KAVG5749R","source_id":"1KAVG5749R","building_source":"NLSC-3D-geometry","source_version":"67fec239-0993-40d8-8f4c-45dfff595538","source_license":"Government-Open-Data-TW-1.0","geometry_quality":"source-footprint","height":30.48,"render_height":30.48,"height_quality":"reported","height_source":"NLSC 3D BUILD_H","height_known":true,"min_height":0,"official_height_provider":"NLSC-3D","official_height_building_id":"1KAVG5749R","official_geometry_provider":"NLSC-I3S","official_geometry_node":104754,"official_geometry_resource":104754,"official_geometry_definition":0,"official_geometry_face_start":236,"official_geometry_face_end":253,"official_geometry_validation_m":0.1805563493123556,"official_height_floors":9,"official_height_h_source_code":"0","official_height_h_extraction_code":"0","official_geometry_positive_evidence_only":true}},{"type":"Feature","id":"nlsc3d-1KBCE5748B","geometry":{"type":"MultiPolygon","coordinates":[[[[120.20245263036418,23.02840697116377],[120.20245051495226,23.028423276548402],[120.20245051512688,23.028423276599334],[120.2024526305388,23.0284069712147],[120.20245263036418,23.02840697116377]]],[[[120.2024505153015,23.028423276650265],[120.20242830619759,23.028577938232466],[120.20242725942012,23.02860493480008],[120.2024928763047,23.028599107901343],[120.20242725918729,23.028604934843734],[120.20249287630509,23.02859910792946],[120.20249287647971,23.028599107885803],[120.20249287665433,23.028599107842147],[120.20249269749115,23.028585813008668],[120.20252770974844,23.028590036250954],[120.20252770960292,23.028590036287333],[120.20258063928418,23.028580873986776],[120.2025806394006,23.028580873950396],[120.20252770989396,23.028590036200022],[120.20258063951701,23.02858087392857],[120.20268534617867,23.028571652168885],[120.2030416119735,23.028530380148787],[120.20304161182798,23.028530380137873],[120.20316721450149,23.028518454556853],[120.20317076458673,23.02848974600007],[120.20304792019965,23.028475066316297],[120.2029995254627,23.028469010751415],[120.20294318418678,23.0284622952208],[120.20294318409947,23.028462295246264],[120.20294318402671,23.02846229527173],[120.20294084627224,23.02847500284084],[120.2027500877022,23.02845176622489],[120.20275162886105,23.028440362228558],[120.20275162883732,23.028440362225908],[120.20275162884286,23.028440362184902],[120.20275162882103,23.0284403621558],[120.20245263036418,23.02840697116377],[120.20275162881748,23.028440362182067],[120.20275162881194,23.028440362223073],[120.20245263074253,23.028406971280184],[120.20245051512688,23.028423276599334],[120.20242830581924,23.028577938290674],[120.20242830599386,23.028577938268846],[120.2024505153015,23.028423276650265]],[[120.20299952533173,23.02846901077688],[120.20294318409333,23.02846229527967],[120.20294318409947,23.028462295246264],[120.20299952533173,23.02846901077688]],[[120.20294084626737,23.0284750028673],[120.20294084626153,23.02847500289905],[120.202750088779,23.02845176638658],[120.20294084626737,23.0284750028673]]],[[[120.20268534606225,23.02857165223437],[120.20304161208992,23.028530380154244],[120.20268534611319,23.028571652205265],[120.20268534606225,23.02857165223437]]],[[[120.20299952556456,23.028469010729587],[120.2029995254627,23.028469010751415],[120.20304792034517,23.02847506629265],[120.20299952556456,23.028469010729587]]],[[[120.20316721470522,23.02851845455867],[120.20316721490894,23.02851845456413],[120.20317076499418,23.028489745972784],[120.20317076479046,23.028489745988246],[120.20316721450149,23.028518454556853],[120.20316721470522,23.02851845455867]]],[[[120.20316721490894,23.02851845456413],[120.2030416119735,23.028530380148787],[120.20304161208992,23.028530380154244],[120.20316721490894,23.02851845456413]]]]},"properties":{"building_uid":"nlsc3d-1KBCE5748B","source_id":"1KBCE5748B","building_source":"NLSC-3D-geometry","source_version":"67fec239-0993-40d8-8f4c-45dfff595538","source_license":"Government-Open-Data-TW-1.0","geometry_quality":"source-footprint","height":6.92,"render_height":6.92,"height_quality":"reported","height_source":"NLSC 3D BUILD_H","height_known":true,"min_height":0,"official_height_provider":"NLSC-3D","official_height_building_id":"1KBCE5748B","official_geometry_provider":"NLSC-I3S","official_geometry_node":104741,"official_geometry_resource":104741,"official_geometry_definition":0,"official_geometry_face_start":0,"official_geometry_face_end":87,"official_geometry_validation_m":9.40935287673904,"official_height_floors":2,"official_height_h_source_code":"0","official_height_h_extraction_code":"0","official_geometry_positive_evidence_only":true}},{"type":"Feature","id":"nlsc3d-1KAHE573VT","geometry":{"type":"MultiPolygon","coordinates":[[[[120.20181688700787,23.028240408024896],[120.20182282386186,23.028241278065718],[120.20182282392734,23.028241277960216],[120.20182086996165,23.028250884785404],[120.2018356575888,23.0282523101455],[120.20182087004896,23.028250884654437],[120.20183565761407,23.02825231000255],[120.20183565762518,23.02825231000362],[120.20183721407268,23.028243505186968],[120.2018844061483,23.028250166295503],[120.20183721407724,23.028243505161118],[120.20183721409803,23.02824350504353],[120.20188440613374,23.028250166270038],[120.2018937600903,23.0282508191308],[120.20189376010485,23.028250819163542],[120.20189808609821,23.028251297303097],[120.20191362428405,23.028158748992166],[120.20191336047237,23.028148153709946],[120.20191362425494,23.028158749010355],[120.2018980859818,23.028251297146664],[120.20191362410942,23.028158749104943],[120.20191336029775,23.028148153851827],[120.20186052889285,23.028139921553258],[120.20185795107928,23.02814603251728],[120.20185787074756,23.028146572756285],[120.20185795109383,23.028146032386314],[120.20185795109383,23.028146032364486],[120.20185784648329,23.028146735935977],[120.2018577577106,23.028147332941508],[120.20183793502902,23.028144533288025],[120.20183707104543,23.02815143538147],[120.20183707104543,23.028151435406937],[120.20183536075156,23.028151244027423],[120.20183536076611,23.028151244045613],[120.20182940685,23.028181464224428],[120.2018294069082,23.02818146425899],[120.20183463711392,23.028181837912154],[120.20182891151008,23.028216655375683],[120.2018209656696,23.02821609542708],[120.20181688700787,23.028240408024896]],[[120.20188440604643,23.028250166146346],[120.20189375998844,23.02825081900347],[120.2018937600903,23.0282508191308],[120.20188440604643,23.028250166146346]],[[120.2018577576916,23.02814733306924],[120.20183793505812,23.02814453342263],[120.20183793502902,23.028144533288025],[120.2018577576916,23.02814733306924]],[[120.20183707108909,23.028151435519714],[120.20183536080977,23.02815124416203],[120.20183536076611,23.028151244045613],[120.20183707108909,23.028151435519714]]],[[[120.2018208699471,23.02825088481087],[120.20182086996165,23.028250884785404],[120.20182282386186,23.028241278065718],[120.20181688692783,23.028240408130397],[120.20181688691328,23.028240408155863],[120.20182282384003,23.028241278091183],[120.2018208699471,23.02825088481087]]],[[[120.20185795109383,23.028146032386314],[120.20186052889285,23.028139921553258],[120.20186052891468,23.028139921415015],[120.20185795109383,23.028146032386314]]]]},"properties":{"building_uid":"nlsc3d-1KAHE573VT","source_id":"1KAHE573VT","building_source":"NLSC-3D-geometry","source_version":"67fec239-0993-40d8-8f4c-45dfff595538","source_license":"Government-Open-Data-TW-1.0","geometry_quality":"source-footprint","height":18.94,"render_height":18.94,"height_quality":"reported","height_source":"NLSC 3D BUILD_H","height_known":true,"min_height":0,"official_height_provider":"NLSC-3D","official_height_building_id":"1KAHE573VT","official_geometry_provider":"NLSC-I3S","official_geometry_node":104755,"official_geometry_resource":104755,"official_geometry_definition":0,"official_geometry_face_start":0,"official_geometry_face_end":97,"official_geometry_validation_m":0.10756327113710215,"official_height_floors":6,"official_height_h_source_code":"0","official_height_h_extraction_code":"0","official_geometry_positive_evidence_only":true}},{"type":"Feature","id":"nlsc3d-1KAFH573QU","geometry":{"type":"MultiPolygon","coordinates":[[[[120.2017700656731,23.028091861888708],[120.201799352332,23.02809691333142],[120.20179220621749,23.028129538725363],[120.20179220622015,23.028129538725747],[120.20182772667859,23.02813465886039],[120.20182772668586,23.028134658889496],[120.20183801170306,23.028071827423002],[120.20183801169578,23.02807182740845],[120.2018287452399,23.02806897482561],[120.20184646506341,23.027988311784167],[120.2017901076676,23.02797889756813],[120.20179010766397,23.027978897524473],[120.20177006566037,23.028091861910536],[120.2017700656731,23.028091861888708]]]]},"properties":{"building_uid":"nlsc3d-1KAFH573QU","source_id":"1KAFH573QU","building_source":"NLSC-3D-geometry","source_version":"67fec239-0993-40d8-8f4c-45dfff595538","source_license":"Government-Open-Data-TW-1.0","geometry_quality":"source-footprint","height":2.66,"render_height":2.66,"height_quality":"reported","height_source":"NLSC 3D BUILD_H","height_known":true,"min_height":0,"official_height_provider":"NLSC-3D","official_height_building_id":"1KAFH573QU","official_geometry_provider":"NLSC-I3S","official_geometry_node":104755,"official_geometry_resource":104755,"official_geometry_definition":0,"official_geometry_face_start":98,"official_geometry_face_end":119,"official_geometry_validation_m":0.47347319543644534,"official_height_floors":1,"official_height_h_source_code":"0","official_height_h_extraction_code":"0","official_geometry_positive_evidence_only":true}},{"type":"Feature","id":"nlsc3d-1KA975743B","geometry":{"type":"MultiPolygon","coordinates":[[[[120.20156520815608,23.028301997641858],[120.20156189535437,23.02831980855309],[120.20156189542713,23.028319808633125],[120.20155235677767,23.028372839377436],[120.20155097130437,23.028393539666023],[120.20155097121706,23.02839353972423],[120.20164083363734,23.028407284328306],[120.20165853670433,23.028391700507665],[120.20166907776975,23.028338164739136],[120.20165853667523,23.028391700493113],[120.20166907773337,23.028338164753688],[120.20165853654426,23.028391700420354],[120.20166907758785,23.028338164797344],[120.20167185410783,23.028314658353803],[120.20167185395503,23.028314658455667],[120.20157536585857,23.028302546598308],[120.20157536581492,23.028302546474617],[120.20157507071663,23.028303647574386],[120.20156520814153,23.028301997605478],[120.20157507073118,23.028303647610766],[120.20156520815608,23.028301997641858]]],[[[120.20156189535437,23.02831980855309],[120.20155235666125,23.02837283940654],[120.20155097118796,23.028393539738783],[120.20155235669036,23.02837283940654],[120.20156189535437,23.02831980855309]]],[[[120.20155235677767,23.028372839377436],[120.20155235669036,23.02837283940654],[120.20155097121706,23.02839353972423],[120.20155235677767,23.028372839377436]]]]},"properties":{"building_uid":"nlsc3d-1KA975743B","source_id":"1KA975743B","building_source":"NLSC-3D-geometry","source_version":"67fec239-0993-40d8-8f4c-45dfff595538","source_license":"Government-Open-Data-TW-1.0","geometry_quality":"source-footprint","height":15.97,"render_height":15.97,"height_quality":"reported","height_source":"NLSC 3D BUILD_H","height_known":true,"min_height":0,"official_height_provider":"NLSC-3D","official_height_building_id":"1KA975743B","official_geometry_provider":"NLSC-I3S","official_geometry_node":104755,"official_geometry_resource":104755,"official_geometry_definition":0,"official_geometry_face_start":120,"official_geometry_face_end":167,"official_geometry_validation_m":0.2833532148420825,"official_height_floors":5,"official_height_h_source_code":"0","official_height_h_extraction_code":"0","official_geometry_positive_evidence_only":true}},{"type":"Feature","id":"nlsc3d-1KAA9573TW","geometry":{"type":"Polygon","coordinates":[[[120.201615244189,23.028055139039235],[120.20161524420355,23.028055139097443],[120.20159055552604,23.028215311630913],[120.20159055554059,23.02821531159726],[120.20167295819802,23.028225694801687],[120.20167295819074,23.028225694767126],[120.20169845527808,23.02806621796527],[120.201615244189,23.028055139039235]]]},"properties":{"building_uid":"nlsc3d-1KAA9573TW","source_id":"1KAA9573TW","building_source":"NLSC-3D-geometry","source_version":"67fec239-0993-40d8-8f4c-45dfff595538","source_license":"Government-Open-Data-TW-1.0","geometry_quality":"source-footprint","height":2.9,"render_height":2.9,"height_quality":"reported","height_source":"NLSC 3D BUILD_H","height_known":true,"min_height":0,"official_height_provider":"NLSC-3D","official_height_building_id":"1KAA9573TW","official_geometry_provider":"NLSC-I3S","official_geometry_node":104755,"official_geometry_resource":104755,"official_geometry_definition":0,"official_geometry_face_start":168,"official_geometry_face_end":177,"official_geometry_validation_m":0.20432009808755078,"official_height_floors":1,"official_height_h_source_code":"0","official_height_h_extraction_code":"0","official_geometry_positive_evidence_only":true}},{"type":"Feature","id":"nlsc3d-1KAHW573S5","geometry":{"type":"MultiPolygon","coordinates":[[[[120.20188623971872,23.02803956307663],[120.20188623973327,23.028039563032973],[120.2018544378977,23.028034224299073],[120.20188623971872,23.02803956307663]]],[[[120.20183534900816,23.028121392133936],[120.20186644942207,23.02812713426115],[120.20186099578378,23.02813995738735],[120.20186099576922,23.028139957503765],[120.20191382732692,23.028148189831438],[120.20191382729782,23.02814818980597],[120.2019138271814,23.028148189675004],[120.20191344862788,23.028135195782408],[120.2019156544945,23.02813418503548],[120.20192931145239,23.028046544867276],[120.20192931159791,23.02804654475086],[120.20188623971872,23.02803956307663],[120.20188623968961,23.028039563207596],[120.20185443794135,23.028034224459144],[120.20183534911003,23.028121392061177],[120.20183534902272,23.028121392119385],[120.20183534900816,23.028121392133936]]],[[[120.20191565462547,23.028134185151895],[120.20192931162701,23.028046544721757],[120.20192931159791,23.02804654475086],[120.20191565461091,23.028134185130067],[120.20191344872974,23.028135195876995],[120.20191565462547,23.028134185151895]]]]},"properties":{"building_uid":"nlsc3d-1KAHW573S5","source_id":"1KAHW573S5","building_source":"NLSC-3D-geometry","source_version":"67fec239-0993-40d8-8f4c-45dfff595538","source_license":"Government-Open-Data-TW-1.0","geometry_quality":"source-footprint","height":18.94,"render_height":18.94,"height_quality":"reported","height_source":"NLSC 3D BUILD_H","height_known":true,"min_height":0,"official_height_provider":"NLSC-3D","official_height_building_id":"1KAHW573S5","official_geometry_provider":"NLSC-I3S","official_geometry_node":104755,"official_geometry_resource":104755,"official_geometry_definition":0,"official_geometry_face_start":178,"official_geometry_face_end":220,"official_geometry_validation_m":0.17697702392801776,"official_height_floors":6,"official_height_h_source_code":"0","official_height_h_extraction_code":"0","official_geometry_positive_evidence_only":true}},{"type":"Feature","id":"nlsc3d-1KAFJ5744D","geometry":{"type":"MultiPolygon","coordinates":[[[[120.20179638265533,23.02835183577861],[120.20180443315805,23.028353094992855],[120.2017963826517,23.028351835793163],[120.201804433155,23.028353095086803],[120.20179638262441,23.028351835880475],[120.20179569784364,23.028355038174038],[120.20175001142404,23.02834796966943],[120.20175001144405,23.028347969698533],[120.20174056850435,23.028400200327614],[120.20175001151317,23.028347969800397],[120.2017405685953,23.02840020031306],[120.20175727347002,23.028402815656026],[120.20177127522918,23.028424338455242],[120.20177098427591,23.02842613932751],[120.20185238611582,23.028437327291048],[120.20186553096998,23.028365084657143],[120.20185807122895,23.028361723179277],[120.20185575655039,23.028361334919627],[120.20185805454518,23.02834192964963],[120.20180502801517,23.028334698051673],[120.20180502801911,23.02833469792984],[120.20180502797545,23.028334698046255],[120.20180443315854,23.028353094977245],[120.20179638265533,23.02835183577861]],[[120.2017956978375,23.028355038202754],[120.20179569781855,23.028355038291355],[120.20175001144405,23.028347969698533],[120.2017956978375,23.028355038202754]]],[[[120.20174056848252,23.02840020033489],[120.2017572733918,23.028402815677854],[120.20174056850435,23.028400200327614],[120.20174056848252,23.02840020033489]]],[[[120.20180502801911,23.02833469792984],[120.20185805470526,23.028341929533216],[120.20180502803002,23.028334697900736],[120.20180502801911,23.02833469792984]]],[[[120.20185575670318,23.028361334846867],[120.20185805470526,23.028341929533216],[120.20185575655039,23.028361334919627],[120.20185575670318,23.028361334846867]]],[[[120.20185575673229,23.028361334832315],[120.20185575670318,23.028361334846867],[120.20185807122895,23.028361723179277],[120.20185807138903,23.028361723106517],[120.20185575673229,23.028361334832315]]],[[[120.20186553115188,23.028365084598935],[120.20185807138903,23.028361723106517],[120.20186553096998,23.028365084657143],[120.20186553115188,23.028365084598935]]],[[[120.20185238629772,23.028437327407463],[120.20186553119554,23.028365084584383],[120.20186553115188,23.028365084598935],[120.20185238626134,23.028437327385635],[120.20177098427591,23.02842613932751],[120.20177098424999,23.02842613940027],[120.20185238629772,23.028437327407463]]]]},"properties":{"building_uid":"nlsc3d-1KAFJ5744D","source_id":"1KAFJ5744D","building_source":"NLSC-3D-geometry","source_version":"67fec239-0993-40d8-8f4c-45dfff595538","source_license":"Government-Open-Data-TW-1.0","geometry_quality":"source-footprint","height":16.71,"render_height":16.71,"height_quality":"reported","height_source":"NLSC 3D BUILD_H","height_known":true,"min_height":0,"official_height_provider":"NLSC-3D","official_height_building_id":"1KAFJ5744D","official_geometry_provider":"NLSC-I3S","official_geometry_node":104762,"official_geometry_resource":104762,"official_geometry_definition":0,"official_geometry_face_start":28,"official_geometry_face_end":95,"official_geometry_validation_m":0.2975155038958268,"official_height_floors":5,"official_height_h_source_code":"0","official_height_h_extraction_code":"0","official_geometry_positive_evidence_only":true}},{"type":"Feature","id":"nlsc3d-1KAJ8574B3","geometry":{"type":"MultiPolygon","coordinates":[[[[120.20186106949102,23.028501835783917],[120.2018997585589,23.028498742672472],[120.20190649207932,23.02849830903995],[120.2018997585589,23.028498742626997],[120.20186106947646,23.02850183574117],[120.20186106949102,23.028501835783917]]],[[[120.20187587984826,23.02865991063607],[120.20187728674925,23.028659803766804],[120.20187728675653,23.028659803606732],[120.20192130122875,23.028656184108858],[120.20192130115599,23.02865618396334],[120.20190649202111,23.02849830922185],[120.20189975851524,23.02849874285619],[120.2018610695274,23.02850183595854],[120.20187587984826,23.02865991063607]]],[[[120.20186106949102,23.028501835783917],[120.20187587983371,23.028659910839796],[120.20187728674198,23.028659803795907],[120.20187728674925,23.028659803766804],[120.20187587983371,23.02865991079614],[120.20186106949102,23.028501835783917]]],[[[120.20192130122875,23.028656184108858],[120.20192130125785,23.028656184152513],[120.20190649207932,23.028498308994475],[120.20192130122875,23.028656184108858]]]]},"properties":{"building_uid":"nlsc3d-1KAJ8574B3","source_id":"1KAJ8574B3","building_source":"NLSC-3D-geometry","source_version":"67fec239-0993-40d8-8f4c-45dfff595538","source_license":"Government-Open-Data-TW-1.0","geometry_quality":"source-footprint","height":16.52,"render_height":16.52,"height_quality":"reported","height_source":"NLSC 3D BUILD_H","height_known":true,"min_height":0,"official_height_provider":"NLSC-3D","official_height_building_id":"1KAJ8574B3","official_geometry_provider":"NLSC-I3S","official_geometry_node":104762,"official_geometry_resource":104762,"official_geometry_definition":0,"official_geometry_face_start":147,"official_geometry_face_end":174,"official_geometry_validation_m":0.18580376302814133,"official_height_floors":5,"official_height_h_source_code":"0","official_height_h_extraction_code":"0","official_geometry_positive_evidence_only":true}},{"type":"Feature","id":"nlsc3d-1KAHV57465","geometry":{"type":"MultiPolygon","coordinates":[[[[120.2018396782775,23.028503572720528],[120.20183967829205,23.028503572691424],[120.20183967837208,23.028503572546814],[120.20190067614446,23.028498668117553],[120.20192268504313,23.028378296602913],[120.20187367161695,23.02836964511096],[120.20192268515954,23.028378296442842],[120.20187367162423,23.028369645081856],[120.20186490074836,23.0283655903653],[120.2018396782775,23.028503572720528]],[[120.20187367162423,23.028369645300135],[120.20186490074109,23.02836559042351],[120.20187367161695,23.02836964511096],[120.20187367162423,23.028369645300135]]],[[[120.20190067621722,23.028498668244882],[120.20192268515954,23.028378296442842],[120.20190067614446,23.028498668117553],[120.20190067621722,23.028498668244882]]]]},"properties":{"building_uid":"nlsc3d-1KAHV57465","source_id":"1KAHV57465","building_source":"NLSC-3D-geometry","source_version":"67fec239-0993-40d8-8f4c-45dfff595538","source_license":"Government-Open-Data-TW-1.0","geometry_quality":"source-footprint","height":18.7,"render_height":18.7,"height_quality":"reported","height_source":"NLSC 3D BUILD_H","height_known":true,"min_height":0,"official_height_provider":"NLSC-3D","official_height_building_id":"1KAHV57465","official_geometry_provider":"NLSC-I3S","official_geometry_node":104762,"official_geometry_resource":104762,"official_geometry_definition":0,"official_geometry_face_start":203,"official_geometry_face_end":225,"official_geometry_validation_m":0.32522888663777755,"official_height_floors":6,"official_height_h_source_code":"0","official_height_h_extraction_code":"0","official_geometry_positive_evidence_only":true}},{"type":"Feature","id":"nlsc3d-1KAF057476","geometry":{"type":"MultiPolygon","coordinates":[[[[120.2017332604161,23.02843435648845],[120.20176758037421,23.02844048232817],[120.20177051178659,23.028426172207563],[120.20176758036875,23.028440482313616],[120.20173326039064,23.028434356466622],[120.2017332604161,23.02843435648845]]],[[[120.20176758039058,23.028440482393652],[120.2017332604161,23.02843435648845],[120.20173326050342,23.02843435656121],[120.201722916209,23.0284871914422],[120.20176901067349,23.02849525759059],[120.20176886862352,23.02849598596619],[120.20176862036867,23.028497258908263],[120.20176862037412,23.028497258890074],[120.20176892870877,23.028495677877352],[120.20176862038959,23.028497258831866],[120.20181450835723,23.02850442628949],[120.2018145084409,23.028504426355884],[120.20181682372338,23.028504914582644],[120.20183993685775,23.02850309919575],[120.20185201379051,23.028437259711954],[120.20177051178568,23.02842617217846],[120.20177051178659,23.028426172207563],[120.20185201375413,23.028437259726505],[120.20183993671951,23.028503099127537],[120.20185201357951,23.028437259799265],[120.20177051180433,23.02842617230215],[120.20176758039058,23.028440482393652]],[[120.20172291632177,23.02848719140582],[120.20176901067636,23.0284952575759],[120.201722916209,23.0284871914422],[120.20172291632177,23.02848719140582]]],[[[120.20183993689413,23.02850309921394],[120.20181682372338,23.028504914582644],[120.2018168237452,23.028504914603563],[120.20183993689413,23.02850309921394]]],[[[120.2018168237452,23.028504914603563],[120.2018145084409,23.028504426355884],[120.20181450846273,23.028504426374074],[120.2018168237452,23.028504914603563]]]]},"properties":{"building_uid":"nlsc3d-1KAF057476","source_id":"1KAF057476","building_source":"NLSC-3D-geometry","source_version":"67fec239-0993-40d8-8f4c-45dfff595538","source_license":"Government-Open-Data-TW-1.0","geometry_quality":"source-footprint","height":17.24,"render_height":17.24,"height_quality":"reported","height_source":"NLSC 3D BUILD_H","height_known":true,"min_height":0,"official_height_provider":"NLSC-3D","official_height_building_id":"1KAF057476","official_geometry_provider":"NLSC-I3S","official_geometry_node":104762,"official_geometry_resource":104762,"official_geometry_definition":0,"official_geometry_face_start":272,"official_geometry_face_end":319,"official_geometry_validation_m":0.09267030001393897,"official_height_floors":5,"official_height_h_source_code":"0","official_height_h_extraction_code":"0","official_geometry_positive_evidence_only":true}},{"type":"Feature","id":"nlsc3d-1KARR573SJ","geometry":{"type":"MultiPolygon","coordinates":[[[[120.20211249248113,23.02805346617804],[120.20210782003214,23.028079381240037],[120.20209684589445,23.028144715247596],[120.20209684588353,23.028144715269423],[120.20214494631527,23.028151971711555],[120.2021615994543,23.028060917369817],[120.20216159943247,23.028060917391645],[120.20216159933061,23.028060917486233],[120.20211249247386,23.028053466061625],[120.20210782001759,23.028079381167277],[120.20210782002486,23.02807938118183],[120.20211249248113,23.02805346617804]],[[120.20209684593446,23.02814471516847],[120.20214494624251,23.028151971587864],[120.202144946308,23.028151971687453],[120.20209684593446,23.02814471516847]]],[[[120.20211249247386,23.028053466039797],[120.20211249247386,23.028053466061625],[120.20216159943247,23.028060917391645],[120.20211249247386,23.028053466039797]]]]},"properties":{"building_uid":"nlsc3d-1KARR573SJ","source_id":"1KARR573SJ","building_source":"NLSC-3D-geometry","source_version":"67fec239-0993-40d8-8f4c-45dfff595538","source_license":"Government-Open-Data-TW-1.0","geometry_quality":"source-footprint","height":16.64,"render_height":16.64,"height_quality":"reported","height_source":"NLSC 3D BUILD_H","height_known":true,"min_height":0,"official_height_provider":"NLSC-3D","official_height_building_id":"1KARR573SJ","official_geometry_provider":"NLSC-I3S","official_geometry_node":104757,"official_geometry_resource":104757,"official_geometry_definition":0,"official_geometry_face_start":0,"official_geometry_face_end":22,"official_geometry_validation_m":0.2112638887458876,"official_height_floors":5,"official_height_h_source_code":"0","official_height_h_extraction_code":"0","official_geometry_positive_evidence_only":true}},{"type":"Feature","id":"nlsc3d-1KAMX573SC","geometry":{"type":"MultiPolygon","coordinates":[[[[120.20199071736151,23.02804672054315],[120.20199071739061,23.02804672066684],[120.20197357938177,23.02814077631972],[120.20197357946181,23.02814077624514],[120.2019736805103,23.0281408757857],[120.20197368058307,23.02814087571112],[120.20202751616289,23.028148903083252],[120.20202956349003,23.02813809630077],[120.20203314126029,23.02811408610994],[120.20204475935843,23.028055646717053],[120.20204264642307,23.02805535729401],[120.2020445027445,23.02804625090919],[120.20204264633666,23.028055357410427],[120.20204450266083,23.028046251040156],[120.2020337394495,23.028045305333013],[120.20203258216827,23.028053608329987],[120.20199071736151,23.02804672054315]]],[[[120.2019735793745,23.02814077633609],[120.20197368049575,23.02814087580207],[120.20197357938177,23.02814077631972],[120.2019735793745,23.02814077633609]]],[[[120.2020275162211,23.02814890319785],[120.20202751620836,23.02814890317511],[120.2019736805103,23.0281408757857],[120.2020275162211,23.02814890319785]]],[[[120.20204475946575,23.02805564657881],[120.20204264644035,23.028055357264908],[120.20204475944483,23.028055646600638],[120.20204475946575,23.02805564657881]]],[[[120.20202956353914,23.02813809636989],[120.20202751620836,23.02814890317511],[120.20202956355187,23.02813809638626],[120.20202956353914,23.02813809636989]]]]},"properties":{"building_uid":"nlsc3d-1KAMX573SC","source_id":"1KAMX573SC","building_source":"NLSC-3D-geometry","source_version":"67fec239-0993-40d8-8f4c-45dfff595538","source_license":"Government-Open-Data-TW-1.0","geometry_quality":"source-footprint","height":17.09,"render_height":17.09,"height_quality":"reported","height_source":"NLSC 3D BUILD_H","height_known":true,"min_height":0,"official_height_provider":"NLSC-3D","official_height_building_id":"1KAMX573SC","official_geometry_provider":"NLSC-I3S","official_geometry_node":104757,"official_geometry_resource":104757,"official_geometry_definition":0,"official_geometry_face_start":23,"official_geometry_face_end":75,"official_geometry_validation_m":0.15459008840204852,"official_height_floors":5,"official_height_h_source_code":"0","official_height_h_extraction_code":"0","official_geometry_positive_evidence_only":true}},{"type":"Feature","id":"nlsc3d-1KAKH573W9","geometry":{"type":"MultiPolygon","coordinates":[[[[120.20190871236427,23.02825392838547],[120.20189774036571,23.02825168412362],[120.20191317804147,23.028159136380015],[120.20189774035116,23.02825168414545],[120.20190871236427,23.02825392838547]]],[[[120.20189774036571,23.02825168412362],[120.20190871236427,23.028253928363643],[120.20189774042392,23.028251684058137],[120.20190871240793,23.028253928290884],[120.20195127913921,23.028260512632347],[120.20196832248057,23.02816745707985],[120.20191317804147,23.028159136380015],[120.20191317807057,23.02815913650007],[120.20189774036571,23.02825168412362]]],[[[120.20190871240793,23.028253928290884],[120.20190871236427,23.028253928363643],[120.20195127920469,23.028260512741486],[120.2019683225024,23.028167457056202],[120.20195127919014,23.02826051271966],[120.20190871240793,23.028253928290884]]]]},"properties":{"building_uid":"nlsc3d-1KAKH573W9","source_id":"1KAKH573W9","building_source":"NLSC-3D-geometry","source_version":"67fec239-0993-40d8-8f4c-45dfff595538","source_license":"Government-Open-Data-TW-1.0","geometry_quality":"source-footprint","height":16.36,"render_height":16.36,"height_quality":"reported","height_source":"NLSC 3D BUILD_H","height_known":true,"min_height":0,"official_height_provider":"NLSC-3D","official_height_building_id":"1KAKH573W9","official_geometry_provider":"NLSC-I3S","official_geometry_node":104757,"official_geometry_resource":104757,"official_geometry_definition":0,"official_geometry_face_start":76,"official_geometry_face_end":98,"official_geometry_validation_m":0.221118805563799,"official_height_floors":5,"official_height_h_source_code":"0","official_height_h_extraction_code":"0","official_geometry_positive_evidence_only":true}},{"type":"Feature","id":"nlsc3d-1KAR4573WM","geometry":{"type":"Polygon","coordinates":[[[120.20207522289802,23.028262199228426],[120.20212282243465,23.02826975807527],[120.20212282242737,23.028269758053444],[120.20213938094257,23.028179703880756],[120.20213927980676,23.028179604418415],[120.20213927978493,23.02817960444752],[120.20213938092074,23.02817970390804],[120.20213938083343,23.028179704013542],[120.20213927969762,23.02817960455484],[120.2020912769638,23.028171847807403],[120.20209127694925,23.028171847683712],[120.20207522289802,23.028262199228426]],[[120.20207522295986,23.028262199133838],[120.20207522291075,23.028262199206598],[120.2020912769638,23.028171847807403],[120.20207522295986,23.028262199133838]]]},"properties":{"building_uid":"nlsc3d-1KAR4573WM","source_id":"1KAR4573WM","building_source":"NLSC-3D-geometry","source_version":"67fec239-0993-40d8-8f4c-45dfff595538","source_license":"Government-Open-Data-TW-1.0","geometry_quality":"source-footprint","height":16.82,"render_height":16.82,"height_quality":"reported","height_source":"NLSC 3D BUILD_H","height_known":true,"min_height":0,"official_height_provider":"NLSC-3D","official_height_building_id":"1KAR4573WM","official_geometry_provider":"NLSC-I3S","official_geometry_node":104757,"official_geometry_resource":104757,"official_geometry_definition":0,"official_geometry_face_start":99,"official_geometry_face_end":121,"official_geometry_validation_m":0.19470205063010004,"official_height_floors":5,"official_height_h_source_code":"0","official_height_h_extraction_code":"0","official_geometry_positive_evidence_only":true}},{"type":"Feature","id":"nlsc3d-1KAL5573S3","geometry":{"type":"MultiPolygon","coordinates":[[[[120.20193709636969,23.028038244743744],[120.20192890333583,23.028046883080766],[120.20193709636241,23.028038244780124],[120.2019490695473,23.028039784350927],[120.2019490695764,23.028039784227236],[120.20193709636969,23.028038244743744]]],[[[120.20193709636241,23.028038244903815],[120.20192890335038,23.028046883204457],[120.20191753335318,23.02812038754281],[120.20192890335038,23.02804688310987],[120.20191534681526,23.02813452299249],[120.20191534681526,23.02813452301068],[120.201915346819,23.028134522986385],[120.20191534687346,23.028134522897904],[120.20191965687427,23.028132301993697],[120.20197389577679,23.028140527258234],[120.20199113431754,23.02804647107239],[120.2019490695764,23.028039784227236],[120.20199113420112,23.028046471174253],[120.2019490695473,23.028039784350927],[120.20193709636241,23.028038244903815]]],[[[120.20197389585682,23.028140527363735],[120.20191965683061,23.02813230207919],[120.20197389587865,23.0281405273892],[120.20199113434664,23.028046471050562],[120.20194906958368,23.028039784198132],[120.20199113431754,23.02804647107239],[120.20197389585682,23.028140527363735]]]]},"properties":{"building_uid":"nlsc3d-1KAL5573S3","source_id":"1KAL5573S3","building_source":"NLSC-3D-geometry","source_version":"67fec239-0993-40d8-8f4c-45dfff595538","source_license":"Government-Open-Data-TW-1.0","geometry_quality":"source-footprint","height":16.97,"render_height":16.97,"height_quality":"reported","height_source":"NLSC 3D BUILD_H","height_known":true,"min_height":0,"official_height_provider":"NLSC-3D","official_height_building_id":"1KAL5573S3","official_geometry_provider":"NLSC-I3S","official_geometry_node":104757,"official_geometry_resource":104757,"official_geometry_definition":0,"official_geometry_face_start":122,"official_geometry_face_end":154,"official_geometry_validation_m":0.22012035166219027,"official_height_floors":5,"official_height_h_source_code":"0","official_height_h_extraction_code":"0","official_geometry_positive_evidence_only":true}},{"type":"Feature","id":"nlsc3d-1KAM8573WK","geometry":{"type":"MultiPolygon","coordinates":[[[[120.20196796891268,23.028167817916415],[120.20195102552115,23.028260773118905],[120.2019510255357,23.028260773104353],[120.20196796894906,23.02816781805193],[120.20195102560119,23.028260773031594],[120.20199288801977,23.028267261039378],[120.20199288799795,23.028267260937515],[120.20200496112174,23.028268699918204],[120.20201557740238,23.02821086534657],[120.20201616107606,23.028207563480624],[120.20202180451979,23.028175845422243],[120.2020218046071,23.028175845329475],[120.20196796891996,23.02816781794461],[120.20196796891268,23.028167817916415]]],[[[120.20199288801977,23.02826726105393],[120.20199288801977,23.028267261039378],[120.2019510255357,23.028260773104353],[120.20199288801977,23.02826726105393]]],[[[120.20202180462893,23.028175845305828],[120.20196796891268,23.028167817916415],[120.2020218046071,23.028175845329475],[120.20202180462893,23.028175845305828]]],[[[120.20201616115246,23.028207563455158],[120.2020218046071,23.028175845329475],[120.20201616107606,23.028207563480624],[120.20201616115246,23.028207563455158]]],[[[120.20201616117429,23.028207563444244],[120.20201616115246,23.028207563455158],[120.2020155774715,23.02821086532474],[120.20201557748969,23.028210865317465],[120.20201616117429,23.028207563444244]]],[[[120.20200496112174,23.028268699918204],[120.20200496116904,23.028268700020067],[120.2020155774715,23.02821086532474],[120.20200496112174,23.028268699918204]]],[[[120.20201557748969,23.028210865317465],[120.20200496116904,23.028268700020067],[120.20200496117995,23.028268700041895],[120.20201557748969,23.028210865317465]]]]},"properties":{"building_uid":"nlsc3d-1KAM8573WK","source_id":"1KAM8573WK","building_source":"NLSC-3D-geometry","source_version":"67fec239-0993-40d8-8f4c-45dfff595538","source_license":"Government-Open-Data-TW-1.0","geometry_quality":"source-footprint","height":16.49,"render_height":16.49,"height_quality":"reported","height_source":"NLSC 3D BUILD_H","height_known":true,"min_height":0,"official_height_provider":"NLSC-3D","official_height_building_id":"1KAM8573WK","official_geometry_provider":"NLSC-I3S","official_geometry_node":104757,"official_geometry_resource":104757,"official_geometry_definition":0,"official_geometry_face_start":155,"official_geometry_face_end":187,"official_geometry_validation_m":0.18151277819379102,"official_height_floors":5,"official_height_h_source_code":"0","official_height_h_extraction_code":"0","official_geometry_positive_evidence_only":true}},{"type":"Feature","id":"nlsc3d-1KASN573WW","geometry":{"type":"MultiPolygon","coordinates":[[[[120.20213904567372,23.028179961735237],[120.20212258768315,23.028270015418617],[120.20212258769043,23.02827001539679],[120.202139045681,23.02817996176434],[120.20218966472184,23.028188105405366],[120.20213904570282,23.028179961886213],[120.20212258774863,23.02827001532403],[120.20217451431544,23.028278252253745],[120.20217552624835,23.028279346907016],[120.20217952040711,23.02825773382772],[120.20217952039256,23.028257733820443],[120.20217952032526,23.02825773381875],[120.20217952033435,23.02825773376951],[120.20217620214335,23.02825765044731],[120.2021896648237,23.02818810527076],[120.20218966480915,23.028188105299865],[120.20213904567372,23.028179961735237]],[[120.2021755261756,23.02827934682698],[120.20217952032398,23.02825773382563],[120.2021795203913,23.02825773382732],[120.20217552624835,23.028279346907016],[120.2021755261756,23.02827934682698]]],[[[120.20217451439548,23.028278252362885],[120.20217451437365,23.028278252348333],[120.2021755262629,23.02827934693612],[120.20217451439548,23.028278252362885]]]]},"properties":{"building_uid":"nlsc3d-1KASN573WW","source_id":"1KASN573WW","building_source":"NLSC-3D-geometry","source_version":"67fec239-0993-40d8-8f4c-45dfff595538","source_license":"Government-Open-Data-TW-1.0","geometry_quality":"source-footprint","height":16.71,"render_height":16.71,"height_quality":"reported","height_source":"NLSC 3D BUILD_H","height_known":true,"min_height":0,"official_height_provider":"NLSC-3D","official_height_building_id":"1KASN573WW","official_geometry_provider":"NLSC-I3S","official_geometry_node":104757,"official_geometry_resource":104757,"official_geometry_definition":0,"official_geometry_face_start":188,"official_geometry_face_end":220,"official_geometry_validation_m":0.17657945934096037,"official_height_floors":5,"official_height_h_source_code":"0","official_height_h_extraction_code":"0","official_geometry_positive_evidence_only":true}},{"type":"Feature","id":"nlsc3d-1KATC573SS","geometry":{"type":"MultiPolygon","coordinates":[[[[120.20214471443778,23.028152221707547],[120.20219502962009,23.02815996690099],[120.20214471445233,23.028152221689812],[120.20216136822437,23.028061267474346],[120.20216136820254,23.028061267365207],[120.20221389683302,23.028069301455776],[120.20221389692033,23.028069301368465],[120.20216136819526,23.02806126734338],[120.20214471443778,23.028152221707547]]],[[[120.20216136822437,23.028061267474346],[120.20214471451054,23.02815222161023],[120.20219502956188,23.028159966778208],[120.20220858743578,23.028089521545713],[120.20221070459392,23.028090510617563],[120.20221070468124,23.02809051056663],[120.2022107046092,23.02809051053298],[120.20221070461155,23.028090510520006],[120.20221070468358,23.028090510553653],[120.20221070461155,23.028090510520002],[120.20221450121771,23.028069498365017],[120.20221389683302,23.028069301455776],[120.20216136822437,23.028061267474346]]],[[[120.20221450133413,23.028069498248602],[120.20221450130502,23.02806949827043],[120.20221070468358,23.028090510553653],[120.20221450133413,23.028069498248602]]]]},"properties":{"building_uid":"nlsc3d-1KATC573SS","source_id":"1KATC573SS","building_source":"NLSC-3D-geometry","source_version":"67fec239-0993-40d8-8f4c-45dfff595538","source_license":"Government-Open-Data-TW-1.0","geometry_quality":"source-footprint","height":16.25,"render_height":16.25,"height_quality":"reported","height_source":"NLSC 3D BUILD_H","height_known":true,"min_height":0,"official_height_provider":"NLSC-3D","official_height_building_id":"1KATC573SS","official_geometry_provider":"NLSC-I3S","official_geometry_node":104757,"official_geometry_resource":104757,"official_geometry_definition":0,"official_geometry_face_start":221,"official_geometry_face_end":253,"official_geometry_validation_m":0.275889008498857,"official_height_floors":5,"official_height_h_source_code":"0","official_height_h_extraction_code":"0","official_geometry_positive_evidence_only":true}},{"type":"Feature","id":"nlsc3d-1KA8G57469","geometry":{"type":"MultiPolygon","coordinates":[[[[120.20152202904681,23.02846672934351],[120.20162598487876,23.028483502259352],[120.20152202908137,23.028466729328958],[120.20153535609641,23.028391286750722],[120.20153535599091,23.02839128664886],[120.20155055049689,23.02839350967219],[120.20153535596545,23.028391286619755],[120.20152202904681,23.02846672934351]]],[[[120.20164041292809,23.028407254276264],[120.2015505504787,23.028393509657636],[120.20155055049689,23.02839350967219],[120.20164041292809,23.028407254276264]]],[[[120.2015505505551,23.02839350977405],[120.20153535609641,23.028391286750722],[120.20152202920507,23.028466729278026],[120.20162598484966,23.028483502237524],[120.20164127218958,23.028484425218213],[120.20164127208771,23.028484425138178],[120.20164527040104,23.02846351186412],[120.201652774198,23.028423387075183],[120.20164527029918,23.028463511820465],[120.20165277405248,23.028423387111562],[120.20163717805188,23.02842126606078],[120.20163981266158,23.028407757132246],[120.20164041292809,23.028407254276264],[120.20164041281167,23.028407254349023],[120.2015505505551,23.02839350977405]]],[[[120.20164127221868,23.02848442524004],[120.20164527043015,23.028463511878673],[120.20164127218958,23.028484425218213],[120.20164127221868,23.02848442524004]]]]},"properties":{"building_uid":"nlsc3d-1KA8G57469","source_id":"1KA8G57469","building_source":"NLSC-3D-geometry","source_version":"67fec239-0993-40d8-8f4c-45dfff595538","source_license":"Government-Open-Data-TW-1.0","geometry_quality":"source-footprint","height":16.12,"render_height":16.12,"height_quality":"reported","height_source":"NLSC 3D BUILD_H","height_known":true,"min_height":0,"official_height_provider":"NLSC-3D","official_height_building_id":"1KA8G57469","official_geometry_provider":"NLSC-I3S","official_geometry_node":104761,"official_geometry_resource":104761,"official_geometry_definition":0,"official_geometry_face_start":0,"official_geometry_face_end":47,"official_geometry_validation_m":0.23960125330670107,"official_height_floors":5,"official_height_h_source_code":"0","official_height_h_extraction_code":"0","official_geometry_positive_evidence_only":true}},{"type":"Feature","id":"nlsc3d-1KA22574BF","geometry":{"type":"MultiPolygon","coordinates":[[[[120.20144382326178,23.02848383630948],[120.20144382336001,23.02848383612758],[120.20137849516685,23.028470568320646],[120.20144382326178,23.02848383630948]]],[[[120.20137849517413,23.028470568524373],[120.20132537362586,23.02870186081231],[120.20139379873216,23.02869481959164],[120.20139379871033,23.028694819417016],[120.20144382326178,23.02848383630948],[120.20137849517413,23.028470568524373]]],[[[120.20137849516685,23.028470568320646],[120.20132537359676,23.028701860870516],[120.20132537362586,23.02870186081231],[120.20137849516685,23.028470568320646]]],[[[120.20139379873216,23.02869481959164],[120.20139379873943,23.028694819635295],[120.20144382339275,23.02848383607301],[120.20144382336001,23.02848383612758],[120.20139379873216,23.02869481959164]]]]},"properties":{"building_uid":"nlsc3d-1KA22574BF","source_id":"1KA22574BF","building_source":"NLSC-3D-geometry","source_version":"67fec239-0993-40d8-8f4c-45dfff595538","source_license":"Government-Open-Data-TW-1.0","geometry_quality":"source-footprint","height":13.86,"render_height":13.86,"height_quality":"reported","height_source":"NLSC 3D BUILD_H","height_known":true,"min_height":0,"official_height_provider":"NLSC-3D","official_height_building_id":"1KA22574BF","official_geometry_provider":"NLSC-I3S","official_geometry_node":104761,"official_geometry_resource":104761,"official_geometry_definition":0,"official_geometry_face_start":122,"official_geometry_face_end":139,"official_geometry_validation_m":0.19616067815745108,"official_height_floors":4,"official_height_h_source_code":"0","official_height_h_extraction_code":"0","official_geometry_positive_evidence_only":true}},{"type":"Feature","id":"nlsc3d-1KA7T5748C","geometry":{"type":"MultiPolygon","coordinates":[[[[120.20152168351704,23.028466705660268],[120.20152168350067,23.028466705645716],[120.20151563859689,23.028498525794877],[120.20152168351704,23.028466705660268]]],[[[120.20151563859689,23.028498525794877],[120.20151967961876,23.028499308214496],[120.20152016803138,23.028499402781048],[120.20151390310274,23.02852802506317],[120.20162042358787,23.028519493187506],[120.20162167429588,23.028509989953765],[120.20162042354421,23.0285194931775],[120.20162167425222,23.028509989950127],[120.20162573924243,23.028483378080583],[120.20152168351704,23.028466705660268],[120.2015156386169,23.028498525794877],[120.20151563859689,23.028498525794877]]]]},"properties":{"building_uid":"nlsc3d-1KA7T5748C","source_id":"1KA7T5748C","building_source":"NLSC-3D-geometry","source_version":"67fec239-0993-40d8-8f4c-45dfff595538","source_license":"Government-Open-Data-TW-1.0","geometry_quality":"source-footprint","height":3.2,"render_height":3.2,"height_quality":"reported","height_source":"NLSC 3D BUILD_H","height_known":true,"min_height":0,"official_height_provider":"NLSC-3D","official_height_building_id":"1KA7T5748C","official_geometry_provider":"NLSC-I3S","official_geometry_node":104761,"official_geometry_resource":104761,"official_geometry_definition":0,"official_geometry_face_start":191,"official_geometry_face_end":209,"official_geometry_validation_m":0.6108710570565032,"official_height_floors":1,"official_height_h_source_code":"0","official_height_h_extraction_code":"0","official_geometry_positive_evidence_only":true}},{"type":"Feature","id":"nlsc3d-1KB06573VT","geometry":{"type":"MultiPolygon","coordinates":[[[[120.2023029315478,23.02817764600792],[120.20230293153752,23.02817764606415],[120.20230766257308,23.02817862202054],[120.20230239042819,23.02820513988253],[120.20230239044274,23.02820513988617],[120.20230766258075,23.028178622022125],[120.20230766261982,23.028178622030183],[120.20230239048276,23.028205139894354],[120.20229003477665,23.028274879318946],[120.20228520911284,23.028274903504],[120.20228520904372,23.028274903634966],[120.20228520908898,23.02827490363474],[120.20228520887153,23.028274904826397],[120.20228141119757,23.028295715995128],[120.20228423033647,23.028296401637718],[120.20231934979108,23.028301723888088],[120.20231829420997,23.028310226204567],[120.20231829420634,23.02831022641557],[120.20231829421435,23.028310226416615],[120.20233308477634,23.028312151633955],[120.20235382859634,23.028198784017505],[120.2023538285254,23.02819878403797],[120.20237164914094,23.028101126234915],[120.20232063033806,23.028093384543254],[120.20232063033443,23.028093384310424],[120.20232063033806,23.02809338424494],[120.2023193901902,23.028087692292402],[120.20231939018838,23.028087692357886],[120.20230293149204,23.028177645982296],[120.20230293150296,23.028177645998667],[120.2023029315478,23.02817764600792]],[[120.20231829424019,23.0283102262085],[120.20233308475562,23.028312151422952],[120.20233308477634,23.028312151633955],[120.20231829424019,23.0283102262085]],[[120.20230293150544,23.02817764598506],[120.20231939018201,23.028087692597992],[120.20230293155029,23.02817764599431],[120.20230293150544,23.02817764598506]],[[120.20228423042015,23.028296401463095],[120.20231934982137,23.02830172364419],[120.20231934979648,23.02830172384456],[120.20228423042015,23.028296401463095]]],[[[120.20237164925736,23.028101125965705],[120.20232063033806,23.02809338424494],[120.20237164923189,23.028101126023913],[120.20235382859634,23.028198784017505],[120.20237164925736,23.028101125965705]]]]},"properties":{"building_uid":"nlsc3d-1KB06573VT","source_id":"1KB06573VT","building_source":"NLSC-3D-geometry","source_version":"67fec239-0993-40d8-8f4c-45dfff595538","source_license":"Government-Open-Data-TW-1.0","geometry_quality":"source-footprint","height":16.47,"render_height":16.47,"height_quality":"reported","height_source":"NLSC 3D BUILD_H","height_known":true,"min_height":0,"official_height_provider":"NLSC-3D","official_height_building_id":"1KB06573VT","official_geometry_provider":"NLSC-I3S","official_geometry_node":104758,"official_geometry_resource":104758,"official_geometry_definition":0,"official_geometry_face_start":0,"official_geometry_face_end":67,"official_geometry_validation_m":0.15674691865654816,"official_height_floors":5,"official_height_h_source_code":"0","official_height_h_extraction_code":"0","official_geometry_positive_evidence_only":true}},{"type":"Feature","id":"nlsc3d-1KAUF573XB","geometry":{"type":"MultiPolygon","coordinates":[[[[120.20218334055843,23.02825842048731],[120.20218152916156,23.028258129671386],[120.20217911572642,23.028258041799646],[120.20217911572352,23.028258041815683],[120.20217522148839,23.02827955443435],[120.20217522151749,23.028279554383417],[120.20217795310116,23.028282439809928],[120.2021779530866,23.02828243982448],[120.20221125437816,23.028286471428455],[120.2022112552069,23.028286471528787],[120.20221010203629,23.028295474324196],[120.2022101020759,23.028295474329514],[120.2022101020654,23.028295474411507],[120.20221010207995,23.02829547442606],[120.20222660353708,23.02829769096651],[120.20224520352592,23.02819583034018],[120.20222660352253,23.028297690944683],[120.20221010208154,23.028295474413675],[120.20221010209204,23.028295474331685],[120.20222660345705,23.028297690850096],[120.20224520339495,23.02819583048641],[120.20219679911195,23.028188175696314],[120.20218334055843,23.02825842048731]],[[120.20217795314481,23.02828243975172],[120.20221125521736,23.028286471447146],[120.20221125520862,23.028286471515326],[120.20217795310116,23.028282439809928],[120.20217795314481,23.02828243975172]]],[[[120.20217911572642,23.028258041799646],[120.20217911568277,23.028258041814198],[120.20217522148839,23.02827955443435],[120.20217911572642,23.028258041799646]]],[[[120.20224520352592,23.02819583034018],[120.20219679911195,23.02818817553033],[120.20224520348954,23.02819583037042],[120.20224520352592,23.02819583034018]]]]},"properties":{"building_uid":"nlsc3d-1KAUF573XB","source_id":"1KAUF573XB","building_source":"NLSC-3D-geometry","source_version":"67fec239-0993-40d8-8f4c-45dfff595538","source_license":"Government-Open-Data-TW-1.0","geometry_quality":"source-footprint","height":16.49,"render_height":16.49,"height_quality":"reported","height_source":"NLSC 3D BUILD_H","height_known":true,"min_height":0,"official_height_provider":"NLSC-3D","official_height_building_id":"1KAUF573XB","official_geometry_provider":"NLSC-I3S","official_geometry_node":104758,"official_geometry_resource":104758,"official_geometry_definition":0,"official_geometry_face_start":68,"official_geometry_face_end":115,"official_geometry_validation_m":0.19646088709600132,"official_height_floors":5,"official_height_h_source_code":"0","official_height_h_extraction_code":"0","official_geometry_positive_evidence_only":true}},{"type":"Feature","id":"nlsc3d-1KAV5573T3","geometry":{"type":"Polygon","coordinates":[[[120.20221033601051,23.028090793411177],[120.2022103363928,23.028090793606175],[120.20221295758772,23.028092079818535],[120.2022147691956,23.028092470524687],[120.20221476961403,23.028092470682978],[120.20220240867154,23.02816131043882],[120.20220240864244,23.028161310518854],[120.20225081185588,23.028168765426827],[120.20226736746069,23.028078211428593],[120.20226736743886,23.02807821145042],[120.20225081176856,23.028168765304954],[120.20226736734428,23.028078211530456],[120.20221634735451,23.028070269844548],[120.20221634736178,23.02807026994641],[120.20221413261122,23.028069781103923],[120.20221033601051,23.028090793411177]]]},"properties":{"building_uid":"nlsc3d-1KAV5573T3","source_id":"1KAV5573T3","building_source":"NLSC-3D-geometry","source_version":"67fec239-0993-40d8-8f4c-45dfff595538","source_license":"Government-Open-Data-TW-1.0","geometry_quality":"source-footprint","height":16.39,"render_height":16.39,"height_quality":"reported","height_source":"NLSC 3D BUILD_H","height_known":true,"min_height":0,"official_height_provider":"NLSC-3D","official_height_building_id":"1KAV5573T3","official_geometry_provider":"NLSC-I3S","official_geometry_node":104758,"official_geometry_resource":104758,"official_geometry_definition":0,"official_geometry_face_start":116,"official_geometry_face_end":153,"official_geometry_validation_m":0.24141607135427665,"official_height_floors":5,"official_height_h_source_code":"0","official_height_h_extraction_code":"0","official_geometry_positive_evidence_only":true}},{"type":"Feature","id":"nlsc3d-1KAWS573TD","geometry":{"type":"MultiPolygon","coordinates":[[[[120.20225049671232,23.028169046251506],[120.20225079825711,23.02816904482178],[120.20225079831532,23.028169044743564],[120.20230161667375,23.02817688749282],[120.20230161662646,23.02817688740187],[120.20230363028229,23.0281773771393],[120.2023200889186,23.02808742369315],[120.20231988379207,23.028086724844698],[120.20231988370021,23.02808672494656],[120.20226705231714,23.028078492513387],[120.20225049671232,23.028169046251506]]],[[[120.20226705230259,23.028078492396972],[120.20226705229531,23.028078492360592],[120.20225049663956,23.02816904634973],[120.20226705230259,23.028078492396972]]],[[[120.20226705230259,23.028078492396972],[120.20225049664684,23.02816904633336],[120.20226705231714,23.028078492513387],[120.20226705230259,23.028078492396972]]],[[[120.20225079825711,23.02816904482178],[120.20225079824256,23.02816904483815],[120.20230161668103,23.028176887512828],[120.20230363035323,23.028177377259354],[120.20230363034231,23.028177377237526],[120.20230161667375,23.02817688749282],[120.20225079825711,23.02816904482178]]],[[[120.20232008900318,23.028087423591288],[120.2023198838139,23.02808672482287],[120.20226705229531,23.028078492360592],[120.20231988379207,23.028086724844698],[120.20232008900318,23.028087423591288]]]]},"properties":{"building_uid":"nlsc3d-1KAWS573TD","source_id":"1KAWS573TD","building_source":"NLSC-3D-geometry","source_version":"67fec239-0993-40d8-8f4c-45dfff595538","source_license":"Government-Open-Data-TW-1.0","geometry_quality":"source-footprint","height":17.11,"render_height":17.11,"height_quality":"reported","height_source":"NLSC 3D BUILD_H","height_known":true,"min_height":0,"official_height_provider":"NLSC-3D","official_height_building_id":"1KAWS573TD","official_geometry_provider":"NLSC-I3S","official_geometry_node":104758,"official_geometry_resource":104758,"official_geometry_definition":0,"official_geometry_face_start":154,"official_geometry_face_end":186,"official_geometry_validation_m":0.1804192930883135,"official_height_floors":5,"official_height_h_source_code":"0","official_height_h_extraction_code":"0","official_geometry_positive_evidence_only":true}},{"type":"Feature","id":"nlsc3d-1KB24573U9","geometry":{"type":"MultiPolygon","coordinates":[[[[120.20235379197099,23.0281991104181],[120.2023716126411,23.02810145242337],[120.20235379195826,23.02819911043811],[120.20235379197099,23.0281991104181]]],[[[120.20240692506438,23.02820734137812],[120.20242513664077,23.02810778203356],[120.2024251365389,23.02810778213542],[120.20242424183456,23.02810948596971],[120.20242424177802,23.028109486077383],[120.2023716126411,23.02810145253251],[120.20235379197099,23.0281991104181],[120.20240692506438,23.02820734137812]],[[120.2024069249989,23.028207341284443],[120.20242513651304,23.028107782276784],[120.20242513664077,23.02810778203356],[120.2024069249989,23.028207341284443]]],[[[120.20242424183456,23.02810948596971],[120.20237161263746,23.028101452394267],[120.2023716126411,23.02810145242337],[120.20242424183456,23.02810948596971]]],[[[120.20240692506438,23.02820734137812],[120.20240692508621,23.028207341401767],[120.2024251366626,23.028107782004454],[120.20240692506438,23.02820734137812]]]]},"properties":{"building_uid":"nlsc3d-1KB24573U9","source_id":"1KB24573U9","building_source":"NLSC-3D-geometry","source_version":"67fec239-0993-40d8-8f4c-45dfff595538","source_license":"Government-Open-Data-TW-1.0","geometry_quality":"source-footprint","height":16.1,"render_height":16.1,"height_quality":"reported","height_source":"NLSC 3D BUILD_H","height_known":true,"min_height":0,"official_height_provider":"NLSC-3D","official_height_building_id":"1KB24573U9","official_geometry_provider":"NLSC-I3S","official_geometry_node":104758,"official_geometry_resource":104758,"official_geometry_definition":0,"official_geometry_face_start":187,"official_geometry_face_end":209,"official_geometry_validation_m":0.2020410306851326,"official_height_floors":5,"official_height_h_source_code":"0","official_height_h_extraction_code":"0","official_geometry_positive_evidence_only":true}},{"type":"Feature","id":"nlsc3d-1KAW1573XJ","geometry":{"type":"MultiPolygon","coordinates":[[[[120.20224081184521,23.028299947983115],[120.20224206317339,23.028290544835777],[120.20228009404916,23.02829515265411],[120.20224206317636,23.02829054481343],[120.20224206318623,23.02829054473922],[120.20228009398367,23.028295152552246],[120.20228140271745,23.028295445882478],[120.20228520000919,23.028274533660426],[120.20228520002517,23.028274533659797],[120.20228520001062,23.02827453365252],[120.20228519994514,23.028274533608865],[120.20228228501462,23.028274648176094],[120.20229483696919,23.028204108022592],[120.2022449228704,23.02819616076205],[120.20222632226312,23.02829792137426],[120.20224081181611,23.028299948092254],[120.20224081181611,23.028299948070426],[120.20224081184521,23.028299947983115]],[[120.20222632231405,23.028297921294225],[120.20224081182805,23.028299947980713],[120.20224081181611,23.028299948070426],[120.20222632231405,23.028297921294225]]],[[[120.2022449228704,23.02819616073306],[120.20222632224856,23.028297921403365],[120.2022449228704,23.02819616076205],[120.2022449228704,23.02819616073306]]],[[[120.20229483705286,23.02820410792164],[120.20229483707469,23.02820410789799],[120.2022449228704,23.02819616073306],[120.20229483705286,23.02820410792164]]]]},"properties":{"building_uid":"nlsc3d-1KAW1573XJ","source_id":"1KAW1573XJ","building_source":"NLSC-3D-geometry","source_version":"67fec239-0993-40d8-8f4c-45dfff595538","source_license":"Government-Open-Data-TW-1.0","geometry_quality":"source-footprint","height":16.02,"render_height":16.02,"height_quality":"reported","height_source":"NLSC 3D BUILD_H","height_known":true,"min_height":0,"official_height_provider":"NLSC-3D","official_height_building_id":"1KAW1573XJ","official_geometry_provider":"NLSC-I3S","official_geometry_node":104758,"official_geometry_resource":104758,"official_geometry_definition":0,"official_geometry_face_start":210,"official_geometry_face_end":252,"official_geometry_validation_m":0.1431136210171232,"official_height_floors":5,"official_height_h_source_code":"0","official_height_h_extraction_code":"0","official_geometry_positive_evidence_only":true}},{"type":"Feature","id":"nlsc3d-1KB405740D","geometry":{"type":"MultiPolygon","coordinates":[[[[120.20242964962624,23.02829245214606],[120.2024058983831,23.028288372516627],[120.20241193103236,23.028220464076085],[120.2024119310178,23.028220464045162],[120.20240589836128,23.028288372523903],[120.20242964962624,23.02829245214606]]],[[[120.20240589841221,23.028288372502075],[120.20242964964079,23.028292452124234],[120.20242964963352,23.02829245213151],[120.20242545497119,23.028331160728058],[120.20242545497119,23.028331160771714],[120.20242545497587,23.028331160728587],[120.20247113008615,23.028336330106768],[120.20247113005705,23.02833633004856],[120.20248517476527,23.028229194137467],[120.20241193106146,23.028220464134293],[120.2024058983831,23.028288372516627],[120.20240589841221,23.028288372502075]]],[[[120.20248517476527,23.028229194137467],[120.20248517480893,23.028229194086535],[120.20241193103236,23.028220464076085],[120.20248517476527,23.028229194137467]]],[[[120.20247113008615,23.028336330106768],[120.20247113011526,23.02833633012132],[120.20248517482348,23.02822919406107],[120.20247113008615,23.028336330106768]]]]},"properties":{"building_uid":"nlsc3d-1KB405740D","source_id":"1KB405740D","building_source":"NLSC-3D-geometry","source_version":"67fec239-0993-40d8-8f4c-45dfff595538","source_license":"Government-Open-Data-TW-1.0","geometry_quality":"source-footprint","height":9.63,"render_height":9.63,"height_quality":"reported","height_source":"NLSC 3D BUILD_H","height_known":true,"min_height":0,"official_height_provider":"NLSC-3D","official_height_building_id":"1KB405740D","official_geometry_provider":"NLSC-I3S","official_geometry_node":104758,"official_geometry_resource":104758,"official_geometry_definition":0,"official_geometry_face_start":253,"official_geometry_face_end":280,"official_geometry_validation_m":0.5286422398767148,"official_height_floors":3,"official_height_h_source_code":"0","official_height_h_extraction_code":"0","official_geometry_positive_evidence_only":true}},{"type":"Feature","id":"nlsc3d-1KB4A573U5","geometry":{"type":"MultiPolygon","coordinates":[[[[120.20243953459673,23.028079246666394],[120.20242482566634,23.02810811111057],[120.20242482567362,23.028108111139673],[120.20243953460401,23.02807924674643],[120.20243953459673,23.028079246666394]]],[[[120.20240613974845,23.028212471309317],[120.20240661406812,23.028207670413295],[120.20240613978483,23.02821247124747],[120.20242182687313,23.028212992438867],[120.2024871170676,23.028219862991037],[120.20250442387866,23.028086319064542],[120.20250331739469,23.02808622464444],[120.20250442384956,23.028086319108198],[120.2024871170094,23.028219862923734],[120.2025044237768,23.028086319180957],[120.20250331729282,23.028086224760855],[120.20243953460401,23.02807924674643],[120.20242482568817,23.02810811119788],[120.20240661403902,23.02820767047423],[120.20240613974845,23.028212471309317]]],[[[120.20240661403902,23.02820767047423],[120.20240661401719,23.028207670500606],[120.2024061397339,23.028212471334783],[120.20240661403902,23.02820767047423]]],[[[120.2024218268513,23.028212992531635],[120.20248711708216,23.028219863027417],[120.20242182685858,23.02821299250435],[120.2024218268513,23.028212992531635]]],[[[120.20250331729282,23.028086224760855],[120.20250331736558,23.028086224688096],[120.20243953459673,23.028079246666394],[120.20250331729282,23.028086224760855]]],[[[120.2025044237768,23.028086319180957],[120.20250442384956,23.028086319108198],[120.20250331736558,23.028086224688096],[120.2025044237768,23.028086319180957]]]]},"properties":{"building_uid":"nlsc3d-1KB4A573U5","source_id":"1KB4A573U5","building_source":"NLSC-3D-geometry","source_version":"67fec239-0993-40d8-8f4c-45dfff595538","source_license":"Government-Open-Data-TW-1.0","geometry_quality":"source-footprint","height":10.51,"render_height":10.51,"height_quality":"reported","height_source":"NLSC 3D BUILD_H","height_known":true,"min_height":0,"official_height_provider":"NLSC-3D","official_height_building_id":"1KB4A573U5","official_geometry_provider":"NLSC-I3S","official_geometry_node":104758,"official_geometry_resource":104758,"official_geometry_definition":0,"official_geometry_face_start":281,"official_geometry_face_end":318,"official_geometry_validation_m":0.14516552488598158,"official_height_floors":3,"official_height_h_source_code":"0","official_height_h_extraction_code":"0","official_geometry_positive_evidence_only":true}},{"type":"Feature","id":"nlsc3d-1KB1J573XS","geometry":{"type":"MultiPolygon","coordinates":[[[[120.2024064313761,23.028207285034924],[120.20235319774353,23.028199054578764],[120.2024064312888,23.028207285135878],[120.2024064313761,23.028207285034924]]],[[[120.2023531977599,23.028199054697225],[120.20233255449482,23.028312421571982],[120.20234633908665,23.028314251868224],[120.2023474975919,23.02830614868516],[120.20237406322728,23.028310114307615],[120.20237406323456,23.028310114329443],[120.20237720879838,23.02829800244298],[120.20239631826796,23.02829920624289],[120.20240454901572,23.02821199306158],[120.20240595699822,23.02821208596005],[120.20240595709281,23.02821208586728],[120.20240595712191,23.028212085841815],[120.20240643140521,23.02820728500582],[120.2023531977399,23.028199054548068],[120.2024064313761,23.028207285034924],[120.2024059570955,23.028212085840075],[120.2024064312888,23.028207285135878],[120.2023531977599,23.028199054697225]],[[120.20239631824613,23.028299206221064],[120.20237720878747,23.028298002421153],[120.20237720875836,23.028298002341117],[120.20239631817337,23.02829920614103],[120.2024045489966,23.028211993060317],[120.20240454901572,23.02821199306158],[120.20239631824613,23.028299206221064]]]]},"properties":{"building_uid":"nlsc3d-1KB1J573XS","source_id":"1KB1J573XS","building_source":"NLSC-3D-geometry","source_version":"67fec239-0993-40d8-8f4c-45dfff595538","source_license":"Government-Open-Data-TW-1.0","geometry_quality":"source-footprint","height":16.11,"render_height":16.11,"height_quality":"reported","height_source":"NLSC 3D BUILD_H","height_known":true,"min_height":0,"official_height_provider":"NLSC-3D","official_height_building_id":"1KB1J573XS","official_geometry_provider":"NLSC-I3S","official_geometry_node":104758,"official_geometry_resource":104758,"official_geometry_definition":0,"official_geometry_face_start":319,"official_geometry_face_end":366,"official_geometry_validation_m":0.10773552009416464,"official_height_floors":5,"official_height_h_source_code":"0","official_height_h_extraction_code":"0","official_geometry_positive_evidence_only":true}},{"type":"Feature","id":"nlsc3d-1KB6N5740N","geometry":{"type":"MultiPolygon","coordinates":[[[[120.20247065880075,23.028336846618085],[120.20248460310076,23.02822971118084],[120.20247065885896,23.028336846581706],[120.20253736005078,23.028344309829745],[120.20254343178648,23.02829999365994],[120.20259393965979,23.028306338440498],[120.20259393972528,23.02830633845505],[120.20254343180831,23.028299993667215],[120.20259393975984,23.028306338462325],[120.20260613944801,23.028244197225913],[120.20260613940981,23.02824419725138],[120.2024846030571,23.028229711119902],[120.20247065880075,23.028336846618085]]],[[[120.2024846030571,23.028229711119902],[120.20248460304255,23.02822971108534],[120.2024706587862,23.028336846639913],[120.2024846030571,23.028229711119902]]],[[[120.20253736006534,23.0283443098734],[120.20254343180831,23.028299993667215],[120.20253736005078,23.028344309829745],[120.20253736006534,23.0283443098734]]],[[[120.20247065885896,23.028336846581706],[120.20247065880075,23.028336846618085],[120.20253736006534,23.0283443098734],[120.20247065885896,23.028336846581706]]]]},"properties":{"building_uid":"nlsc3d-1KB6N5740N","source_id":"1KB6N5740N","building_source":"NLSC-3D-geometry","source_version":"67fec239-0993-40d8-8f4c-45dfff595538","source_license":"Government-Open-Data-TW-1.0","geometry_quality":"source-footprint","height":9.74,"render_height":9.74,"height_quality":"reported","height_source":"NLSC 3D BUILD_H","height_known":true,"min_height":0,"official_height_provider":"NLSC-3D","official_height_building_id":"1KB6N5740N","official_geometry_provider":"NLSC-I3S","official_geometry_node":104749,"official_geometry_resource":104749,"official_geometry_definition":0,"official_geometry_face_start":112,"official_geometry_face_end":139,"official_geometry_validation_m":1.0916191336189698,"official_height_floors":3,"official_height_h_source_code":"0","official_height_h_extraction_code":"0","official_geometry_positive_evidence_only":true}},{"type":"Feature","id":"nlsc3d-1KB9V5741U","geometry":{"type":"MultiPolygon","coordinates":[[[[120.20260684739073,23.028272670496417],[120.2025952786761,23.028356501598946],[120.20259527869065,23.028356501584394],[120.20260684739982,23.028272670521883],[120.2026659812499,23.028275573225155],[120.20266598127172,23.028275573203327],[120.20265443621874,23.028363402873847],[120.20265443624056,23.02836340290295],[120.20266598129719,23.0282755731815],[120.20260684739073,23.028272670496417]]],[[[120.20265443620418,23.028363402844743],[120.2026659812499,23.028275573225155],[120.2026068474071,23.02827267054735],[120.20259527869065,23.028356501584394],[120.2025952787043,23.028356501569842],[120.20265443620418,23.028363402844743]]]]},"properties":{"building_uid":"nlsc3d-1KB9V5741U","source_id":"1KB9V5741U","building_source":"NLSC-3D-geometry","source_version":"67fec239-0993-40d8-8f4c-45dfff595538","source_license":"Government-Open-Data-TW-1.0","geometry_quality":"source-footprint","height":6.65,"render_height":6.65,"height_quality":"reported","height_source":"NLSC 3D BUILD_H","height_known":true,"min_height":0,"official_height_provider":"NLSC-3D","official_height_building_id":"1KB9V5741U","official_geometry_provider":"NLSC-I3S","official_geometry_node":104749,"official_geometry_resource":104749,"official_geometry_definition":0,"official_geometry_face_start":140,"official_geometry_face_end":157,"official_geometry_validation_m":0.18502383929280547,"official_height_floors":2,"official_height_h_source_code":"0","official_height_h_extraction_code":"0","official_geometry_positive_evidence_only":true}},{"type":"Feature","id":"nlsc3d-1KBC05741C","geometry":{"type":"MultiPolygon","coordinates":[[[[120.20266658384834,23.028241037679518],[120.20266658383743,23.0282410376395],[120.20266568431079,23.0282759309658],[120.20266658384834,23.028241037679518]]],[[[120.20266568431079,23.0282759309658],[120.20265423974969,23.028363760181573],[120.20265423976424,23.028363760137918],[120.20266568433625,23.028275930998543],[120.20265423978607,23.028363760123366],[120.20269206835918,23.028368169106297],[120.20269362016815,23.02835856442024],[120.20270750116732,23.028359694492874],[120.20272744272633,23.028348598148195],[120.20273531411921,23.02828557891834],[120.2027274427045,23.02834859811909],[120.2027353140901,23.028285578940167],[120.20274143318501,23.028249259949998],[120.20266658385562,23.02824103771226],[120.20266568432534,23.028275930980353],[120.20266568431079,23.0282759309658]]],[[[120.20269362016815,23.028358564449345],[120.20270750118915,23.02835969455108],[120.20272744274816,23.028348598162747],[120.20270750118188,23.028359694521978],[120.20269362016815,23.028358564449345]]],[[[120.20269206835918,23.028368169106297],[120.20269206835918,23.028368169149953],[120.20269362016815,23.028358564449345],[120.20269206835918,23.028368169106297]]],[[[120.20265423976424,23.028363760137918],[120.20269206835918,23.028368169149953],[120.20265423978607,23.028363760123366],[120.20265423976424,23.028363760137918]]],[[[120.2027353140901,23.028285578940167],[120.20273531411921,23.02828557891834],[120.20274143324322,23.028249259886334],[120.20266658383743,23.0282410376395],[120.20274143321411,23.02824925991362],[120.2027353140901,23.028285578940167]]],[[[120.20272744274816,23.028348598162747],[120.20273531414831,23.028285578911063],[120.20272744272633,23.028348598148195],[120.20272744274816,23.028348598162747]]]]},"properties":{"building_uid":"nlsc3d-1KBC05741C","source_id":"1KBC05741C","building_source":"NLSC-3D-geometry","source_version":"67fec239-0993-40d8-8f4c-45dfff595538","source_license":"Government-Open-Data-TW-1.0","geometry_quality":"source-footprint","height":6.82,"render_height":6.82,"height_quality":"reported","height_source":"NLSC 3D BUILD_H","height_known":true,"min_height":0,"official_height_provider":"NLSC-3D","official_height_building_id":"1KBC05741C","official_geometry_provider":"NLSC-I3S","official_geometry_node":104749,"official_geometry_resource":104749,"official_geometry_definition":0,"official_geometry_face_start":158,"official_geometry_face_end":200,"official_geometry_validation_m":0.3746608482043121,"official_height_floors":2,"official_height_h_source_code":"0","official_height_h_extraction_code":"0","official_geometry_positive_evidence_only":true}},{"type":"Feature","id":"nlsc3d-1KB6J573UB","geometry":{"type":"MultiPolygon","coordinates":[[[[120.20250400730846,23.028086782752407],[120.20250400730846,23.028086782825167],[120.20248669988622,23.02822022665097],[120.20254987707348,23.02822680784865],[120.20248669991533,23.028220226592875],[120.20254987702982,23.028226807772707],[120.20256748840156,23.028093762360268],[120.20250400730846,23.028086782752407]]],[[[120.20248669988622,23.02822022665097],[120.20248669987167,23.02822022668178],[120.20254987709531,23.02822680787821],[120.20248669988622,23.02822022665097]]]]},"properties":{"building_uid":"nlsc3d-1KB6J573UB","source_id":"1KB6J573UB","building_source":"NLSC-3D-geometry","source_version":"67fec239-0993-40d8-8f4c-45dfff595538","source_license":"Government-Open-Data-TW-1.0","geometry_quality":"source-footprint","height":10.23,"render_height":10.23,"height_quality":"reported","height_source":"NLSC 3D BUILD_H","height_known":true,"min_height":0,"official_height_provider":"NLSC-3D","official_height_building_id":"1KB6J573UB","official_geometry_provider":"NLSC-I3S","official_geometry_node":104749,"official_geometry_resource":104749,"official_geometry_definition":0,"official_geometry_face_start":33,"official_geometry_face_end":50,"official_geometry_validation_m":0.191857613186003,"official_height_floors":3,"official_height_h_source_code":"0","official_height_h_extraction_code":"0","official_geometry_positive_evidence_only":true}},{"type":"Feature","id":"nlsc3d-1KBLQ5742F","geometry":{"type":"MultiPolygon","coordinates":[[[[120.20294571502275,23.02826446882193],[120.20295004041948,23.028264847028026],[120.20294571501547,23.028264468781913],[120.20294571502275,23.02826446882193]]],[[[120.20294571502275,23.02826446882193],[120.20292812328155,23.02840091315477],[120.20292812328883,23.028400913125665],[120.20294571504094,23.02826446890424],[120.20292812332521,23.028400913067458],[120.20299230636631,23.028407589355197],[120.20301020205336,23.02827154354452],[120.2029500404304,23.028264847110336],[120.20294571502275,23.02826446882193]]],[[[120.20301020210066,23.02827154347119],[120.20295004041584,23.028264846988918],[120.20295004041948,23.028264847028026],[120.20301020210066,23.02827154347119]]],[[[120.20292812332521,23.028400913067458],[120.20292812328883,23.028400913125665],[120.20299230639905,23.028407589427957],[120.20292812332521,23.028400913067458]]]]},"properties":{"building_uid":"nlsc3d-1KBLQ5742F","source_id":"1KBLQ5742F","building_source":"NLSC-3D-geometry","source_version":"67fec239-0993-40d8-8f4c-45dfff595538","source_license":"Government-Open-Data-TW-1.0","geometry_quality":"source-footprint","height":9.98,"render_height":9.98,"height_quality":"reported","height_source":"NLSC 3D BUILD_H","height_known":true,"min_height":0,"official_height_provider":"NLSC-3D","official_height_building_id":"1KBLQ5742F","official_geometry_provider":"NLSC-I3S","official_geometry_node":104750,"official_geometry_resource":104750,"official_geometry_definition":0,"official_geometry_face_start":79,"official_geometry_face_end":101,"official_geometry_validation_m":0.19380652454691677,"official_height_floors":3,"official_height_h_source_code":"0","official_height_h_extraction_code":"0","official_geometry_positive_evidence_only":true}},{"type":"Feature","id":"nlsc3d-1KBNQ5742U","geometry":{"type":"MultiPolygon","coordinates":[[[[120.20300866941928,23.02828009520283],[120.20307194947857,23.028287075995763],[120.20307194950767,23.02828707596484],[120.20300866941928,23.02828009520283]]],[[[120.20299193159356,23.028407938077294],[120.20299193160356,23.02840793804819],[120.203008669422,23.02828009523921],[120.20300866941928,23.02828009520283],[120.20299193159356,23.028407938077294]]],[[[120.20305520924997,23.028414518875366],[120.20307194941309,23.028287076066704],[120.20300866941928,23.028280095319246],[120.20299193162539,23.028407937989982],[120.20305520924997,23.028414518875366]]],[[[120.20305520924997,23.028414518875366],[120.20305520929726,23.028414518948125],[120.20307194947857,23.028287075995763],[120.20305520924997,23.028414518875366]]],[[[120.20305520931545,23.028414518962677],[120.20305520929726,23.028414518948125],[120.20299193162539,23.028407937989982],[120.20299193160356,23.02840793804819],[120.20305520931545,23.028414518962677]]]]},"properties":{"building_uid":"nlsc3d-1KBNQ5742U","source_id":"1KBNQ5742U","building_source":"NLSC-3D-geometry","source_version":"67fec239-0993-40d8-8f4c-45dfff595538","source_license":"Government-Open-Data-TW-1.0","geometry_quality":"source-footprint","height":10.2,"render_height":10.2,"height_quality":"reported","height_source":"NLSC 3D BUILD_H","height_known":true,"min_height":0,"official_height_provider":"NLSC-3D","official_height_building_id":"1KBNQ5742U","official_geometry_provider":"NLSC-I3S","official_geometry_node":104750,"official_geometry_resource":104750,"official_geometry_definition":0,"official_geometry_face_start":120,"official_geometry_face_end":137,"official_geometry_validation_m":0.18578451065648088,"official_height_floors":3,"official_height_h_source_code":"0","official_height_h_extraction_code":"0","official_geometry_positive_evidence_only":true}},{"type":"Feature","id":"nlsc3d-1KBQR57433","geometry":{"type":"MultiPolygon","coordinates":[[[[120.20307162047432,23.02828744539795],[120.20313490051088,23.028294426182697],[120.20307162046704,23.02828744536157],[120.20307162047432,23.02828744539795]]],[[[120.20307162047432,23.02828744539795],[120.20305487962726,23.02841478834773],[120.20307162048887,23.02828744547071],[120.20307162047432,23.02828744539795]]],[[[120.20307162048887,23.02828744547071],[120.20305487966,23.028414788289524],[120.20305729428476,23.028415076097303],[120.2031182572235,23.02842126873759],[120.20311825725987,23.028421268810348],[120.20313490051088,23.028294426182697],[120.20313490046722,23.02829442625182],[120.20307162048887,23.02828744547071]]],[[[120.20311825725987,23.028421268810348],[120.2030572942593,23.02841507615551],[120.20311825727443,23.028421268839452],[120.20311825725987,23.028421268810348]]]]},"properties":{"building_uid":"nlsc3d-1KBQR57433","source_id":"1KBQR57433","building_source":"NLSC-3D-geometry","source_version":"67fec239-0993-40d8-8f4c-45dfff595538","source_license":"Government-Open-Data-TW-1.0","geometry_quality":"source-footprint","height":10.22,"render_height":10.22,"height_quality":"reported","height_source":"NLSC 3D BUILD_H","height_known":true,"min_height":0,"official_height_provider":"NLSC-3D","official_height_building_id":"1KBQR57433","official_geometry_provider":"NLSC-I3S","official_geometry_node":104750,"official_geometry_resource":104750,"official_geometry_definition":0,"official_geometry_face_start":138,"official_geometry_face_end":160,"official_geometry_validation_m":0.18532827973315927,"official_height_floors":3,"official_height_h_source_code":"0","official_height_h_extraction_code":"0","official_geometry_positive_evidence_only":true}},{"type":"Feature","id":"nlsc3d-1KD4757447","geometry":{"type":"MultiPolygon","coordinates":[[[[120.20456115869993,23.028384923880736],[120.20434576433573,23.028361008692087],[120.20434576439393,23.028361008710277],[120.20456115863445,23.02838492389165],[120.20456115869993,23.028384923880736]]],[[[120.20433977663734,23.02840262528153],[120.20434576453945,23.028361008772123],[120.20433977679741,23.028402625276073],[120.2045557750952,23.0284267373344],[120.20456115845255,23.028384923917116],[120.20434576439393,23.028361008710277],[120.20433977663734,23.02840262528153]]],[[[120.2045557752771,23.028426737376236],[120.20433977679741,23.028402625276073],[120.20433977663734,23.02840262528153],[120.20433977658641,23.02840262527789],[120.20455577533531,23.02842673738624],[120.20456115869993,23.028384923880736],[120.2045557752771,23.028426737376236]]]]},"properties":{"building_uid":"nlsc3d-1KD4757447","source_id":"1KD4757447","building_source":"NLSC-3D-geometry","source_version":"67fec239-0993-40d8-8f4c-45dfff595538","source_license":"Government-Open-Data-TW-1.0","geometry_quality":"source-footprint","height":13.3,"render_height":13.3,"height_quality":"reported","height_source":"NLSC 3D BUILD_H","height_known":true,"min_height":0,"official_height_provider":"NLSC-3D","official_height_building_id":"1KD4757447","official_geometry_provider":"NLSC-I3S","official_geometry_node":104716,"official_geometry_resource":104716,"official_geometry_definition":0,"official_geometry_face_start":0,"official_geometry_face_end":17,"official_geometry_validation_m":0.1645184853227417,"official_height_floors":4,"official_height_h_source_code":"0","official_height_h_extraction_code":"0","official_geometry_positive_evidence_only":true}},{"type":"Feature","id":"nlsc3d-1KD3G5745T","geometry":{"type":"MultiPolygon","coordinates":[[[[120.20433953121201,23.02840266489548],[120.20433953125567,23.028402664920947],[120.2045555293279,23.028426677064004],[120.20455552940066,23.02842667705127],[120.20433953121201,23.02840266489548]]],[[[120.20433953125567,23.028402664920947],[120.20432910178161,23.028475293737216],[120.2043395314594,23.028402665008258],[120.20432910198534,23.028475293682646],[120.20449090807043,23.028464987903504],[120.20449801542227,23.02845975404162],[120.20449090796129,23.028464987870763],[120.20449801530222,23.028459754019792],[120.2045520705341,23.02845388561437],[120.2045555293279,23.028426677064004],[120.20455552910963,23.028426677104477],[120.20433953125567,23.028402664920947]]],[[[120.20432910178161,23.028475293737216],[120.2043291017234,23.028475293751768],[120.20449090809589,23.02846498791078],[120.20432910178161,23.028475293737216]]],[[[120.20449801542227,23.02845975404162],[120.20449801545502,23.028459754048896],[120.20455207059231,23.028453885618006],[120.20455552940066,23.02842667705127],[120.2045520705341,23.02845388561437],[120.20449801542227,23.02845975404162]]]]},"properties":{"building_uid":"nlsc3d-1KD3G5745T","source_id":"1KD3G5745T","building_source":"NLSC-3D-geometry","source_version":"67fec239-0993-40d8-8f4c-45dfff595538","source_license":"Government-Open-Data-TW-1.0","geometry_quality":"source-footprint","height":15.84,"render_height":15.84,"height_quality":"reported","height_source":"NLSC 3D BUILD_H","height_known":true,"min_height":0,"official_height_provider":"NLSC-3D","official_height_building_id":"1KD3G5745T","official_geometry_provider":"NLSC-I3S","official_geometry_node":104716,"official_geometry_resource":104716,"official_geometry_definition":0,"official_geometry_face_start":18,"official_geometry_face_end":45,"official_geometry_validation_m":1.653780300499043,"official_height_floors":5,"official_height_h_source_code":"0","official_height_h_extraction_code":"0","official_geometry_positive_evidence_only":true}},{"type":"Feature","id":"nlsc3d-1KD6L573F5","geometry":{"type":"MultiPolygon","coordinates":[[[[120.2044311926708,23.027777079596774],[120.20443119288907,23.027777079625878],[120.20442888268522,23.027794485550032],[120.20462546587228,23.02781669549796],[120.20462546593049,23.027816695527065],[120.20463085818633,23.027776381483193],[120.20445814900006,23.02775686887581],[120.20443427471187,23.027754171564368],[120.20443427472789,23.027754171571107],[120.20443427491924,23.02775417165168],[120.2044311926708,23.027777079596774]],[[120.20444876057064,23.027755808177837],[120.20444876405358,23.02775580857134],[120.20463085783709,23.0277763815414],[120.20444876057064,23.027755808177837]]],[[[120.2044311926708,23.027777079596774],[120.20442888241601,23.027794485550032],[120.20442888245967,23.027794485550032],[120.2044311926708,23.027777079596774]]]]},"properties":{"building_uid":"nlsc3d-1KD6L573F5","source_id":"1KD6L573F5","building_source":"NLSC-3D-geometry","source_version":"67fec239-0993-40d8-8f4c-45dfff595538","source_license":"Government-Open-Data-TW-1.0","geometry_quality":"source-footprint","height":19.81,"render_height":19.81,"height_quality":"reported","height_source":"NLSC 3D BUILD_H","height_known":true,"min_height":0,"official_height_provider":"NLSC-3D","official_height_building_id":"1KD6L573F5","official_geometry_provider":"NLSC-I3S","official_geometry_node":104718,"official_geometry_resource":104718,"official_geometry_definition":0,"official_geometry_face_start":0,"official_geometry_face_end":22,"official_geometry_validation_m":0.1842775616314865,"official_height_floors":6,"official_height_h_source_code":"0","official_height_h_extraction_code":"0","official_geometry_positive_evidence_only":true}},{"type":"Feature","id":"nlsc3d-1KD53573UX","geometry":{"type":"MultiPolygon","coordinates":[[[[120.20437409378215,23.0281514595502],[120.20437409360025,23.028151459470166],[120.20436971440509,23.02819306799421],[120.20437409378215,23.0281514595502]]],[[[120.20436971459426,23.028193067979657],[120.2045840033185,23.028217088680606],[120.20436971440509,23.02819306799421],[120.20436971434688,23.02819306799421],[120.20458400338399,23.028217088695158],[120.2045894849231,23.028174874840545],[120.2045894848649,23.028174874855097],[120.20458400309295,23.02821708863695],[120.20458948461751,23.028174874891477],[120.20437409378215,23.0281514595502],[120.20436971459426,23.028193067979657]]],[[[120.2045894848649,23.028174874855097],[120.2043740935566,23.028151459441062],[120.20437409360025,23.028151459470166],[120.20458948461751,23.028174874891477],[120.2045894848649,23.028174874855097]]]]},"properties":{"building_uid":"nlsc3d-1KD53573UX","source_id":"1KD53573UX","building_source":"NLSC-3D-geometry","source_version":"67fec239-0993-40d8-8f4c-45dfff595538","source_license":"Government-Open-Data-TW-1.0","geometry_quality":"source-footprint","height":15.93,"render_height":15.93,"height_quality":"reported","height_source":"NLSC 3D BUILD_H","height_known":true,"min_height":0,"official_height_provider":"NLSC-3D","official_height_building_id":"1KD53573UX","official_geometry_provider":"NLSC-I3S","official_geometry_node":104718,"official_geometry_resource":104718,"official_geometry_definition":0,"official_geometry_face_start":23,"official_geometry_face_end":40,"official_geometry_validation_m":0.18248484248256647,"official_height_floors":5,"official_height_h_source_code":"0","official_height_h_extraction_code":"0","official_geometry_positive_evidence_only":true}},{"type":"Feature","id":"nlsc3d-1KD6F573GJ","geometry":{"type":"MultiPolygon","coordinates":[[[[120.20442861404231,23.027794479700162],[120.20442322122258,23.027834693612306],[120.20461980472615,23.027857003459133],[120.20462414001818,23.027824992170565],[120.20462519722938,23.027816689517124],[120.20462519695289,23.02781668957533],[120.20442861404231,23.027794479700162]]],[[[120.20442861380585,23.027794479583747],[120.20442322092791,23.02783469364141],[120.2045806487849,23.02785255977697],[120.20461980498808,23.027857003531892],[120.20460537613175,23.027855366028287],[120.20461980498875,23.027857003527014],[120.20459933569647,23.027854680510718],[120.20442322122258,23.027834693612306],[120.2044232209752,23.027834693626858],[120.20442861404231,23.027794479700162],[120.20442861380585,23.027794479583747]]],[[[120.20462414030922,23.02782499214146],[120.20461980498875,23.027857003527014],[120.20462414035288,23.02782499212691],[120.20462519727303,23.027816689517124],[120.20462414030922,23.02782499214146]]]]},"properties":{"building_uid":"nlsc3d-1KD6F573GJ","source_id":"1KD6F573GJ","building_source":"NLSC-3D-geometry","source_version":"67fec239-0993-40d8-8f4c-45dfff595538","source_license":"Government-Open-Data-TW-1.0","geometry_quality":"source-footprint","height":19.91,"render_height":19.91,"height_quality":"reported","height_source":"NLSC 3D BUILD_H","height_known":true,"min_height":0,"official_height_provider":"NLSC-3D","official_height_building_id":"1KD6F573GJ","official_geometry_provider":"NLSC-I3S","official_geometry_node":104718,"official_geometry_resource":104718,"official_geometry_definition":0,"official_geometry_face_start":54,"official_geometry_face_end":76,"official_geometry_validation_m":0.18309818337179531,"official_height_floors":6,"official_height_h_source_code":"0","official_height_h_extraction_code":"0","official_geometry_positive_evidence_only":true}},{"type":"Feature","id":"nlsc3d-1KD58573TG","geometry":{"type":"Polygon","coordinates":[[[120.20458967168966,23.028174881425286],[120.20458967163873,23.028174881410735],[120.20437438110244,23.028151465465555],[120.2045896714059,23.02817488134525],[120.20459505795739,23.0281335677667],[120.20437875770008,23.028109457087623],[120.20437438084778,23.02815146549466],[120.20458967168966,23.028174881425286]],[[120.20437438090599,23.028151465480107],[120.20437875793291,23.02810945716766],[120.20437438110244,23.028151465465555],[120.20437438090599,23.028151465480107]],[[120.20459505771001,23.028133567781254],[120.20437875775102,23.028109457105813],[120.20459505795739,23.0281335677667],[120.20459505771001,23.028133567781254]]]},"properties":{"building_uid":"nlsc3d-1KD58573TG","source_id":"1KD58573TG","building_source":"NLSC-3D-geometry","source_version":"67fec239-0993-40d8-8f4c-45dfff595538","source_license":"Government-Open-Data-TW-1.0","geometry_quality":"source-footprint","height":16.01,"render_height":16.01,"height_quality":"reported","height_source":"NLSC 3D BUILD_H","height_known":true,"min_height":0,"official_height_provider":"NLSC-3D","official_height_building_id":"1KD58573TG","official_geometry_provider":"NLSC-I3S","official_geometry_node":104718,"official_geometry_resource":104718,"official_geometry_definition":0,"official_geometry_face_start":153,"official_geometry_face_end":170,"official_geometry_validation_m":0.23378872232476103,"official_height_floors":5,"official_height_h_source_code":"0","official_height_h_extraction_code":"0","official_geometry_positive_evidence_only":true}},{"type":"Feature","id":"nlsc3d-1KD5D573S2","geometry":{"type":"MultiPolygon","coordinates":[[[[120.20438298773084,23.028067396563813],[120.20460069576953,23.028091600195978],[120.20460069602419,23.028091600163236],[120.20438298773084,23.028067396563813]]],[[[120.20438298773084,23.028067396563813],[120.20437901302071,23.028109402929033],[120.20438298792729,23.028067396647486],[120.20438298773084,23.028067396563813]]],[[[120.20460069576953,23.028091600195978],[120.20438298792729,23.028067396647486],[120.20437901322444,23.028109402925395],[120.20459531322709,23.028133513597197],[120.20459531299426,23.028133513546265],[120.20460069576953,23.028091600195978]]],[[[120.20459531329257,23.02813351361175],[120.20460069608967,23.028091600152322],[120.20460069602419,23.028091600163236],[120.20459531322709,23.028133513597197],[120.20459531329257,23.02813351361175]]],[[[120.20459531329257,23.02813351361175],[120.20437901302071,23.028109402929033],[120.20437901297706,23.02810940293267],[120.20459531329257,23.02813351361175]]]]},"properties":{"building_uid":"nlsc3d-1KD5D573S2","source_id":"1KD5D573S2","building_source":"NLSC-3D-geometry","source_version":"67fec239-0993-40d8-8f4c-45dfff595538","source_license":"Government-Open-Data-TW-1.0","geometry_quality":"source-footprint","height":16.09,"render_height":16.09,"height_quality":"reported","height_source":"NLSC 3D BUILD_H","height_known":true,"min_height":0,"official_height_provider":"NLSC-3D","official_height_building_id":"1KD5D573S2","official_geometry_provider":"NLSC-I3S","official_geometry_node":104718,"official_geometry_resource":104718,"official_geometry_definition":0,"official_geometry_face_start":171,"official_geometry_face_end":188,"official_geometry_validation_m":0.22159015826862502,"official_height_floors":5,"official_height_h_source_code":"0","official_height_h_extraction_code":"0","official_geometry_positive_evidence_only":true}},{"type":"Feature","id":"nlsc3d-1KD5G573QJ","geometry":{"type":"MultiPolygon","coordinates":[[[[120.20438763159623,23.02802130255651],[120.20438763163989,23.0280213025747],[120.20438763179268,23.028021302643822],[120.20438327856542,23.028067309547907],[120.20460088674886,23.028091613594654],[120.20460088656696,23.028091613558274],[120.2046045399417,23.028063304436102],[120.20458995664526,23.028045383151323],[120.204395481234,23.028022562988838],[120.20439548109576,23.028022562926992],[120.20458995681989,23.0280453831204],[120.20458995687082,23.028045383107667],[120.20439548104483,23.02802256289789],[120.20438763159623,23.02802130255651]]],[[[120.20460454014543,23.028063304432465],[120.20460088674886,23.028091613594654],[120.20460454020363,23.028063304433374],[120.20458995687082,23.028045383107667],[120.20460454014543,23.028063304432465]]],[[[120.20460454014543,23.028063304432465],[120.20458995681989,23.0280453831204],[120.2046045399417,23.028063304436102],[120.20460454014543,23.028063304432465]]]]},"properties":{"building_uid":"nlsc3d-1KD5G573QJ","source_id":"1KD5G573QJ","building_source":"NLSC-3D-geometry","source_version":"67fec239-0993-40d8-8f4c-45dfff595538","source_license":"Government-Open-Data-TW-1.0","geometry_quality":"source-footprint","height":13.3,"render_height":13.3,"height_quality":"reported","height_source":"NLSC 3D BUILD_H","height_known":true,"min_height":0,"official_height_provider":"NLSC-3D","official_height_building_id":"1KD5G573QJ","official_geometry_provider":"NLSC-I3S","official_geometry_node":104718,"official_geometry_resource":104718,"official_geometry_definition":0,"official_geometry_face_start":189,"official_geometry_face_end":216,"official_geometry_validation_m":0.32061905769949317,"official_height_floors":4,"official_height_h_source_code":"0","official_height_h_extraction_code":"0","official_geometry_positive_evidence_only":true}},{"type":"Feature","id":"nlsc3d-1KD65573JK","geometry":{"type":"MultiPolygon","coordinates":[[[[120.20442289194548,23.02783476081305],[120.20461947503796,23.027856970819187],[120.20461947534355,23.027856970731875],[120.20461215616675,23.02791148980242],[120.20460725294257,23.027915413056974],[120.20461215622495,23.02791148980242],[120.20461947540176,23.027856970717323],[120.20442289190547,23.027834760783946],[120.20442289194548,23.02783476081305]]],[[[120.20441421982983,23.027915578177556],[120.20457930856506,23.027933347011924],[120.20441421987348,23.027915578177556],[120.20442289194548,23.02783476081305],[120.20441421982983,23.027915578177556]]],[[[120.20442289217104,23.02783476095857],[120.20441421987348,23.027915578177556],[120.20441422012087,23.027915578119348],[120.2045793085214,23.027933346997372],[120.20457930856506,23.027933347011924],[120.20460725298622,23.027915413056974],[120.20460725294257,23.027915413056974],[120.20457930831768,23.02793334689551],[120.20460725268063,23.027915412984214],[120.20461215616675,23.02791148980242],[120.20461215589026,23.027911489744213],[120.20461947503796,23.027856970819187],[120.20442289217104,23.02783476095857]]]]},"properties":{"building_uid":"nlsc3d-1KD65573JK","source_id":"1KD65573JK","building_source":"NLSC-3D-geometry","source_version":"67fec239-0993-40d8-8f4c-45dfff595538","source_license":"Government-Open-Data-TW-1.0","geometry_quality":"source-footprint","height":20.16,"render_height":20.16,"height_quality":"reported","height_source":"NLSC 3D BUILD_H","height_known":true,"min_height":0,"official_height_provider":"NLSC-3D","official_height_building_id":"1KD65573JK","official_geometry_provider":"NLSC-I3S","official_geometry_node":104718,"official_geometry_resource":104718,"official_geometry_definition":0,"official_geometry_face_start":217,"official_geometry_face_end":244,"official_geometry_validation_m":0.46822570183608087,"official_height_floors":6,"official_height_h_source_code":"0","official_height_h_extraction_code":"0","official_geometry_positive_evidence_only":true}},{"type":"Feature","id":"nlsc3d-1KD4C5742R","geometry":{"type":"MultiPolygon","coordinates":[[[[120.20435197339398,23.028318873012097],[120.20435197343764,23.0283188730412],[120.20456686482217,23.028342790772797],[120.20456686500407,23.028342790743693],[120.204566865055,23.028342790743693],[120.20435197339398,23.028318873012097]]],[[[120.20434598878788,23.028360989427085],[120.20456138288287,23.028384904626648],[120.20456686500407,23.028342790743693],[120.20456138270825,23.02838490456844],[120.20456686482217,23.028342790772797],[120.20435197358316,23.02831887309941],[120.20434598878788,23.028360989427085]]],[[[120.20434598862781,23.028360989427085],[120.20456138294108,23.028384904655752],[120.204566865055,23.028342790743693],[120.20456138288287,23.028384904626648],[120.20434598862781,23.028360989427085]]]]},"properties":{"building_uid":"nlsc3d-1KD4C5742R","source_id":"1KD4C5742R","building_source":"NLSC-3D-geometry","source_version":"67fec239-0993-40d8-8f4c-45dfff595538","source_license":"Government-Open-Data-TW-1.0","geometry_quality":"source-footprint","height":12.87,"render_height":12.87,"height_quality":"reported","height_source":"NLSC 3D BUILD_H","height_known":true,"min_height":0,"official_height_provider":"NLSC-3D","official_height_building_id":"1KD4C5742R","official_geometry_provider":"NLSC-I3S","official_geometry_node":104718,"official_geometry_resource":104718,"official_geometry_definition":0,"official_geometry_face_start":299,"official_geometry_face_end":316,"official_geometry_validation_m":0.1747250699152054,"official_height_floors":4,"official_height_h_source_code":"0","official_height_h_extraction_code":"0","official_geometry_positive_evidence_only":true}},{"type":"Feature","id":"nlsc3d-1KDSG573QS","geometry":{"type":"MultiPolygon","coordinates":[[[[120.20525350128685,23.028058314429785],[120.20504736290115,23.028035451712043],[120.20504197224602,23.02807606559813],[120.20504197229695,23.028076065590852],[120.20504736343958,23.02803545193032],[120.20504736294481,23.028035451741147],[120.20525350124319,23.028058314444337],[120.20525350128685,23.028058314429785]]],[[[120.20524781891675,23.028100728998965],[120.20525350055925,23.028058314517097],[120.20504736343958,23.02803545193032],[120.20504197283537,23.028076065569024],[120.20524781891675,23.028100728998965]]],[[[120.20525350124319,23.028058314444337],[120.20524781891675,23.028100728998965],[120.20524781958613,23.028100729180863],[120.20525350124319,23.028058314444337]]],[[[120.20504197283537,23.028076065569024],[120.20504197229695,23.028076065590852],[120.20524781958613,23.028100729180863],[120.20504197283537,23.028076065569024]]]]},"properties":{"building_uid":"nlsc3d-1KDSG573QS","source_id":"1KDSG573QS","building_source":"NLSC-3D-geometry","source_version":"67fec239-0993-40d8-8f4c-45dfff595538","source_license":"Government-Open-Data-TW-1.0","geometry_quality":"source-footprint","height":40.15,"render_height":40.15,"height_quality":"reported","height_source":"NLSC 3D BUILD_H","height_known":true,"min_height":0,"official_height_provider":"NLSC-3D","official_height_building_id":"1KDSG573QS","official_geometry_provider":"NLSC-I3S","official_geometry_node":104711,"official_geometry_resource":104711,"official_geometry_definition":0,"official_geometry_face_start":0,"official_geometry_face_end":17,"official_geometry_validation_m":0.12166519881499682,"official_height_floors":12,"official_height_h_source_code":"0","official_height_h_extraction_code":"0","official_geometry_positive_evidence_only":true}},{"type":"Feature","id":"nlsc3d-1KDRM573XD","geometry":{"type":"MultiPolygon","coordinates":[[[[120.20502107816958,23.02822399829833],[120.20501511144778,23.02826921329992],[120.20522094993305,23.028292577200176],[120.205227114168,23.028246761419126],[120.20502107769664,23.02822399808005],[120.20502107816958,23.02822399829833]]],[[[120.20522095066065,23.028292577403903],[120.20522711493197,23.028246761317263],[120.20522095059516,23.028292577382075],[120.20522095066065,23.028292577403903]]]]},"properties":{"building_uid":"nlsc3d-1KDRM573XD","source_id":"1KDRM573XD","building_source":"NLSC-3D-geometry","source_version":"67fec239-0993-40d8-8f4c-45dfff595538","source_license":"Government-Open-Data-TW-1.0","geometry_quality":"source-footprint","height":39.99,"render_height":39.99,"height_quality":"reported","height_source":"NLSC 3D BUILD_H","height_known":true,"min_height":0,"official_height_provider":"NLSC-3D","official_height_building_id":"1KDRM573XD","official_geometry_provider":"NLSC-I3S","official_geometry_node":104711,"official_geometry_resource":104711,"official_geometry_definition":0,"official_geometry_face_start":18,"official_geometry_face_end":35,"official_geometry_validation_m":0.1633011223375236,"official_height_floors":12,"official_height_h_source_code":"0","official_height_h_extraction_code":"0","official_geometry_positive_evidence_only":true}},{"type":"Feature","id":"nlsc3d-1KDS9573S8","geometry":{"type":"MultiPolygon","coordinates":[[[[120.20503621821501,23.028117412784326],[120.20504170533479,23.02807609866008],[120.20524765317043,23.028100761755326],[120.20504170529841,23.028076098638252],[120.20503621821501,23.028117412784326]]],[[[120.20504170533479,23.02807609866008],[120.20503621826595,23.028117412784326],[120.20503621884075,23.028117412769774],[120.20524216252181,23.02814157590487],[120.20524765250832,23.02810076183536],[120.20504170533479,23.02807609866008]]],[[[120.20524216252181,23.02814157590487],[120.20524216314755,23.028141576054026],[120.20524765317043,23.028100761755326],[120.20524216252181,23.02814157590487]]]]},"properties":{"building_uid":"nlsc3d-1KDS9573S8","source_id":"1KDS9573S8","building_source":"NLSC-3D-geometry","source_version":"67fec239-0993-40d8-8f4c-45dfff595538","source_license":"Government-Open-Data-TW-1.0","geometry_quality":"source-footprint","height":40.36,"render_height":40.36,"height_quality":"reported","height_source":"NLSC 3D BUILD_H","height_known":true,"min_height":0,"official_height_provider":"NLSC-3D","official_height_building_id":"1KDS9573S8","official_geometry_provider":"NLSC-I3S","official_geometry_node":104711,"official_geometry_resource":104711,"official_geometry_definition":0,"official_geometry_face_start":36,"official_geometry_face_end":53,"official_geometry_validation_m":0.207748886186461,"official_height_floors":12,"official_height_h_source_code":"0","official_height_h_extraction_code":"0","official_geometry_positive_evidence_only":true}},{"type":"Feature","id":"nlsc3d-1KDRF5740S","geometry":{"type":"MultiPolygon","coordinates":[[[[120.20522078819579,23.02829256766867],[120.20521606593283,23.02832718013474],[120.20522078824672,23.028292567661396],[120.2050148479417,23.028269204146767],[120.20522078819579,23.02829256766867]]],[[[120.20522078819579,23.02829256766867],[120.2050148479999,23.028269204168595],[120.20522078758461,23.028292567748707],[120.20522078819579,23.02829256766867]]],[[[120.20501022744668,23.028304016053283],[120.2050148479999,23.028269204168595],[120.20501022738847,23.028304016053283],[120.20501022744668,23.028304016053283]]],[[[120.20501022744668,23.028304016053283],[120.20521606593195,23.02832718014119],[120.20521606599016,23.02832718014119],[120.20521606593283,23.02832718013474],[120.20518070578991,23.02832320087291],[120.20501022805058,23.028304016089663],[120.20521606532805,23.028327180010223],[120.20522078758461,23.028292567748707],[120.2050148485747,23.028269204386874],[120.20501022744668,23.028304016053283]]]]},"properties":{"building_uid":"nlsc3d-1KDRF5740S","source_id":"1KDRF5740S","building_source":"NLSC-3D-geometry","source_version":"67fec239-0993-40d8-8f4c-45dfff595538","source_license":"Government-Open-Data-TW-1.0","geometry_quality":"source-footprint","height":40.31,"render_height":40.31,"height_quality":"reported","height_source":"NLSC 3D BUILD_H","height_known":true,"min_height":0,"official_height_provider":"NLSC-3D","official_height_building_id":"1KDRF5740S","official_geometry_provider":"NLSC-I3S","official_geometry_node":104711,"official_geometry_resource":104711,"official_geometry_definition":0,"official_geometry_face_start":54,"official_geometry_face_end":71,"official_geometry_validation_m":0.2027532736319764,"official_height_floors":12,"official_height_h_source_code":"0","official_height_h_extraction_code":"0","official_geometry_positive_evidence_only":true}},{"type":"Feature","id":"nlsc3d-1KDRB57423","geometry":{"type":"Polygon","coordinates":[[[120.20500478379347,23.028343215536864],[120.20500478383713,23.028343215536864],[120.20521052651986,23.02836717984914],[120.2052105265708,23.028367179863693],[120.20521592075477,23.028327165763898],[120.20500998222508,23.02830410211331],[120.20500998226873,23.028304102135138],[120.20500478379347,23.028343215536864]],[[120.20521592071111,23.02832716577845],[120.20521052645438,23.02836717983459],[120.20521592064563,23.02832716577845],[120.20500998226873,23.028304102135138],[120.20521592071111,23.02832716577845]]]},"properties":{"building_uid":"nlsc3d-1KDRB57423","source_id":"1KDRB57423","building_source":"NLSC-3D-geometry","source_version":"67fec239-0993-40d8-8f4c-45dfff595538","source_license":"Government-Open-Data-TW-1.0","geometry_quality":"source-footprint","height":7.19,"render_height":7.19,"height_quality":"reported","height_source":"NLSC 3D BUILD_H","height_known":true,"min_height":0,"official_height_provider":"NLSC-3D","official_height_building_id":"1KDRB57423","official_geometry_provider":"NLSC-I3S","official_geometry_node":104711,"official_geometry_resource":104711,"official_geometry_definition":0,"official_geometry_face_start":72,"official_geometry_face_end":89,"official_geometry_validation_m":0.15758566458452516,"official_height_floors":2,"official_height_h_source_code":"0","official_height_h_extraction_code":"0","official_geometry_positive_evidence_only":true}},{"type":"Feature","id":"nlsc3d-1KDS2573U5","geometry":{"type":"MultiPolygon","coordinates":[[[[120.20503588660597,23.028117459415938],[120.20524183092732,23.028141522746722],[120.205232486917,23.028210747162433],[120.20502654733957,23.028187483575124],[120.2052324869752,23.02821074718426],[120.20524183100008,23.028141522739446],[120.20503588660597,23.028117459415938]]],[[[120.20503588664963,23.028117459437766],[120.20503588714439,23.028117459743356],[120.20502654733957,23.028187483575124],[120.20502654791437,23.028187483482583],[120.20523248629127,23.028210746927783],[120.20524183025066,23.028141522917707],[120.20503588664963,23.028117459437766]]],[[[120.20502654733957,23.028187483575124],[120.20503588664963,23.028117459437766],[120.20503588660597,23.028117459415938],[120.20502654728864,23.028187483582627],[120.20502654733957,23.028187483575124]]]]},"properties":{"building_uid":"nlsc3d-1KDS2573U5","source_id":"1KDS2573U5","building_source":"NLSC-3D-geometry","source_version":"67fec239-0993-40d8-8f4c-45dfff595538","source_license":"Government-Open-Data-TW-1.0","geometry_quality":"source-footprint","height":40.1,"render_height":40.1,"height_quality":"reported","height_source":"NLSC 3D BUILD_H","height_known":true,"min_height":0,"official_height_provider":"NLSC-3D","official_height_building_id":"1KDS2573U5","official_geometry_provider":"NLSC-I3S","official_geometry_node":104711,"official_geometry_resource":104711,"official_geometry_definition":0,"official_geometry_face_start":90,"official_geometry_face_end":107,"official_geometry_validation_m":0.20701142183360477,"official_height_floors":12,"official_height_h_source_code":"0","official_height_h_extraction_code":"0","official_geometry_positive_evidence_only":true}},{"type":"Feature","id":"nlsc3d-1KDRS573W0","geometry":{"type":"MultiPolygon","coordinates":[[[[120.20523223361181,23.02821075861479],[120.20502619342244,23.028187495513606],[120.20502138181712,23.02822400782256],[120.2050261934661,23.028187495530887],[120.20523223299335,23.028210758694826],[120.20523223361181,23.02821075861479]]],[[[120.20522731790936,23.028246771467224],[120.20523223299335,23.028210758694826],[120.20502619401907,23.028187495744163],[120.20502138244285,23.028224007826196],[120.20522731790936,23.028246771467224]]],[[[120.20522731790936,23.028246771467224],[120.20522731852054,23.028246771576363],[120.20523223361181,23.02821075861479],[120.20522731790936,23.028246771467224]]],[[[120.20502138186805,23.028224007826196],[120.20522731852054,23.028246771576363],[120.20502138244285,23.028224007826196],[120.20502138186805,23.028224007826196]]],[[[120.20502138186805,23.028224007826196],[120.20502138181712,23.02822400782256],[120.2052273185642,23.028246771590915],[120.20502138186805,23.028224007826196]]]]},"properties":{"building_uid":"nlsc3d-1KDRS573W0","source_id":"1KDRS573W0","building_source":"NLSC-3D-geometry","source_version":"67fec239-0993-40d8-8f4c-45dfff595538","source_license":"Government-Open-Data-TW-1.0","geometry_quality":"source-footprint","height":40.08,"render_height":40.08,"height_quality":"reported","height_source":"NLSC 3D BUILD_H","height_known":true,"min_height":0,"official_height_provider":"NLSC-3D","official_height_building_id":"1KDRS573W0","official_geometry_provider":"NLSC-I3S","official_geometry_node":104711,"official_geometry_resource":104711,"official_geometry_definition":0,"official_geometry_face_start":108,"official_geometry_face_end":125,"official_geometry_validation_m":0.20995312150071932,"official_height_floors":12,"official_height_h_source_code":"0","official_height_h_extraction_code":"0","official_geometry_positive_evidence_only":true}},{"type":"Feature","id":"nlsc3d-1KDSU573NQ","geometry":{"type":"MultiPolygon","coordinates":[[[[120.20504770244871,23.02803544981352],[120.20526390102451,23.02805946188518],[120.20527399685226,23.027981336712305],[120.20505809857706,23.027957123111168],[120.2050580987153,23.027957123205756],[120.20504770244871,23.02803544981352]]],[[[120.20505809857706,23.027957123111168],[120.20504770225953,23.028035449842623],[120.20526390126462,23.028059461972493],[120.20526390120641,23.02805946195794],[120.20504770230319,23.028035449842623],[120.20505809857706,23.027957123111168]]],[[[120.20526390102451,23.02805946188518],[120.20526390120641,23.02805946195794],[120.20527399705598,23.027981336661373],[120.20526390102451,23.02805946188518]]]]},"properties":{"building_uid":"nlsc3d-1KDSU573NQ","source_id":"1KDSU573NQ","building_source":"NLSC-3D-geometry","source_version":"67fec239-0993-40d8-8f4c-45dfff595538","source_license":"Government-Open-Data-TW-1.0","geometry_quality":"source-footprint","height":13.34,"render_height":13.34,"height_quality":"reported","height_source":"NLSC 3D BUILD_H","height_known":true,"min_height":0,"official_height_provider":"NLSC-3D","official_height_building_id":"1KDSU573NQ","official_geometry_provider":"NLSC-I3S","official_geometry_node":104713,"official_geometry_resource":104713,"official_geometry_definition":0,"official_geometry_face_start":0,"official_geometry_face_end":17,"official_geometry_validation_m":0.18238303325798572,"official_height_floors":4,"official_height_h_source_code":"0","official_height_h_extraction_code":"0","official_geometry_positive_evidence_only":true}},{"type":"Feature","id":"nlsc3d-1KDTS573F4","geometry":{"type":"MultiPolygon","coordinates":[[[[120.20530131476981,23.027780658729075],[120.2050862198622,23.0277563411254],[120.2050862199204,23.027756341169056],[120.2053013147116,23.027780658743627],[120.20530131476981,23.027780658729075]]],[[[120.20508092386737,23.027795954872186],[120.2050862201314,23.027756341227263],[120.2050862199204,23.027756341169056],[120.20508092386737,23.027795954872186]]],[[[120.20529621914748,23.027820171486287],[120.20529621894376,23.02782017142808],[120.20530131447877,23.02778065877273],[120.2050862201314,23.027756341227263],[120.20508092409283,23.02779595485835],[120.20529621914748,23.027820171486287]]],[[[120.20529621920569,23.027820171493563],[120.20508092386737,23.027795954872186],[120.20508092380906,23.027795954865628],[120.20508092386727,23.027795954872904],[120.20529621920569,23.027820171493563]]]]},"properties":{"building_uid":"nlsc3d-1KDTS573F4","source_id":"1KDTS573F4","building_source":"NLSC-3D-geometry","source_version":"67fec239-0993-40d8-8f4c-45dfff595538","source_license":"Government-Open-Data-TW-1.0","geometry_quality":"source-footprint","height":16.42,"render_height":16.42,"height_quality":"reported","height_source":"NLSC 3D BUILD_H","height_known":true,"min_height":0,"official_height_provider":"NLSC-3D","official_height_building_id":"1KDTS573F4","official_geometry_provider":"NLSC-I3S","official_geometry_node":104713,"official_geometry_resource":104713,"official_geometry_definition":0,"official_geometry_face_start":18,"official_geometry_face_end":35,"official_geometry_validation_m":0.19036314549403,"official_height_floors":5,"official_height_h_source_code":"0","official_height_h_extraction_code":"0","official_geometry_positive_evidence_only":true}},{"type":"Feature","id":"nlsc3d-1KDTM573GJ","geometry":{"type":"MultiPolygon","coordinates":[[[[120.20508069759227,23.027796024343747],[120.20529599226857,23.027820140963644],[120.20508069754133,23.02779602432192],[120.20508069759227,23.027796024343747]]],[[[120.20508069759227,23.027796024343747],[120.2050751135058,23.027837938749048],[120.2050751137168,23.027837938756324],[120.20529050931792,23.027862154831286],[120.20529050908509,23.02786215478763],[120.20529599226857,23.027820140963644],[120.20529599202847,23.0278201410073],[120.20508069759227,23.027796024343747]]],[[[120.20529050936157,23.0278621548422],[120.20529599233406,23.027820140949093],[120.20529050931792,23.027862154831286],[120.20529050936157,23.0278621548422]]]]},"properties":{"building_uid":"nlsc3d-1KDTM573GJ","source_id":"1KDTM573GJ","building_source":"NLSC-3D-geometry","source_version":"67fec239-0993-40d8-8f4c-45dfff595538","source_license":"Government-Open-Data-TW-1.0","geometry_quality":"source-footprint","height":16.43,"render_height":16.43,"height_quality":"reported","height_source":"NLSC 3D BUILD_H","height_known":true,"min_height":0,"official_height_provider":"NLSC-3D","official_height_building_id":"1KDTM573GJ","official_geometry_provider":"NLSC-I3S","official_geometry_node":104713,"official_geometry_resource":104713,"official_geometry_definition":0,"official_geometry_face_start":36,"official_geometry_face_end":53,"official_geometry_validation_m":0.18245528356106766,"official_height_floors":5,"official_height_h_source_code":"0","official_height_h_extraction_code":"0","official_geometry_positive_evidence_only":true}},{"type":"Feature","id":"nlsc3d-1KDTF573J0","geometry":{"type":"Polygon","coordinates":[[[120.20506922139894,23.027880081948656],[120.20528472015131,23.027904697432422],[120.20529030009776,23.027862083250415],[120.20507480425577,23.02783796759822],[120.20506922134074,23.027880081952294],[120.20506922139894,23.027880081948656]],[[120.20529030004683,23.027862083254053],[120.20529029979944,23.027862083286795],[120.20507480429943,23.027837967620048],[120.20507480425577,23.02783796759822],[120.20529030004683,23.027862083254053]]]},"properties":{"building_uid":"nlsc3d-1KDTF573J0","source_id":"1KDTF573J0","building_source":"NLSC-3D-geometry","source_version":"67fec239-0993-40d8-8f4c-45dfff595538","source_license":"Government-Open-Data-TW-1.0","geometry_quality":"source-footprint","height":16.21,"render_height":16.21,"height_quality":"reported","height_source":"NLSC 3D BUILD_H","height_known":true,"min_height":0,"official_height_provider":"NLSC-3D","official_height_building_id":"1KDTF573J0","official_geometry_provider":"NLSC-I3S","official_geometry_node":104713,"official_geometry_resource":104713,"official_geometry_definition":0,"official_geometry_face_start":54,"official_geometry_face_end":71,"official_geometry_validation_m":0.16493549502103141,"official_height_floors":5,"official_height_h_source_code":"0","official_height_h_extraction_code":"0","official_geometry_positive_evidence_only":true}},{"type":"Feature","id":"nlsc3d-1KDT7573L2","geometry":{"type":"MultiPolygon","coordinates":[[[[120.2050688895789,23.02788007798326],[120.2050688897608,23.02788007810877],[120.20505858617535,23.02795710467753],[120.20527448466883,23.027981318209545],[120.20528438828761,23.027904693389605],[120.2050688895789,23.02788007798326]],[[120.20505858639363,23.02795710463751],[120.20527448445056,23.027981318136785],[120.20527448466883,23.027981318209545],[120.20505858639363,23.02795710463751]]],[[[120.20528438835309,23.027904693367322],[120.20527448466883,23.027981318209545],[120.20527448472704,23.027981318231372],[120.20528438835309,23.027904693367322]]]]},"properties":{"building_uid":"nlsc3d-1KDT7573L2","source_id":"1KDT7573L2","building_source":"NLSC-3D-geometry","source_version":"67fec239-0993-40d8-8f4c-45dfff595538","source_license":"Government-Open-Data-TW-1.0","geometry_quality":"source-footprint","height":16.25,"render_height":16.25,"height_quality":"reported","height_source":"NLSC 3D BUILD_H","height_known":true,"min_height":0,"official_height_provider":"NLSC-3D","official_height_building_id":"1KDT7573L2","official_geometry_provider":"NLSC-I3S","official_geometry_node":104713,"official_geometry_resource":104713,"official_geometry_definition":0,"official_geometry_face_start":72,"official_geometry_face_end":89,"official_geometry_validation_m":0.18663433600134605,"official_height_floors":5,"official_height_h_source_code":"0","official_height_h_extraction_code":"0","official_geometry_positive_evidence_only":true}},{"type":"Feature","id":"nlsc3d-1KE43573UP","geometry":{"type":"MultiPolygon","coordinates":[[[[120.20550103619435,23.02817493995421],[120.20539771555896,23.028163359787452],[120.20539374741539,23.028189471012904],[120.20549746841398,23.02820074928199],[120.20549746882143,23.028200749376577],[120.20550103661635,23.028174939866897],[120.20539771524973,23.028163359598278],[120.20539771526974,23.02816335961283],[120.20550103619435,23.02817493995421]]],[[[120.20539771526974,23.02816335961283],[120.20539374708615,23.02818947102382],[120.20549746885054,23.028200749380215],[120.20549746882143,23.028200749376577],[120.20539374741539,23.028189471012904],[120.20539374711161,23.02818947102018],[120.20539771526974,23.02816335961283]]]]},"properties":{"building_uid":"nlsc3d-1KE43573UP","source_id":"1KE43573UP","building_source":"NLSC-3D-geometry","source_version":"67fec239-0993-40d8-8f4c-45dfff595538","source_license":"Government-Open-Data-TW-1.0","geometry_quality":"source-footprint","height":48.47,"render_height":48.47,"height_quality":"reported","height_source":"NLSC 3D BUILD_H","height_known":true,"min_height":0,"official_height_provider":"NLSC-3D","official_height_building_id":"1KE43573UP","official_geometry_provider":"NLSC-I3S","official_geometry_node":104712,"official_geometry_resource":104712,"official_geometry_definition":0,"official_geometry_face_start":0,"official_geometry_face_end":17,"official_geometry_validation_m":0.185859489073904,"official_height_floors":15,"official_height_h_source_code":"0","official_height_h_extraction_code":"0","official_geometry_positive_evidence_only":true}},{"type":"Feature","id":"nlsc3d-1KDVG57416","geometry":{"type":"MultiPolygon","coordinates":[[[[120.2052262110662,23.028247410255556],[120.20522621109531,23.028247410667557],[120.20521003018048,23.028367752365323],[120.2052100302969,23.028367752088837],[120.20525490148403,23.02837302650327],[120.2052709777342,23.028251985103037],[120.2052709777051,23.028251985141235],[120.20525490133123,23.02837302619768],[120.20527097745772,23.028251985505943],[120.2052262110662,23.028247410255556]]],[[[120.2052262110662,23.028247410255556],[120.20521003016593,23.028367752394427],[120.20521003018048,23.028367752365323],[120.2052262110662,23.028247410255556]]]]},"properties":{"building_uid":"nlsc3d-1KDVG57416","source_id":"1KDVG57416","building_source":"NLSC-3D-geometry","source_version":"67fec239-0993-40d8-8f4c-45dfff595538","source_license":"Government-Open-Data-TW-1.0","geometry_quality":"source-footprint","height":40.1,"render_height":40.1,"height_quality":"reported","height_source":"NLSC 3D BUILD_H","height_known":true,"min_height":0,"official_height_provider":"NLSC-3D","official_height_building_id":"1KDVG57416","official_geometry_provider":"NLSC-I3S","official_geometry_node":104712,"official_geometry_resource":104712,"official_geometry_definition":0,"official_geometry_face_start":18,"official_geometry_face_end":35,"official_geometry_validation_m":0.18288639668283457,"official_height_floors":12,"official_height_h_source_code":"0","official_height_h_extraction_code":"0","official_geometry_positive_evidence_only":true}},{"type":"Feature","id":"nlsc3d-1KDWW5741C","geometry":{"type":"Polygon","coordinates":[[[120.2052569183179,23.02835610865496],[120.20525463964414,23.028373250428142],[120.20525463964414,23.028373250442694],[120.20525553560688,23.028366510385336],[120.20527071649094,23.02825230942157],[120.20525463973873,23.028373250137104],[120.20530001360721,23.02837852206316],[120.20530001362904,23.028378522092265],[120.20531538262703,23.02825688438183],[120.2052707165055,23.02825230897683],[120.2052569183179,23.02835610865496]]]},"properties":{"building_uid":"nlsc3d-1KDWW5741C","source_id":"1KDWW5741C","building_source":"NLSC-3D-geometry","source_version":"67fec239-0993-40d8-8f4c-45dfff595538","source_license":"Government-Open-Data-TW-1.0","geometry_quality":"source-footprint","height":40.2,"render_height":40.2,"height_quality":"reported","height_source":"NLSC 3D BUILD_H","height_known":true,"min_height":0,"official_height_provider":"NLSC-3D","official_height_building_id":"1KDWW5741C","official_geometry_provider":"NLSC-I3S","official_geometry_node":104712,"official_geometry_resource":104712,"official_geometry_definition":0,"official_geometry_face_start":36,"official_geometry_face_end":53,"official_geometry_validation_m":0.16703066872413547,"official_height_floors":12,"official_height_h_source_code":"0","official_height_h_extraction_code":"0","official_geometry_positive_evidence_only":true}},{"type":"Feature","id":"nlsc3d-1KE3X573VQ","geometry":{"type":"MultiPolygon","coordinates":[[[[120.20538865208773,23.02822152649018],[120.20538865211957,23.028221526488363],[120.20539359086406,23.028189512122065],[120.20549731257752,23.028200790474823],[120.20539359084405,23.02818951211115],[120.20538865208773,23.02822152649018]]],[[[120.20539359086406,23.028189512122065],[120.20539359112963,23.02818951229305],[120.20538865241788,23.028221526479268],[120.20549278039807,23.028233602445237],[120.20549731257752,23.028200790474823],[120.20549731222827,23.028200790565773],[120.20539359086406,23.028189512122065]]],[[[120.20549278068911,23.0282336025471],[120.20538865241788,23.028221526479268],[120.20538865211957,23.028221526488363],[120.20549278071822,23.028233602555286],[120.20549278068911,23.0282336025471]]]]},"properties":{"building_uid":"nlsc3d-1KE3X573VQ","source_id":"1KE3X573VQ","building_source":"NLSC-3D-geometry","source_version":"67fec239-0993-40d8-8f4c-45dfff595538","source_license":"Government-Open-Data-TW-1.0","geometry_quality":"source-footprint","height":39.69,"render_height":39.69,"height_quality":"reported","height_source":"NLSC 3D BUILD_H","height_known":true,"min_height":0,"official_height_provider":"NLSC-3D","official_height_building_id":"1KE3X573VQ","official_geometry_provider":"NLSC-I3S","official_geometry_node":104712,"official_geometry_resource":104712,"official_geometry_definition":0,"official_geometry_face_start":54,"official_geometry_face_end":71,"official_geometry_validation_m":0.16050727383793417,"official_height_floors":12,"official_height_h_source_code":"0","official_height_h_extraction_code":"0","official_geometry_positive_evidence_only":true}},{"type":"Feature","id":"nlsc3d-1KE0N5741J","geometry":{"type":"MultiPolygon","coordinates":[[[[120.20531500799525,23.028257245758635],[120.20538190718317,23.028264209389402],[120.20538190721773,23.028264209360298],[120.20531500799525,23.028257245758635]]],[[[120.20529973890343,23.028378782993553],[120.20529973891799,23.028378782949897],[120.20531500801344,23.028257245844127],[120.20531500799889,23.028257245795924],[120.20529973890343,23.028378782993553]]],[[[120.20536563684045,23.028386451285353],[120.20538190718317,23.028264209389402],[120.20538190715315,23.02826420943124],[120.20531500801344,23.028257245844127],[120.20529973893254,23.028378782920793],[120.20536563684045,23.028386451285353]]],[[[120.20529973891799,23.028378782949897],[120.20536563688593,23.02838645134356],[120.20538190721773,23.028264209360298],[120.20536563685955,23.028386451314457],[120.20529973891799,23.028378782949897]]]]},"properties":{"building_uid":"nlsc3d-1KE0N5741J","source_id":"1KE0N5741J","building_source":"NLSC-3D-geometry","source_version":"67fec239-0993-40d8-8f4c-45dfff595538","source_license":"Government-Open-Data-TW-1.0","geometry_quality":"source-footprint","height":7.24,"render_height":7.24,"height_quality":"reported","height_source":"NLSC 3D BUILD_H","height_known":true,"min_height":0,"official_height_provider":"NLSC-3D","official_height_building_id":"1KE0N5741J","official_geometry_provider":"NLSC-I3S","official_geometry_node":104712,"official_geometry_resource":104712,"official_geometry_definition":0,"official_geometry_face_start":72,"official_geometry_face_end":89,"official_geometry_validation_m":0.20832026033065737,"official_height_floors":2,"official_height_h_source_code":"0","official_height_h_extraction_code":"0","official_geometry_positive_evidence_only":true}},{"type":"Feature","id":"nlsc3d-1KE3B5741R","geometry":{"type":"MultiPolygon","coordinates":[[[[120.2053813260679,23.028264643040114],[120.20536515595059,23.028386884073864],[120.2054187797291,23.02839311425809],[120.20542048765829,23.028392905787353],[120.20544681006841,23.028372680837077],[120.20542048766556,23.02839290545266],[120.20544680991561,23.028372680604246],[120.20546532250565,23.0283749873884],[120.20547342253822,23.028367549569833],[120.20548605943596,23.028277015553197],[120.20548605939958,23.02827701558594],[120.2053813258296,23.028264642641755],[120.2053813260679,23.028264643040114]],[[120.20536515627892,23.028386883768274],[120.20541877975457,23.028393113908844],[120.2054187797291,23.02839311425809],[120.20536515627892,23.028386883768274]]],[[[120.20536515592694,23.028386884102968],[120.20541877972182,23.028393114287194],[120.20536515595059,23.028386884073864],[120.2053813258296,23.028264642641755],[120.20536515592694,23.028386884102968]]],[[[120.2054187797291,23.02839311425809],[120.20541877972182,23.028393114287194],[120.20542048765829,23.028392905816457],[120.2054187797291,23.02839311425809]]],[[[120.20547342256005,23.028367549584384],[120.20547342253822,23.028367549569833],[120.2054653227603,23.02837498762123],[120.20546532278213,23.028374987650334],[120.20547342256005,23.028367549584384]]],[[[120.20544681006841,23.028372680837077],[120.2054653227603,23.02837498762123],[120.20544680991561,23.028372680604246],[120.20544681006841,23.028372680837077]]]]},"properties":{"building_uid":"nlsc3d-1KE3B5741R","source_id":"1KE3B5741R","building_source":"NLSC-3D-geometry","source_version":"67fec239-0993-40d8-8f4c-45dfff595538","source_license":"Government-Open-Data-TW-1.0","geometry_quality":"source-footprint","height":40.12,"render_height":40.12,"height_quality":"reported","height_source":"NLSC 3D BUILD_H","height_known":true,"min_height":0,"official_height_provider":"NLSC-3D","official_height_building_id":"1KE3B5741R","official_geometry_provider":"NLSC-I3S","official_geometry_node":104712,"official_geometry_resource":104712,"official_geometry_definition":0,"official_geometry_face_start":90,"official_geometry_face_end":127,"official_geometry_validation_m":0.42759048969248736,"official_height_floors":12,"official_height_h_source_code":"0","official_height_h_extraction_code":"0","official_geometry_positive_evidence_only":true}},{"type":"Feature","id":"nlsc3d-1KE3R573X2","geometry":{"type":"MultiPolygon","coordinates":[[[[120.20538182777655,23.028264621552392],[120.20548646049401,23.02827699502772],[120.20548646021025,23.028276994914943],[120.20549253818145,23.028233578772],[120.20538841075604,23.028221602745855],[120.20538182746732,23.02826462159423],[120.20538182777655,23.028264621552392]]],[[[120.20548646049401,23.02827699502772],[120.20549253852342,23.02823357862375],[120.20549253849431,23.028233578641032],[120.20548646049401,23.02827699502772]]]]},"properties":{"building_uid":"nlsc3d-1KE3R573X2","source_id":"1KE3R573X2","building_source":"NLSC-3D-geometry","source_version":"67fec239-0993-40d8-8f4c-45dfff595538","source_license":"Government-Open-Data-TW-1.0","geometry_quality":"source-footprint","height":39.78,"render_height":39.78,"height_quality":"reported","height_source":"NLSC 3D BUILD_H","height_known":true,"min_height":0,"official_height_provider":"NLSC-3D","official_height_building_id":"1KE3R573X2","official_geometry_provider":"NLSC-I3S","official_geometry_node":104712,"official_geometry_resource":104712,"official_geometry_definition":0,"official_geometry_face_start":128,"official_geometry_face_end":145,"official_geometry_validation_m":0.16407087456837485,"official_height_floors":12,"official_height_h_source_code":"0","official_height_h_extraction_code":"0","official_geometry_positive_evidence_only":true}},{"type":"Feature","id":"nlsc3d-1KE4B573SX","geometry":{"type":"MultiPolygon","coordinates":[[[[120.20542252946298,23.0280882511975],[120.20551187303472,23.028099401631646],[120.20551187339852,23.028099401398816],[120.20542252944843,23.028088251182947],[120.20542252946298,23.0280882511975]]],[[[120.20539803889706,23.028163349215486],[120.20550135963977,23.028174929389518],[120.20551187303472,23.028099401631646],[120.20542252962305,23.02808825150309],[120.20540985160888,23.028086515401395],[120.20539803889706,23.028163349215486]]],[[[120.20539803858965,23.028163349346453],[120.20550135994536,23.028174929607797],[120.2055013599308,23.02817492958597],[120.20539803858965,23.028163349346453]]]]},"properties":{"building_uid":"nlsc3d-1KE4B573SX","source_id":"1KE4B573SX","building_source":"NLSC-3D-geometry","source_version":"67fec239-0993-40d8-8f4c-45dfff595538","source_license":"Government-Open-Data-TW-1.0","geometry_quality":"source-footprint","height":40.11,"render_height":40.11,"height_quality":"reported","height_source":"NLSC 3D BUILD_H","height_known":true,"min_height":0,"official_height_provider":"NLSC-3D","official_height_building_id":"1KE4B573SX","official_geometry_provider":"NLSC-I3S","official_geometry_node":104712,"official_geometry_resource":104712,"official_geometry_definition":0,"official_geometry_face_start":146,"official_geometry_face_end":168,"official_geometry_validation_m":0.17661772953456006,"official_height_floors":12,"official_height_h_source_code":"0","official_height_h_extraction_code":"0","official_geometry_positive_evidence_only":true}},{"type":"Feature","id":"nlsc3d-1KEBL573T4","geometry":{"type":"MultiPolygon","coordinates":[[[[120.2056022048259,23.028074049058706],[120.20560220486227,23.02807404908781],[120.20577735685806,23.028093468327643],[120.20577735691627,23.02809346829854],[120.2056022048259,23.028074049058706]]],[[[120.2055895640428,23.02818097771051],[120.20558956390455,23.028180977775992],[120.20559881843515,23.028181831314942],[120.20568405222225,23.028195001524],[120.20573620546607,23.028190542567973],[120.20577911355072,23.02818682952675],[120.20573620543514,23.028190542542507],[120.20577911349251,23.02818682950492],[120.2057679978338,23.028160193581062],[120.20577911333972,23.028186829428524],[120.20576799768828,23.028160193544682],[120.20577340029418,23.028121579062645],[120.205777356698,23.028093468400403],[120.20560220497869,23.028074049189673],[120.2055895640428,23.02818097771051]],[[120.2055988186025,23.02818183123127],[120.20559881847153,23.028181831296752],[120.2055895640428,23.02818097771051],[120.2055988186025,23.02818183123127]],[[120.20568405220588,23.028195001409404],[120.2057362053442,23.028190542458834],[120.20573620543514,23.028190542542507],[120.20568405220588,23.028195001409404]]],[[[120.20577735691627,23.02809346829854],[120.2057734004397,23.02812157903354],[120.20577340049063,23.028121579026266],[120.20577735691627,23.02809346829854]]],[[[120.2057679978811,23.028160193588338],[120.20577340049063,23.028121579026266],[120.2057679978338,23.028160193581062],[120.2057679978811,23.028160193588338]]]]},"properties":{"building_uid":"nlsc3d-1KEBL573T4","source_id":"1KEBL573T4","building_source":"NLSC-3D-geometry","source_version":"67fec239-0993-40d8-8f4c-45dfff595538","source_license":"Government-Open-Data-TW-1.0","geometry_quality":"source-footprint","height":13.42,"render_height":13.42,"height_quality":"reported","height_source":"NLSC 3D BUILD_H","height_known":true,"min_height":0,"official_height_provider":"NLSC-3D","official_height_building_id":"1KEBL573T4","official_geometry_provider":"NLSC-I3S","official_geometry_node":104708,"official_geometry_resource":104708,"official_geometry_definition":0,"official_geometry_face_start":0,"official_geometry_face_end":42,"official_geometry_validation_m":0.45694532898442586,"official_height_floors":4,"official_height_h_source_code":"0","official_height_h_extraction_code":"0","official_geometry_positive_evidence_only":true}},{"type":"Feature","id":"nlsc3d-1KEE9573XU","geometry":{"type":"MultiPolygon","coordinates":[[[[120.20573500289761,23.028190967098272],[120.20577791155524,23.028187354035982],[120.2057779115698,23.028187353988688],[120.20573500287942,23.028190967054616],[120.20573500289761,23.028190967098272]]],[[[120.20579510849934,23.028358812853913],[120.20577791155524,23.028187354035982],[120.20577791152614,23.028187354232433],[120.20573500289761,23.028190967098272],[120.20575179658267,23.028362228173865],[120.20579510859393,23.02835881305764],[120.2057951085721,23.028358813013984],[120.20579510849934,23.028358812853913]],[[120.20573500295036,23.028190967291085],[120.20575179660814,23.02836222797014],[120.2057951085721,23.028358813013984],[120.20575179658995,23.02836222814476],[120.20573500295036,23.028190967291085]]]]},"properties":{"building_uid":"nlsc3d-1KEE9573XU","source_id":"1KEE9573XU","building_source":"NLSC-3D-geometry","source_version":"67fec239-0993-40d8-8f4c-45dfff595538","source_license":"Government-Open-Data-TW-1.0","geometry_quality":"source-footprint","height":16.49,"render_height":16.49,"height_quality":"reported","height_source":"NLSC 3D BUILD_H","height_known":true,"min_height":0,"official_height_provider":"NLSC-3D","official_height_building_id":"1KEE9573XU","official_geometry_provider":"NLSC-I3S","official_geometry_node":104708,"official_geometry_resource":104708,"official_geometry_definition":0,"official_geometry_face_start":43,"official_geometry_face_end":60,"official_geometry_validation_m":0.19566144582328615,"official_height_floors":5,"official_height_h_source_code":"0","official_height_h_extraction_code":"0","official_geometry_positive_evidence_only":true}},{"type":"Feature","id":"nlsc3d-1KEFP573XQ","geometry":{"type":"MultiPolygon","coordinates":[[[[120.20582515388965,23.028184113619137],[120.20577771992835,23.028187549253563],[120.20579491687245,23.02835900831524],[120.20579491687973,23.028359008271583],[120.20577771995018,23.028187549308132],[120.20582515388965,23.028184113619137]]],[[[120.20582515385327,23.028184113815588],[120.20577772000111,23.02818754949367],[120.20579491690155,23.02835900809696],[120.20584064047439,23.02835538103209],[120.20582515388965,23.028184113619137],[120.20582515385327,23.028184113815588]]]]},"properties":{"building_uid":"nlsc3d-1KEFP573XQ","source_id":"1KEFP573XQ","building_source":"NLSC-3D-geometry","source_version":"67fec239-0993-40d8-8f4c-45dfff595538","source_license":"Government-Open-Data-TW-1.0","geometry_quality":"source-footprint","height":16.59,"render_height":16.59,"height_quality":"reported","height_source":"NLSC 3D BUILD_H","height_known":true,"min_height":0,"official_height_provider":"NLSC-3D","official_height_building_id":"1KEFP573XQ","official_geometry_provider":"NLSC-I3S","official_geometry_node":104708,"official_geometry_resource":104708,"official_geometry_definition":0,"official_geometry_face_start":102,"official_geometry_face_end":119,"official_geometry_validation_m":0.15687277805519625,"official_height_floors":5,"official_height_h_source_code":"0","official_height_h_extraction_code":"0","official_geometry_positive_evidence_only":true}},{"type":"Feature","id":"nlsc3d-1KEH1573XM","geometry":{"type":"MultiPolygon","coordinates":[[[[120.20586210132261,23.028181617659897],[120.20582501848786,23.028184301898904],[120.2058404051446,23.028355669570914],[120.20587718465195,23.02835268709768],[120.20587718460102,23.02835268695216],[120.20586210135171,23.028181617467084],[120.20586210132261,23.028181617659897]]],[[[120.2058404051155,23.028355669789192],[120.20587718465923,23.028352687141336],[120.20584040513005,23.028355669745537],[120.20582501848786,23.028184301898904],[120.2058250184442,23.028184301711548],[120.2058404051155,23.028355669789192]]]]},"properties":{"building_uid":"nlsc3d-1KEH1573XM","source_id":"1KEH1573XM","building_source":"NLSC-3D-geometry","source_version":"67fec239-0993-40d8-8f4c-45dfff595538","source_license":"Government-Open-Data-TW-1.0","geometry_quality":"source-footprint","height":16.45,"render_height":16.45,"height_quality":"reported","height_source":"NLSC 3D BUILD_H","height_known":true,"min_height":0,"official_height_provider":"NLSC-3D","official_height_building_id":"1KEH1573XM","official_geometry_provider":"NLSC-I3S","official_geometry_node":104709,"official_geometry_resource":104709,"official_geometry_definition":0,"official_geometry_face_start":0,"official_geometry_face_end":17,"official_geometry_validation_m":0.1795157541298052,"official_height_floors":5,"official_height_h_source_code":"0","official_height_h_extraction_code":"0","official_geometry_positive_evidence_only":true}},{"type":"Feature","id":"nlsc3d-1KELL573XN","geometry":{"type":"MultiPolygon","coordinates":[[[[120.2059825021157,23.028192333461078],[120.20593125375545,23.02819678762407],[120.20594330420373,23.028347978810956],[120.20593125382094,23.02819678780233],[120.20594330423647,23.02834797867999],[120.20599465542772,23.028343923672395],[120.2059825021157,23.028192333461078]]],[[[120.20598250218391,23.028192333231885],[120.20599465550355,23.028343923817914],[120.20594330420373,23.028347978810956],[120.20594330419645,23.02834797885461],[120.20599465552151,23.028343923847018],[120.20598250218391,23.028192333231885]]]]},"properties":{"building_uid":"nlsc3d-1KELL573XN","source_id":"1KELL573XN","building_source":"NLSC-3D-geometry","source_version":"67fec239-0993-40d8-8f4c-45dfff595538","source_license":"Government-Open-Data-TW-1.0","geometry_quality":"source-footprint","height":16.69,"render_height":16.69,"height_quality":"reported","height_source":"NLSC 3D BUILD_H","height_known":true,"min_height":0,"official_height_provider":"NLSC-3D","official_height_building_id":"1KELL573XN","official_geometry_provider":"NLSC-I3S","official_geometry_node":104709,"official_geometry_resource":104709,"official_geometry_definition":0,"official_geometry_face_start":18,"official_geometry_face_end":35,"official_geometry_validation_m":0.18873963294348062,"official_height_floors":5,"official_height_h_source_code":"0","official_height_h_extraction_code":"0","official_geometry_positive_evidence_only":true}},{"type":"Feature","id":"nlsc3d-1KEK8573XF","geometry":{"type":"MultiPolygon","coordinates":[[[[120.20589576364965,23.028179531972086],[120.20592842829011,23.028177769491407],[120.20593145511758,23.02819664830767],[120.20592842829011,23.028177769444113],[120.2058957636351,23.02817953192661],[120.20589576364965,23.028179531972086]]],[[[120.20592842824645,23.028177769691496],[120.20589576367875,23.028179532168537],[120.20591094624488,23.028350401180973],[120.20591094623761,23.0283504010209],[120.20594360609776,23.028347838836083],[120.20593145507392,23.028196648464103],[120.20592842824645,23.028177769691496]]],[[[120.2059436061778,23.02834783902526],[120.20591094624488,23.028350401180973],[120.20589576364965,23.028179531972086],[120.20591094623033,23.02835040122463],[120.2059436061778,23.02834783902526]]],[[[120.20594360609776,23.028347838836083],[120.20594360616325,23.028347838981603],[120.20593145511758,23.02819664830767],[120.20594360609776,23.028347838836083]]]]},"properties":{"building_uid":"nlsc3d-1KEK8573XF","source_id":"1KEK8573XF","building_source":"NLSC-3D-geometry","source_version":"67fec239-0993-40d8-8f4c-45dfff595538","source_license":"Government-Open-Data-TW-1.0","geometry_quality":"source-footprint","height":16.75,"render_height":16.75,"height_quality":"reported","height_source":"NLSC 3D BUILD_H","height_known":true,"min_height":0,"official_height_provider":"NLSC-3D","official_height_building_id":"1KEK8573XF","official_geometry_provider":"NLSC-I3S","official_geometry_node":104709,"official_geometry_resource":104709,"official_geometry_definition":0,"official_geometry_face_start":36,"official_geometry_face_end":58,"official_geometry_validation_m":0.172698971595963,"official_height_floors":5,"official_height_h_source_code":"0","official_height_h_extraction_code":"0","official_geometry_positive_evidence_only":true}},{"type":"Feature","id":"nlsc3d-1KEQU573R4","geometry":{"type":"MultiPolygon","coordinates":[[[[120.20612161969858,23.02813811055475],[120.2061208600304,23.028128617427313],[120.20616226549701,23.02812581188354],[120.20615438823971,23.028034480600212],[120.20616226517687,23.028125811730746],[120.20615438796322,23.028034480833043],[120.20615384846552,23.02802818532527],[120.2061246032341,23.028030130610745],[120.2061237335971,23.028019038500673],[120.20608644724653,23.028021323849856],[120.20612373356799,23.02801903854433],[120.20612460321955,23.02803013063985],[120.20615384821814,23.02802818557265],[120.20612460307403,23.02803013088723],[120.20612373345158,23.028019038835367],[120.20608644724653,23.02802132387896],[120.20608644726836,23.02802132417],[120.20608731806729,23.028032615874285],[120.20605576122259,23.028034672675542],[120.2060547893003,23.02802328150446],[120.20605478914023,23.028023281242525],[120.2060547891184,23.02802328119887],[120.20603418816118,23.02802488348115],[120.20604383412739,23.02814339725282],[120.20604383414921,23.028143397223715],[120.20603418842676,23.028024883786742],[120.2060438343493,23.0281433970018],[120.20612161969858,23.02813811055475]],[[120.20603418818665,23.028024883524807],[120.20605478912225,23.028023281243925],[120.20605478914551,23.0280232815165],[120.20603418842676,23.028024883786742],[120.20603418818665,23.028024883524807]]],[[[120.20616226549701,23.02812581188354],[120.20612086014681,23.028128617605574],[120.20616226552612,23.028125811898093],[120.20616226549701,23.02812581188354]]]]},"properties":{"building_uid":"nlsc3d-1KEQU573R4","source_id":"1KEQU573R4","building_source":"NLSC-3D-geometry","source_version":"67fec239-0993-40d8-8f4c-45dfff595538","source_license":"Government-Open-Data-TW-1.0","geometry_quality":"source-footprint","height":30.16,"render_height":30.16,"height_quality":"reported","height_source":"NLSC 3D BUILD_H","height_known":true,"min_height":0,"official_height_provider":"NLSC-3D","official_height_building_id":"1KEQU573R4","official_geometry_provider":"NLSC-I3S","official_geometry_node":104709,"official_geometry_resource":104709,"official_geometry_definition":0,"official_geometry_face_start":59,"official_geometry_face_end":121,"official_geometry_validation_m":0.32141087507495203,"official_height_floors":9,"official_height_h_source_code":"0","official_height_h_extraction_code":"0","official_geometry_positive_evidence_only":true}},{"type":"Feature","id":"nlsc3d-1KEJ6573XJ","geometry":{"type":"Polygon","coordinates":[[[120.20586198128386,23.02818174294461],[120.20587696458334,23.028352912856093],[120.20587696459062,23.02835291289975],[120.20587696458676,23.028352912855826],[120.20591113194915,23.028350243176277],[120.20587696457149,23.02835291268126],[120.20591113186912,23.028350243001654],[120.20589584875653,23.02817937465133],[120.20586198126931,23.028181742762712],[120.20586198128386,23.02818174294461]],[[120.20587169932983,23.02829276234927],[120.20587174050338,23.028293232717836],[120.20586198128386,23.02818174294461],[120.20587169932983,23.02829276234927]]]},"properties":{"building_uid":"nlsc3d-1KEJ6573XJ","source_id":"1KEJ6573XJ","building_source":"NLSC-3D-geometry","source_version":"67fec239-0993-40d8-8f4c-45dfff595538","source_license":"Government-Open-Data-TW-1.0","geometry_quality":"source-footprint","height":16.36,"render_height":16.36,"height_quality":"reported","height_source":"NLSC 3D BUILD_H","height_known":true,"min_height":0,"official_height_provider":"NLSC-3D","official_height_building_id":"1KEJ6573XJ","official_geometry_provider":"NLSC-I3S","official_geometry_node":104709,"official_geometry_resource":104709,"official_geometry_definition":0,"official_geometry_face_start":122,"official_geometry_face_end":139,"official_geometry_validation_m":0.19206505677397326,"official_height_floors":5,"official_height_h_source_code":"0","official_height_h_extraction_code":"0","official_geometry_positive_evidence_only":true}},{"type":"Feature","id":"nlsc3d-1KEPF573XD","geometry":{"type":"MultiPolygon","coordinates":[[[[120.20602818362987,23.028188637261877],[120.20606315293354,23.02818556373731],[120.20606315295537,23.028185563695473],[120.2060281836335,23.02818863722186],[120.20602818362987,23.028188637261877]]],[[[120.20602818362987,23.028188637261877],[120.20602818364442,23.028188637463785],[120.20604044033699,23.02834072714049],[120.20603166653713,23.028231855635088],[120.20604044032608,23.028340726951313],[120.20607490932399,23.028338055976377],[120.20606315293354,23.02818556373731],[120.20606315286078,23.028185563948313],[120.20602818362987,23.028188637261877]]],[[[120.20604044033699,23.02834072714049],[120.20604044033335,23.028340727184144],[120.20607490933854,23.028338056020033],[120.20604044033699,23.02834072714049]]]]},"properties":{"building_uid":"nlsc3d-1KEPF573XD","source_id":"1KEPF573XD","building_source":"NLSC-3D-geometry","source_version":"67fec239-0993-40d8-8f4c-45dfff595538","source_license":"Government-Open-Data-TW-1.0","geometry_quality":"source-footprint","height":19.74,"render_height":19.74,"height_quality":"reported","height_source":"NLSC 3D BUILD_H","height_known":true,"min_height":0,"official_height_provider":"NLSC-3D","official_height_building_id":"1KEPF573XD","official_geometry_provider":"NLSC-I3S","official_geometry_node":104709,"official_geometry_resource":104709,"official_geometry_definition":0,"official_geometry_face_start":158,"official_geometry_face_end":175,"official_geometry_validation_m":0.17278869951428294,"official_height_floors":6,"official_height_h_source_code":"0","official_height_h_extraction_code":"0","official_geometry_positive_evidence_only":true}},{"type":"Feature","id":"nlsc3d-1KEN6573XH","geometry":{"type":"MultiPolygon","coordinates":[[[[120.20598227322863,23.02819250489719],[120.20602829610526,23.028188476672398],[120.20598227329411,23.0281925050609],[120.20599432658751,23.028344195764106],[120.20604065336612,23.028340565716093],[120.206028296138,23.02818847650323],[120.20598227320771,23.028192504857174],[120.20598227322863,23.02819250489719]]],[[[120.20599432655102,23.028344195909625],[120.20598227322863,23.02819250489719],[120.20599432654005,23.02834419595328],[120.20599432655102,23.028344195909625]]],[[[120.20599432655102,23.028344195909625],[120.20604065343888,23.028340565905268],[120.20604065342069,23.028340565861612],[120.20599432655102,23.028344195909625]]]]},"properties":{"building_uid":"nlsc3d-1KEN6573XH","source_id":"1KEN6573XH","building_source":"NLSC-3D-geometry","source_version":"67fec239-0993-40d8-8f4c-45dfff595538","source_license":"Government-Open-Data-TW-1.0","geometry_quality":"source-footprint","height":16.6,"render_height":16.6,"height_quality":"reported","height_source":"NLSC 3D BUILD_H","height_known":true,"min_height":0,"official_height_provider":"NLSC-3D","official_height_building_id":"1KEN6573XH","official_geometry_provider":"NLSC-I3S","official_geometry_node":104709,"official_geometry_resource":104709,"official_geometry_definition":0,"official_geometry_face_start":176,"official_geometry_face_end":193,"official_geometry_validation_m":0.19064028567153546,"official_height_floors":5,"official_height_h_source_code":"0","official_height_h_extraction_code":"0","official_geometry_positive_evidence_only":true}},{"type":"Feature","id":"nlsc3d-1KEJ9573RE","geometry":{"type":"MultiPolygon","coordinates":[[[[120.20584361291058,23.028047582278845],[120.20581245788581,23.028049636958343],[120.2058124581914,23.02804963712569],[120.20581975562764,23.02814496983919],[120.20581975559854,23.028144969869203],[120.20582029537273,23.028151265146874],[120.20587335933907,23.028147801389053],[120.20582029541639,23.02815126511777],[120.20581975591868,23.02814496960363],[120.20582029567832,23.028151264858565],[120.20587335940455,23.02814780110893],[120.20587401085014,23.028155995467017],[120.20587401090835,23.028155995185074],[120.20595169687532,23.028150909054233],[120.2059509324814,23.0281406162363],[120.20596520374657,23.028139745269613],[120.20595667517647,23.02804022012296],[120.20595560209277,23.028028729173997],[120.20595560180537,23.02802872942138],[120.20592997671575,23.02803075643041],[120.20592774179623,23.028009774329433],[120.20592774162161,23.028009774664127],[120.20588302467023,23.02801359633176],[120.20588302467023,23.028013596273553],[120.20588294256832,23.028033790199146],[120.20584274245867,23.02803639002977],[120.20584274247322,23.028036390058872],[120.2058427426624,23.02803639027715],[120.20584361291058,23.028047582278845]],[[120.2058830246775,23.02801359663735],[120.2058829425756,23.02803379046108],[120.20588294256832,23.02803379022825],[120.20588302467023,23.02801359633176],[120.2058830246775,23.02801359663735]]],[[[120.20584361270686,23.028047582075118],[120.20581245784216,23.02804963692924],[120.20584361272141,23.02804758210422],[120.20584274247322,23.028036390058872],[120.20584361270686,23.028047582075118]]],[[[120.20582029541639,23.02815126511777],[120.20587335933907,23.02814780135813],[120.20582029567832,23.028151264858565],[120.20582029541639,23.02815126511777]]],[[[120.20588302467023,23.028013596273553],[120.20592774179623,23.028009774329433],[120.20592774181806,23.02800977430033],[120.20588302467023,23.028013596273553]]],[[[120.20595169719182,23.028150909351638],[120.20595093278335,23.028140616483682],[120.20595169715908,23.02815090931253],[120.20587401085014,23.028155995467017],[120.20587335933907,23.02814780135813],[120.20587401084286,23.028155995505443],[120.20595169719182,23.028150909351638]]],[[[120.20592997673758,23.028030756401307],[120.20592774181806,23.02800977430033],[120.20592997671575,23.02803075643041],[120.20595560209277,23.028028729173997],[120.20592997673758,23.028030756401307]]],[[[120.20595667521648,23.02804022008658],[120.20595560213643,23.028028729144893],[120.20595667517647,23.02804022012296],[120.20596520408127,23.028139745496986],[120.20595667521648,23.02804022008658]]],[[[120.2059509324814,23.0281406162363],[120.20595093274697,23.028140616456398],[120.20596520411947,23.02813974552427],[120.20596520408127,23.028139745496986],[120.2059509324814,23.0281406162363]]]]},"properties":{"building_uid":"nlsc3d-1KEJ9573RE","source_id":"1KEJ9573RE","building_source":"NLSC-3D-geometry","source_version":"67fec239-0993-40d8-8f4c-45dfff595538","source_license":"Government-Open-Data-TW-1.0","geometry_quality":"source-footprint","height":30.32,"render_height":30.32,"height_quality":"reported","height_source":"NLSC 3D BUILD_H","height_known":true,"min_height":0,"official_height_provider":"NLSC-3D","official_height_building_id":"1KEJ9573RE","official_geometry_provider":"NLSC-I3S","official_geometry_node":104709,"official_geometry_resource":104709,"official_geometry_definition":0,"official_geometry_face_start":217,"official_geometry_face_end":294,"official_geometry_validation_m":0.7462112824446154,"official_height_floors":9,"official_height_h_source_code":"0","official_height_h_extraction_code":"0","official_geometry_positive_evidence_only":true}},{"type":"Feature","id":"nlsc3d-1KEMS573RA","geometry":{"type":"MultiPolygon","coordinates":[[[[120.20601727206723,23.0280256846805],[120.20603465747864,23.028024398611336],[120.20603465765326,23.02802439833485],[120.2060436533926,23.028134917853635],[120.2060436534217,23.02813491787728],[120.20603465767509,23.028024398291194],[120.20601727207814,23.02802568466595],[120.20601727206723,23.0280256846805]]],[[[120.20601727206723,23.0280256846805],[120.20601727197446,23.028025684956987],[120.20601834210048,23.02803667603311],[120.2059561332304,23.028040785181105],[120.20596456089571,23.028140210683517],[120.20604365319251,23.028134917659003],[120.20603465747864,23.028024398611336],[120.20601727209329,23.028025684948194],[120.20601727206723,23.0280256846805]]],[[[120.20596456075201,23.02814021089452],[120.2059561332304,23.028040785181105],[120.20595613305578,23.028040784970102],[120.20596456075201,23.02814021089452]]]]},"properties":{"building_uid":"nlsc3d-1KEMS573RA","source_id":"1KEMS573RA","building_source":"NLSC-3D-geometry","source_version":"67fec239-0993-40d8-8f4c-45dfff595538","source_license":"Government-Open-Data-TW-1.0","geometry_quality":"source-footprint","height":30.3,"render_height":30.3,"height_quality":"reported","height_source":"NLSC 3D BUILD_H","height_known":true,"min_height":0,"official_height_provider":"NLSC-3D","official_height_building_id":"1KEMS573RA","official_geometry_provider":"NLSC-I3S","official_geometry_node":104709,"official_geometry_resource":104709,"official_geometry_definition":0,"official_geometry_face_start":295,"official_geometry_face_end":322,"official_geometry_validation_m":0.4823763971385808,"official_height_floors":9,"official_height_h_source_code":"0","official_height_h_extraction_code":"0","official_geometry_positive_evidence_only":true}},{"type":"Feature","id":"nlsc3d-1KEQP573XA","geometry":{"type":"Polygon","coordinates":[[[120.20610590745729,23.02818195182462],[120.20606299946904,23.02818566474761],[120.20607475637608,23.028338256647288],[120.20607475637608,23.02833825680736],[120.20611907312797,23.028334736771825],[120.20610590752277,23.028181951604523],[120.2061059075155,23.028181951651817],[120.20606299943266,23.028185664540246],[120.20606299943994,23.0281856645839],[120.20610590745729,23.02818195182462]]]},"properties":{"building_uid":"nlsc3d-1KEQP573XA","source_id":"1KEQP573XA","building_source":"NLSC-3D-geometry","source_version":"67fec239-0993-40d8-8f4c-45dfff595538","source_license":"Government-Open-Data-TW-1.0","geometry_quality":"source-footprint","height":16.76,"render_height":16.76,"height_quality":"reported","height_source":"NLSC 3D BUILD_H","height_known":true,"min_height":0,"official_height_provider":"NLSC-3D","official_height_building_id":"1KEQP573XA","official_geometry_provider":"NLSC-I3S","official_geometry_node":104709,"official_geometry_resource":104709,"official_geometry_definition":0,"official_geometry_face_start":140,"official_geometry_face_end":157,"official_geometry_validation_m":0.22094907206603503,"official_height_floors":5,"official_height_h_source_code":"0","official_height_h_extraction_code":"0","official_geometry_positive_evidence_only":true}},{"type":"Feature","id":"nlsc3d-1KERX573WQ","geometry":{"type":"MultiPolygon","coordinates":[[[[120.20610269184054,23.02815661838312],[120.20610585800988,23.02818209418055],[120.2061190235787,23.02833487933694],[120.2061561053366,23.028331995205548],[120.20614017275021,23.028153232183826],[120.20614017273566,23.028153232231574],[120.2061561053075,23.028331995161892],[120.20615610523474,23.028331995016373],[120.206140172692,23.028153232444396],[120.20610269180416,23.02815661818599],[120.20610269184054,23.02815661838312]],[[120.2061190235787,23.028334879293283],[120.20610585804626,23.028182094329708],[120.20611902359325,23.02833487911866],[120.2061561053075,23.028331995161892],[120.2061190235787,23.028334879293283]]],[[[120.2061058580026,23.028182094140533],[120.20610585800988,23.02818209418055],[120.20610269180416,23.02815661818599],[120.2061058580026,23.028182094140533]]]]},"properties":{"building_uid":"nlsc3d-1KERX573WQ","source_id":"1KERX573WQ","building_source":"NLSC-3D-geometry","source_version":"67fec239-0993-40d8-8f4c-45dfff595538","source_license":"Government-Open-Data-TW-1.0","geometry_quality":"source-footprint","height":16.5,"render_height":16.5,"height_quality":"reported","height_source":"NLSC 3D BUILD_H","height_known":true,"min_height":0,"official_height_provider":"NLSC-3D","official_height_building_id":"1KERX573WQ","official_geometry_provider":"NLSC-I3S","official_geometry_node":104709,"official_geometry_resource":104709,"official_geometry_definition":0,"official_geometry_face_start":194,"official_geometry_face_end":216,"official_geometry_validation_m":0.1521613352447082,"official_height_floors":5,"official_height_h_source_code":"0","official_height_h_extraction_code":"0","official_geometry_positive_evidence_only":true}},{"type":"Feature","id":"nlsc3d-1KE3E573P5","geometry":{"type":"MultiPolygon","coordinates":[[[[120.20532881523488,23.027989030861242],[120.20553043587663,23.028013016171933],[120.20553043593483,23.02801301615738],[120.20532881523488,23.027989030861242]]],[[[120.20532881528581,23.02798903088307],[120.20532881541678,23.027989030941278],[120.2053237179027,23.028028243718033],[120.20550311075587,23.02805074050604],[120.20550311071221,23.028050740491487],[120.2053237180555,23.028028243710757],[120.20550311058489,23.028050740462383],[120.20552524369506,23.028053229116374],[120.205530435702,23.02801301619376],[120.20532881528581,23.02798903088307]]]]},"properties":{"building_uid":"nlsc3d-1KE3E573P5","source_id":"1KE3E573P5","building_source":"NLSC-3D-geometry","source_version":"67fec239-0993-40d8-8f4c-45dfff595538","source_license":"Government-Open-Data-TW-1.0","geometry_quality":"source-footprint","height":13.44,"render_height":13.44,"height_quality":"reported","height_source":"NLSC 3D BUILD_H","height_known":true,"min_height":0,"official_height_provider":"NLSC-3D","official_height_building_id":"1KE3E573P5","official_geometry_provider":"NLSC-I3S","official_geometry_node":104714,"official_geometry_resource":104714,"official_geometry_definition":0,"official_geometry_face_start":0,"official_geometry_face_end":22,"official_geometry_validation_m":0.14227972609699902,"official_height_floors":4,"official_height_h_source_code":"0","official_height_h_extraction_code":"0","official_geometry_positive_evidence_only":true}},{"type":"Feature","id":"nlsc3d-1KE2U573QH","geometry":{"type":"MultiPolygon","coordinates":[[[[120.20550300336274,23.028050608854862],[120.20532351049425,23.028028212540555],[120.20550300331544,23.028050608869414],[120.20550300336274,23.028050608854862]]],[[[120.20532351067615,23.028028212635142],[120.20531793419306,23.028071426504646],[120.20549561586833,23.02809363186872],[120.20549561601021,23.028093631897825],[120.20550300331544,23.028050608869414],[120.20550300316265,23.028050608898518],[120.20532351067615,23.028028212635142]]],[[[120.20549561605023,23.028093631912377],[120.20550300336274,23.028050608854862],[120.20549561601021,23.028093631897825],[120.20549561605023,23.028093631912377]]],[[[120.20549561605023,23.028093631912377],[120.2053179340621,23.028071426504646],[120.20531793401844,23.028071426504646],[120.20549561605023,23.028093631912377]]]]},"properties":{"building_uid":"nlsc3d-1KE2U573QH","source_id":"1KE2U573QH","building_source":"NLSC-3D-geometry","source_version":"67fec239-0993-40d8-8f4c-45dfff595538","source_license":"Government-Open-Data-TW-1.0","geometry_quality":"source-footprint","height":13.2,"render_height":13.2,"height_quality":"reported","height_source":"NLSC 3D BUILD_H","height_known":true,"min_height":0,"official_height_provider":"NLSC-3D","official_height_building_id":"1KE2U573QH","official_geometry_provider":"NLSC-I3S","official_geometry_node":104714,"official_geometry_resource":104714,"official_geometry_definition":0,"official_geometry_face_start":23,"official_geometry_face_end":40,"official_geometry_validation_m":0.2312643851879656,"official_height_floors":4,"official_height_h_source_code":"0","official_height_h_extraction_code":"0","official_geometry_positive_evidence_only":true}},{"type":"Feature","id":"nlsc3d-1KE40573JA","geometry":{"type":"MultiPolygon","coordinates":[[[[120.20555092879314,23.02785736987618],[120.20555092885135,23.027857369854352],[120.20534971501567,23.02783418221417],[120.20534971505205,23.027834182243275],[120.20555092879314,23.02785736987618]]],[[[120.2053497151903,23.027834182330587],[120.20534048258943,23.02790530545655],[120.20534048274223,23.02790530543654],[120.20554199481941,23.027927991702022],[120.20555092879314,23.02785736987618],[120.20555092860397,23.027857369919836],[120.2053497151903,23.027834182330587]]],[[[120.20555092885135,23.027857369854352],[120.20554199498676,23.02792799175449],[120.20554199504497,23.027927991773076],[120.20555092885135,23.027857369854352]]]]},"properties":{"building_uid":"nlsc3d-1KE40573JA","source_id":"1KE40573JA","building_source":"NLSC-3D-geometry","source_version":"67fec239-0993-40d8-8f4c-45dfff595538","source_license":"Government-Open-Data-TW-1.0","geometry_quality":"source-footprint","height":13.31,"render_height":13.31,"height_quality":"reported","height_source":"NLSC 3D BUILD_H","height_known":true,"min_height":0,"official_height_provider":"NLSC-3D","official_height_building_id":"1KE40573JA","official_geometry_provider":"NLSC-I3S","official_geometry_node":104714,"official_geometry_resource":104714,"official_geometry_definition":0,"official_geometry_face_start":64,"official_geometry_face_end":81,"official_geometry_validation_m":0.18954638132879442,"official_height_floors":4,"official_height_h_source_code":"0","official_height_h_extraction_code":"0","official_geometry_positive_evidence_only":true}},{"type":"Feature","id":"nlsc3d-1KE3R573LA","geometry":{"type":"MultiPolygon","coordinates":[[[[120.20533459247619,23.027948407030742],[120.20534016957774,23.02790529305286],[120.20533459242526,23.02794840703256],[120.20533459247619,23.027948407030742]]],[[[120.20533459247619,23.027948407030742],[120.2055359138869,23.02797279374692],[120.20554168204055,23.02792797933892],[120.20554168198234,23.027927979348867],[120.20534016957774,23.02790529305286],[120.20534016972326,23.027905293116525],[120.20533459247619,23.027948407030742]]]]},"properties":{"building_uid":"nlsc3d-1KE3R573LA","source_id":"1KE3R573LA","building_source":"NLSC-3D-geometry","source_version":"67fec239-0993-40d8-8f4c-45dfff595538","source_license":"Government-Open-Data-TW-1.0","geometry_quality":"source-footprint","height":13.58,"render_height":13.58,"height_quality":"reported","height_source":"NLSC 3D BUILD_H","height_known":true,"min_height":0,"official_height_provider":"NLSC-3D","official_height_building_id":"1KE3R573LA","official_geometry_provider":"NLSC-I3S","official_geometry_node":104714,"official_geometry_resource":104714,"official_geometry_definition":0,"official_geometry_face_start":82,"official_geometry_face_end":99,"official_geometry_validation_m":0.1280647344186496,"official_height_floors":4,"official_height_h_source_code":"0","official_height_h_extraction_code":"0","official_geometry_positive_evidence_only":true}},{"type":"Feature","id":"nlsc3d-1KE3J573MQ","geometry":{"type":"Polygon","coordinates":[[[120.20553066648083,23.028013024604768],[120.20553575798496,23.027972812100522],[120.20533433598413,23.02794842591367],[120.20533433602779,23.0279484259355],[120.2053290457736,23.0279890392868],[120.20553066648083,23.028013024604768]],[[120.20553575778851,23.027972812125988],[120.20533433612238,23.027948425979154],[120.20532904581725,23.0279890392868],[120.20533433602779,23.0279484259355],[120.20553575778851,23.027972812125988]],[[120.20553575791948,23.027972812107798],[120.2055306663062,23.028013024568388],[120.20553575778851,23.027972812125988],[120.20553575791948,23.027972812107798]],[[120.2055306664299,23.028013024590216],[120.20532904591911,23.0279890392868],[120.2055306663062,23.028013024568388],[120.2055306664299,23.028013024590216]]]},"properties":{"building_uid":"nlsc3d-1KE3J573MQ","source_id":"1KE3J573MQ","building_source":"NLSC-3D-geometry","source_version":"67fec239-0993-40d8-8f4c-45dfff595538","source_license":"Government-Open-Data-TW-1.0","geometry_quality":"source-footprint","height":10.34,"render_height":10.34,"height_quality":"reported","height_source":"NLSC 3D BUILD_H","height_known":true,"min_height":0,"official_height_provider":"NLSC-3D","official_height_building_id":"1KE3J573MQ","official_geometry_provider":"NLSC-I3S","official_geometry_node":104714,"official_geometry_resource":104714,"official_geometry_definition":0,"official_geometry_face_start":100,"official_geometry_face_end":117,"official_geometry_validation_m":0.1981836557224787,"official_height_floors":3,"official_height_h_source_code":"0","official_height_h_extraction_code":"0","official_geometry_positive_evidence_only":true}},{"type":"Feature","id":"nlsc3d-1KE48573GB","geometry":{"type":"MultiPolygon","coordinates":[[[[120.2053554310007,23.027792459363006],[120.20535004672658,23.02783417285729],[120.20555126057681,23.027857360490195],[120.20535004677751,23.027834172850014],[120.20535004687937,23.027834172850014],[120.20555126041674,23.027857360453815],[120.20555692742002,23.02781244665868],[120.20541025243458,23.027797184107946],[120.2054102523982,23.027797184078842],[120.20535543105163,23.02779245939211],[120.2053554310007,23.027792459363006]]],[[[120.20555692742002,23.02781244665868],[120.20555692754371,23.02781244663685],[120.2054102523982,23.027797184078842],[120.20555692742002,23.02781244665868]]]]},"properties":{"building_uid":"nlsc3d-1KE48573GB","source_id":"1KE48573GB","building_source":"NLSC-3D-geometry","source_version":"67fec239-0993-40d8-8f4c-45dfff595538","source_license":"Government-Open-Data-TW-1.0","geometry_quality":"source-footprint","height":10.16,"render_height":10.16,"height_quality":"reported","height_source":"NLSC 3D BUILD_H","height_known":true,"min_height":0,"official_height_provider":"NLSC-3D","official_height_building_id":"1KE48573GB","official_geometry_provider":"NLSC-I3S","official_geometry_node":104714,"official_geometry_resource":104714,"official_geometry_definition":0,"official_geometry_face_start":41,"official_geometry_face_end":63,"official_geometry_validation_m":0.11796399168173641,"official_height_floors":3,"official_height_h_source_code":"0","official_height_h_extraction_code":"0","official_geometry_positive_evidence_only":true}},{"type":"Feature","id":"nlsc3d-1KE59573F0","geometry":{"type":"Polygon","coordinates":[[[120.20541742675798,23.027757949466938],[120.20541742684529,23.027757949510594],[120.20541031992272,23.02779737226421],[120.20555699483177,23.027812634807667],[120.20556199419318,23.027773822361375],[120.20541742675798,23.027757949466938]]]},"properties":{"building_uid":"nlsc3d-1KE59573F0","source_id":"1KE59573F0","building_source":"NLSC-3D-geometry","source_version":"67fec239-0993-40d8-8f4c-45dfff595538","source_license":"Government-Open-Data-TW-1.0","geometry_quality":"source-footprint","height":13.26,"render_height":13.26,"height_quality":"reported","height_source":"NLSC 3D BUILD_H","height_known":true,"min_height":0,"official_height_provider":"NLSC-3D","official_height_building_id":"1KE59573F0","official_geometry_provider":"NLSC-I3S","official_geometry_node":104714,"official_geometry_resource":104714,"official_geometry_definition":0,"official_geometry_face_start":118,"official_geometry_face_end":135,"official_geometry_validation_m":0.163888480711681,"official_height_floors":4,"official_height_h_source_code":"0","official_height_h_extraction_code":"0","official_geometry_positive_evidence_only":true}},{"type":"Feature","id":"nlsc3d-1KEC1573PN","geometry":{"type":"MultiPolygon","coordinates":[[[[120.2057903460028,23.028003686836957],[120.20561367230596,23.02798197589603],[120.20561367234961,23.027981975925133],[120.20579034594459,23.028003686858785],[120.2057903460028,23.028003686836957]]],[[[120.20560275319633,23.028074000832778],[120.20577780476208,23.028093420611032],[120.20577780471842,23.02809342058193],[120.20560275324726,23.028074000818226],[120.20561367249513,23.02798197604155],[120.20560275340733,23.028074000789122],[120.20577780458018,23.02809342050917],[120.20579034594459,23.028003686858785],[120.2057903457918,23.028003686931545],[120.20561367234961,23.027981975925133],[120.20560275319633,23.028074000832778]]]]},"properties":{"building_uid":"nlsc3d-1KEC1573PN","source_id":"1KEC1573PN","building_source":"NLSC-3D-geometry","source_version":"67fec239-0993-40d8-8f4c-45dfff595538","source_license":"Government-Open-Data-TW-1.0","geometry_quality":"source-footprint","height":13.92,"render_height":13.92,"height_quality":"reported","height_source":"NLSC 3D BUILD_H","height_known":true,"min_height":0,"official_height_provider":"NLSC-3D","official_height_building_id":"1KEC1573PN","official_geometry_provider":"NLSC-I3S","official_geometry_node":104710,"official_geometry_resource":104710,"official_geometry_definition":0,"official_geometry_face_start":0,"official_geometry_face_end":17,"official_geometry_validation_m":0.26704472318561034,"official_height_floors":4,"official_height_h_source_code":"0","official_height_h_extraction_code":"0","official_geometry_positive_evidence_only":true}},{"type":"Feature","id":"nlsc3d-1KECB573M7","geometry":{"type":"MultiPolygon","coordinates":[[[[120.20562640686887,23.027929282888937],[120.2056264067379,23.027929282807992],[120.20562640670153,23.027929282787984],[120.2056196961513,23.027933614899514],[120.20561969618768,23.027933614917703],[120.20562640686887,23.027929282888937]]],[[[120.20567510659941,23.027935937525246],[120.2056751065885,23.027935937507056],[120.20562640670153,23.027929282787984],[120.20567510659941,23.027935937525246]]],[[[120.20562640686887,23.027929282888937],[120.20561969632593,23.027933614988644],[120.20561404925877,23.027981927540015],[120.20579072310113,23.028003738394393],[120.2057918796437,23.02799523541201],[120.20579814818677,23.02795001867874],[120.20579187946907,23.02799523537563],[120.20579814800487,23.027950018722397],[120.20567510663943,23.02793593759073],[120.20562640686887,23.027929282888937]]],[[[120.20561969618768,23.027933614917703],[120.2056140490696,23.027981927561843],[120.20561404910598,23.027981927561843],[120.20561969632593,23.027933614988644],[120.20561969618768,23.027933614917703]]],[[[120.20567510659941,23.027935937525246],[120.2056264067379,23.027929282807992],[120.20567510663943,23.02793593759073],[120.20567510659941,23.027935937525246]]],[[[120.20579187969463,23.027995235426562],[120.2057981482377,23.027950018671465],[120.2057918796437,23.02799523541201],[120.20579187969463,23.027995235426562]]],[[[120.20561404925877,23.027981927540015],[120.20561404910598,23.027981927561843],[120.20579072328303,23.0280037384526],[120.20561404925877,23.027981927540015]]]]},"properties":{"building_uid":"nlsc3d-1KECB573M7","source_id":"1KECB573M7","building_source":"NLSC-3D-geometry","source_version":"67fec239-0993-40d8-8f4c-45dfff595538","source_license":"Government-Open-Data-TW-1.0","geometry_quality":"source-footprint","height":15.21,"render_height":15.21,"height_quality":"reported","height_source":"NLSC 3D BUILD_H","height_known":true,"min_height":0,"official_height_provider":"NLSC-3D","official_height_building_id":"1KECB573M7","official_geometry_provider":"NLSC-I3S","official_geometry_node":104710,"official_geometry_resource":104710,"official_geometry_definition":0,"official_geometry_face_start":46,"official_geometry_face_end":78,"official_geometry_validation_m":0.18503939030618866,"official_height_floors":5,"official_height_h_source_code":"0","official_height_h_extraction_code":"0","official_geometry_positive_evidence_only":true}},{"type":"Feature","id":"nlsc3d-1KED5573EG","geometry":{"type":"MultiPolygon","coordinates":[[[[120.20564823755751,23.027741865023774],[120.20564296727582,23.02778587718952],[120.20569759110742,23.027791202768487],[120.20569759112016,23.027791202753935],[120.20564296731948,23.02778587718952],[120.20564823773941,23.027741865096534],[120.20564296747955,23.027785877160415],[120.20569759117109,23.02779120272483],[120.20581939370652,23.027799791861828],[120.20581939388114,23.027799791905483],[120.20582448729886,23.02775987931985],[120.20582448724792,23.0277598793344],[120.20569482091025,23.027747630623555],[120.20564823755751,23.027741865023774]],[[120.20582448706602,23.027759879348952],[120.20569482097028,23.02774763066721],[120.20569482091025,23.027747630623555],[120.20582448706602,23.027759879348952]]],[[[120.20581939393207,23.027799791920035],[120.20581939388114,23.027799791905483],[120.20569759112016,23.027791202753935],[120.20581939393207,23.027799791920035]]]]},"properties":{"building_uid":"nlsc3d-1KED5573EG","source_id":"1KED5573EG","building_source":"NLSC-3D-geometry","source_version":"67fec239-0993-40d8-8f4c-45dfff595538","source_license":"Government-Open-Data-TW-1.0","geometry_quality":"source-footprint","height":15.21,"render_height":15.21,"height_quality":"reported","height_source":"NLSC 3D BUILD_H","height_known":true,"min_height":0,"official_height_provider":"NLSC-3D","official_height_building_id":"1KED5573EG","official_geometry_provider":"NLSC-I3S","official_geometry_node":104710,"official_geometry_resource":104710,"official_geometry_definition":0,"official_geometry_face_start":18,"official_geometry_face_end":45,"official_geometry_validation_m":0.3628912763407337,"official_height_floors":5,"official_height_h_source_code":"0","official_height_h_extraction_code":"0","official_geometry_positive_evidence_only":true}},{"type":"Feature","id":"nlsc3d-1KE5257398","geometry":{"type":"MultiPolygon","coordinates":[[[[120.20538380564616,23.027588506031115],[120.2055837077663,23.027610900508698],[120.2055837078245,23.027610900499603],[120.20538380564616,23.027588506031115]]],[[[120.20538380585853,23.02758850612161],[120.20538380570073,23.027588506050215],[120.2053784131227,23.027628820000864],[120.20537841317017,23.027628820000864],[120.20538380585853,23.02758850612161]]],[[[120.20537841333649,23.0276288200045],[120.20557880848568,23.027649612512214],[120.20557880831106,23.02764961248311],[120.2055837077663,23.027610900508698],[120.20558370759167,23.02761090054144],[120.20538380585853,23.02758850612161],[120.20537841333649,23.0276288200045]]],[[[120.20537841317017,23.027628820000864],[120.20557880854389,23.027649612526766],[120.2055837078245,23.027610900499603],[120.20557880848568,23.027649612512214],[120.20537841317017,23.027628820000864]]]]},"properties":{"building_uid":"nlsc3d-1KE5257398","source_id":"1KE5257398","building_source":"NLSC-3D-geometry","source_version":"67fec239-0993-40d8-8f4c-45dfff595538","source_license":"Government-Open-Data-TW-1.0","geometry_quality":"source-footprint","height":13.91,"render_height":13.91,"height_quality":"reported","height_source":"NLSC 3D BUILD_H","height_known":true,"min_height":0,"official_height_provider":"NLSC-3D","official_height_building_id":"1KE5257398","official_geometry_provider":"NLSC-I3S","official_geometry_node":104623,"official_geometry_resource":104623,"official_geometry_definition":0,"official_geometry_face_start":18,"official_geometry_face_end":35,"official_geometry_validation_m":0.24789482850126943,"official_height_floors":4,"official_height_h_source_code":"0","official_height_h_extraction_code":"0","official_geometry_positive_evidence_only":true}},{"type":"Feature","id":"nlsc3d-1KE4T573B9","geometry":{"type":"MultiPolygon","coordinates":[[[[120.20537804205347,23.0276288588472],[120.20537804218387,23.027628858945427],[120.20536754343843,23.027706886129344],[120.2053675432829,23.027706886158448],[120.20556844715824,23.02772867581796],[120.20557853736895,23.027649550877577],[120.20537804201385,23.027628858818098],[120.20557853731074,23.027649550899405],[120.20557853709246,23.027649550964888],[120.20537804205347,23.0276288588472]]],[[[120.20537804205347,23.0276288588472],[120.20536754323561,23.027706886173],[120.20556844721645,23.027728675847065],[120.2053675432829,23.027706886158448],[120.20537804205347,23.0276288588472]]]]},"properties":{"building_uid":"nlsc3d-1KE4T573B9","source_id":"1KE4T573B9","building_source":"NLSC-3D-geometry","source_version":"67fec239-0993-40d8-8f4c-45dfff595538","source_license":"Government-Open-Data-TW-1.0","geometry_quality":"source-footprint","height":13.99,"render_height":13.99,"height_quality":"reported","height_source":"NLSC 3D BUILD_H","height_known":true,"min_height":0,"official_height_provider":"NLSC-3D","official_height_building_id":"1KE4T573B9","official_geometry_provider":"NLSC-I3S","official_geometry_node":104623,"official_geometry_resource":104623,"official_geometry_definition":0,"official_geometry_face_start":36,"official_geometry_face_end":53,"official_geometry_validation_m":0.15798219099218716,"official_height_floors":4,"official_height_h_source_code":"0","official_height_h_extraction_code":"0","official_geometry_positive_evidence_only":true}},{"type":"Feature","id":"nlsc3d-1KE4K573DE","geometry":{"type":"MultiPolygon","coordinates":[[[[120.20536714798013,23.027706937890507],[120.20556805131704,23.027728627592914],[120.20556805137525,23.027728627592914],[120.20536714798013,23.027706937890507]]],[[[120.20536714803288,23.02770693791961],[120.20536714798013,23.027706937890507],[120.20536137453414,23.027750852616627],[120.20536714803288,23.02770693791961]]],[[[120.20536137458507,23.027750852616627],[120.205417817457,23.02775776850165],[120.20556228494601,23.02777374186251],[120.20556805131704,23.027728627592914],[120.20556805120063,23.027728627607466],[120.2053671481302,23.027706937963266],[120.20536137469057,23.027750852616627],[120.20536137458507,23.027750852616627]]],[[[120.20556228494601,23.02777374186251],[120.20556228498967,23.027773741877063],[120.20556805137525,23.027728627592914],[120.20556228494601,23.02777374186251]]]]},"properties":{"building_uid":"nlsc3d-1KE4K573DE","source_id":"1KE4K573DE","building_source":"NLSC-3D-geometry","source_version":"67fec239-0993-40d8-8f4c-45dfff595538","source_license":"Government-Open-Data-TW-1.0","geometry_quality":"source-footprint","height":10.42,"render_height":10.42,"height_quality":"reported","height_source":"NLSC 3D BUILD_H","height_known":true,"min_height":0,"official_height_provider":"NLSC-3D","official_height_building_id":"1KE4K573DE","official_geometry_provider":"NLSC-I3S","official_geometry_node":104623,"official_geometry_resource":104623,"official_geometry_definition":0,"official_geometry_face_start":54,"official_geometry_face_end":76,"official_geometry_validation_m":0.14910172440781028,"official_height_floors":3,"official_height_h_source_code":"0","official_height_h_extraction_code":"0","official_geometry_positive_evidence_only":true}},{"type":"Feature","id":"nlsc3d-1KEE4573D4","geometry":{"type":"MultiPolygon","coordinates":[[[[120.20570153125438,23.027706380882584],[120.20569493810537,23.02774770051473],[120.20582460451034,23.027759949225576],[120.20582988951857,23.0277184361912],[120.20570153125438,23.027706380882584]],[[120.20570153127984,23.02770638088986],[120.20582988946764,23.027718436198477],[120.20582460447396,23.027759949211024],[120.20569493813447,23.02774770051473],[120.20570153127984,23.02770638088986]]],[[[120.20582460435027,23.027759949196472],[120.20582988933667,23.027718436234856],[120.20570153134896,23.027706380948068],[120.2056949382145,23.02774770050018],[120.20582460435027,23.027759949196472]]]]},"properties":{"building_uid":"nlsc3d-1KEE4573D4","source_id":"1KEE4573D4","building_source":"NLSC-3D-geometry","source_version":"67fec239-0993-40d8-8f4c-45dfff595538","source_license":"Government-Open-Data-TW-1.0","geometry_quality":"source-footprint","height":13.67,"render_height":13.67,"height_quality":"reported","height_source":"NLSC 3D BUILD_H","height_known":true,"min_height":0,"official_height_provider":"NLSC-3D","official_height_building_id":"1KEE4573D4","official_geometry_provider":"NLSC-I3S","official_geometry_node":104618,"official_geometry_resource":104618,"official_geometry_definition":0,"official_geometry_face_start":59,"official_geometry_face_end":76,"official_geometry_validation_m":0.15189497056676574,"official_height_floors":4,"official_height_h_source_code":"0","official_height_h_extraction_code":"0","official_geometry_positive_evidence_only":true}},{"type":"Feature","id":"nlsc3d-1KD79573B0","geometry":{"type":"MultiPolygon","coordinates":[[[[120.20445811974095,23.027653541838973],[120.20445638737318,23.027666646279442],[120.20445508006414,23.02766655286281],[120.20444693140634,23.027665693881445],[120.20444693118078,23.027665693877807],[120.20444587187411,23.02767359662643],[120.20444587211058,23.027673596619152],[120.20464235446742,23.027695807025466],[120.2046429329206,23.02769160549464],[120.2046478472479,23.027655492643262],[120.20464784753894,23.02765549261052],[120.20464293318254,23.027691605560122],[120.20464784759714,23.027655492599607],[120.20446051986472,23.027634336004795],[120.20445811974095,23.027653541838973]],[[120.20445811977733,23.02765354184625],[120.2044605199011,23.027634336024803],[120.2044605201012,23.027634336115753],[120.20445811997742,23.02765354187899],[120.20445811977733,23.02765354184625]]],[[[120.20444587182682,23.027673596633704],[120.20444693118078,23.027665693877807],[120.20444693113349,23.02766569387417],[120.20444587182682,23.027673596633704]]],[[[120.20444587182682,23.027673596633704],[120.20464235481667,23.027695807112778],[120.20444587187411,23.02767359662643],[120.20444587182682,23.027673596633704]]],[[[120.20464235475846,23.027695807098226],[120.20464293318254,23.027691605560122],[120.20464235446742,23.027695807025466],[120.20464235475846,23.027695807098226]]]]},"properties":{"building_uid":"nlsc3d-1KD79573B0","source_id":"1KD79573B0","building_source":"NLSC-3D-geometry","source_version":"67fec239-0993-40d8-8f4c-45dfff595538","source_license":"Government-Open-Data-TW-1.0","geometry_quality":"source-footprint","height":19.86,"render_height":19.86,"height_quality":"reported","height_source":"NLSC 3D BUILD_H","height_known":true,"min_height":0,"official_height_provider":"NLSC-3D","official_height_building_id":"1KD79573B0","official_geometry_provider":"NLSC-I3S","official_geometry_node":104637,"official_geometry_resource":104637,"official_geometry_definition":0,"official_geometry_face_start":69,"official_geometry_face_end":111,"official_geometry_validation_m":0.19170797333207848,"official_height_floors":6,"official_height_h_source_code":"0","official_height_h_extraction_code":"0","official_geometry_positive_evidence_only":true}},{"type":"Feature","id":"nlsc3d-1KD6X573CC","geometry":{"type":"MultiPolygon","coordinates":[[[[120.20444560642899,23.027673594239914],[120.20444021358743,23.027713808261197],[120.2044456066691,23.027673594341778],[120.20444560642899,23.027673594239914]]],[[[120.20444021384209,23.02771380827575],[120.20463669681375,23.02773611861734],[120.20464218956512,23.027695804224223],[120.2044456066691,23.027673594341778],[120.20444021384209,23.02771380827575]]]]},"properties":{"building_uid":"nlsc3d-1KD6X573CC","source_id":"1KD6X573CC","building_source":"NLSC-3D-geometry","source_version":"67fec239-0993-40d8-8f4c-45dfff595538","source_license":"Government-Open-Data-TW-1.0","geometry_quality":"source-footprint","height":19.82,"render_height":19.82,"height_quality":"reported","height_source":"NLSC 3D BUILD_H","height_known":true,"min_height":0,"official_height_provider":"NLSC-3D","official_height_building_id":"1KD6X573CC","official_geometry_provider":"NLSC-I3S","official_geometry_node":104637,"official_geometry_resource":104637,"official_geometry_definition":0,"official_geometry_face_start":112,"official_geometry_face_end":129,"official_geometry_validation_m":0.18643068683197173,"official_height_floors":6,"official_height_h_source_code":"0","official_height_h_extraction_code":"0","official_geometry_positive_evidence_only":true}},{"type":"Feature","id":"nlsc3d-1KD7F5739K","geometry":{"type":"MultiPolygon","coordinates":[[[[120.20446457435573,23.027603527483862],[120.20446572494656,23.02759402488222],[120.20446572473192,23.027594024787632],[120.20446457431207,23.02760352747113],[120.2044607345746,23.027634336774227],[120.20446457435573,23.027603527483862]]],[[[120.20464796171326,23.02765549388745],[120.20464796146588,23.02765549381469],[120.20465335370717,23.02761517993953],[120.20446572494656,23.02759402488222],[120.20446457456309,23.027603527554803],[120.20446073484017,23.027634336763313],[120.20464796171326,23.02765549388745]]],[[[120.20446073461825,23.027634336772408],[120.2044607345746,23.027634336774227],[120.20464796177147,23.027655493894727],[120.20446073461825,23.027634336772408]]],[[[120.20464796171326,23.02765549388745],[120.20464796177147,23.027655493894727],[120.20465335402731,23.027615179882687],[120.2044657246919,23.02759402477126],[120.20446572473192,23.027594024787632],[120.2046533539691,23.027615179889963],[120.20464796171326,23.02765549388745]]]]},"properties":{"building_uid":"nlsc3d-1KD7F5739K","source_id":"1KD7F5739K","building_source":"NLSC-3D-geometry","source_version":"67fec239-0993-40d8-8f4c-45dfff595538","source_license":"Government-Open-Data-TW-1.0","geometry_quality":"source-footprint","height":19.97,"render_height":19.97,"height_quality":"reported","height_source":"NLSC 3D BUILD_H","height_known":true,"min_height":0,"official_height_provider":"NLSC-3D","official_height_building_id":"1KD7F5739K","official_geometry_provider":"NLSC-I3S","official_geometry_node":104637,"official_geometry_resource":104637,"official_geometry_definition":0,"official_geometry_face_start":148,"official_geometry_face_end":170,"official_geometry_validation_m":0.1918592310635033,"official_height_floors":6,"official_height_h_source_code":"0","official_height_h_extraction_code":"0","official_geometry_positive_evidence_only":true}},{"type":"Feature","id":"nlsc3d-1KD6S573DQ","geometry":{"type":"MultiPolygon","coordinates":[[[[120.2044345526814,23.027754100986513],[120.20443455295062,23.02775410097196],[120.204631035915,23.02777641137176],[120.20463132772456,23.027774710500253],[120.20463132778276,23.027774710514805],[120.20463421524654,23.027752903087404],[120.20463421520289,23.02775290307285],[120.20463132749173,23.027774710456598],[120.20463421494095,23.027752903087404],[120.20463652869547,23.02773609696409],[120.20443994552296,23.02771388695068],[120.2044345526814,23.027754100986513]]],[[[120.20463103620604,23.02777641142997],[120.20463132778276,23.027774710514805],[120.20463103616238,23.027776411415417],[120.2044345526814,23.027754100986513],[120.20463103620604,23.02777641142997]]]]},"properties":{"building_uid":"nlsc3d-1KD6S573DQ","source_id":"1KD6S573DQ","building_source":"NLSC-3D-geometry","source_version":"67fec239-0993-40d8-8f4c-45dfff595538","source_license":"Government-Open-Data-TW-1.0","geometry_quality":"source-footprint","height":19.78,"render_height":19.78,"height_quality":"reported","height_source":"NLSC 3D BUILD_H","height_known":true,"min_height":0,"official_height_provider":"NLSC-3D","official_height_building_id":"1KD6S573DQ","official_geometry_provider":"NLSC-I3S","official_geometry_node":104637,"official_geometry_resource":104637,"official_geometry_definition":0,"official_geometry_face_start":171,"official_geometry_face_end":198,"official_geometry_validation_m":0.18532349684430854,"official_height_floors":6,"official_height_h_source_code":"0","official_height_h_extraction_code":"0","official_geometry_positive_evidence_only":true}},{"type":"Feature","id":"nlsc3d-1KF87573VP","geometry":{"type":"Polygon","coordinates":[[[120.20654674266191,23.028144922167847],[120.20655842619274,23.028302213339337],[120.20657370113261,23.02830103752276],[120.20660533436606,23.028260692734328],[120.20659276561494,23.0281408939285],[120.20654674266191,23.028144922167847]],[[120.20659276561494,23.0281408939285],[120.20660533435151,23.028260692719776],[120.20659276560767,23.028140893972157],[120.20659276561494,23.0281408939285]],[[120.20654674267283,23.028144922211503],[120.20659276555674,23.028140894154056],[120.20654674272012,23.028144922386126],[120.20655842622912,23.028302213150162],[120.20657370113625,23.02830103748638],[120.20655842619638,23.028302213302958],[120.20655842619274,23.028302213339337],[120.20654674267283,23.028144922211503]]]},"properties":{"building_uid":"nlsc3d-1KF87573VP","source_id":"1KF87573VP","building_source":"NLSC-3D-geometry","source_version":"67fec239-0993-40d8-8f4c-45dfff595538","source_license":"Government-Open-Data-TW-1.0","geometry_quality":"source-footprint","height":16.79,"render_height":16.79,"height_quality":"reported","height_source":"NLSC 3D BUILD_H","height_known":true,"min_height":0,"official_height_provider":"NLSC-3D","official_height_building_id":"1KF87573VP","official_geometry_provider":"NLSC-I3S","official_geometry_node":104546,"official_geometry_resource":104546,"official_geometry_definition":0,"official_geometry_face_start":0,"official_geometry_face_end":22,"official_geometry_validation_m":0.6017734138361507,"official_height_floors":5,"official_height_h_source_code":"0","official_height_h_extraction_code":"0","official_geometry_positive_evidence_only":true}},{"type":"Feature","id":"nlsc3d-1KF6S573W1","geometry":{"type":"Polygon","coordinates":[[[120.20654690988525,23.028144768317723],[120.20654690984705,23.028144768499622],[120.20650420291716,23.028148480300295],[120.20651578356595,23.028305371730674],[120.20655869392616,23.02830205877617],[120.20655869398436,23.028302058914413],[120.20654690989434,23.02814476826679],[120.20650420284622,23.028148480082017],[120.20651578352502,23.028305371912573],[120.20655869399891,23.028302058950793],[120.20651578353412,23.028305371876193],[120.20650420286259,23.028148480125672],[120.20654690988525,23.028144768317723]]]},"properties":{"building_uid":"nlsc3d-1KF6S573W1","source_id":"1KF6S573W1","building_source":"NLSC-3D-geometry","source_version":"67fec239-0993-40d8-8f4c-45dfff595538","source_license":"Government-Open-Data-TW-1.0","geometry_quality":"source-footprint","height":16.45,"render_height":16.45,"height_quality":"reported","height_source":"NLSC 3D BUILD_H","height_known":true,"min_height":0,"official_height_provider":"NLSC-3D","official_height_building_id":"1KF6S573W1","official_geometry_provider":"NLSC-I3S","official_geometry_node":104546,"official_geometry_resource":104546,"official_geometry_definition":0,"official_geometry_face_start":23,"official_geometry_face_end":40,"official_geometry_validation_m":0.18999074025468984,"official_height_floors":5,"official_height_h_source_code":"0","official_height_h_extraction_code":"0","official_geometry_positive_evidence_only":true}},{"type":"Feature","id":"nlsc3d-1KF5D573W5","geometry":{"type":"MultiPolygon","coordinates":[[[[120.2064582845924,23.02815236732058],[120.2065044080646,23.02814833855009],[120.2064582845924,23.0281523672842],[120.2064582845924,23.02815236732058]]],[[[120.2064582845924,23.02815236732058],[120.20646875768219,23.028308964707684],[120.2065159888289,23.028305230322438],[120.20650440808097,23.028148338506433],[120.20651598880616,23.028305230293334],[120.2065044080646,23.02814833855009],[120.20651598873249,23.028305230162367],[120.20650440801549,23.028148338731988],[120.2064582845924,23.02815236732058]],[[120.20645828463606,23.028152367495203],[120.20646875768583,23.028308964671304],[120.2064582845924,23.02815236732058],[120.20645828463606,23.028152367495203]]]]},"properties":{"building_uid":"nlsc3d-1KF5D573W5","source_id":"1KF5D573W5","building_source":"NLSC-3D-geometry","source_version":"67fec239-0993-40d8-8f4c-45dfff595538","source_license":"Government-Open-Data-TW-1.0","geometry_quality":"source-footprint","height":16.03,"render_height":16.03,"height_quality":"reported","height_source":"NLSC 3D BUILD_H","height_known":true,"min_height":0,"official_height_provider":"NLSC-3D","official_height_building_id":"1KF5D573W5","official_geometry_provider":"NLSC-I3S","official_geometry_node":104546,"official_geometry_resource":104546,"official_geometry_definition":0,"official_geometry_face_start":41,"official_geometry_face_end":58,"official_geometry_validation_m":0.21408198810152593,"official_height_floors":5,"official_height_h_source_code":"0","official_height_h_extraction_code":"0","official_geometry_positive_evidence_only":true}},{"type":"Feature","id":"nlsc3d-1KEV8573WE","geometry":{"type":"MultiPolygon","coordinates":[[[[120.20620471710694,23.02814772912031],[120.2062455139397,23.028144026771106],[120.20624717504083,23.028170010116146],[120.20624717504447,23.028170010076128],[120.20624551395426,23.02814402671449],[120.20620471709239,23.028147729066195],[120.20620471710694,23.02814772912031]]],[[[120.20621974999207,23.028327396275262],[120.2062197500139,23.028327396129743],[120.20626014764397,23.02832419575613],[120.20624717504083,23.028170010116146],[120.20626014758577,23.028324195639716],[120.20624717500445,23.028170010241656],[120.2062455139397,23.028144026771106],[120.20624551391788,23.028144026935838],[120.20620471715787,23.028147729280835],[120.20621974999207,23.028327396275262]]],[[[120.20621974999207,23.028327396275262],[120.20621974999207,23.028327396318918],[120.20626014765125,23.028324195799787],[120.20624717504447,23.028170010076128],[120.20626014764397,23.02832419575613],[120.20621974999207,23.028327396275262]]]]},"properties":{"building_uid":"nlsc3d-1KEV8573WE","source_id":"1KEV8573WE","building_source":"NLSC-3D-geometry","source_version":"67fec239-0993-40d8-8f4c-45dfff595538","source_license":"Government-Open-Data-TW-1.0","geometry_quality":"source-footprint","height":13.81,"render_height":13.81,"height_quality":"reported","height_source":"NLSC 3D BUILD_H","height_known":true,"min_height":0,"official_height_provider":"NLSC-3D","official_height_building_id":"1KEV8573WE","official_geometry_provider":"NLSC-I3S","official_geometry_node":104545,"official_geometry_resource":104545,"official_geometry_definition":0,"official_geometry_face_start":0,"official_geometry_face_end":22,"official_geometry_validation_m":0.18688066142650905,"official_height_floors":4,"official_height_h_source_code":"0","official_height_h_extraction_code":"0","official_geometry_positive_evidence_only":true}},{"type":"Feature","id":"nlsc3d-1KEU2573WJ","geometry":{"type":"MultiPolygon","coordinates":[[[[120.20620484781952,23.02814759214404],[120.2062048478268,23.028147592090836],[120.2061699796262,23.028150765062737],[120.20620484781952,23.02814759214404]]],[[[120.20616997964075,23.028150765115488],[120.2061699796553,23.02815076531103],[120.2061729943106,23.028185093815125],[120.2061857134116,23.0283299289779],[120.20618571341888,23.028329928934244],[120.20621988079924,23.028327259312636],[120.20620484781952,23.02814759214404],[120.20616997964075,23.028150765115488]],[[120.20620484778314,23.02814759235959],[120.2061699796579,23.02815076531079],[120.20616997964075,23.028150765115488],[120.20620484778314,23.02814759235959]],[[120.20616997965911,23.028150765324504],[120.20616997965911,23.028150765324497],[120.20621988072648,23.028327259152565],[120.20616997965911,23.028150765324504]],[[120.2061724533578,23.028178933848242],[120.20618571341888,23.028329928774173],[120.206172458133,23.028178988224504],[120.2061724533578,23.028178933848242]]]]},"properties":{"building_uid":"nlsc3d-1KEU2573WJ","source_id":"1KEU2573WJ","building_source":"NLSC-3D-geometry","source_version":"67fec239-0993-40d8-8f4c-45dfff595538","source_license":"Government-Open-Data-TW-1.0","geometry_quality":"source-footprint","height":16.52,"render_height":16.52,"height_quality":"reported","height_source":"NLSC 3D BUILD_H","height_known":true,"min_height":0,"official_height_provider":"NLSC-3D","official_height_building_id":"1KEU2573WJ","official_geometry_provider":"NLSC-I3S","official_geometry_node":104545,"official_geometry_resource":104545,"official_geometry_definition":0,"official_geometry_face_start":23,"official_geometry_face_end":40,"official_geometry_validation_m":0.1708324445654675,"official_height_floors":5,"official_height_h_source_code":"0","official_height_h_extraction_code":"0","official_geometry_positive_evidence_only":true}},{"type":"Feature","id":"nlsc3d-1KET1573WM","geometry":{"type":"MultiPolygon","coordinates":[[[[120.20617011804401,23.02815063895311],[120.20618322167167,23.028299852213618],[120.20618585186926,23.028329802769438],[120.2061560057567,23.02833215093894],[120.20618585187307,23.028329802812795],[120.20618585187307,23.02832980276914],[120.20617011805857,23.02815063890127],[120.20614007321396,23.0281533879345],[120.20617011804401,23.02815063895311]]],[[[120.20614007321396,23.02815338798725],[120.2061560057567,23.02833215093894],[120.2061560057567,23.028332150764317],[120.20618585180759,23.02832980262362],[120.20617011804401,23.02815063895311],[120.20614007321396,23.02815338798725]]]]},"properties":{"building_uid":"nlsc3d-1KET1573WM","source_id":"1KET1573WM","building_source":"NLSC-3D-geometry","source_version":"67fec239-0993-40d8-8f4c-45dfff595538","source_license":"Government-Open-Data-TW-1.0","geometry_quality":"source-footprint","height":16.33,"render_height":16.33,"height_quality":"reported","height_source":"NLSC 3D BUILD_H","height_known":true,"min_height":0,"official_height_provider":"NLSC-3D","official_height_building_id":"1KET1573WM","official_geometry_provider":"NLSC-I3S","official_geometry_node":104545,"official_geometry_resource":104545,"official_geometry_definition":0,"official_geometry_face_start":41,"official_geometry_face_end":58,"official_geometry_validation_m":0.18139262487133181,"official_height_floors":5,"official_height_h_source_code":"0","official_height_h_extraction_code":"0","official_geometry_positive_evidence_only":true}},{"type":"Feature","id":"nlsc3d-1KF2L573WD","geometry":{"type":"MultiPolygon","coordinates":[[[[120.20637317247142,23.02815951540585],[120.20641477417789,23.028155909081097],[120.20641477419971,23.028155909032893],[120.20637317247142,23.02815951540585]]],[[[120.20641477417789,23.028155909081097],[120.20637317247142,23.028159515445868],[120.20641477413423,23.028155909262995],[120.20641477417789,23.028155909081097]]],[[[120.20641477417789,23.028155909081097],[120.20642785705544,23.028311793508028],[120.20641477413423,23.028155909262995],[120.20637317250052,23.028159515615034],[120.2063851477736,23.028315105480278],[120.20642785714276,23.028311793653547],[120.20641477417789,23.028155909081097]]],[[[120.20637317247142,23.028159515445868],[120.20638514776633,23.028315105669453],[120.20638514776633,23.02831510564035],[120.20637317247142,23.028159515445868]]]]},"properties":{"building_uid":"nlsc3d-1KF2L573WD","source_id":"1KF2L573WD","building_source":"NLSC-3D-geometry","source_version":"67fec239-0993-40d8-8f4c-45dfff595538","source_license":"Government-Open-Data-TW-1.0","geometry_quality":"source-footprint","height":16.68,"render_height":16.68,"height_quality":"reported","height_source":"NLSC 3D BUILD_H","height_known":true,"min_height":0,"official_height_provider":"NLSC-3D","official_height_building_id":"1KF2L573WD","official_geometry_provider":"NLSC-I3S","official_geometry_node":104545,"official_geometry_resource":104545,"official_geometry_definition":0,"official_geometry_face_start":59,"official_geometry_face_end":76,"official_geometry_validation_m":0.21795484296328752,"official_height_floors":5,"official_height_h_source_code":"0","official_height_h_extraction_code":"0","official_geometry_positive_evidence_only":true}},{"type":"Feature","id":"nlsc3d-1KF19573WH","geometry":{"type":"MultiPolygon","coordinates":[[[[120.20633085831773,23.028163110352825],[120.206330858325,23.028163110391024],[120.20637336427293,23.028159399541682],[120.20637336428021,23.028159399496207],[120.20633085831773,23.028163110352825]]],[[[120.2063308583723,23.028163110569285],[120.20634413772981,23.02831819408063],[120.20638533898577,23.028314889588064],[120.20637336422928,23.028159399719943],[120.2063308583723,23.028163110569285]]],[[[120.20634413772981,23.02831819408063],[120.20634413771526,23.0283181942407],[120.20638533905853,23.028314889748135],[120.20634413772981,23.02831819408063]]]]},"properties":{"building_uid":"nlsc3d-1KF19573WH","source_id":"1KF19573WH","building_source":"NLSC-3D-geometry","source_version":"67fec239-0993-40d8-8f4c-45dfff595538","source_license":"Government-Open-Data-TW-1.0","geometry_quality":"source-footprint","height":16.82,"render_height":16.82,"height_quality":"reported","height_source":"NLSC 3D BUILD_H","height_known":true,"min_height":0,"official_height_provider":"NLSC-3D","official_height_building_id":"1KF19573WH","official_geometry_provider":"NLSC-I3S","official_geometry_node":104545,"official_geometry_resource":104545,"official_geometry_definition":0,"official_geometry_face_start":77,"official_geometry_face_end":94,"official_geometry_validation_m":0.1576522281703223,"official_height_floors":5,"official_height_h_source_code":"0","official_height_h_extraction_code":"0","official_geometry_positive_evidence_only":true}},{"type":"Feature","id":"nlsc3d-1KF18573QG","geometry":{"type":"MultiPolygon","coordinates":[[[[120.20633191928972,23.028012039145278],[120.20633191932295,23.0280120395011],[120.2062824767539,23.028015784909503],[120.20628333696581,23.028025277516708],[120.20629412743423,23.028116294103956],[120.20629412773437,23.028116293911143],[120.20629498794196,23.02812578651653],[120.2062949876325,23.028125786762093],[120.2063439254974,23.02812164398826],[120.20634392550105,23.028121643964614],[120.20634392555198,23.028121643731783],[120.20634306595723,23.028112251270883],[120.20634306594124,23.028112251096235],[120.20643883286661,23.02810447590061],[120.20643085588503,23.028013245542088],[120.20633277784995,23.028021232207966],[120.20633277782213,23.02802123191001],[120.20633277782166,23.028021231905008],[120.20633277781933,23.02802123187995],[120.20633191941792,23.028012039493905],[120.20633191929787,23.02801203914466],[120.20633191928695,23.028012039115556],[120.20628247636282,23.028015784560257],[120.20633191928972,23.028012039145278]]],[[[120.2062949876009,23.028125786791197],[120.2062949876325,23.028125786762093],[120.20629412743423,23.028116294103956],[120.2062833366011,23.028025277247497],[120.20629412740195,23.02811629413124],[120.2062949876009,23.028125786791197]]],[[[120.20633277781933,23.02802123187995],[120.20643085629249,23.028013245207394],[120.20643085633614,23.02801324517829],[120.20633277781933,23.02802123187995]]],[[[120.20643085629249,23.028013245207394],[120.20633277782213,23.02802123191001],[120.20643085588503,23.028013245542088],[120.20643085629249,23.028013245207394]]],[[[120.20634306595723,23.028112251270883],[120.20643883336137,23.02810447606068],[120.20643085633614,23.02801324517829],[120.20643883331772,23.028104476038852],[120.20634306595723,23.028112251270883]]]]},"properties":{"building_uid":"nlsc3d-1KF18573QG","source_id":"1KF18573QG","building_source":"NLSC-3D-geometry","source_version":"67fec239-0993-40d8-8f4c-45dfff595538","source_license":"Government-Open-Data-TW-1.0","geometry_quality":"source-footprint","height":36.63,"render_height":36.63,"height_quality":"reported","height_source":"NLSC 3D BUILD_H","height_known":true,"min_height":0,"official_height_provider":"NLSC-3D","official_height_building_id":"1KF18573QG","official_geometry_provider":"NLSC-I3S","official_geometry_node":104545,"official_geometry_resource":104545,"official_geometry_definition":0,"official_geometry_face_start":95,"official_geometry_face_end":142,"official_geometry_validation_m":0.587205842879735,"official_height_floors":11,"official_height_h_source_code":"0","official_height_h_extraction_code":"0","official_geometry_positive_evidence_only":true}},{"type":"Feature","id":"nlsc3d-1KEXV573WM","geometry":{"type":"Polygon","coordinates":[[[120.20634438828105,23.028317947847672],[120.2063310089446,23.02816296471362],[120.20628639296169,23.02816688590362],[120.2062995688951,23.028321470458895],[120.20634438835381,23.02831794799319],[120.20634438833562,23.028317947964087],[120.20629956891511,23.028321470298824],[120.20634438828105,23.028317947847672]],[[120.20628639299716,23.02816688603095],[120.20629956889351,23.02832147042979],[120.20628639296169,23.02816688590362],[120.20628639299716,23.02816688603095]]]},"properties":{"building_uid":"nlsc3d-1KEXV573WM","source_id":"1KEXV573WM","building_source":"NLSC-3D-geometry","source_version":"67fec239-0993-40d8-8f4c-45dfff595538","source_license":"Government-Open-Data-TW-1.0","geometry_quality":"source-footprint","height":13.48,"render_height":13.48,"height_quality":"reported","height_source":"NLSC 3D BUILD_H","height_known":true,"min_height":0,"official_height_provider":"NLSC-3D","official_height_building_id":"1KEXV573WM","official_geometry_provider":"NLSC-I3S","official_geometry_node":104545,"official_geometry_resource":104545,"official_geometry_definition":0,"official_geometry_face_start":143,"official_geometry_face_end":160,"official_geometry_validation_m":0.19035367352916552,"official_height_floors":4,"official_height_h_source_code":"0","official_height_h_extraction_code":"0","official_geometry_positive_evidence_only":true}},{"type":"Feature","id":"nlsc3d-1KEWJ573WR","geometry":{"type":"MultiPolygon","coordinates":[[[[120.20628657031315,23.028166730483708],[120.20628657036045,23.028166730292714],[120.20624697875004,23.0281702266923],[120.20628657031315,23.028166730483708]]],[[[120.20628657031315,23.028166730483708],[120.20624697878642,23.02817022687238],[120.20625985077399,23.028324412885258],[120.20625985078127,23.028324412783395],[120.20629974632331,23.028321314855265],[120.20629974627431,23.02832131473885],[120.20628657031315,23.028166730483708]]],[[[120.20624697875368,23.028170226737775],[120.20625985077399,23.028324412928914],[120.20625985077399,23.028324412885258],[120.20624697875368,23.028170226737775]]],[[[120.20625985077399,23.028324412885258],[120.20629974634116,23.02832131488437],[120.20629974632331,23.028321314855265],[120.20625985077399,23.028324412885258]]]]},"properties":{"building_uid":"nlsc3d-1KEWJ573WR","source_id":"1KEWJ573WR","building_source":"NLSC-3D-geometry","source_version":"67fec239-0993-40d8-8f4c-45dfff595538","source_license":"Government-Open-Data-TW-1.0","geometry_quality":"source-footprint","height":13.55,"render_height":13.55,"height_quality":"reported","height_source":"NLSC 3D BUILD_H","height_known":true,"min_height":0,"official_height_provider":"NLSC-3D","official_height_building_id":"1KEWJ573WR","official_geometry_provider":"NLSC-I3S","official_geometry_node":104545,"official_geometry_resource":104545,"official_geometry_definition":0,"official_geometry_face_start":161,"official_geometry_face_end":178,"official_geometry_validation_m":0.19330091851000217,"official_height_floors":4,"official_height_h_source_code":"0","official_height_h_extraction_code":"0","official_geometry_positive_evidence_only":true}},{"type":"Feature","id":"nlsc3d-1KF3X573W8","geometry":{"type":"MultiPolygon","coordinates":[[[[120.20645849841216,23.0281522096732],[120.20645849842671,23.028152209625905],[120.20641458553413,23.0281560274391],[120.20645849841216,23.0281522096732]]],[[[120.20641458559234,23.028156027661925],[120.20642756795255,23.028311912411727],[120.20646897087258,23.028308706930392],[120.20645849841216,23.0281522096732],[120.20641458554869,23.028156027482755],[120.2064584983685,23.028152209862373],[120.20641458559234,23.028156027661925]]],[[[120.206427567938,23.028311912600902],[120.20646897095989,23.028308707105015],[120.20646897094534,23.02830870706136],[120.206427567938,23.028311912557246],[120.20641458554869,23.028156027482755],[120.206427567938,23.028311912600902]]]]},"properties":{"building_uid":"nlsc3d-1KF3X573W8","source_id":"1KF3X573W8","building_source":"NLSC-3D-geometry","source_version":"67fec239-0993-40d8-8f4c-45dfff595538","source_license":"Government-Open-Data-TW-1.0","geometry_quality":"source-footprint","height":16.5,"render_height":16.5,"height_quality":"reported","height_source":"NLSC 3D BUILD_H","height_known":true,"min_height":0,"official_height_provider":"NLSC-3D","official_height_building_id":"1KF3X573W8","official_geometry_provider":"NLSC-I3S","official_geometry_node":104545,"official_geometry_resource":104545,"official_geometry_definition":0,"official_geometry_face_start":179,"official_geometry_face_end":196,"official_geometry_validation_m":0.1404191609734552,"official_height_floors":5,"official_height_h_source_code":"0","official_height_h_extraction_code":"0","official_geometry_positive_evidence_only":true}},{"type":"Feature","id":"nlsc3d-1KEUX573QV","geometry":{"type":"MultiPolygon","coordinates":[[[[120.20620788822393,23.02803076385796],[120.20615382419177,23.02803513192818],[120.20616170131811,23.028126463258804],[120.20621415735856,23.028122202896814],[120.20621501698164,23.02813159558652],[120.20626295069209,23.0281276576891],[120.20626209107044,23.028118264997165],[120.20626295066663,23.028127657665454],[120.20626295040833,23.028127657424438],[120.20626209104861,23.028118264978975],[120.20629475037944,23.02811560287707],[120.2062620907976,23.02811826477161],[120.20629474995425,23.028115602682437],[120.20628395909566,23.02802458632984],[120.20625280677027,23.0280270409469],[120.20625280697035,23.02802704067769],[120.20625194793442,23.028017747948315],[120.20625194773433,23.02801774828301],[120.20620692861243,23.028021471368692],[120.20620692860516,23.02802147133959],[120.20620779670413,23.02802987779757],[120.206207888173,23.028030763581473],[120.20620788822393,23.02803076385796]],[[120.20621501698164,23.028131595557415],[120.20621501698892,23.028131595292752],[120.20626295066663,23.028127657665454],[120.20621501698164,23.028131595557415]],[[120.20621472250335,23.02812837794409],[120.20621415736363,23.0281222028964],[120.20621415735636,23.028122202872755],[120.20621415735636,23.02812220266357],[120.20621501698164,23.028131595557415],[120.20621472250335,23.02812837794409]],[[120.20616170134721,23.02812646323334],[120.20616170160915,23.02812646299869],[120.20621415735636,23.028122202872755],[120.20616170134721,23.02812646323334]],[[120.20620692866336,23.02802147169611],[120.20620777654408,23.028029682567723],[120.20620692861243,23.028021471368692],[120.20620692866336,23.02802147169611]]],[[[120.20629475042287,23.02811560289526],[120.20626209104861,23.028118264978975],[120.20626209107044,23.028118264997165],[120.20629475042287,23.02811560289526]]]]},"properties":{"building_uid":"nlsc3d-1KEUX573QV","source_id":"1KEUX573QV","building_source":"NLSC-3D-geometry","source_version":"67fec239-0993-40d8-8f4c-45dfff595538","source_license":"Government-Open-Data-TW-1.0","geometry_quality":"source-footprint","height":36.79,"render_height":36.79,"height_quality":"reported","height_source":"NLSC 3D BUILD_H","height_known":true,"min_height":0,"official_height_provider":"NLSC-3D","official_height_building_id":"1KEUX573QV","official_geometry_provider":"NLSC-I3S","official_geometry_node":104545,"official_geometry_resource":104545,"official_geometry_definition":0,"official_geometry_face_start":197,"official_geometry_face_end":254,"official_geometry_validation_m":0.21542462138487165,"official_height_floors":11,"official_height_h_source_code":"0","official_height_h_extraction_code":"0","official_geometry_positive_evidence_only":true}},{"type":"Feature","id":"nlsc3d-1KFG3573RE","geometry":{"type":"MultiPolygon","coordinates":[[[[120.2067854222315,23.02813831955662],[120.20678542224606,23.02813831953843],[120.20679181982096,23.028046617283128],[120.20678542230426,23.02813831947113],[120.20685169812178,23.02814188796454],[120.20685169804538,23.02814188787905],[120.20685870533644,23.028051282205144],[120.20685870535463,23.02805128217604],[120.20679181976276,23.028046617144884],[120.20679181977731,23.028046617181264],[120.2067854222315,23.02813831955662]]],[[[120.20685169812178,23.02814188796454],[120.20685169813633,23.02814188798273],[120.20685870535463,23.02805128217604],[120.20685169812178,23.02814188796454]]]]},"properties":{"building_uid":"nlsc3d-1KFG3573RE","source_id":"1KFG3573RE","building_source":"NLSC-3D-geometry","source_version":"67fec239-0993-40d8-8f4c-45dfff595538","source_license":"Government-Open-Data-TW-1.0","geometry_quality":"source-footprint","height":15.99,"render_height":15.99,"height_quality":"reported","height_source":"NLSC 3D BUILD_H","height_known":true,"min_height":0,"official_height_provider":"NLSC-3D","official_height_building_id":"1KFG3573RE","official_geometry_provider":"NLSC-I3S","official_geometry_node":104537,"official_geometry_resource":104537,"official_geometry_definition":0,"official_geometry_face_start":0,"official_geometry_face_end":17,"official_geometry_validation_m":0.20689435478630833,"official_height_floors":5,"official_height_h_source_code":"0","official_height_h_extraction_code":"0","official_geometry_positive_evidence_only":true}},{"type":"Feature","id":"nlsc3d-1KFFS573VU","geometry":{"type":"MultiPolygon","coordinates":[[[[120.20684404894392,23.02816622224562],[120.20684404896939,23.02816622221515],[120.20678913827406,23.02816339689385],[120.20684404894392,23.02816622224562]]],[[[120.20684404894392,23.02816622224562],[120.20678913828861,23.028163396924544],[120.20684404887844,23.02816622237204],[120.20684404894392,23.02816622224562]]],[[[120.20677975474801,23.028277307063565],[120.20677975476256,23.02827730703446],[120.206789138325,23.028163397054488],[120.20678913828861,23.028163396924544],[120.20677975474801,23.028277307063565]]],[[[120.206789138325,23.028163397054488],[120.2067797548135,23.02827730694715],[120.20683637334706,23.028279923905377],[120.20684404894392,23.02816622224562],[120.20683637329977,23.028279923803513],[120.20684404887844,23.02816622237204],[120.206789138325,23.028163397054488]]]]},"properties":{"building_uid":"nlsc3d-1KFFS573VU","source_id":"1KFFS573VU","building_source":"NLSC-3D-geometry","source_version":"67fec239-0993-40d8-8f4c-45dfff595538","source_license":"Government-Open-Data-TW-1.0","geometry_quality":"source-footprint","height":15.9,"render_height":15.9,"height_quality":"reported","height_source":"NLSC 3D BUILD_H","height_known":true,"min_height":0,"official_height_provider":"NLSC-3D","official_height_building_id":"1KFFS573VU","official_geometry_provider":"NLSC-I3S","official_geometry_node":104537,"official_geometry_resource":104537,"official_geometry_definition":0,"official_geometry_face_start":18,"official_geometry_face_end":35,"official_geometry_validation_m":0.15377924544790553,"official_height_floors":5,"official_height_h_source_code":"0","official_height_h_extraction_code":"0","official_geometry_positive_evidence_only":true}},{"type":"Feature","id":"nlsc3d-1KFDX573RA","geometry":{"type":"MultiPolygon","coordinates":[[[[120.20672504079094,23.02804151678591],[120.20671885085731,23.02813431775083],[120.20672504084915,23.028041516895048],[120.20671885093007,23.028134317681708],[120.20678573053566,23.02813798309815],[120.20679185229356,23.028050680694452],[120.2067857304629,23.028137983018116],[120.20679185221353,23.028050680796316],[120.2067922284824,23.028046280348082],[120.2067922285406,23.02804628024622],[120.20672504079094,23.02804151678591]]],[[[120.20679185229356,23.028050680694452],[120.20679185230811,23.028050680672624],[120.20679222856971,23.028046280217115],[120.20679185229356,23.028050680694452]]],[[[120.20672504079094,23.02804151678591],[120.20672504077639,23.02804151674953],[120.20671885084276,23.02813431776902],[120.20672504079094,23.02804151678591]]]]},"properties":{"building_uid":"nlsc3d-1KFDX573RA","source_id":"1KFDX573RA","building_source":"NLSC-3D-geometry","source_version":"67fec239-0993-40d8-8f4c-45dfff595538","source_license":"Government-Open-Data-TW-1.0","geometry_quality":"source-footprint","height":15.95,"render_height":15.95,"height_quality":"reported","height_source":"NLSC 3D BUILD_H","height_known":true,"min_height":0,"official_height_provider":"NLSC-3D","official_height_building_id":"1KFDX573RA","official_geometry_provider":"NLSC-I3S","official_geometry_node":104537,"official_geometry_resource":104537,"official_geometry_definition":0,"official_geometry_face_start":91,"official_geometry_face_end":113,"official_geometry_validation_m":0.20246365514521195,"official_height_floors":5,"official_height_h_source_code":"0","official_height_h_extraction_code":"0","official_geometry_positive_evidence_only":true}},{"type":"Feature","id":"nlsc3d-1KFDV573VN","geometry":{"type":"MultiPolygon","coordinates":[[[[120.20671608810345,23.02822609760786],[120.20671608817621,23.028226097615136],[120.20672634743616,23.02822684622065],[120.20672634748017,23.028226846223863],[120.20672220390962,23.02827445155579],[120.20678002892792,23.028277062387662],[120.20678951236742,23.02816305176812],[120.20672142679369,23.028159492400466],[120.2067160880889,23.02822609760786],[120.20671608810345,23.02822609760786]],[[120.20672220396783,23.02827445146848],[120.20678002886244,23.0282770622858],[120.20678951228011,23.028163051933735],[120.206721426881,23.02815949257145],[120.2067214268228,23.028159492436618],[120.2067895123456,23.028163051800693],[120.20678002892792,23.028277062387662],[120.20672220396783,23.02827445146848]]],[[[120.20672220388052,23.02827445157762],[120.20672220390962,23.02827445155579],[120.20672634743616,23.02822684622065],[120.20672220388052,23.02827445157762]]]]},"properties":{"building_uid":"nlsc3d-1KFDV573VN","source_id":"1KFDV573VN","building_source":"NLSC-3D-geometry","source_version":"67fec239-0993-40d8-8f4c-45dfff595538","source_license":"Government-Open-Data-TW-1.0","geometry_quality":"source-footprint","height":15.98,"render_height":15.98,"height_quality":"reported","height_source":"NLSC 3D BUILD_H","height_known":true,"min_height":0,"official_height_provider":"NLSC-3D","official_height_building_id":"1KFDV573VN","official_geometry_provider":"NLSC-I3S","official_geometry_node":104537,"official_geometry_resource":104537,"official_geometry_definition":0,"official_geometry_face_start":114,"official_geometry_face_end":141,"official_geometry_validation_m":0.28340529762785843,"official_height_floors":5,"official_height_h_source_code":"0","official_height_h_extraction_code":"0","official_geometry_positive_evidence_only":true}},{"type":"Feature","id":"nlsc3d-1KFLL573VC","geometry":{"type":"MultiPolygon","coordinates":[[[[120.2068570136672,23.02821987702426],[120.20685950875496,23.0281825765929],[120.20706962106316,23.028197424434058],[120.20685950870948,23.02818257657471],[120.20685701361263,23.02821987702426],[120.2068570136672,23.02821987702426]]],[[[120.206859508855,23.02818257662746],[120.2068570137727,23.028219877016983],[120.20687481620563,23.028221087885488],[120.2068748161174,23.028221087889126],[120.2068570136672,23.02821987702426],[120.20687481607466,23.028221087892764],[120.20706601544781,23.02823393066372],[120.2070660153896,23.028233930656445],[120.2070660154823,23.028233928802965],[120.20706620576914,23.02823213029438],[120.20706620594693,23.028232130293492],[120.20706620588872,23.028232130286217],[120.20706620576993,23.02823213028681],[120.2070662057723,23.02823213026439],[120.20706962094674,23.028197424452248],[120.20685950875496,23.0281825765929],[120.206859508855,23.02818257662746]]],[[[120.20706962113591,23.028197424426782],[120.20706962106316,23.028197424434058],[120.20706620588872,23.028232130286217],[120.20706962113591,23.028197424426782]]]]},"properties":{"building_uid":"nlsc3d-1KFLL573VC","source_id":"1KFLL573VC","building_source":"NLSC-3D-geometry","source_version":"67fec239-0993-40d8-8f4c-45dfff595538","source_license":"Government-Open-Data-TW-1.0","geometry_quality":"source-footprint","height":10.11,"render_height":10.11,"height_quality":"reported","height_source":"NLSC 3D BUILD_H","height_known":true,"min_height":0,"official_height_provider":"NLSC-3D","official_height_building_id":"1KFLL573VC","official_geometry_provider":"NLSC-I3S","official_geometry_node":104537,"official_geometry_resource":104537,"official_geometry_definition":0,"official_geometry_face_start":36,"official_geometry_face_end":67,"official_geometry_validation_m":0.25334589091072673,"official_height_floors":3,"official_height_h_source_code":"0","official_height_h_extraction_code":"0","official_geometry_positive_evidence_only":true}},{"type":"Feature","id":"nlsc3d-1KFLT573ST","geometry":{"type":"MultiPolygon","coordinates":[[[[120.2068648043679,23.028109533929257],[120.20686480442247,23.02810953394381],[120.2068847169404,23.028110534366153],[120.20707712484555,23.02812377103199],[120.20707712497652,23.02812377101016],[120.20688471689833,23.028110534347963],[120.2068648043679,23.028109533929257]]],[[[120.20707352152941,23.028160677061198],[120.20707712484555,23.02812377103199],[120.20688471702634,23.028110534402533],[120.2068648045316,23.02810953398019],[120.20686240575934,23.02814613411518],[120.20707352170403,23.028160677093485],[120.20707352164582,23.02816067708348],[120.20686240586484,23.02814613411154],[120.20707352152941,23.028160677061198]]],[[[120.20707712497652,23.02812377101016],[120.20707352152941,23.028160677061198],[120.20707352164582,23.02816067708348],[120.20707712497652,23.02812377101016]]]]},"properties":{"building_uid":"nlsc3d-1KFLT573ST","source_id":"1KFLT573ST","building_source":"NLSC-3D-geometry","source_version":"67fec239-0993-40d8-8f4c-45dfff595538","source_license":"Government-Open-Data-TW-1.0","geometry_quality":"source-footprint","height":10.1,"render_height":10.1,"height_quality":"reported","height_source":"NLSC 3D BUILD_H","height_known":true,"min_height":0,"official_height_provider":"NLSC-3D","official_height_building_id":"1KFLT573ST","official_geometry_provider":"NLSC-I3S","official_geometry_node":104537,"official_geometry_resource":104537,"official_geometry_definition":0,"official_geometry_face_start":68,"official_geometry_face_end":90,"official_geometry_validation_m":0.20753617798300286,"official_height_floors":3,"official_height_h_source_code":"0","official_height_h_extraction_code":"0","official_geometry_positive_evidence_only":true}},{"type":"Feature","id":"nlsc3d-1KFLQ573U3","geometry":{"type":"MultiPolygon","coordinates":[[[[120.20707335975577,23.028160664859417],[120.20686214381031,23.028146222352536],[120.20685974337185,23.028182522645313],[120.20706975524637,23.028197371017615],[120.2068597434246,23.028182522639856],[120.20686214386124,23.02814622236527],[120.20707335969756,23.02816066486442],[120.20707335975577,23.028160664859417]]],[[[120.20707335969756,23.02816066486442],[120.20707335956659,23.02816066487829],[120.20686214397038,23.02814622239801],[120.20685974353374,23.028182522627123],[120.20706975505719,23.028197370981236],[120.20707335969756,23.02816066486442]]],[[[120.20706975518816,23.0281973710067],[120.20685974353374,23.028182522627123],[120.2068597434246,23.028182522639856],[120.20706975518816,23.0281973710067]]]]},"properties":{"building_uid":"nlsc3d-1KFLQ573U3","source_id":"1KFLQ573U3","building_source":"NLSC-3D-geometry","source_version":"67fec239-0993-40d8-8f4c-45dfff595538","source_license":"Government-Open-Data-TW-1.0","geometry_quality":"source-footprint","height":10.48,"render_height":10.48,"height_quality":"reported","height_source":"NLSC 3D BUILD_H","height_known":true,"min_height":0,"official_height_provider":"NLSC-3D","official_height_building_id":"1KFLQ573U3","official_geometry_provider":"NLSC-I3S","official_geometry_node":104537,"official_geometry_resource":104537,"official_geometry_definition":0,"official_geometry_face_start":142,"official_geometry_face_end":159,"official_geometry_validation_m":0.19364133247696277,"official_height_floors":3,"official_height_h_source_code":"0","official_height_h_extraction_code":"0","official_geometry_positive_evidence_only":true}},{"type":"Feature","id":"nlsc3d-1KFLW573RJ","geometry":{"type":"MultiPolygon","coordinates":[[[[120.20686748999297,23.028072954961846],[120.20686748994022,23.028072954947294],[120.2068650906841,23.028109455167016],[120.20686748999297,23.028072954961846]]],[[[120.20686748999297,23.028072954961846],[120.20686509073685,23.028109455167016],[120.20686749009302,23.028072954998226],[120.20686748999297,23.028072954961846]]],[[[120.20688490338465,23.02811055604123],[120.20707741188208,23.028123792157732],[120.20707741192574,23.028123792168646],[120.20708101586762,23.028086986034925],[120.20688800508525,23.02807385239301],[120.20688800512708,23.028073852407562],[120.20688800520075,23.028073852436666],[120.20686749009302,23.028072954998226],[120.2068650908369,23.028109455163378],[120.20688490338465,23.02811055604123]],[[120.20708101579486,23.028086986049477],[120.20707741176567,23.02812379214318],[120.20708101567844,23.028086986071305],[120.20688800512708,23.028073852407562],[120.20708101579486,23.028086986049477]]],[[[120.2068650908369,23.028109455163378],[120.20686509073685,23.028109455167016],[120.20688490330609,23.028110556052145],[120.2068650908369,23.028109455163378]]],[[[120.20688490330609,23.028110556052145],[120.20688490326357,23.028110556052145],[120.20707741192574,23.028123792168646],[120.20688490330609,23.028110556052145]]]]},"properties":{"building_uid":"nlsc3d-1KFLW573RJ","source_id":"1KFLW573RJ","building_source":"NLSC-3D-geometry","source_version":"67fec239-0993-40d8-8f4c-45dfff595538","source_license":"Government-Open-Data-TW-1.0","geometry_quality":"source-footprint","height":9.7,"render_height":9.7,"height_quality":"reported","height_source":"NLSC 3D BUILD_H","height_known":true,"min_height":0,"official_height_provider":"NLSC-3D","official_height_building_id":"1KFLW573RJ","official_geometry_provider":"NLSC-I3S","official_geometry_node":104537,"official_geometry_resource":104537,"official_geometry_definition":0,"official_geometry_face_start":160,"official_geometry_face_end":187,"official_geometry_validation_m":0.2044738232914786,"official_height_floors":3,"official_height_h_source_code":"0","official_height_h_extraction_code":"0","official_geometry_positive_evidence_only":true}},{"type":"Feature","id":"nlsc3d-1KFL7573WW","geometry":{"type":"MultiPolygon","coordinates":[[[[120.20687452192679,23.028221049170117],[120.20687452188405,23.028221049151927],[120.20685672002047,23.028219938251443],[120.20685672007504,23.028219938269633],[120.2068745220232,23.02822104921741],[120.20687452192679,23.028221049170117]]],[[[120.20685672018054,23.02821993830965],[120.20685672007504,23.028219938269633],[120.2068521914026,23.02828753907541],[120.20685672018054,23.02821993830965]]],[[[120.20685672018054,23.02821993830965],[120.20685219152266,23.028287539046307],[120.2070620214855,23.0282714982737],[120.20706572123719,23.02823389194835],[120.20706572110622,23.028233891977454],[120.2068745220232,23.02822104921741],[120.20685672018054,23.02821993830965]]],[[[120.2070620215437,23.02827149828825],[120.20706572128084,23.028233891933798],[120.2070620214855,23.0282714982737],[120.2070620215437,23.02827149828825]]],[[[120.2068521914026,23.02828753907541],[120.20685219135531,23.028287539089963],[120.2070620215437,23.02827149828825],[120.2068521914026,23.02828753907541]]]]},"properties":{"building_uid":"nlsc3d-1KFL7573WW","source_id":"1KFL7573WW","building_source":"NLSC-3D-geometry","source_version":"67fec239-0993-40d8-8f4c-45dfff595538","source_license":"Government-Open-Data-TW-1.0","geometry_quality":"source-footprint","height":10.44,"render_height":10.44,"height_quality":"reported","height_source":"NLSC 3D BUILD_H","height_known":true,"min_height":0,"official_height_provider":"NLSC-3D","official_height_building_id":"1KFL7573WW","official_geometry_provider":"NLSC-I3S","official_geometry_node":104537,"official_geometry_resource":104537,"official_geometry_definition":0,"official_geometry_face_start":188,"official_geometry_face_end":210,"official_geometry_validation_m":1.1789560630113747,"official_height_floors":3,"official_height_h_source_code":"0","official_height_h_extraction_code":"0","official_geometry_positive_evidence_only":true}},{"type":"Feature","id":"nlsc3d-1KF4X573Q7","geometry":{"type":"Polygon","coordinates":[[[120.20642993104337,23.028004461321675],[120.2064302873834,23.028013756557616],[120.2064382649034,23.028105087404388],[120.20643028739795,23.028013756583082],[120.20643028761623,23.02801375683774],[120.20643826492523,23.02810508738256],[120.2064382650853,23.028105087160643],[120.20643932735328,23.028114778969016],[120.20643932753518,23.02811477869253],[120.20649087550481,23.028110023126633],[120.20648991665729,23.028100831129255],[120.20649087561759,23.02811002338493],[120.20648991667184,23.028100831147444],[120.20652177233404,23.02809827307718],[120.20652177230721,23.02809827306263],[120.20652177203755,23.0280982728589],[120.20651299109085,23.028007046236585],[120.20647390041921,23.02801024018189],[120.20651299087075,23.028007046520347],[120.20647390039011,23.028010240454737],[120.20647324244709,23.02800094677949],[120.20647324247255,23.028000946462985],[120.20642993104337,23.028004461321675]],[[120.2064299312762,23.02800446165637],[120.2064299310652,23.028004461354417],[120.20647324244709,23.02800094677949],[120.2064299312762,23.02800446165637]]]},"properties":{"building_uid":"nlsc3d-1KF4X573Q7","source_id":"1KF4X573Q7","building_source":"NLSC-3D-geometry","source_version":"67fec239-0993-40d8-8f4c-45dfff595538","source_license":"Government-Open-Data-TW-1.0","geometry_quality":"source-footprint","height":36.48,"render_height":36.48,"height_quality":"reported","height_source":"NLSC 3D BUILD_H","height_known":true,"min_height":0,"official_height_provider":"NLSC-3D","official_height_building_id":"1KF4X573Q7","official_geometry_provider":"NLSC-I3S","official_geometry_node":104547,"official_geometry_resource":104547,"official_geometry_definition":0,"official_geometry_face_start":0,"official_geometry_face_end":47,"official_geometry_validation_m":0.38676806292758215,"official_height_floors":11,"official_height_h_source_code":"0","official_height_h_extraction_code":"0","official_geometry_positive_evidence_only":true}},{"type":"Feature","id":"nlsc3d-1KF7X573PW","geometry":{"type":"MultiPolygon","coordinates":[[[[120.20656032300684,23.027994287331953],[120.20651168553849,23.02799822863088],[120.20656032301048,23.027994287364695],[120.20656032300684,23.027994287331953]]],[[[120.20656118202459,23.028003580366917],[120.20656118201367,23.028003580086793],[120.20661896318705,23.027998793765423],[120.20661896347809,23.027998793456195],[120.20656118201097,23.02800358005761],[120.20656032301048,23.027994287364695],[120.20656118202459,23.028003580366917]]],[[[120.20652132573304,23.02809874820449],[120.20652208361315,23.028107941460608],[120.20652132594358,23.02809874800076],[120.20652208383689,23.028107941209587],[120.20657424092059,23.02810418231528],[120.20657337954543,23.028094489782948],[120.20662774464216,23.028090020274963],[120.20662720429317,23.028083625032],[120.2066272039512,23.028083624919223],[120.20661896318705,23.027998793765423],[120.20656118202459,23.028003580366917],[120.20656032302139,23.027994287703027],[120.2065116858459,23.027998228980127],[120.20651254484181,23.02800752165493],[120.20652132573304,23.02809874820449]]],[[[120.20651254457078,23.028007521382083],[120.20651168556759,23.027998228659985],[120.20651254454805,23.028007521356617],[120.20651254457078,23.028007521382083]]],[[[120.20662720432227,23.028083625044733],[120.2066189635072,23.02799879343073],[120.20662720429317,23.028083625032],[120.20662720432227,23.028083625044733]]],[[[120.20657337961819,23.02809448999395],[120.20662774467127,23.028090020293153],[120.20657337961092,23.028094489972123],[120.20657337961819,23.02809448999395]]]]},"properties":{"building_uid":"nlsc3d-1KF7X573PW","source_id":"1KF7X573PW","building_source":"NLSC-3D-geometry","source_version":"67fec239-0993-40d8-8f4c-45dfff595538","source_license":"Government-Open-Data-TW-1.0","geometry_quality":"source-footprint","height":36.64,"render_height":36.64,"height_quality":"reported","height_source":"NLSC 3D BUILD_H","height_known":true,"min_height":0,"official_height_provider":"NLSC-3D","official_height_building_id":"1KF7X573PW","official_geometry_provider":"NLSC-I3S","official_geometry_node":104547,"official_geometry_resource":104547,"official_geometry_definition":0,"official_geometry_face_start":48,"official_geometry_face_end":100,"official_geometry_validation_m":0.4394896657391256,"official_height_floors":11,"official_height_h_source_code":"0","official_height_h_extraction_code":"0","official_geometry_positive_evidence_only":true}},{"type":"Feature","id":"nlsc3d-1KGB4573SL","geometry":{"type":"MultiPolygon","coordinates":[[[[120.20762673010448,23.028057301825218],[120.20761619109815,23.028197109048822],[120.20761773079265,23.02820249973306],[120.2076205663643,23.028205984487474],[120.2076205664225,23.028205984392887],[120.20762197915154,23.028206877167438],[120.20762197912244,23.028206877211094],[120.2076303423846,23.028210034532865],[120.20771585293095,23.02820191128271],[120.20771585290184,23.028201911253607],[120.20770197594082,23.02804753010864],[120.20770197588261,23.028047530239608],[120.20762673006082,23.028057301708802],[120.20762673004627,23.02805730166151],[120.20761619101084,23.028197109172513],[120.20761619103995,23.02819710914341],[120.20762673010448,23.028057301825218]],[[120.20763034244281,23.028210034387346],[120.2077158528218,23.028201911144468],[120.20771585290184,23.028201911253607],[120.20763034244281,23.028210034387346]]],[[[120.2076177307781,23.02820249976944],[120.20762056634975,23.02820598453113],[120.20761773079265,23.02820249973306],[120.2076177307781,23.02820249976944]]],[[[120.20770197596993,23.02804753005771],[120.20762673004627,23.02805730166151],[120.20770197594082,23.02804753010864],[120.20770197596993,23.02804753005771]]]]},"properties":{"building_uid":"nlsc3d-1KGB4573SL","source_id":"1KGB4573SL","building_source":"NLSC-3D-geometry","source_version":"67fec239-0993-40d8-8f4c-45dfff595538","source_license":"Government-Open-Data-TW-1.0","geometry_quality":"source-footprint","height":12.96,"render_height":12.96,"height_quality":"reported","height_source":"NLSC 3D BUILD_H","height_known":true,"min_height":0,"official_height_provider":"NLSC-3D","official_height_building_id":"1KGB4573SL","official_geometry_provider":"NLSC-I3S","official_geometry_node":104528,"official_geometry_resource":104528,"official_geometry_definition":0,"official_geometry_face_start":0,"official_geometry_face_end":37,"official_geometry_validation_m":0.5309781713333694,"official_height_floors":4,"official_height_h_source_code":"0","official_height_h_extraction_code":"0","official_geometry_positive_evidence_only":true}},{"type":"Feature","id":"nlsc3d-1KGL6573RA","geometry":{"type":"MultiPolygon","coordinates":[[[[120.2079191159455,23.02801404737406],[120.2079493636438,23.028011597624616],[120.2079493636438,23.028011597573684],[120.2079191159455,23.02801404737406]]],[[[120.20793428067098,23.028182317725484],[120.2079772869938,23.028178204946787],[120.20796283365324,23.02801123063259],[120.20797728696469,23.02817820490313],[120.20796283363869,23.02801123068352],[120.20797728689193,23.028178204750336],[120.20796283359503,23.028011230872696],[120.2079493636438,23.028011597624616],[120.2079493636147,23.02801159781379],[120.20791911595278,23.028014047417717],[120.20793428067098,23.028182317725484]],[[120.20793428067098,23.028182317689105],[120.20793428068554,23.028182317529033],[120.20797728696469,23.02817820490313],[120.20793428067098,23.028182317689105]]]]},"properties":{"building_uid":"nlsc3d-1KGL6573RA","source_id":"1KGL6573RA","building_source":"NLSC-3D-geometry","source_version":"67fec239-0993-40d8-8f4c-45dfff595538","source_license":"Government-Open-Data-TW-1.0","geometry_quality":"source-footprint","height":16.19,"render_height":16.19,"height_quality":"reported","height_source":"NLSC 3D BUILD_H","height_known":true,"min_height":0,"official_height_provider":"NLSC-3D","official_height_building_id":"1KGL6573RA","official_geometry_provider":"NLSC-I3S","official_geometry_node":104528,"official_geometry_resource":104528,"official_geometry_definition":0,"official_geometry_face_start":38,"official_geometry_face_end":60,"official_geometry_validation_m":0.1869083488981522,"official_height_floors":5,"official_height_h_source_code":"0","official_height_h_extraction_code":"0","official_geometry_positive_evidence_only":true}},{"type":"Feature","id":"nlsc3d-1KGEL573RT","geometry":{"type":"MultiPolygon","coordinates":[[[[120.20774423011152,23.02802667258661],[120.207788348177,23.028023553900173],[120.20780402812578,23.028193920906094],[120.20778834818337,23.02802355384924],[120.20774423009696,23.028026672557505],[120.20774423011152,23.02802667258661]]],[[[120.20774423011152,23.02802667258661],[120.20776092129289,23.02819803424504],[120.20776092131835,23.028198034077693],[120.20780402806484,23.028193920746023],[120.207788348177,23.028023553900173],[120.20778834815063,23.028023554089348],[120.20774423011152,23.02802667258661]]],[[[120.20776092128197,23.028198034288696],[120.20780402814079,23.02819392094975],[120.20776092129289,23.02819803424504],[120.20776092128197,23.028198034288696]]]]},"properties":{"building_uid":"nlsc3d-1KGEL573RT","source_id":"1KGEL573RT","building_source":"NLSC-3D-geometry","source_version":"67fec239-0993-40d8-8f4c-45dfff595538","source_license":"Government-Open-Data-TW-1.0","geometry_quality":"source-footprint","height":16.46,"render_height":16.46,"height_quality":"reported","height_source":"NLSC 3D BUILD_H","height_known":true,"min_height":0,"official_height_provider":"NLSC-3D","official_height_building_id":"1KGEL573RT","official_geometry_provider":"NLSC-I3S","official_geometry_node":104528,"official_geometry_resource":104528,"official_geometry_definition":0,"official_geometry_face_start":61,"official_geometry_face_end":78,"official_geometry_validation_m":0.17200959765234589,"official_height_floors":5,"official_height_h_source_code":"0","official_height_h_extraction_code":"0","official_geometry_positive_evidence_only":true}},{"type":"Feature","id":"nlsc3d-1KGJR573RE","geometry":{"type":"Polygon","coordinates":[[[120.20787482829745,23.028017528766984],[120.20787482834838,23.028017528948883],[120.20789049870926,23.028186296350075],[120.20789049870199,23.02818629639373],[120.20793440926626,23.02818207911773],[120.20793440923715,23.02818207908135],[120.20791924503554,23.028013908788896],[120.20791924505009,23.028013908737964],[120.20787482829017,23.028017528730604],[120.20787482829745,23.028017528766984]],[[120.20789049871654,23.028186296182728],[120.2079344091644,23.02818207892128],[120.20793440923715,23.02818207908135],[120.20789049871654,23.028186296182728]]]},"properties":{"building_uid":"nlsc3d-1KGJR573RE","source_id":"1KGJR573RE","building_source":"NLSC-3D-geometry","source_version":"67fec239-0993-40d8-8f4c-45dfff595538","source_license":"Government-Open-Data-TW-1.0","geometry_quality":"source-footprint","height":16.26,"render_height":16.26,"height_quality":"reported","height_source":"NLSC 3D BUILD_H","height_known":true,"min_height":0,"official_height_provider":"NLSC-3D","official_height_building_id":"1KGJR573RE","official_geometry_provider":"NLSC-I3S","official_geometry_node":104528,"official_geometry_resource":104528,"official_geometry_definition":0,"official_geometry_face_start":79,"official_geometry_face_end":96,"official_geometry_validation_m":0.1744495283391991,"official_height_floors":5,"official_height_h_source_code":"0","official_height_h_extraction_code":"0","official_geometry_positive_evidence_only":true}},{"type":"Feature","id":"nlsc3d-1KGD7573S0","geometry":{"type":"MultiPolygon","coordinates":[[[[120.20770322303996,23.02804760476724],[120.20770171617458,23.028047812204793],[120.20770171618913,23.028047812241173],[120.20770322309816,23.02804760497097],[120.20770171624007,23.02804781240852],[120.20771559311378,23.028202193196964],[120.20776111152644,23.028197867902097],[120.20774442030141,23.028026506643844],[120.20774442035234,23.02802650643284],[120.2077027139703,23.028029413199736],[120.20770322304723,23.02804760480362],[120.20770322303996,23.02804760476724]]],[[[120.20770171618913,23.028047812241173],[120.20771559309922,23.02820219342252],[120.20776111163558,23.028197868120376],[120.2077155931065,23.02820219338614],[120.20770171624007,23.02804781240852],[120.20770171618913,23.028047812241173]]],[[[120.2077444203669,23.02802650638191],[120.20774442035234,23.02802650643284],[120.20776111161011,23.028197868083996],[120.2077444203669,23.02802650638191]]]]},"properties":{"building_uid":"nlsc3d-1KGD7573S0","source_id":"1KGD7573S0","building_source":"NLSC-3D-geometry","source_version":"67fec239-0993-40d8-8f4c-45dfff595538","source_license":"Government-Open-Data-TW-1.0","geometry_quality":"source-footprint","height":17.53,"render_height":17.53,"height_quality":"reported","height_source":"NLSC 3D BUILD_H","height_known":true,"min_height":0,"official_height_provider":"NLSC-3D","official_height_building_id":"1KGD7573S0","official_geometry_provider":"NLSC-I3S","official_geometry_node":104528,"official_geometry_resource":104528,"official_geometry_definition":0,"official_geometry_face_start":97,"official_geometry_face_end":124,"official_geometry_validation_m":0.2896968118463322,"official_height_floors":5,"official_height_h_source_code":"0","official_height_h_extraction_code":"0","official_geometry_positive_evidence_only":true}},{"type":"Feature","id":"nlsc3d-1KGHD573RK","geometry":{"type":"MultiPolygon","coordinates":[[[[120.20784769483997,23.028019645139327],[120.20787502817528,23.028017409768697],[120.20784769483633,23.02801964509567],[120.20784769483997,23.028019645139327]]],[[[120.20783171618585,23.028020824535677],[120.20784708851623,23.028190193025555],[120.20789069801957,23.028186077387407],[120.20789069793953,23.02818607722006],[120.20787502811707,23.028017409986976],[120.20784769483633,23.02801964535033],[120.20784769483997,23.028019645139327],[120.20783171613492,23.028020824288294],[120.20783171614583,23.028020824324674],[120.20783171618585,23.028020824535677]]],[[[120.20787502817528,23.028017409768697],[120.20789069801957,23.028186077387407],[120.2078906980414,23.028186077423786],[120.20787502818256,23.02801740972504],[120.20787502817528,23.028017409768697]]]]},"properties":{"building_uid":"nlsc3d-1KGHD573RK","source_id":"1KGHD573RK","building_source":"NLSC-3D-geometry","source_version":"67fec239-0993-40d8-8f4c-45dfff595538","source_license":"Government-Open-Data-TW-1.0","geometry_quality":"source-footprint","height":17.34,"render_height":17.34,"height_quality":"reported","height_source":"NLSC 3D BUILD_H","height_known":true,"min_height":0,"official_height_provider":"NLSC-3D","official_height_building_id":"1KGHD573RK","official_geometry_provider":"NLSC-I3S","official_geometry_node":104528,"official_geometry_resource":104528,"official_geometry_definition":0,"official_geometry_face_start":125,"official_geometry_face_end":147,"official_geometry_validation_m":0.1931138927601637,"official_height_floors":5,"official_height_h_source_code":"0","official_height_h_extraction_code":"0","official_geometry_positive_evidence_only":true}},{"type":"Feature","id":"nlsc3d-1KGG0573RP","geometry":{"type":"MultiPolygon","coordinates":[[[[120.2078318489648,23.028020626927944],[120.20783227635091,23.028024923468227],[120.2078322763691,23.028024923417295],[120.2078318489648,23.028020626927944]]],[[[120.20778823359522,23.028023743315178],[120.20780381290204,23.028194110495722],[120.20784732179071,23.028189995177716],[120.20783227630726,23.028024923635574],[120.20783227635091,23.028024923468227],[120.20783184895389,23.028020626978876],[120.2078318489066,23.02802062716805],[120.20778823359522,23.028023743315178]]],[[[120.20780381289568,23.02819411069945],[120.20778823356157,23.028023743140555],[120.20778823355339,23.028023743089623],[120.20780381289568,23.02819411069945]]],[[[120.20780381290204,23.028194110495722],[120.2078038128975,23.028194110655793],[120.20784732187802,23.02818999533051],[120.20780381290204,23.028194110495722]]]]},"properties":{"building_uid":"nlsc3d-1KGG0573RP","source_id":"1KGG0573RP","building_source":"NLSC-3D-geometry","source_version":"67fec239-0993-40d8-8f4c-45dfff595538","source_license":"Government-Open-Data-TW-1.0","geometry_quality":"source-footprint","height":16.16,"render_height":16.16,"height_quality":"reported","height_source":"NLSC 3D BUILD_H","height_known":true,"min_height":0,"official_height_provider":"NLSC-3D","official_height_building_id":"1KGG0573RP","official_geometry_provider":"NLSC-I3S","official_geometry_node":104528,"official_geometry_resource":104528,"official_geometry_definition":0,"official_geometry_face_start":148,"official_geometry_face_end":170,"official_geometry_validation_m":0.18401396895247865,"official_height_floors":5,"official_height_h_source_code":"0","official_height_h_extraction_code":"0","official_geometry_positive_evidence_only":true}},{"type":"Feature","id":"nlsc3d-1KG42573GD","geometry":{"type":"MultiPolygon","coordinates":[[[[120.20735099407906,23.02784792510642],[120.20735419839625,23.027811520871133],[120.20754157722408,23.027824383265347],[120.20735419835259,23.027811520863857],[120.20735099407906,23.02784792510642]]],[[[120.20735419847628,23.027811520900237],[120.20735419839625,23.027811520871133],[120.20735099413727,23.02784792510642],[120.20735419847628,23.027811520900237]]],[[[120.20735419847628,23.027811520900237],[120.20735099421731,23.027847925099145],[120.20753847467572,23.027860986927358],[120.20754157722408,23.027824383265347],[120.20754157713677,23.0278243832799],[120.20735419847628,23.027811520900237]]],[[[120.20753847472665,23.027860986934634],[120.20754157727501,23.02782438325807],[120.20753847467572,23.027860986927358],[120.20753847472665,23.027860986934634]]],[[[120.20735099413727,23.02784792510642],[120.20735099407906,23.02784792510642],[120.20753847472665,23.027860986934634],[120.20735099413727,23.02784792510642]]]]},"properties":{"building_uid":"nlsc3d-1KG42573GD","source_id":"1KG42573GD","building_source":"NLSC-3D-geometry","source_version":"67fec239-0993-40d8-8f4c-45dfff595538","source_license":"Government-Open-Data-TW-1.0","geometry_quality":"source-footprint","height":9.37,"render_height":9.37,"height_quality":"reported","height_source":"NLSC 3D BUILD_H","height_known":true,"min_height":0,"official_height_provider":"NLSC-3D","official_height_building_id":"1KG42573GD","official_geometry_provider":"NLSC-I3S","official_geometry_node":104529,"official_geometry_resource":104529,"official_geometry_definition":0,"official_geometry_face_start":0,"official_geometry_face_end":17,"official_geometry_validation_m":0.17148652129542452,"official_height_floors":3,"official_height_h_source_code":"0","official_height_h_extraction_code":"0","official_geometry_positive_evidence_only":true}},{"type":"Feature","id":"nlsc3d-1KG45573F5","geometry":{"type":"MultiPolygon","coordinates":[[[[120.20754178616048,23.02782430814836],[120.20754499041945,23.027787903905796],[120.20754499036852,23.02778790392035],[120.20754178602223,23.02782430811198],[120.20754178611682,23.02782430813381],[120.20735440736902,23.027811445725042],[120.20735440728899,23.027811445739594],[120.20735761036926,23.02777484158282],[120.2073576103256,23.027774841553715],[120.20735440724533,23.027811445739594],[120.20754178616048,23.02782430814836]]],[[[120.20735440736902,23.027811445725042],[120.20754178602223,23.02782430811198],[120.20754499027393,23.02778790392035],[120.20735761036926,23.02777484158282],[120.2073576104493,23.027774841611922],[120.20735440736902,23.027811445725042]]]]},"properties":{"building_uid":"nlsc3d-1KG45573F5","source_id":"1KG45573F5","building_source":"NLSC-3D-geometry","source_version":"67fec239-0993-40d8-8f4c-45dfff595538","source_license":"Government-Open-Data-TW-1.0","geometry_quality":"source-footprint","height":9.41,"render_height":9.41,"height_quality":"reported","height_source":"NLSC 3D BUILD_H","height_known":true,"min_height":0,"official_height_provider":"NLSC-3D","official_height_building_id":"1KG45573F5","official_geometry_provider":"NLSC-I3S","official_geometry_node":104529,"official_geometry_resource":104529,"official_geometry_definition":0,"official_geometry_face_start":36,"official_geometry_face_end":53,"official_geometry_validation_m":0.19358209306593024,"official_height_floors":3,"official_height_h_source_code":"0","official_height_h_extraction_code":"0","official_geometry_positive_evidence_only":true}},{"type":"Feature","id":"nlsc3d-1KF8M572RV","geometry":{"type":"MultiPolygon","coordinates":[[[[120.20657023923732,23.027129161324655],[120.20657023931008,23.027129161572038],[120.20655995635926,23.027226880946063],[120.20661951612593,23.02723388163601],[120.2066303992996,23.027135659424193],[120.20661158687463,23.02713365390834],[120.2066115870056,23.027133653660957],[120.20657023922277,23.027129161281],[120.20657023923732,23.027129161324655]]],[[[120.2065599562574,23.027226881106134],[120.206619516286,23.027233881843376],[120.20663039951788,23.02713565917681],[120.20663039950333,23.027135659191362],[120.2066195162569,23.02723388181791],[120.20655995635926,23.027226880946063],[120.2065599562574,23.027226881106134]]],[[[120.20663039950333,23.027135659191362],[120.2066115870056,23.027133653646406],[120.2066115870056,23.027133653660957],[120.20663039950333,23.027135659191362]]]]},"properties":{"building_uid":"nlsc3d-1KF8M572RV","source_id":"1KF8M572RV","building_source":"NLSC-3D-geometry","source_version":"67fec239-0993-40d8-8f4c-45dfff595538","source_license":"Government-Open-Data-TW-1.0","geometry_quality":"source-footprint","height":30.53,"render_height":30.53,"height_quality":"reported","height_source":"NLSC 3D BUILD_H","height_known":true,"min_height":0,"official_height_provider":"NLSC-3D","official_height_building_id":"1KF8M572RV","official_geometry_provider":"NLSC-I3S","official_geometry_node":104470,"official_geometry_resource":104470,"official_geometry_definition":0,"official_geometry_face_start":46,"official_geometry_face_end":68,"official_geometry_validation_m":0.1957110075031143,"official_height_floors":9,"official_height_h_source_code":"0","official_height_h_extraction_code":"0","official_geometry_positive_evidence_only":true}},{"type":"Feature","id":"nlsc3d-1KF4U572RE","geometry":{"type":"MultiPolygon","coordinates":[[[[120.20645253491412,23.02711563873915],[120.2064416429038,23.027212361950905],[120.2065010012756,23.027219263676916],[120.20644164292017,23.027212361929077],[120.20645253492867,23.027115638768255],[120.20647647827164,23.027118218517234],[120.20647647827528,23.02711821848813],[120.20645253491412,23.02711563873915]]],[[[120.20645253501962,23.027115639088397],[120.20644164308206,23.0272123617108],[120.20650100107915,23.0272192633786],[120.20650100126105,23.02721926364781],[120.2065132989973,23.02712223357982],[120.20647647827164,23.027118218517234],[120.20651329874991,23.027122233856307],[120.20647647824254,23.027118218822825],[120.20645253501962,23.027115639088397]]],[[[120.20651329901912,23.02712223356527],[120.20647647827528,23.02711821848813],[120.2065132989973,23.02712223357982],[120.20651329901912,23.02712223356527]]],[[[120.20644164308206,23.0272123617108],[120.20644164292017,23.027212361929077],[120.20650100126105,23.02721926364781],[120.20644164308206,23.0272123617108]]]]},"properties":{"building_uid":"nlsc3d-1KF4U572RE","source_id":"1KF4U572RE","building_source":"NLSC-3D-geometry","source_version":"67fec239-0993-40d8-8f4c-45dfff595538","source_license":"Government-Open-Data-TW-1.0","geometry_quality":"source-footprint","height":39.39,"render_height":39.39,"height_quality":"reported","height_source":"NLSC 3D BUILD_H","height_known":true,"min_height":0,"official_height_provider":"NLSC-3D","official_height_building_id":"1KF4U572RE","official_geometry_provider":"NLSC-I3S","official_geometry_node":104470,"official_geometry_resource":104470,"official_geometry_definition":0,"official_geometry_face_start":69,"official_geometry_face_end":91,"official_geometry_validation_m":0.21628076784177894,"official_height_floors":12,"official_height_h_source_code":"0","official_height_h_extraction_code":"0","official_geometry_positive_evidence_only":true}},{"type":"Feature","id":"nlsc3d-1KEV15731S","geometry":{"type":"MultiPolygon","coordinates":[[[[120.20632891699816,23.027374466641295],[120.20614310305419,23.02735420023261],[120.20614310351985,23.02735420061096],[120.20613156032951,23.02744282926894],[120.20613156088248,23.027442829108868],[120.20631707443127,23.027463496728405],[120.20632891632877,23.0273744668814],[120.20632891699816,23.027374466641295]]],[[[120.20631707502062,23.027463497033995],[120.20613156032951,23.02744282926894],[120.2061315602713,23.02744282928349],[120.20631707507155,23.0274634970631],[120.20631707502062,23.027463497033995]]]]},"properties":{"building_uid":"nlsc3d-1KEV15731S","source_id":"1KEV15731S","building_source":"NLSC-3D-geometry","source_version":"67fec239-0993-40d8-8f4c-45dfff595538","source_license":"Government-Open-Data-TW-1.0","geometry_quality":"source-footprint","height":42.67,"render_height":42.67,"height_quality":"reported","height_source":"NLSC 3D BUILD_H","height_known":true,"min_height":0,"official_height_provider":"NLSC-3D","official_height_building_id":"1KEV15731S","official_geometry_provider":"NLSC-I3S","official_geometry_node":104470,"official_geometry_resource":104470,"official_geometry_definition":0,"official_geometry_face_start":92,"official_geometry_face_end":109,"official_geometry_validation_m":0.18524619423993688,"official_height_floors":13,"official_height_h_source_code":"0","official_height_h_extraction_code":"0","official_geometry_positive_evidence_only":true}},{"type":"Feature","id":"nlsc3d-1KF6R572RN","geometry":{"type":"Polygon","coordinates":[[[120.20650068333808,23.027219597628818],[120.20656024333758,23.02722659832968],[120.20656024319206,23.02722659813323],[120.20657062623096,23.027128778070864],[120.20657062602723,23.027128778303695],[120.20656730677902,23.02712849471597],[120.20656730680813,23.027128494686867],[120.20651298110343,23.027122567531723],[120.2065129811107,23.027122567560827],[120.20651298114709,23.02712256780821],[120.20650068333808,23.027219597628818]]]},"properties":{"building_uid":"nlsc3d-1KF6R572RN","source_id":"1KF6R572RN","building_source":"NLSC-3D-geometry","source_version":"67fec239-0993-40d8-8f4c-45dfff595538","source_license":"Government-Open-Data-TW-1.0","geometry_quality":"source-footprint","height":30.55,"render_height":30.55,"height_quality":"reported","height_source":"NLSC 3D BUILD_H","height_known":true,"min_height":0,"official_height_provider":"NLSC-3D","official_height_building_id":"1KF6R572RN","official_geometry_provider":"NLSC-I3S","official_geometry_node":104470,"official_geometry_resource":104470,"official_geometry_definition":0,"official_geometry_face_start":110,"official_geometry_face_end":132,"official_geometry_validation_m":0.13642679967944804,"official_height_floors":9,"official_height_h_source_code":"0","official_height_h_extraction_code":"0","official_geometry_positive_evidence_only":true}},{"type":"Feature","id":"nlsc3d-1KFAF572S4","geometry":{"type":"MultiPolygon","coordinates":[[[[120.20661927075153,23.027234228149855],[120.20663005353154,23.027136006283644],[120.20661927082429,23.027234227989783],[120.2066733975461,23.027240556002898],[120.20668357410787,23.02714183749801],[120.20665460066257,23.027138682759205],[120.20665460057526,23.027138682992035],[120.20663005350244,23.02713600603626],[120.20661927075153,23.027234228149855]]],[[[120.20661927075153,23.027234228149855],[120.20661927073698,23.027234228164406],[120.20667339772072,23.027240556221177],[120.20667339769162,23.02724055619571],[120.20661927082429,23.027234227989783],[120.20661927075153,23.027234228149855]]],[[[120.2066835743116,23.02714183726518],[120.2066835743407,23.027141837236076],[120.20665460066257,23.0271386827301],[120.2066835743116,23.02714183726518]]],[[[120.2066835743116,23.02714183726518],[120.2066733975461,23.027240556002898],[120.20667339769162,23.02724055619571],[120.2066835743116,23.02714183726518]]]]},"properties":{"building_uid":"nlsc3d-1KFAF572S4","source_id":"1KFAF572S4","building_source":"NLSC-3D-geometry","source_version":"67fec239-0993-40d8-8f4c-45dfff595538","source_license":"Government-Open-Data-TW-1.0","geometry_quality":"source-footprint","height":30.55,"render_height":30.55,"height_quality":"reported","height_source":"NLSC 3D BUILD_H","height_known":true,"min_height":0,"official_height_provider":"NLSC-3D","official_height_building_id":"1KFAF572S4","official_geometry_provider":"NLSC-I3S","official_geometry_node":104470,"official_geometry_resource":104470,"official_geometry_definition":0,"official_geometry_face_start":161,"official_geometry_face_end":183,"official_geometry_validation_m":0.1701387566174826,"official_height_floors":9,"official_height_h_source_code":"0","official_height_h_extraction_code":"0","official_geometry_positive_evidence_only":true}},{"type":"Feature","id":"nlsc3d-1KFCC572SB","geometry":{"type":"Polygon","coordinates":[[[120.20668314718378,23.027142148967204],[120.20668314721289,23.027142148996308],[120.20674129556019,23.02714845703328],[120.20674723111179,23.027149127454567],[120.20674129541467,23.02714845726611],[120.2066831473002,23.027142149258243],[120.20667307108843,23.02724086743571],[120.2067380641328,23.02724854091527],[120.20674723131552,23.027149127192633],[120.2067412955893,23.027148456989625],[120.20668314718378,23.027142148967204]],[[120.20667307126305,23.02724086727564],[120.20673806401638,23.02724854069699],[120.2067380641328,23.027248540889804],[120.20667307108843,23.02724086743571],[120.20667307126305,23.02724086727564]]]},"properties":{"building_uid":"nlsc3d-1KFCC572SB","source_id":"1KFCC572SB","building_source":"NLSC-3D-geometry","source_version":"67fec239-0993-40d8-8f4c-45dfff595538","source_license":"Government-Open-Data-TW-1.0","geometry_quality":"source-footprint","height":30.35,"render_height":30.35,"height_quality":"reported","height_source":"NLSC 3D BUILD_H","height_known":true,"min_height":0,"official_height_provider":"NLSC-3D","official_height_building_id":"1KFCC572SB","official_geometry_provider":"NLSC-I3S","official_geometry_node":104470,"official_geometry_resource":104470,"official_geometry_definition":0,"official_geometry_face_start":184,"official_geometry_face_end":206,"official_geometry_validation_m":0.15978963726771894,"official_height_floors":9,"official_height_h_source_code":"0","official_height_h_extraction_code":"0","official_geometry_positive_evidence_only":true}},{"type":"Feature","id":"nlsc3d-1KF2P572R5","geometry":{"type":"MultiPolygon","coordinates":[[[[120.20636639627438,23.02720304785932],[120.20644195324522,23.027211968110596],[120.20636639628893,23.02720304784477],[120.20636639646355,23.027203047670145],[120.20644195322339,23.027211968088768],[120.20644195305059,23.027211967877765],[120.2064529454855,23.027115244658734],[120.20645294570377,23.027115244425904],[120.20643413321332,23.027113238880947],[120.20637809721475,23.027107120368118],[120.20636639627438,23.02720304785932]],[[120.206378097353,23.027107120659156],[120.20637809723294,23.027107120397222],[120.20643413305689,23.02711323914288],[120.206378097353,23.027107120659156]]],[[[120.20645294572924,23.0271152443968],[120.20645294570377,23.027115244425904],[120.20644195322339,23.027211968088768],[120.20645294572924,23.0271152443968]]]]},"properties":{"building_uid":"nlsc3d-1KF2P572R5","source_id":"1KF2P572R5","building_source":"NLSC-3D-geometry","source_version":"67fec239-0993-40d8-8f4c-45dfff595538","source_license":"Government-Open-Data-TW-1.0","geometry_quality":"source-footprint","height":32.11,"render_height":32.11,"height_quality":"reported","height_source":"NLSC 3D BUILD_H","height_known":true,"min_height":0,"official_height_provider":"NLSC-3D","official_height_building_id":"1KF2P572R5","official_geometry_provider":"NLSC-I3S","official_geometry_node":104470,"official_geometry_resource":104470,"official_geometry_definition":0,"official_geometry_face_start":23,"official_geometry_face_end":45,"official_geometry_validation_m":0.16190420066301286,"official_height_floors":10,"official_height_h_source_code":"0","official_height_h_extraction_code":"0","official_geometry_positive_evidence_only":true}},{"type":"Feature","id":"nlsc3d-1KGP0573R4","geometry":{"type":"MultiPolygon","coordinates":[[[[120.20800712815227,23.028010334240825],[120.20802186534976,23.028174308059242],[120.20802186535704,23.028174308015586],[120.20806507275458,23.028170194276463],[120.20806507273639,23.028170194240083],[120.20806507266727,23.02817019410184],[120.20805860478842,23.02809605035025],[120.2080504536859,23.02800921891656],[120.20805860473749,23.028096050357526],[120.2080504536568,23.028009219105734],[120.20804452268177,23.028009348406776],[120.20804452265267,23.0280093485814],[120.20800712821048,23.02801033441545],[120.20800712815227,23.028010334240825]]],[[[120.20806507273639,23.028170194240083],[120.20805860480297,23.02809605034843],[120.20805045369318,23.028009218872903],[120.20805860478842,23.02809605035025],[120.20806507273639,23.028170194240083]]]]},"properties":{"building_uid":"nlsc3d-1KGP0573R4","source_id":"1KGP0573R4","building_source":"NLSC-3D-geometry","source_version":"67fec239-0993-40d8-8f4c-45dfff595538","source_license":"Government-Open-Data-TW-1.0","geometry_quality":"source-footprint","height":16.25,"render_height":16.25,"height_quality":"reported","height_source":"NLSC 3D BUILD_H","height_known":true,"min_height":0,"official_height_provider":"NLSC-3D","official_height_building_id":"1KGP0573R4","official_geometry_provider":"NLSC-I3S","official_geometry_node":104523,"official_geometry_resource":104523,"official_geometry_definition":0,"official_geometry_face_start":18,"official_geometry_face_end":45,"official_geometry_validation_m":0.19604378721927407,"official_height_floors":5,"official_height_h_source_code":"0","official_height_h_extraction_code":"0","official_geometry_positive_evidence_only":true}},{"type":"Feature","id":"nlsc3d-1KGMK573R7","geometry":{"type":"Polygon","coordinates":[[[120.20796267766102,23.028011415862856],[120.20797703043328,23.028178390664543],[120.20802204629555,23.02817406795264],[120.2080073096001,23.028010194062226],[120.20796267766102,23.028011415862856]],[[120.20800730959283,23.02801019410588],[120.20800730956373,23.02801019428778],[120.20796267769012,23.028011415913788],[120.20796267766102,23.028011415862856],[120.20800730959283,23.02801019410588]],[[120.20797703044784,23.028178390620887],[120.208022046281,23.028174067908985],[120.20802204629555,23.02817406795264],[120.20797703044784,23.028178390620887]],[[120.20796267774833,23.02801141608841],[120.20797703047694,23.02817839045354],[120.20797703044784,23.028178390620887],[120.20796267774833,23.02801141608841]]]},"properties":{"building_uid":"nlsc3d-1KGMK573R7","source_id":"1KGMK573R7","building_source":"NLSC-3D-geometry","source_version":"67fec239-0993-40d8-8f4c-45dfff595538","source_license":"Government-Open-Data-TW-1.0","geometry_quality":"source-footprint","height":16.33,"render_height":16.33,"height_quality":"reported","height_source":"NLSC 3D BUILD_H","height_known":true,"min_height":0,"official_height_provider":"NLSC-3D","official_height_building_id":"1KGMK573R7","official_geometry_provider":"NLSC-I3S","official_geometry_node":104523,"official_geometry_resource":104523,"official_geometry_definition":0,"official_geometry_face_start":46,"official_geometry_face_end":63,"official_geometry_validation_m":0.20768021957774677,"official_height_floors":5,"official_height_h_source_code":"0","official_height_h_extraction_code":"0","official_geometry_positive_evidence_only":true}},{"type":"Feature","id":"nlsc3d-1KGRR573QU","geometry":{"type":"MultiPolygon","coordinates":[[[[120.20813913516005,23.028003207396686],[120.20815293807001,23.02816218742708],[120.20815293809184,23.028162187456182],[120.20813913517097,23.028003207345755],[120.20809411284401,23.028006430405803],[120.20813913516005,23.028003207396686]]],[[[120.20809411286038,23.02800643044946],[120.20810802217395,23.028166409665282],[120.20815293809184,23.028162187456182],[120.20810802217667,23.028166409628902],[120.20809411290222,23.028006430631358],[120.20810802219486,23.028166409483383],[120.20815293798998,23.028162187288835],[120.20813913516005,23.028003207396686],[120.20813913511822,23.02800320757131],[120.20809411286038,23.02800643044946]]]]},"properties":{"building_uid":"nlsc3d-1KGRR573QU","source_id":"1KGRR573QU","building_source":"NLSC-3D-geometry","source_version":"67fec239-0993-40d8-8f4c-45dfff595538","source_license":"Government-Open-Data-TW-1.0","geometry_quality":"source-footprint","height":16.21,"render_height":16.21,"height_quality":"reported","height_source":"NLSC 3D BUILD_H","height_known":true,"min_height":0,"official_height_provider":"NLSC-3D","official_height_building_id":"1KGRR573QU","official_geometry_provider":"NLSC-I3S","official_geometry_node":104523,"official_geometry_resource":104523,"official_geometry_definition":0,"official_geometry_face_start":87,"official_geometry_face_end":104,"official_geometry_validation_m":0.18607511491738754,"official_height_floors":5,"official_height_h_source_code":"0","official_height_h_extraction_code":"0","official_geometry_positive_evidence_only":true}},{"type":"Feature","id":"nlsc3d-1KGT7573QQ","geometry":{"type":"MultiPolygon","coordinates":[[[[120.20818245401435,23.02800027665551],[120.2081389392167,23.028003392053215],[120.20813893924944,23.028003392235114],[120.20815274209573,23.02816237211271],[120.2081962510999,23.028158256918395],[120.20818245408711,23.028000276429957],[120.20819625107808,23.028158256882016],[120.20815274209937,23.028162371974467],[120.20819625099077,23.028158256743772],[120.20818245401435,23.02800027665551]]],[[[120.20815274209573,23.02816237214909],[120.2081389392167,23.028003392053215],[120.20813893921124,23.02800339200956],[120.20815274209573,23.02816237214909]]]]},"properties":{"building_uid":"nlsc3d-1KGT7573QQ","source_id":"1KGT7573QQ","building_source":"NLSC-3D-geometry","source_version":"67fec239-0993-40d8-8f4c-45dfff595538","source_license":"Government-Open-Data-TW-1.0","geometry_quality":"source-footprint","height":16.2,"render_height":16.2,"height_quality":"reported","height_source":"NLSC 3D BUILD_H","height_known":true,"min_height":0,"official_height_provider":"NLSC-3D","official_height_building_id":"1KGT7573QQ","official_geometry_provider":"NLSC-I3S","official_geometry_node":104523,"official_geometry_resource":104523,"official_geometry_definition":0,"official_geometry_face_start":105,"official_geometry_face_end":122,"official_geometry_validation_m":0.1872747450795604,"official_height_floors":5,"official_height_h_source_code":"0","official_height_h_extraction_code":"0","official_geometry_positive_evidence_only":true}},{"type":"Feature","id":"nlsc3d-1KGQC573R0","geometry":{"type":"MultiPolygon","coordinates":[[[[120.20805837622149,23.02809630759355],[120.20806484355464,23.02817035137894],[120.20806484352917,23.028170351531735],[120.20810825199871,23.028166236817633],[120.20810825197597,23.028166236773977],[120.2080942420632,23.028006258045643],[120.20809424205592,23.0280062580893],[120.20810825191413,23.028166236635734],[120.20809424201227,23.028006258271198],[120.20805032504697,23.028009375698893],[120.2080503250979,23.02800937586624],[120.20805837622149,23.02809630759355]]],[[[120.20805032504697,23.028009375698893],[120.20805837617783,23.028096307599917],[120.20806484352917,23.02817035157539],[120.20805837618511,23.028096307600826],[120.20805032504697,23.028009375698893]]]]},"properties":{"building_uid":"nlsc3d-1KGQC573R0","source_id":"1KGQC573R0","building_source":"NLSC-3D-geometry","source_version":"67fec239-0993-40d8-8f4c-45dfff595538","source_license":"Government-Open-Data-TW-1.0","geometry_quality":"source-footprint","height":16.23,"render_height":16.23,"height_quality":"reported","height_source":"NLSC 3D BUILD_H","height_known":true,"min_height":0,"official_height_provider":"NLSC-3D","official_height_building_id":"1KGQC573R0","official_geometry_provider":"NLSC-I3S","official_geometry_node":104523,"official_geometry_resource":104523,"official_geometry_definition":0,"official_geometry_face_start":123,"official_geometry_face_end":145,"official_geometry_validation_m":0.17377194519485736,"official_height_floors":5,"official_height_h_source_code":"0","official_height_h_extraction_code":"0","official_geometry_positive_evidence_only":true}},{"type":"Feature","id":"nlsc3d-1KGRJ573GP","geometry":{"type":"MultiPolygon","coordinates":[[[[120.20804283331421,23.027826651284617],[120.20804165585326,23.02786584444448],[120.20804165602061,23.02786584439446],[120.20819268723466,23.027869691457003],[120.20819268728559,23.027869691469736],[120.20819406445702,23.02783029729608],[120.2080830543859,23.027827650691965],[120.20819406442064,23.027830297306995],[120.20819268703093,23.0278696914138],[120.20819406421691,23.02783029735429],[120.20808305448048,23.027827650761086],[120.20808305440045,23.02782765070288],[120.20804283311048,23.02782665120822],[120.20804283314686,23.027826651219133],[120.20804283331421,23.027826651284617]]],[[[120.20804165581688,23.027865844454485],[120.20804165585326,23.02786584444448],[120.20804283314686,23.027826651219133],[120.20804165581688,23.027865844454485]]],[[[120.20819406442064,23.027830297306995],[120.20808305440045,23.02782765070288],[120.20819406421691,23.02783029735429],[120.20819406442064,23.027830297306995]]]]},"properties":{"building_uid":"nlsc3d-1KGRJ573GP","source_id":"1KGRJ573GP","building_source":"NLSC-3D-geometry","source_version":"67fec239-0993-40d8-8f4c-45dfff595538","source_license":"Government-Open-Data-TW-1.0","geometry_quality":"source-footprint","height":19.12,"render_height":19.12,"height_quality":"reported","height_source":"NLSC 3D BUILD_H","height_known":true,"min_height":0,"official_height_provider":"NLSC-3D","official_height_building_id":"1KGRJ573GP","official_geometry_provider":"NLSC-I3S","official_geometry_node":104525,"official_geometry_resource":104525,"official_geometry_definition":0,"official_geometry_face_start":0,"official_geometry_face_end":22,"official_geometry_validation_m":0.18421859980976782,"official_height_floors":6,"official_height_h_source_code":"0","official_height_h_extraction_code":"0","official_geometry_positive_evidence_only":true}},{"type":"Feature","id":"nlsc3d-1KGRK573FC","geometry":{"type":"Polygon","coordinates":[[[120.20804430859465,23.02778877046649],[120.20804430863103,23.027788770481042],[120.20804312313015,23.027826564195042],[120.20804312327567,23.0278265641623],[120.20819425428675,23.027830310680205],[120.20819425446138,23.027830310720223],[120.2081942545123,23.027830310734775],[120.20819553995574,23.027792416536162],[120.20808664112741,23.027789759443753],[120.20804430859465,23.02778877046649]],[[120.20819553973018,23.027792416579818],[120.20808664118925,23.027789759494684],[120.20808664113832,23.02778975945103],[120.20819553991936,23.027792416543438],[120.20819425428675,23.027830310680205],[120.20819553973018,23.027792416579818]]]},"properties":{"building_uid":"nlsc3d-1KGRK573FC","source_id":"1KGRK573FC","building_source":"NLSC-3D-geometry","source_version":"67fec239-0993-40d8-8f4c-45dfff595538","source_license":"Government-Open-Data-TW-1.0","geometry_quality":"source-footprint","height":17.12,"render_height":17.12,"height_quality":"reported","height_source":"NLSC 3D BUILD_H","height_known":true,"min_height":0,"official_height_provider":"NLSC-3D","official_height_building_id":"1KGRK573FC","official_geometry_provider":"NLSC-I3S","official_geometry_node":104525,"official_geometry_resource":104525,"official_geometry_definition":0,"official_geometry_face_start":23,"official_geometry_face_end":45,"official_geometry_validation_m":0.1885020793660301,"official_height_floors":5,"official_height_h_source_code":"0","official_height_h_extraction_code":"0","official_geometry_positive_evidence_only":true}},{"type":"Feature","id":"nlsc3d-1KGRF573M7","geometry":{"type":"MultiPolygon","coordinates":[[[[120.20804700320917,23.027950137563952],[120.20804483984142,23.028009729112004],[120.20805066969518,23.028009500181273],[120.20805066972429,23.02800950016672],[120.20805066985525,23.028009500137617],[120.20806644802764,23.028008421942562],[120.20818754494434,23.027999622035626],[120.20818908267432,23.027953329402866],[120.20805203056847,23.02795021251359],[120.20804700320917,23.027950137563952]]],[[[120.20818908285622,23.027953329315554],[120.20818908281984,23.027953329337382],[120.20818754509713,23.02799962206473],[120.20818908285622,23.027953329315554]]],[[[120.20818754513351,23.02799962206473],[120.20818754509713,23.02799962206473],[120.20806644793305,23.02800842198622],[120.20806644790758,23.02800842200077],[120.20818754513351,23.02799962206473]]]]},"properties":{"building_uid":"nlsc3d-1KGRF573M7","source_id":"1KGRF573M7","building_source":"NLSC-3D-geometry","source_version":"67fec239-0993-40d8-8f4c-45dfff595538","source_license":"Government-Open-Data-TW-1.0","geometry_quality":"source-footprint","height":16.06,"render_height":16.06,"height_quality":"reported","height_source":"NLSC 3D BUILD_H","height_known":true,"min_height":0,"official_height_provider":"NLSC-3D","official_height_building_id":"1KGRF573M7","official_geometry_provider":"NLSC-I3S","official_geometry_node":104525,"official_geometry_resource":104525,"official_geometry_definition":0,"official_geometry_face_start":46,"official_geometry_face_end":78,"official_geometry_validation_m":0.5096255045097683,"official_height_floors":5,"official_height_h_source_code":"0","official_height_h_extraction_code":"0","official_geometry_positive_evidence_only":true}},{"type":"Feature","id":"nlsc3d-1KGRL573KH","geometry":{"type":"MultiPolygon","coordinates":[[[[120.20804873971832,23.027907484412484],[120.20804728075058,23.02795007795203],[120.20804728078696,23.027950077944755],[120.20804873984929,23.027907484470692],[120.20804873971832,23.027907484412484]]],[[[120.20818936083418,23.02795336963891],[120.20819081622943,23.0279101764113],[120.20804873984929,23.027907484470692],[120.2080472809252,23.02795007791565],[120.20818936083418,23.02795336963891]]]]},"properties":{"building_uid":"nlsc3d-1KGRL573KH","source_id":"1KGRL573KH","building_source":"NLSC-3D-geometry","source_version":"67fec239-0993-40d8-8f4c-45dfff595538","source_license":"Government-Open-Data-TW-1.0","geometry_quality":"source-footprint","height":16.3,"render_height":16.3,"height_quality":"reported","height_source":"NLSC 3D BUILD_H","height_known":true,"min_height":0,"official_height_provider":"NLSC-3D","official_height_building_id":"1KGRL573KH","official_geometry_provider":"NLSC-I3S","official_geometry_node":104525,"official_geometry_resource":104525,"official_geometry_definition":0,"official_geometry_face_start":79,"official_geometry_face_end":96,"official_geometry_validation_m":0.16716800934515455,"official_height_floors":5,"official_height_h_source_code":"0","official_height_h_extraction_code":"0","official_geometry_positive_evidence_only":true}},{"type":"Feature","id":"nlsc3d-1KGRM573E0","geometry":{"type":"MultiPolygon","coordinates":[[[[120.20804582141176,23.02774803660714],[120.20808936214092,23.027749319489434],[120.20808936212455,23.027749319474882],[120.20804582141176,23.02774803660714]]],[[[120.20804455256479,23.027788729779335],[120.20804455243382,23.027788729815715],[120.20804455239744,23.02778872982299],[120.20818076590166,23.027792103854996],[120.20819578430422,23.02779247586432],[120.20819578430425,23.02779247586342],[120.20819715330475,23.027751682182046],[120.20808936212455,23.027749319474882],[120.20819715325382,23.027751682196598],[120.20819578412232,23.027792475820664],[120.20819715308647,23.027751682254806],[120.20808936218458,23.02774931954764],[120.2080458215791,23.027748036665347],[120.20804455256479,23.027788729779335]]],[[[120.20808936214092,23.027749319489434],[120.20819715308647,23.027751682254806],[120.20819715325382,23.027751682196598],[120.20808936214092,23.027749319489434]]]]},"properties":{"building_uid":"nlsc3d-1KGRM573E0","source_id":"1KGRM573E0","building_source":"NLSC-3D-geometry","source_version":"67fec239-0993-40d8-8f4c-45dfff595538","source_license":"Government-Open-Data-TW-1.0","geometry_quality":"source-footprint","height":16.85,"render_height":16.85,"height_quality":"reported","height_source":"NLSC 3D BUILD_H","height_known":true,"min_height":0,"official_height_provider":"NLSC-3D","official_height_building_id":"1KGRM573E0","official_geometry_provider":"NLSC-I3S","official_geometry_node":104525,"official_geometry_resource":104525,"official_geometry_definition":0,"official_geometry_face_start":97,"official_geometry_face_end":119,"official_geometry_validation_m":0.18569851723918687,"official_height_floors":5,"official_height_h_source_code":"0","official_height_h_extraction_code":"0","official_geometry_positive_evidence_only":true}},{"type":"Feature","id":"nlsc3d-1KGRH573J3","geometry":{"type":"MultiPolygon","coordinates":[[[[120.20804137930139,23.0278658685279],[120.20807938823458,23.027866779059426],[120.20819251126562,23.027869715029286],[120.20807938821275,23.027866779046693],[120.20804137930139,23.0278658685279]]],[[[120.20804009917669,23.027904662408677],[120.20804009936586,23.02790466238503],[120.20804011405602,23.027907161505485],[120.20804906345478,23.027907416873408],[120.20819113979854,23.02791010878855],[120.20819112862267,23.02790820946166],[120.20819121348217,23.02790550994678],[120.2081915639796,23.027896711040288],[120.20819251130928,23.027869715015644],[120.20819251126562,23.027869715029286],[120.208192511091,23.027869715097953],[120.20807938823458,23.027866779059426],[120.20804137933777,23.02786586854791],[120.20804009917669,23.027904662408677]],[[120.20819121330754,23.027905509919496],[120.20819156377587,23.027896711033012],[120.20819156394322,23.027896711040288],[120.20819121330754,23.027905509919496]]],[[[120.20804009913303,23.027904662414134],[120.20804137933777,23.02786586854791],[120.20804137930139,23.0278658685279],[120.20804009913303,23.027904662414134]]],[[[120.20804011385229,23.02790716153095],[120.20804009917669,23.027904662408677],[120.20804009913303,23.027904662414134],[120.20804011382319,23.02790716153459],[120.20804906324378,23.02790741690615],[120.20804011385229,23.02790716153095]]],[[[120.20804011405602,23.027907161505485],[120.20804011385229,23.02790716153095],[120.20804906327288,23.02790741690251],[120.20804011405602,23.027907161505485]]],[[[120.20804906327288,23.02790741690251],[120.20804906324378,23.02790741690615],[120.20819114000227,23.027910108835844],[120.20804906327288,23.02790741690251]]],[[[120.20819121352582,23.02790550995042],[120.20819121348217,23.02790550994678],[120.20819112880457,23.02790820949804],[120.20819121352582,23.02790550995042]]]]},"properties":{"building_uid":"nlsc3d-1KGRH573J3","source_id":"1KGRH573J3","building_source":"NLSC-3D-geometry","source_version":"67fec239-0993-40d8-8f4c-45dfff595538","source_license":"Government-Open-Data-TW-1.0","geometry_quality":"source-footprint","height":19.08,"render_height":19.08,"height_quality":"reported","height_source":"NLSC 3D BUILD_H","height_known":true,"min_height":0,"official_height_provider":"NLSC-3D","official_height_building_id":"1KGRH573J3","official_geometry_provider":"NLSC-I3S","official_geometry_node":104525,"official_geometry_resource":104525,"official_geometry_definition":0,"official_geometry_face_start":120,"official_geometry_face_end":167,"official_geometry_validation_m":0.22377389252357033,"official_height_floors":6,"official_height_h_source_code":"0","official_height_h_extraction_code":"0","official_geometry_positive_evidence_only":true}},{"type":"Feature","id":"nlsc3d-1KGWH573EV","geometry":{"type":"MultiPolygon","coordinates":[[[[120.2083511029038,23.027778935469627],[120.20819544723662,23.027775111349996],[120.2081947492249,23.02779320894851],[120.20819474907938,23.027793208933957],[120.20819407628613,23.027815605066365],[120.20834973237532,23.027819429200548],[120.20819407632251,23.02781560505909],[120.20834973233167,23.027819429185996],[120.20819407646076,23.02781560503726],[120.20834973215705,23.027819429149616],[120.2083511029038,23.027778935469627]]],[[[120.20835110310026,23.02777893542597],[120.20834973215705,23.027819429149616],[120.20834973233167,23.027819429185996],[120.20835110310026,23.02777893542597]]],[[[120.20834973233167,23.027819429185996],[120.20834973237532,23.027819429200548],[120.20835110314391,23.027778935418695],[120.20834973233167,23.027819429185996]]]]},"properties":{"building_uid":"nlsc3d-1KGWH573EV","source_id":"1KGWH573EV","building_source":"NLSC-3D-geometry","source_version":"67fec239-0993-40d8-8f4c-45dfff595538","source_license":"Government-Open-Data-TW-1.0","geometry_quality":"source-footprint","height":16.54,"render_height":16.54,"height_quality":"reported","height_source":"NLSC 3D BUILD_H","height_known":true,"min_height":0,"official_height_provider":"NLSC-3D","official_height_building_id":"1KGWH573EV","official_geometry_provider":"NLSC-I3S","official_geometry_node":104526,"official_geometry_resource":104526,"official_geometry_definition":0,"official_geometry_face_start":0,"official_geometry_face_end":22,"official_geometry_validation_m":0.18624905907897674,"official_height_floors":5,"official_height_h_source_code":"0","official_height_h_extraction_code":"0","official_geometry_positive_evidence_only":true}},{"type":"Feature","id":"nlsc3d-1KGWF573GB","geometry":{"type":"MultiPolygon","coordinates":[[[[120.20819378111509,23.027815654331874],[120.20834953766342,23.027819477978568],[120.2081937810787,23.0278156543246],[120.20819326829104,23.027831051917104],[120.20819378111509,23.027815654331874]]],[[[120.20819326832742,23.02783105192438],[120.20819326847294,23.02783105194257],[120.20819241813177,23.027857447617947],[120.2083481755314,23.027861471173395],[120.2083495374888,23.027819478022224],[120.20819378111509,23.027815654331874],[120.20819326832742,23.02783105192438]]],[[[120.20834817574968,23.027861471224327],[120.20834953770708,23.027819477971292],[120.20834953766342,23.027819477978568],[120.2083481755314,23.027861471173395],[120.2083481757133,23.027861471213413],[120.20819241813177,23.027857447617947],[120.20819241797898,23.027857447639775],[120.20819326832742,23.02783105192438],[120.20819241794987,23.02785744765069],[120.20834817574968,23.027861471224327]]]]},"properties":{"building_uid":"nlsc3d-1KGWF573GB","source_id":"1KGWF573GB","building_source":"NLSC-3D-geometry","source_version":"67fec239-0993-40d8-8f4c-45dfff595538","source_license":"Government-Open-Data-TW-1.0","geometry_quality":"source-footprint","height":16.11,"render_height":16.11,"height_quality":"reported","height_source":"NLSC 3D BUILD_H","height_known":true,"min_height":0,"official_height_provider":"NLSC-3D","official_height_building_id":"1KGWF573GB","official_geometry_provider":"NLSC-I3S","official_geometry_node":104526,"official_geometry_resource":104526,"official_geometry_definition":0,"official_geometry_face_start":46,"official_geometry_face_end":68,"official_geometry_validation_m":0.1809154004707906,"official_height_floors":5,"official_height_h_source_code":"0","official_height_h_extraction_code":"0","official_geometry_positive_evidence_only":true}},{"type":"Feature","id":"nlsc3d-1KFWJ573AL","geometry":{"type":"Polygon","coordinates":[[[120.20718662616538,23.02762876653251],[120.20737098838846,23.027641543783467],[120.20718662620176,23.027628766556155],[120.20718098504268,23.027695273227074],[120.20736514556894,23.02770795148863],[120.20736514562715,23.027707951510457],[120.20737098844667,23.027641543765277],[120.20718662616538,23.02762876653251]]]},"properties":{"building_uid":"nlsc3d-1KFWJ573AL","source_id":"1KFWJ573AL","building_source":"NLSC-3D-geometry","source_version":"67fec239-0993-40d8-8f4c-45dfff595538","source_license":"Government-Open-Data-TW-1.0","geometry_quality":"source-footprint","height":3.41,"render_height":3.41,"height_quality":"reported","height_source":"NLSC 3D BUILD_H","height_known":true,"min_height":0,"official_height_provider":"NLSC-3D","official_height_building_id":"1KFWJ573AL","official_geometry_provider":"NLSC-I3S","official_geometry_node":104483,"official_geometry_resource":104483,"official_geometry_definition":0,"official_geometry_face_start":0,"official_geometry_face_end":9,"official_geometry_validation_m":0.1910847067756127,"official_height_floors":1,"official_height_h_source_code":"0","official_height_h_extraction_code":"0","official_geometry_positive_evidence_only":true}},{"type":"Feature","id":"nlsc3d-1KFWP5738T","geometry":{"type":"MultiPolygon","coordinates":[[[[120.20737455216705,23.02760434976708],[120.20719009112192,23.02759187291995],[120.20718698978136,23.02762867653437],[120.20719009115102,23.02759187293632],[120.20737455210157,23.027604349777086],[120.20737455216705,23.02760434976708]]],[[[120.2071900912165,23.027591872967243],[120.20718698989778,23.027628676528913],[120.20737125206189,23.027641554228104],[120.20737125195275,23.027641554209914],[120.20737455200698,23.027604349793002],[120.2071900912165,23.027591872967243]]],[[[120.20737125206189,23.027641554228104],[120.20718698981774,23.027628676530732],[120.2073712521201,23.02764155423538],[120.20737125206189,23.027641554228104]]]]},"properties":{"building_uid":"nlsc3d-1KFWP5738T","source_id":"1KFWP5738T","building_source":"NLSC-3D-geometry","source_version":"67fec239-0993-40d8-8f4c-45dfff595538","source_license":"Government-Open-Data-TW-1.0","geometry_quality":"source-footprint","height":9.36,"render_height":9.36,"height_quality":"reported","height_source":"NLSC 3D BUILD_H","height_known":true,"min_height":0,"official_height_provider":"NLSC-3D","official_height_building_id":"1KFWP5738T","official_geometry_provider":"NLSC-I3S","official_geometry_node":104483,"official_geometry_resource":104483,"official_geometry_definition":0,"official_geometry_face_start":82,"official_geometry_face_end":99,"official_geometry_validation_m":0.17618195472134382,"official_height_floors":3,"official_height_h_source_code":"0","official_height_h_extraction_code":"0","official_geometry_positive_evidence_only":true}},{"type":"Feature","id":"nlsc3d-1KFNV572X8","geometry":{"type":"MultiPolygon","coordinates":[[[[120.20695718587199,23.02731441251858],[120.20695718583197,23.02731441250221],[120.20692701221382,23.027312363547072],[120.20695718587199,23.02731441251858]]],[[[120.20692391212383,23.027349367095713],[120.20692701227112,23.02731236356526],[120.20692701221382,23.027312363547072],[120.20692391212383,23.027349367095713]]],[[[120.20714900882926,23.0273649401061],[120.20715240875329,23.02732763522072],[120.20695718587199,23.02731441251858],[120.20695718594474,23.02731441254223],[120.20692701237753,23.027312363596184],[120.20692391218658,23.027349367090256],[120.20695408456781,23.02735121611663],[120.20714900900388,23.027364940138842],[120.20715240892791,23.027327635204347],[120.20714900894568,23.027364940127928],[120.20695408468059,23.02735121610208],[120.20714900882926,23.0273649401061]],[[120.20695408460055,23.027351216111175],[120.2069239122939,23.027349367088437],[120.20695408468059,23.02735121610208],[120.20695408460055,23.027351216111175]]],[[[120.2071524088697,23.027327635212306],[120.20715240892791,23.027327635204347],[120.20695718583197,23.02731441250221],[120.2071524088697,23.027327635212306]]],[[[120.20714900894568,23.027364940127928],[120.2071524088697,23.027327635212306],[120.20714900882926,23.0273649401061],[120.20714900894568,23.027364940127928]]]]},"properties":{"building_uid":"nlsc3d-1KFNV572X8","source_id":"1KFNV572X8","building_source":"NLSC-3D-geometry","source_version":"67fec239-0993-40d8-8f4c-45dfff595538","source_license":"Government-Open-Data-TW-1.0","geometry_quality":"source-footprint","height":9.6,"render_height":9.6,"height_quality":"reported","height_source":"NLSC 3D BUILD_H","height_known":true,"min_height":0,"official_height_provider":"NLSC-3D","official_height_building_id":"1KFNV572X8","official_geometry_provider":"NLSC-I3S","official_geometry_node":104484,"official_geometry_resource":104484,"official_geometry_definition":0,"official_geometry_face_start":0,"official_geometry_face_end":27,"official_geometry_validation_m":0.16291145468868004,"official_height_floors":3,"official_height_h_source_code":"0","official_height_h_extraction_code":"0","official_geometry_positive_evidence_only":true}},{"type":"Feature","id":"nlsc3d-1KFHG572T7","geometry":{"type":"MultiPolygon","coordinates":[[[[120.20681112311472,23.027157017124456],[120.20681112314382,23.02715701715356],[120.20693184636552,23.0271701111124],[120.20693184640554,23.027170111068745],[120.20681112311472,23.027157017124456]]],[[[120.20681112314382,23.02715701715356],[120.20681112328207,23.027157017357286],[120.20680145552073,23.02725683317117],[120.20680145568808,23.027256833091133],[120.20682147390657,23.027275827251334],[120.2069310035768,23.02728317885708],[120.2069310033567,23.027283178682456],[120.20693175859074,23.027274880310873],[120.20693175908131,23.027274877797073],[120.20694040722996,23.027172667578316],[120.20693165651396,23.027172011417907],[120.20693165648122,23.02717201143246],[120.2069404071954,23.02717266760742],[120.20693175904493,23.027274877771607],[120.20693175862672,23.02727487991552],[120.20693175883575,23.02727487761881],[120.20694040695348,23.02717266776749],[120.20693165626112,23.02717201159253],[120.20693184636552,23.0271701111124],[120.20693184615634,23.027170111272472],[120.20681112314382,23.02715701715356]]],[[[120.20682147387747,23.027275827280437],[120.206931003615,23.027283178886183],[120.20682147390657,23.027275827251334],[120.20680145552073,23.02725683317117],[120.20682147387747,23.027275827280437]]]]},"properties":{"building_uid":"nlsc3d-1KFHG572T7","source_id":"1KFHG572T7","building_source":"NLSC-3D-geometry","source_version":"67fec239-0993-40d8-8f4c-45dfff595538","source_license":"Government-Open-Data-TW-1.0","geometry_quality":"source-footprint","height":22.34,"render_height":22.34,"height_quality":"reported","height_source":"NLSC 3D BUILD_H","height_known":true,"min_height":0,"official_height_provider":"NLSC-3D","official_height_building_id":"1KFHG572T7","official_geometry_provider":"NLSC-I3S","official_geometry_node":104484,"official_geometry_resource":104484,"official_geometry_definition":0,"official_geometry_face_start":28,"official_geometry_face_end":70,"official_geometry_validation_m":0.21637413653155907,"official_height_floors":7,"official_height_h_source_code":"0","official_height_h_extraction_code":"0","official_geometry_positive_evidence_only":true}},{"type":"Feature","id":"nlsc3d-1KFP6572TD","geometry":{"type":"MultiPolygon","coordinates":[[[[120.20693708972435,23.02720123808108],[120.20693708977892,23.027201238095632],[120.20696726515057,23.02720358693482],[120.20716249283764,23.027217609356786],[120.20716249292495,23.02721760934951],[120.20696726512146,23.02720358692027],[120.20693708972435,23.02720123808108]]],[[[120.20693708986805,23.027201238124736],[120.20693398861117,23.02723804167913],[120.20693398852022,23.027238041686406],[120.20693398847474,23.027238041693682],[120.20715938812832,23.02725381317582],[120.20715938807011,23.02725381316127],[120.2071593879537,23.027253813139442],[120.20716249272122,23.02721760936406],[120.20696726520877,23.027203586963925],[120.20693708977892,23.027201238095632],[120.20693708986805,23.027201238124736]]]]},"properties":{"building_uid":"nlsc3d-1KFP6572TD","source_id":"1KFP6572TD","building_source":"NLSC-3D-geometry","source_version":"67fec239-0993-40d8-8f4c-45dfff595538","source_license":"Government-Open-Data-TW-1.0","geometry_quality":"source-footprint","height":9.38,"render_height":9.38,"height_quality":"reported","height_source":"NLSC 3D BUILD_H","height_known":true,"min_height":0,"official_height_provider":"NLSC-3D","official_height_building_id":"1KFP6572TD","official_geometry_provider":"NLSC-I3S","official_geometry_node":104484,"official_geometry_resource":104484,"official_geometry_definition":0,"official_geometry_face_start":71,"official_geometry_face_end":93,"official_geometry_validation_m":0.21413757310080953,"official_height_floors":3,"official_height_h_source_code":"0","official_height_h_extraction_code":"0","official_geometry_positive_evidence_only":true}},{"type":"Feature","id":"nlsc3d-1KFHJ572WV","geometry":{"type":"Polygon","coordinates":[[[120.20682079828298,23.02727588920975],[120.2068125168535,23.027372099306422],[120.2068263977872,23.02737322976468],[120.2069222452697,23.02737905006875],[120.20692224524105,23.027379050043283],[120.20692478030837,23.027348547235352],[120.20692478033384,23.027348547242628],[120.20692487910405,23.02734824684926],[120.20693042838143,23.02728324010973],[120.20692487907404,23.027348246841985],[120.20693042834687,23.027283240131556],[120.20682079813018,23.027275889038766],[120.20682079828298,23.02727588920975]],[[120.20682639780902,23.02737322974649],[120.20682639793999,23.02737322963735],[120.20692224524105,23.027379050043283],[120.20682639780902,23.02737322974649]],[[120.20692224509462,23.027379049901402],[120.20692478014739,23.027348547189877],[120.20692478030837,23.027348547235352],[120.20692224509462,23.027379049901402]]]},"properties":{"building_uid":"nlsc3d-1KFHJ572WV","source_id":"1KFHJ572WV","building_source":"NLSC-3D-geometry","source_version":"67fec239-0993-40d8-8f4c-45dfff595538","source_license":"Government-Open-Data-TW-1.0","geometry_quality":"source-footprint","height":22.45,"render_height":22.45,"height_quality":"reported","height_source":"NLSC 3D BUILD_H","height_known":true,"min_height":0,"official_height_provider":"NLSC-3D","official_height_building_id":"1KFHJ572WV","official_geometry_provider":"NLSC-I3S","official_geometry_node":104484,"official_geometry_resource":104484,"official_geometry_definition":0,"official_geometry_face_start":94,"official_geometry_face_end":126,"official_geometry_validation_m":0.1919078500574339,"official_height_floors":7,"official_height_h_source_code":"0","official_height_h_extraction_code":"0","official_geometry_positive_evidence_only":true}},{"type":"Feature","id":"nlsc3d-1KFNK57334","geometry":{"type":"MultiPolygon","coordinates":[[[[120.20694706419276,23.02742578738985],[120.20714168338058,23.02743891311552],[120.20714168326417,23.027438913130073],[120.20694706425824,23.027425787411676],[120.20691689067512,23.02742373847291],[120.20691689058167,23.027423738443805],[120.20691379285135,23.02746114182087],[120.20694396410367,23.02746279090211],[120.20713828345656,23.02747621802705],[120.20713828351477,23.027476218041603],[120.20714168345334,23.027438913108245],[120.20694706415274,23.027425787375297],[120.20691689052619,23.027423738429253],[120.20694706419276,23.02742578738985]],[[120.20691379295583,23.02746114182087],[120.20694396417461,23.02746279090211],[120.20694396410367,23.02746279090211],[120.20691379295583,23.02746114182087]]],[[[120.20691379280304,23.02746114183542],[120.20694396406002,23.027462790916662],[120.20691379285135,23.02746114182087],[120.20691379280304,23.02746114183542]]]]},"properties":{"building_uid":"nlsc3d-1KFNK57334","source_id":"1KFNK57334","building_source":"NLSC-3D-geometry","source_version":"67fec239-0993-40d8-8f4c-45dfff595538","source_license":"Government-Open-Data-TW-1.0","geometry_quality":"source-footprint","height":9.34,"render_height":9.34,"height_quality":"reported","height_source":"NLSC 3D BUILD_H","height_known":true,"min_height":0,"official_height_provider":"NLSC-3D","official_height_building_id":"1KFNK57334","official_geometry_provider":"NLSC-I3S","official_geometry_node":104484,"official_geometry_resource":104484,"official_geometry_definition":0,"official_geometry_face_start":127,"official_geometry_face_end":154,"official_geometry_validation_m":0.18401116507395812,"official_height_floors":3,"official_height_h_source_code":"0","official_height_h_extraction_code":"0","official_geometry_positive_evidence_only":true}},{"type":"Feature","id":"nlsc3d-1KFH557332","geometry":{"type":"MultiPolygon","coordinates":[[[[120.20682585926447,23.027373228855186],[120.20682381687406,23.027402029736596],[120.20682381689589,23.027402029758424],[120.20682585926447,23.027373228855186]]],[[[120.20682381689589,23.027402029758424],[120.2068203141262,23.02743893532902],[120.2068203141262,23.027438935321744],[120.20678872829198,23.02743609371105],[120.20678441898967,23.02750679245951],[120.2069101337916,23.027513863424293],[120.20678441903333,23.027506792415853],[120.20678441923705,23.027506792212126],[120.20691013375067,23.02751386339519],[120.20691173638902,23.02749576123465],[120.20691173520895,23.027495561305887],[120.20691173525533,23.02749556132044],[120.2069216061996,23.02737904959581],[120.20692160616049,23.02737904963219],[120.20682585926447,23.027373228855186],[120.20682585932995,23.02737322915714],[120.20682381689589,23.027402029758424]],[[120.2068238169541,23.0274020299476],[120.20682031422079,23.027438935372675],[120.20678872832109,23.027436093718325],[120.2068203141262,23.02743893532902],[120.2068238169541,23.0274020299476]]]]},"properties":{"building_uid":"nlsc3d-1KFH557332","source_id":"1KFH557332","building_source":"NLSC-3D-geometry","source_version":"67fec239-0993-40d8-8f4c-45dfff595538","source_license":"Government-Open-Data-TW-1.0","geometry_quality":"source-footprint","height":27.46,"render_height":27.46,"height_quality":"reported","height_source":"NLSC 3D BUILD_H","height_known":true,"min_height":0,"official_height_provider":"NLSC-3D","official_height_building_id":"1KFH557332","official_geometry_provider":"NLSC-I3S","official_geometry_node":104484,"official_geometry_resource":104484,"official_geometry_definition":0,"official_geometry_face_start":155,"official_geometry_face_end":197,"official_geometry_validation_m":0.6104797980320693,"official_height_floors":8,"official_height_h_source_code":"0","official_height_h_extraction_code":"0","official_geometry_positive_evidence_only":true}},{"type":"Feature","id":"nlsc3d-1KFNR5730H","geometry":{"type":"Polygon","coordinates":[[[120.20692363960102,23.02734938592589],[120.20695381207592,23.027351234957724],[120.20692363965195,23.02734938594408],[120.20692054069018,23.027386589401477],[120.20703554431678,23.02739445119766],[120.20714543527178,23.027401963489],[120.20714543532999,23.027401963489],[120.2071488370148,23.02736495844515],[120.20695381204318,23.027351234939534],[120.20692363960102,23.02734938592589]],[[120.20714883694204,23.027364958452427],[120.20714883682562,23.02736495846698],[120.20695381207592,23.027351234957724],[120.20714883694204,23.027364958452427]],[[120.20692363974563,23.027349385973185],[120.20692054075111,23.027386589401477],[120.20692363965195,23.02734938594408],[120.20692363974563,23.027349385973185]]]},"properties":{"building_uid":"nlsc3d-1KFNR5730H","source_id":"1KFNR5730H","building_source":"NLSC-3D-geometry","source_version":"67fec239-0993-40d8-8f4c-45dfff595538","source_license":"Government-Open-Data-TW-1.0","geometry_quality":"source-footprint","height":9.41,"render_height":9.41,"height_quality":"reported","height_source":"NLSC 3D BUILD_H","height_known":true,"min_height":0,"official_height_provider":"NLSC-3D","official_height_building_id":"1KFNR5730H","official_geometry_provider":"NLSC-I3S","official_geometry_node":104484,"official_geometry_resource":104484,"official_geometry_definition":0,"official_geometry_face_start":198,"official_geometry_face_end":220,"official_geometry_validation_m":0.210699202594925,"official_height_floors":3,"official_height_h_source_code":"0","official_height_h_extraction_code":"0","official_geometry_positive_evidence_only":true}},{"type":"Feature","id":"nlsc3d-1KFEE572SK","geometry":{"type":"MultiPolygon","coordinates":[[[[120.20674685015005,23.027149456254893],[120.20673871338914,23.027237695257984],[120.20673768293823,23.027248869948426],[120.20673784364224,23.027247127217528],[120.20673768294021,23.027248869948657],[120.20673786946172,23.027246847222113],[120.20674685023737,23.02714945653138],[120.20673768305464,23.02724886978108],[120.20680207156879,23.027256346518744],[120.20680207141599,23.02725634630774],[120.20681173832604,23.027156430725928],[120.20681173853704,23.02715643050765],[120.20678467683506,23.027153566356038],[120.2067846767332,23.02715356658887],[120.2067468501646,23.027149456269445],[120.20674685015005,23.027149456254893]]],[[[120.20673768294021,23.027248869948657],[120.20680207159789,23.02725634654057],[120.20680207156879,23.027256346518744],[120.20673768294021,23.027248869948657]]],[[[120.20681173853704,23.02715643050765],[120.20681173855887,23.027156430493097],[120.20678467683506,23.027153566326934],[120.20681173853704,23.02715643050765]]]]},"properties":{"building_uid":"nlsc3d-1KFEE572SK","source_id":"1KFEE572SK","building_source":"NLSC-3D-geometry","source_version":"67fec239-0993-40d8-8f4c-45dfff595538","source_license":"Government-Open-Data-TW-1.0","geometry_quality":"source-footprint","height":30.49,"render_height":30.49,"height_quality":"reported","height_source":"NLSC 3D BUILD_H","height_known":true,"min_height":0,"official_height_provider":"NLSC-3D","official_height_building_id":"1KFEE572SK","official_geometry_provider":"NLSC-I3S","official_geometry_node":104484,"official_geometry_resource":104484,"official_geometry_definition":0,"official_geometry_face_start":221,"official_geometry_face_end":243,"official_geometry_validation_m":0.1960815089824903,"official_height_floors":9,"official_height_h_source_code":"0","official_height_h_extraction_code":"0","official_geometry_positive_evidence_only":true}},{"type":"Feature","id":"nlsc3d-1KFNN5731S","geometry":{"type":"MultiPolygon","coordinates":[[[[120.20692028253966,23.027386643811088],[120.20695045555298,23.027388592800026],[120.20692028248645,23.027386643800174],[120.20691718240441,23.027423647348815],[120.20692028253966,23.027386643811088]]],[[[120.20691718244693,23.02742364734154],[120.20694725608159,23.027425796761282],[120.2071418753931,23.02743892251606],[120.20714187532035,23.027438922501506],[120.20694725618345,23.02742579674673],[120.20714187521848,23.02743892247968],[120.20714527688874,23.02740191748312],[120.2069504556221,23.027388592825492],[120.20692028253966,23.027386643811088],[120.20691718244693,23.02742364734154]],[[120.20692028263106,23.02738664384383],[120.20691718254311,23.02742364734154],[120.20691718244693,23.02742364734154],[120.20692028263106,23.02738664384383]]],[[[120.20714527688874,23.02740191748312],[120.2071452770197,23.027401917475846],[120.20695045555298,23.027388592800026],[120.20714527688874,23.02740191748312]]],[[[120.2071452770197,23.027401917475846],[120.20714187521848,23.02743892247968],[120.20714187532035,23.027438922501506],[120.2071452770197,23.027401917475846]]]]},"properties":{"building_uid":"nlsc3d-1KFNN5731S","source_id":"1KFNN5731S","building_source":"NLSC-3D-geometry","source_version":"67fec239-0993-40d8-8f4c-45dfff595538","source_license":"Government-Open-Data-TW-1.0","geometry_quality":"source-footprint","height":9.3,"render_height":9.3,"height_quality":"reported","height_source":"NLSC 3D BUILD_H","height_known":true,"min_height":0,"official_height_provider":"NLSC-3D","official_height_building_id":"1KFNN5731S","official_geometry_provider":"NLSC-I3S","official_geometry_node":104484,"official_geometry_resource":104484,"official_geometry_definition":0,"official_geometry_face_start":244,"official_geometry_face_end":271,"official_geometry_validation_m":0.20171007237907682,"official_height_floors":3,"official_height_h_source_code":"0","official_height_h_extraction_code":"0","official_geometry_positive_evidence_only":true}},{"type":"Feature","id":"nlsc3d-1KFP3572UN","geometry":{"type":"MultiPolygon","coordinates":[[[[120.20693053773543,23.027276205753925],[120.20693053779,23.027276205750287],[120.20693373202998,23.027238102142338],[120.20693373193903,23.027238102113234],[120.20696390553535,23.027240151059278],[120.20693373189174,23.027238102091406],[120.20693053773543,23.027276205753925]]],[[[120.20693373202998,23.027238102142338],[120.20693053787731,23.02727620574665],[120.20696070843591,23.027277754874422],[120.20696070850504,23.027277754867146],[120.20715603076864,23.02729077716872],[120.20715603065223,23.02729077715053],[120.20715923140419,23.027253773143503],[120.20715923128778,23.027253773158055],[120.20696390559719,23.02724015108838],[120.20693373202998,23.027238102142338]]],[[[120.20715603076864,23.02729077716872],[120.2071592314624,23.027253773136227],[120.20715923140419,23.027253773143503],[120.20715603076864,23.02729077716872]]],[[[120.20696070843591,23.027277754874422],[120.20696070840317,23.0272777548817],[120.2071560308414,23.02729077718327],[120.20696070843591,23.027277754874422]]]]},"properties":{"building_uid":"nlsc3d-1KFP3572UN","source_id":"1KFP3572UN","building_source":"NLSC-3D-geometry","source_version":"67fec239-0993-40d8-8f4c-45dfff595538","source_license":"Government-Open-Data-TW-1.0","geometry_quality":"source-footprint","height":9.41,"render_height":9.41,"height_quality":"reported","height_source":"NLSC 3D BUILD_H","height_known":true,"min_height":0,"official_height_provider":"NLSC-3D","official_height_building_id":"1KFP3572UN","official_geometry_provider":"NLSC-I3S","official_geometry_node":104484,"official_geometry_resource":104484,"official_geometry_definition":0,"official_geometry_face_start":272,"official_geometry_face_end":299,"official_geometry_validation_m":0.22874174706654812,"official_height_floors":3,"official_height_h_source_code":"0","official_height_h_extraction_code":"0","official_geometry_positive_evidence_only":true}},{"type":"Feature","id":"nlsc3d-1KFP0572VX","geometry":{"type":"MultiPolygon","coordinates":[[[[120.20692726273414,23.02731228782618],[120.20693026822487,23.027276284447044],[120.20696053882607,23.027277733104757],[120.20693026816848,23.027276284425216],[120.20692726273414,23.02731228782618]]],[[[120.20693026831945,23.027276284476148],[120.20693026822487,23.027276284447044],[120.20692726278234,23.027312287828],[120.20693026831945,23.027276284476148]]],[[[120.20693026831945,23.027276284476148],[120.20692726288421,23.027312287817086],[120.20715265984659,23.02732765942419],[120.20715586106421,23.027290755399054],[120.20696053889883,23.0272777331375],[120.20693026831945,23.027276284476148]]],[[[120.20715266003576,23.027327659462163],[120.20715586125338,23.02729075536995],[120.20715586118062,23.027290755384502],[120.20715265984659,23.02732765942419],[120.20715265997755,23.02732765944693],[120.20692726278234,23.027312287828],[120.20692726273414,23.02731228782618],[120.20715266003576,23.027327659462163]]]]},"properties":{"building_uid":"nlsc3d-1KFP0572VX","source_id":"1KFP0572VX","building_source":"NLSC-3D-geometry","source_version":"67fec239-0993-40d8-8f4c-45dfff595538","source_license":"Government-Open-Data-TW-1.0","geometry_quality":"source-footprint","height":9.5,"render_height":9.5,"height_quality":"reported","height_source":"NLSC 3D BUILD_H","height_known":true,"min_height":0,"official_height_provider":"NLSC-3D","official_height_building_id":"1KFP0572VX","official_geometry_provider":"NLSC-I3S","official_geometry_node":104484,"official_geometry_resource":104484,"official_geometry_definition":0,"official_geometry_face_start":300,"official_geometry_face_end":322,"official_geometry_validation_m":0.16852273625441194,"official_height_floors":3,"official_height_h_source_code":"0","official_height_h_extraction_code":"0","official_geometry_positive_evidence_only":true}},{"type":"Feature","id":"nlsc3d-1KFGM5737D","geometry":{"type":"MultiPolygon","coordinates":[[[[120.2067837102288,23.02750680769234],[120.20678371024336,23.027506807721444],[120.2069094249657,23.02751387870078],[120.206909425013,23.027513878671677],[120.2067837102288,23.02750680769234]]],[[[120.20678371024336,23.027506807721444],[120.20678371043253,23.027506808005207],[120.20677581437415,23.027634305785547],[120.20677581417043,23.0276343060111],[120.20688974626613,23.027638036831128],[120.20688974623157,23.027638036802024],[120.20689879855239,23.027638691463586],[120.20690152702376,23.027606888105517],[120.2069016240723,23.027606287831738],[120.206909425013,23.027513878671677],[120.20690162403228,23.027606287817186],[120.20690162375944,23.027606287708046],[120.2069094249657,23.02751387870078],[120.2069094246692,23.027513878948163],[120.20678371024336,23.027506807721444]],[[120.20689879829773,23.02763869124167],[120.20690152676183,23.027606888002744],[120.20690152702376,23.027606888105517],[120.20689879829773,23.02763869124167]]],[[[120.20677581417043,23.0276343060111],[120.20678371024336,23.027506807721444],[120.20677581414132,23.027634306043844],[120.20677581417043,23.0276343060111]]]]},"properties":{"building_uid":"nlsc3d-1KFGM5737D","source_id":"1KFGM5737D","building_source":"NLSC-3D-geometry","source_version":"67fec239-0993-40d8-8f4c-45dfff595538","source_license":"Government-Open-Data-TW-1.0","geometry_quality":"source-footprint","height":27.57,"render_height":27.57,"height_quality":"reported","height_source":"NLSC 3D BUILD_H","height_known":true,"min_height":0,"official_height_provider":"NLSC-3D","official_height_building_id":"1KFGM5737D","official_geometry_provider":"NLSC-I3S","official_geometry_node":104482,"official_geometry_resource":104482,"official_geometry_definition":0,"official_geometry_face_start":0,"official_geometry_face_end":32,"official_geometry_validation_m":0.27947999064920503,"official_height_floors":8,"official_height_h_source_code":"0","official_height_h_extraction_code":"0","official_geometry_positive_evidence_only":true}},{"type":"Feature","id":"nlsc3d-1KFN657386","geometry":{"type":"MultiPolygon","coordinates":[[[[120.20690361542641,23.027571241728516],[120.20690361547734,23.027571241744887],[120.20693378731379,23.02757299079233],[120.20693378727923,23.02757299077596],[120.20690361542641,23.027571241728516]]],[[[120.20690361547734,23.027571241744887],[120.20690361557375,23.02757124177399],[120.20690051246605,23.0276077454507],[120.20693058259097,23.027609295070512],[120.20690051256791,23.0276077454507],[120.20693058265645,23.027609295061417],[120.20712409943302,23.02762302607764],[120.20712409930205,23.02762302606309],[120.20712750156893,23.02758612102773],[120.2071275016999,23.02758612101136],[120.20693378731379,23.02757299079233],[120.20693378738473,23.027572990823252],[120.20690361547734,23.027571241744887]]]]},"properties":{"building_uid":"nlsc3d-1KFN657386","source_id":"1KFN657386","building_source":"NLSC-3D-geometry","source_version":"67fec239-0993-40d8-8f4c-45dfff595538","source_license":"Government-Open-Data-TW-1.0","geometry_quality":"source-footprint","height":9.33,"render_height":9.33,"height_quality":"reported","height_source":"NLSC 3D BUILD_H","height_known":true,"min_height":0,"official_height_provider":"NLSC-3D","official_height_building_id":"1KFN657386","official_geometry_provider":"NLSC-I3S","official_geometry_node":104482,"official_geometry_resource":104482,"official_geometry_definition":0,"official_geometry_face_start":33,"official_geometry_face_end":60,"official_geometry_validation_m":0.16515874293598024,"official_height_floors":3,"official_height_h_source_code":"0","official_height_h_extraction_code":"0","official_geometry_positive_evidence_only":true}},{"type":"Feature","id":"nlsc3d-1KFN0573CA","geometry":{"type":"MultiPolygon","coordinates":[[[[120.20690475473496,23.027675206391656],[120.20690228548595,23.027699810769924],[120.20690228557326,23.027699810791752],[120.20689929301555,23.027738013389104],[120.20689929310105,23.02773801336],[120.20690029903675,23.027738108311247],[120.20690011375812,23.027740808390014],[120.20711233493715,23.027755245912637],[120.2069001138418,23.02774080836091],[120.20711233480618,23.02775524586898],[120.2071124272254,23.027753845901977],[120.20711571133073,23.027713942396737],[120.20711242709443,23.027753845872873],[120.20711571119976,23.027713942396737],[120.20711390155269,23.027713951418924],[120.20711546656752,23.02768945153796],[120.20690475481409,23.027675206428036],[120.20690475473496,23.027675206391656]]],[[[120.20689929296462,23.027738013389104],[120.20690029890396,23.02773810834035],[120.20689929301555,23.027738013389104],[120.20690228548595,23.027699810769924],[120.20689929296462,23.027738013389104]]],[[[120.20711390155269,23.027713951418924],[120.2071139016691,23.02771395141165],[120.20711390174186,23.02771395141165],[120.20711546675669,23.027689451494304],[120.20690475468585,23.02767520636983],[120.20711546669848,23.027689451508856],[120.20711390155269,23.027713951418924]]],[[[120.2071124272254,23.027753845901977],[120.20711233493715,23.027755245912637],[120.20711233499536,23.02775524592719],[120.2071124272836,23.02775384591653],[120.2071124272254,23.027753845901977]]]]},"properties":{"building_uid":"nlsc3d-1KFN0573CA","source_id":"1KFN0573CA","building_source":"NLSC-3D-geometry","source_version":"67fec239-0993-40d8-8f4c-45dfff595538","source_license":"Government-Open-Data-TW-1.0","geometry_quality":"source-footprint","height":9.57,"render_height":9.57,"height_quality":"reported","height_source":"NLSC 3D BUILD_H","height_known":true,"min_height":0,"official_height_provider":"NLSC-3D","official_height_building_id":"1KFN0573CA","official_geometry_provider":"NLSC-I3S","official_geometry_node":104482,"official_geometry_resource":104482,"official_geometry_definition":0,"official_geometry_face_start":61,"official_geometry_face_end":108,"official_geometry_validation_m":0.1313475911331054,"official_height_floors":3,"official_height_h_source_code":"0","official_height_h_extraction_code":"0","official_geometry_positive_evidence_only":true}},{"type":"Feature","id":"nlsc3d-1KFNC5735M","geometry":{"type":"MultiPolygon","coordinates":[[[[120.20694049340749,23.02749857482261],[120.20691032092758,23.027496725798052],[120.20691032097578,23.027496725812604],[120.20694049340749,23.02749857482261]]],[[[120.20690712678173,23.02753482946057],[120.20693729569506,23.027536078684285],[120.20713121361699,23.027549607745392],[120.20713461295894,23.02751220283674],[120.20713461287163,23.02751220285129],[120.20694049336929,23.02749857480078],[120.20694049340749,23.02749857482261],[120.20694049346933,23.02749857485899],[120.20691032107173,23.027496725848984],[120.20690712692998,23.027534829453295],[120.20690712683266,23.027534829456933],[120.20691032097578,23.027496725812604],[120.20690712678173,23.02753482946057]],[[120.20713121355878,23.02754960773084],[120.20693729572962,23.027536078680647],[120.20693729579692,23.027536078669733],[120.20713121344237,23.02754960771265],[120.20713461287163,23.02751220285129],[120.20713121355878,23.02754960773084]]]]},"properties":{"building_uid":"nlsc3d-1KFNC5735M","source_id":"1KFNC5735M","building_source":"NLSC-3D-geometry","source_version":"67fec239-0993-40d8-8f4c-45dfff595538","source_license":"Government-Open-Data-TW-1.0","geometry_quality":"source-footprint","height":9.43,"render_height":9.43,"height_quality":"reported","height_source":"NLSC 3D BUILD_H","height_known":true,"min_height":0,"official_height_provider":"NLSC-3D","official_height_building_id":"1KFNC5735M","official_geometry_provider":"NLSC-I3S","official_geometry_node":104482,"official_geometry_resource":104482,"official_geometry_definition":0,"official_geometry_face_start":109,"official_geometry_face_end":136,"official_geometry_validation_m":0.1985582078055342,"official_height_floors":3,"official_height_h_source_code":"0","official_height_h_extraction_code":"0","official_geometry_positive_evidence_only":true}},{"type":"Feature","id":"nlsc3d-1KFN85736W","geometry":{"type":"MultiPolygon","coordinates":[[[[120.20693709838746,23.027536001271734],[120.2069068294961,23.02753485249989],[120.20690682955068,23.027534852514442],[120.20693709838746,23.027536001271734]]],[[[120.20690382589076,23.027571155784905],[120.2069338977701,23.02757300530059],[120.20690382598717,23.027571155779448],[120.20693389783922,23.02757300529513],[120.20712771258626,23.02758613500439],[120.20713101667137,23.027549630344517],[120.20693709845294,23.027536001304476],[120.20690682955068,23.027534852514442],[120.20690382589076,23.027571155784905]]],[[[120.20690382589076,23.027571155784905],[120.20690382584256,23.027571155786724],[120.20693389773736,23.027573005304227],[120.20690382589076,23.027571155784905]]],[[[120.20713101680234,23.027549630326327],[120.20712771270267,23.027586135028493],[120.20693389783922,23.02757300529513],[120.2069338977701,23.02757300530059],[120.20712771276088,23.027586135032585],[120.20713101686054,23.02754963031905],[120.20693709835108,23.027536001257182],[120.20693709838746,23.027536001271734],[120.20713101667137,23.027549630344517],[120.20713101680234,23.027549630326327]]]]},"properties":{"building_uid":"nlsc3d-1KFN85736W","source_id":"1KFN85736W","building_source":"NLSC-3D-geometry","source_version":"67fec239-0993-40d8-8f4c-45dfff595538","source_license":"Government-Open-Data-TW-1.0","geometry_quality":"source-footprint","height":9.33,"render_height":9.33,"height_quality":"reported","height_source":"NLSC 3D BUILD_H","height_known":true,"min_height":0,"official_height_provider":"NLSC-3D","official_height_building_id":"1KFN85736W","official_geometry_provider":"NLSC-I3S","official_geometry_node":104482,"official_geometry_resource":104482,"official_geometry_definition":0,"official_geometry_face_start":137,"official_geometry_face_end":164,"official_geometry_validation_m":0.20487130052969355,"official_height_floors":3,"official_height_h_source_code":"0","official_height_h_extraction_code":"0","official_geometry_positive_evidence_only":true}},{"type":"Feature","id":"nlsc3d-1KFNF5734C","geometry":{"type":"MultiPolygon","coordinates":[[[[120.20694374854905,23.027462750131896],[120.20694374851267,23.027462750117344],[120.20691357783674,23.027461200978657],[120.20694374854905,23.027462750131896]]],[[[120.20691056946428,23.027496704559532],[120.2069406413659,23.027498554078853],[120.20691056952204,23.027496704559532],[120.20694064140774,23.027498554078853],[120.20694064148414,23.027498554071578],[120.20713486130192,23.0275121816346],[120.20713806780189,23.027476177293217],[120.20694374854905,23.027462750131896],[120.20694374862363,23.027462750161],[120.2069135778904,23.02746120099321],[120.20691056946428,23.027496704559532]]],[[[120.20713806790376,23.02747617727139],[120.20713806797652,23.027476177264113],[120.20694374851267,23.027462750117344],[120.20713806790376,23.02747617727139]]],[[[120.20713806790376,23.02747617727139],[120.20713486130192,23.0275121816346],[120.20713486140379,23.02751218164915],[120.20713806790376,23.02747617727139]]],[[[120.20713806797652,23.027476177264113],[120.20713486140379,23.02751218164915],[120.20694064140774,23.027498554078853],[120.20713486147655,23.027512181663703],[120.20713806797652,23.027476177264113]]]]},"properties":{"building_uid":"nlsc3d-1KFNF5734C","source_id":"1KFNF5734C","building_source":"NLSC-3D-geometry","source_version":"67fec239-0993-40d8-8f4c-45dfff595538","source_license":"Government-Open-Data-TW-1.0","geometry_quality":"source-footprint","height":9.41,"render_height":9.41,"height_quality":"reported","height_source":"NLSC 3D BUILD_H","height_known":true,"min_height":0,"official_height_provider":"NLSC-3D","official_height_building_id":"1KFNF5734C","official_geometry_provider":"NLSC-I3S","official_geometry_node":104482,"official_geometry_resource":104482,"official_geometry_definition":0,"official_geometry_face_start":165,"official_geometry_face_end":192,"official_geometry_validation_m":0.17557147158869857,"official_height_floors":3,"official_height_h_source_code":"0","official_height_h_extraction_code":"0","official_geometry_positive_evidence_only":true}},{"type":"Feature","id":"nlsc3d-1KFG4573BU","geometry":{"type":"Polygon","coordinates":[[[120.20676465469954,23.027663732934094],[120.20675691424479,23.027732249477346],[120.20688595967225,23.02774150312755],[120.20689158180106,23.027671797532754],[120.2068859596286,23.027741503113],[120.2068915817665,23.027671797547306],[120.20678988031362,23.027662107696166],[120.20678988032817,23.027662107717994],[120.20678960222652,23.027666107799384],[120.20676465469954,23.027663732934094]],[[120.20678960224107,23.027666107813936],[120.20676465471409,23.027663732955922],[120.20676465469954,23.027663732934094],[120.20678960224107,23.027666107813936]],[[120.20675691428845,23.027732249462794],[120.20676465481596,23.027663733035958],[120.20675691440486,23.027732249419138],[120.2068859596286,23.027741503113],[120.20675691428845,23.027732249462794]],[[120.20689158161552,23.027671797620066],[120.20678988037183,23.027662107805305],[120.20678988032817,23.027662107717994],[120.20689158161552,23.027671797620066]]]},"properties":{"building_uid":"nlsc3d-1KFG4573BU","source_id":"1KFG4573BU","building_source":"NLSC-3D-geometry","source_version":"67fec239-0993-40d8-8f4c-45dfff595538","source_license":"Government-Open-Data-TW-1.0","geometry_quality":"source-footprint","height":15.59,"render_height":15.59,"height_quality":"reported","height_source":"NLSC 3D BUILD_H","height_known":true,"min_height":0,"official_height_provider":"NLSC-3D","official_height_building_id":"1KFG4573BU","official_geometry_provider":"NLSC-I3S","official_geometry_node":104482,"official_geometry_resource":104482,"official_geometry_definition":0,"official_geometry_face_start":193,"official_geometry_face_end":220,"official_geometry_validation_m":0.11451979541649239,"official_height_floors":5,"official_height_h_source_code":"0","official_height_h_extraction_code":"0","official_geometry_positive_evidence_only":true}},{"type":"Feature","id":"nlsc3d-1KFN35739X","geometry":{"type":"MultiPolygon","coordinates":[[[[120.20690858743806,23.0276402911663],[120.20690507287803,23.02767519745678],[120.2069085874957,23.02764029117018],[120.20690507293169,23.02767519744223],[120.20711588540074,23.02768944207194],[120.20711597770354,23.02768804206128],[120.20711819007487,23.02768813100986],[120.20712015430693,23.027663129276995],[120.20712015435059,23.027663129276995],[120.2071238394194,23.027623023816638],[120.20712383936119,23.02762302383119],[120.20693032251914,23.02760929282224],[120.2069001524553,23.027607843671582],[120.20689752381917,23.027639546548677],[120.20689752388101,23.027639546555953],[120.20690858743806,23.0276402911663]]],[[[120.20690507293169,23.02767519744223],[120.20690507287803,23.02767519745678],[120.20711588545895,23.02768944208649],[120.20690507293169,23.02767519744223]]],[[[120.20711819013307,23.027688131024412],[120.20711597770354,23.02768804206128],[120.20711597776175,23.027688042083106],[120.20711819013307,23.027688131024412]]],[[[120.20711588540074,23.02768944207194],[120.20711588545895,23.02768944208649],[120.20711597776175,23.027688042083106],[120.20711588540074,23.02768944207194]]]]},"properties":{"building_uid":"nlsc3d-1KFN35739X","source_id":"1KFN35739X","building_source":"NLSC-3D-geometry","source_version":"67fec239-0993-40d8-8f4c-45dfff595538","source_license":"Government-Open-Data-TW-1.0","geometry_quality":"source-footprint","height":3.45,"render_height":3.45,"height_quality":"reported","height_source":"NLSC 3D BUILD_H","height_known":true,"min_height":0,"official_height_provider":"NLSC-3D","official_height_building_id":"1KFN35739X","official_geometry_provider":"NLSC-I3S","official_geometry_node":104482,"official_geometry_resource":104482,"official_geometry_definition":0,"official_geometry_face_start":221,"official_geometry_face_end":248,"official_geometry_validation_m":0.07942089319577429,"official_height_floors":1,"official_height_h_source_code":"0","official_height_h_extraction_code":"0","official_geometry_positive_evidence_only":true}},{"type":"Feature","id":"nlsc3d-1KFN2572JD","geometry":{"type":"MultiPolygon","coordinates":[[[[120.20699254313303,23.02696773208646],[120.20699030731116,23.026967314230383],[120.20698368600056,23.026966076763784],[120.20697806552703,23.027036082215346],[120.20699254313303,23.02696773208646]]],[[[120.20697806554885,23.0270360821535],[120.2069865105273,23.027036040073],[120.20698651051275,23.027036040133027],[120.2069849213563,23.027056441527094],[120.20703158987958,23.02705960789652],[120.20703158986503,23.027059607849225],[120.20698492137085,23.027056441483438],[120.20698492139267,23.02705644140704],[120.20703158985047,23.02705960776555],[120.20704797983267,23.026871986641055],[120.20704797978901,23.026871986728366],[120.20700342318518,23.02686890971134],[120.20699973572987,23.026891520797363],[120.20699254314017,23.026967732087797],[120.20699973573714,23.026891520884675],[120.20699254315473,23.026967732091435],[120.20697806554885,23.0270360821535]]],[[[120.20698651051275,23.027036040133027],[120.20697806552703,23.027036082215346],[120.20697806551247,23.027036082251726],[120.2069865104982,23.027036040169406],[120.20698651051275,23.027036040133027]]]]},"properties":{"building_uid":"nlsc3d-1KFN2572JD","source_id":"1KFN2572JD","building_source":"NLSC-3D-geometry","source_version":"67fec239-0993-40d8-8f4c-45dfff595538","source_license":"Government-Open-Data-TW-1.0","geometry_quality":"source-footprint","height":9.12,"render_height":9.12,"height_quality":"reported","height_source":"NLSC 3D BUILD_H","height_known":true,"min_height":0,"official_height_provider":"NLSC-3D","official_height_building_id":"1KFN2572JD","official_geometry_provider":"NLSC-I3S","official_geometry_node":104474,"official_geometry_resource":104474,"official_geometry_definition":0,"official_geometry_face_start":97,"official_geometry_face_end":139,"official_geometry_validation_m":0.3092690630279703,"official_height_floors":3,"official_height_h_source_code":"0","official_height_h_extraction_code":"0","official_geometry_positive_evidence_only":true}},{"type":"Feature","id":"nlsc3d-1KFJT572MU","geometry":{"type":"MultiPolygon","coordinates":[[[[120.20689941402274,23.02695597733444],[120.20687228406273,23.027163645439288],[120.20687228403362,23.02716364554115],[120.20693254542998,23.02717024304482],[120.20694084144775,23.02707653184669],[120.20693254541179,23.027170242986614],[120.20694084142592,23.027076531839413],[120.20694084137499,23.027076531832137],[120.20694830665302,23.02696123177637],[120.20694830660209,23.026961231892784],[120.20689941402229,23.026955977210747],[120.20689941402274,23.02695597733444]]],[[[120.20689941402229,23.026955977210747],[120.20694830665302,23.02696123177637],[120.20689941402183,23.02695597715254],[120.20687228401907,23.027163645584807],[120.20689941402229,23.026955977210747]]]]},"properties":{"building_uid":"nlsc3d-1KFJT572MU","source_id":"1KFJT572MU","building_source":"NLSC-3D-geometry","source_version":"67fec239-0993-40d8-8f4c-45dfff595538","source_license":"Government-Open-Data-TW-1.0","geometry_quality":"source-footprint","height":10.1,"render_height":10.1,"height_quality":"reported","height_source":"NLSC 3D BUILD_H","height_known":true,"min_height":0,"official_height_provider":"NLSC-3D","official_height_building_id":"1KFJT572MU","official_geometry_provider":"NLSC-I3S","official_geometry_node":104474,"official_geometry_resource":104474,"official_geometry_definition":0,"official_geometry_face_start":0,"official_geometry_face_end":22,"official_geometry_validation_m":0.39180442178089614,"official_height_floors":3,"official_height_h_source_code":"0","official_height_h_extraction_code":"0","official_geometry_positive_evidence_only":true}},{"type":"Feature","id":"nlsc3d-1KFFV572MC","geometry":{"type":"MultiPolygon","coordinates":[[[[120.20678533131063,23.02715373666186],[120.20681326667322,23.02694626422206],[120.20681487583128,23.026946356175614],[120.20681326666595,23.026946264156578],[120.20678533131063,23.02715373666186]]],[[[120.20678533132518,23.027153736618203],[120.20682899316812,23.027158517460776],[120.20685743061544,23.02695094248091],[120.20681487583128,23.02694635611013],[120.20685743059725,23.026950942539116],[120.20681487583128,23.026946356175614],[120.20685743055724,23.026950942648256],[120.20681487583128,23.02694635629203],[120.20681326667322,23.026946264338477],[120.20678533132518,23.027153736618203]],[[120.20682899315356,23.02715851740257],[120.206785331347,23.02715373651634],[120.20682899313901,23.027158517300705],[120.20685743059725,23.026950942539116],[120.20682899315356,23.02715851740257]]]]},"properties":{"building_uid":"nlsc3d-1KFFV572MC","source_id":"1KFFV572MC","building_source":"NLSC-3D-geometry","source_version":"67fec239-0993-40d8-8f4c-45dfff595538","source_license":"Government-Open-Data-TW-1.0","geometry_quality":"source-footprint","height":9.95,"render_height":9.95,"height_quality":"reported","height_source":"NLSC 3D BUILD_H","height_known":true,"min_height":0,"official_height_provider":"NLSC-3D","official_height_building_id":"1KFFV572MC","official_geometry_provider":"NLSC-I3S","official_geometry_node":104474,"official_geometry_resource":104474,"official_geometry_definition":0,"official_geometry_face_start":23,"official_geometry_face_end":45,"official_geometry_validation_m":0.19455347372682832,"official_height_floors":3,"official_height_h_source_code":"0","official_height_h_extraction_code":"0","official_geometry_positive_evidence_only":true}},{"type":"Feature","id":"nlsc3d-1KFH9572MJ","geometry":{"type":"MultiPolygon","coordinates":[[[[120.20685715665381,23.026951164994244],[120.20685886634742,23.02695125648941],[120.20689971083043,23.026955651466125],[120.20687248092649,23.027163420233848],[120.20687248093195,23.027163420292055],[120.20689971085407,23.026955651407917],[120.20685886635106,23.026951256431204],[120.20685715665381,23.026951164994244]]],[[[120.20682881967291,23.027158739392036],[120.20682881970929,23.027158739304724],[120.2068724809083,23.027163420117432],[120.20689971079086,23.02695565158254],[120.20685886634742,23.026951256605827],[120.20685715665017,23.026951165168867],[120.20682881967291,23.027158739392036]]],[[[120.20685715665381,23.026951165052452],[120.20682881965836,23.027158739450243],[120.20687248093195,23.027163420292055],[120.20682881967291,23.027158739392036],[120.20685715665381,23.026951165052452]]]]},"properties":{"building_uid":"nlsc3d-1KFH9572MJ","source_id":"1KFH9572MJ","building_source":"NLSC-3D-geometry","source_version":"67fec239-0993-40d8-8f4c-45dfff595538","source_license":"Government-Open-Data-TW-1.0","geometry_quality":"source-footprint","height":9.95,"render_height":9.95,"height_quality":"reported","height_source":"NLSC 3D BUILD_H","height_known":true,"min_height":0,"official_height_provider":"NLSC-3D","official_height_building_id":"1KFH9572MJ","official_geometry_provider":"NLSC-I3S","official_geometry_node":104474,"official_geometry_resource":104474,"official_geometry_definition":0,"official_geometry_face_start":46,"official_geometry_face_end":68,"official_geometry_validation_m":0.16971794076096708,"official_height_floors":3,"official_height_h_source_code":"0","official_height_h_extraction_code":"0","official_geometry_positive_evidence_only":true}},{"type":"Feature","id":"nlsc3d-1KFEG572M7","geometry":{"type":"MultiPolygon","coordinates":[[[[120.20674768275562,23.02714940072954],[120.20678550938241,23.027153510801583],[120.2068135451605,23.02694603809985],[120.20677149311591,23.026941449131556],[120.20677149310863,23.02694144924797],[120.20676998448248,23.026941356799654],[120.20674184758313,23.02714873004632],[120.20674768275562,23.02714940072954]]],[[[120.20674768272652,23.027149400889613],[120.20674768274107,23.027149400831405],[120.20674184756858,23.027148730148184],[120.20674768272652,23.027149400889613]]],[[[120.20678550941152,23.027153510961654],[120.20681354523326,23.02694603793978],[120.20677149311591,23.026941449080624],[120.20681354521143,23.02694603799071],[120.20678550938241,23.027153510801583],[120.20678550940424,23.027153510903446],[120.20674768274107,23.027149400831405],[120.20678550941152,23.027153510961654]]]]},"properties":{"building_uid":"nlsc3d-1KFEG572M7","source_id":"1KFEG572M7","building_source":"NLSC-3D-geometry","source_version":"67fec239-0993-40d8-8f4c-45dfff595538","source_license":"Government-Open-Data-TW-1.0","geometry_quality":"source-footprint","height":9.91,"render_height":9.91,"height_quality":"reported","height_source":"NLSC 3D BUILD_H","height_known":true,"min_height":0,"official_height_provider":"NLSC-3D","official_height_building_id":"1KFEG572M7","official_geometry_provider":"NLSC-I3S","official_geometry_node":104474,"official_geometry_resource":104474,"official_geometry_definition":0,"official_geometry_face_start":69,"official_geometry_face_end":96,"official_geometry_validation_m":0.1839814365871241,"official_height_floors":3,"official_height_h_source_code":"0","official_height_h_extraction_code":"0","official_geometry_positive_evidence_only":true}},{"type":"Feature","id":"nlsc3d-1KFQ4572NC","geometry":{"type":"MultiPolygon","coordinates":[[[[120.20712280965371,23.027066222377268],[120.20717460780624,23.027069763076522],[120.20712280968282,23.027066222366354],[120.20698381010142,23.027056818165672],[120.20712280965371,23.027066222377268]]],[[[120.20698381014508,23.027056818182043],[120.20698381021784,23.027056818209328],[120.20698081066065,23.027093821194082],[120.20717211081764,23.02710676356926],[120.20717460770437,23.02706976309835],[120.20712280960278,23.027066222399096],[120.20698381014508,23.027056818182043]]],[[[120.20698081052969,23.027093821204996],[120.20698081057334,23.027093821204996],[120.20698381014508,23.027056818182043],[120.20698381010142,23.027056818165672],[120.20698081052969,23.027093821204996]]]]},"properties":{"building_uid":"nlsc3d-1KFQ4572NC","source_id":"1KFQ4572NC","building_source":"NLSC-3D-geometry","source_version":"67fec239-0993-40d8-8f4c-45dfff595538","source_license":"Government-Open-Data-TW-1.0","geometry_quality":"source-footprint","height":9.33,"render_height":9.33,"height_quality":"reported","height_source":"NLSC 3D BUILD_H","height_known":true,"min_height":0,"official_height_provider":"NLSC-3D","official_height_building_id":"1KFQ4572NC","official_geometry_provider":"NLSC-I3S","official_geometry_node":104475,"official_geometry_resource":104475,"official_geometry_definition":0,"official_geometry_face_start":36,"official_geometry_face_end":58,"official_geometry_validation_m":0.1688583856211374,"official_height_floors":3,"official_height_h_source_code":"0","official_height_h_extraction_code":"0","official_geometry_positive_evidence_only":true}},{"type":"Feature","id":"nlsc3d-1KFPW572QV","geometry":{"type":"MultiPolygon","coordinates":[[[[120.20697392542196,23.027167263673416],[120.20697712611572,23.02713025964456],[120.2071691295131,23.027143098588365],[120.20716912961315,23.027143098573813],[120.20697712605751,23.027130259622734],[120.20697392542196,23.027167263673416]]],[[[120.2071659313823,23.02718050246747],[120.20716912966772,23.027143098551985],[120.20716912961315,23.027143098573813],[120.20716593122769,23.027180502438366],[120.2071691295131,23.027143098588365],[120.20697712618848,23.027130259673665],[120.20697392548017,23.027167263658864],[120.20697392542196,23.027167263673416],[120.2071659313823,23.02718050246747]],[[120.20703936196098,23.02717177550478],[120.20703936307571,23.02717177558164],[120.2071659313823,23.02718050246747],[120.20703936196098,23.02717177550478]],[[120.20716593132774,23.027180502452918],[120.20708043685882,23.027174607613354],[120.20716593122769,23.027180502438366],[120.20716593132774,23.027180502452918]]]]},"properties":{"building_uid":"nlsc3d-1KFPW572QV","source_id":"1KFPW572QV","building_source":"NLSC-3D-geometry","source_version":"67fec239-0993-40d8-8f4c-45dfff595538","source_license":"Government-Open-Data-TW-1.0","geometry_quality":"source-footprint","height":9.33,"render_height":9.33,"height_quality":"reported","height_source":"NLSC 3D BUILD_H","height_known":true,"min_height":0,"official_height_provider":"NLSC-3D","official_height_building_id":"1KFPW572QV","official_geometry_provider":"NLSC-I3S","official_geometry_node":104475,"official_geometry_resource":104475,"official_geometry_definition":0,"official_geometry_face_start":59,"official_geometry_face_end":76,"official_geometry_validation_m":0.1667420585095703,"official_height_floors":3,"official_height_h_source_code":"0","official_height_h_extraction_code":"0","official_geometry_positive_evidence_only":true}},{"type":"Feature","id":"nlsc3d-1KFQ1572PL","geometry":{"type":"MultiPolygon","coordinates":[[[[120.20698059821724,23.027093823023986],[120.20717189845426,23.027106765417354],[120.20698059829,23.027093823060365],[120.20697739413289,23.027130227251998],[120.20716939745388,23.02714306614487],[120.2071718985534,23.027106765395526],[120.20698059821724,23.027093823023986]]],[[[120.20698059829,23.027093823060365],[120.20698059821724,23.027093823023986],[120.20697739406013,23.027130227251998],[120.20698059829,23.027093823060365]]],[[[120.20717189860433,23.02710676538825],[120.20716939755211,23.02714306615942],[120.2071693976085,23.027143066166698],[120.20717189860433,23.02710676538825]]],[[[120.20697739413289,23.027130227251998],[120.20697739406013,23.027130227251998],[120.20716939755211,23.02714306615942],[120.20697739413289,23.027130227251998]]]]},"properties":{"building_uid":"nlsc3d-1KFQ1572PL","source_id":"1KFQ1572PL","building_source":"NLSC-3D-geometry","source_version":"67fec239-0993-40d8-8f4c-45dfff595538","source_license":"Government-Open-Data-TW-1.0","geometry_quality":"source-footprint","height":9.34,"render_height":9.34,"height_quality":"reported","height_source":"NLSC 3D BUILD_H","height_known":true,"min_height":0,"official_height_provider":"NLSC-3D","official_height_building_id":"1KFQ1572PL","official_geometry_provider":"NLSC-I3S","official_geometry_node":104475,"official_geometry_resource":104475,"official_geometry_definition":0,"official_geometry_face_start":77,"official_geometry_face_end":94,"official_geometry_validation_m":0.1768601921582689,"official_height_floors":3,"official_height_h_source_code":"0","official_height_h_extraction_code":"0","official_geometry_positive_evidence_only":true}},{"type":"Feature","id":"nlsc3d-1KFR2572JH","geometry":{"type":"MultiPolygon","coordinates":[[[[120.20709412136775,23.02687574633435],[120.20708435484933,23.026980968158572],[120.20707672475682,23.027063172663272],[120.20707672475682,23.027063172708747],[120.20712329272637,23.02706633960386],[120.20707672476101,23.027063172663556],[120.20707672476314,23.02706317264061],[120.20707672476314,23.027063172640606],[120.20707672477864,23.027063172585056],[120.20712329268999,23.02706633947653],[120.2071382182802,23.02690321776006],[120.20713771560612,23.02690322026299],[120.20713938176767,23.026878819829815],[120.20709412136775,23.02687574633435]],[[120.2070941213823,23.026875746494422],[120.20709412136775,23.02687574639256],[120.20713938176767,23.026878819829815],[120.20713938172402,23.026878819917126],[120.2070941213823,23.026875746494422]],[[120.20713821824019,23.02690321783282],[120.20713771556247,23.02690322033575],[120.20713771560612,23.02690322026299],[120.20713821824019,23.02690321783282]]],[[[120.20712329271909,23.027066339556566],[120.20712329272637,23.02706633960386],[120.2071382182984,23.026903217730958],[120.20712329271909,23.027066339556566]]]]},"properties":{"building_uid":"nlsc3d-1KFR2572JH","source_id":"1KFR2572JH","building_source":"NLSC-3D-geometry","source_version":"67fec239-0993-40d8-8f4c-45dfff595538","source_license":"Government-Open-Data-TW-1.0","geometry_quality":"source-footprint","height":9.31,"render_height":9.31,"height_quality":"reported","height_source":"NLSC 3D BUILD_H","height_known":true,"min_height":0,"official_height_provider":"NLSC-3D","official_height_building_id":"1KFR2572JH","official_geometry_provider":"NLSC-I3S","official_geometry_node":104475,"official_geometry_resource":104475,"official_geometry_definition":0,"official_geometry_face_start":194,"official_geometry_face_end":221,"official_geometry_validation_m":0.13719339204639908,"official_height_floors":3,"official_height_h_source_code":"0","official_height_h_extraction_code":"0","official_geometry_positive_evidence_only":true}},{"type":"Feature","id":"nlsc3d-1KFPK572JD","geometry":{"type":"MultiPolygon","coordinates":[[[[120.20704764661777,23.0268722702456],[120.20703135653447,23.02705979080363],[120.20707691910492,23.027062962782818],[120.2070769190831,23.027062962699144],[120.2070944156293,23.02687543602931],[120.20709441560747,23.026875436131174],[120.20704764660321,23.02687227015829],[120.20704764661777,23.0268722702456]]],[[[120.20704764660321,23.02687227015829],[120.20704764660321,23.026872270100082],[120.20703135649082,23.02705979093278],[120.20704764660321,23.02687227015829]]],[[[120.20707691910492,23.027062962782818],[120.20703135650537,23.027059790887304],[120.2070769191122,23.027062962828293],[120.20709441564385,23.026875436000207],[120.20707691910492,23.027062962782818]]]]},"properties":{"building_uid":"nlsc3d-1KFPK572JD","source_id":"1KFPK572JD","building_source":"NLSC-3D-geometry","source_version":"67fec239-0993-40d8-8f4c-45dfff595538","source_license":"Government-Open-Data-TW-1.0","geometry_quality":"source-footprint","height":9.51,"render_height":9.51,"height_quality":"reported","height_source":"NLSC 3D BUILD_H","height_known":true,"min_height":0,"official_height_provider":"NLSC-3D","official_height_building_id":"1KFPK572JD","official_geometry_provider":"NLSC-I3S","official_geometry_node":104475,"official_geometry_resource":104475,"official_geometry_definition":0,"official_geometry_face_start":222,"official_geometry_face_end":239,"official_geometry_validation_m":0.2135164800810331,"official_height_floors":3,"official_height_h_source_code":"0","official_height_h_extraction_code":"0","official_geometry_positive_evidence_only":true}},{"type":"Feature","id":"nlsc3d-1KFSL572K1","geometry":{"type":"MultiPolygon","coordinates":[[[[120.20712303973404,23.027066632744916],[120.20712303975587,23.02706663266488],[120.20717473675622,23.027070073992743],[120.20717807027621,23.027021473049697],[120.20717473672711,23.027070073912707],[120.20717807024438,23.027021473021502],[120.20717804848563,23.0270177743221],[120.20717804852019,23.027017774351204],[120.20718016037553,23.027017863810922],[120.2071895853809,23.026910951258994],[120.2071895853568,23.02691095130265],[120.20718016035507,23.02701786379819],[120.2071801603205,23.027017863770904],[120.20718958531701,23.02691095137541],[120.20718737118189,23.026910562533683],[120.20718744412146,23.02690586360384],[120.20713786481419,23.026903511388607],[120.20712303971949,23.027066632781295],[120.20712303973404,23.027066632744916]],[[120.20718744408244,23.02690586369115],[120.20713786481782,23.026903511446815],[120.20718744412146,23.02690586360384],[120.20718744408244,23.02690586369115]]],[[[120.2071873712275,23.02691056244637],[120.2071895853568,23.02691095130265],[120.20718737124766,23.026910562417267],[120.2071874441457,23.026905863560184],[120.20718744412146,23.02690586360384],[120.2071873712275,23.02691056244637]]],[[[120.20717804853929,23.02701777436212],[120.20717804852019,23.027017774351204],[120.20717807027621,23.027021473049697],[120.20717804853929,23.02701777436212]]]]},"properties":{"building_uid":"nlsc3d-1KFSL572K1","source_id":"1KFSL572K1","building_source":"NLSC-3D-geometry","source_version":"67fec239-0993-40d8-8f4c-45dfff595538","source_license":"Government-Open-Data-TW-1.0","geometry_quality":"source-footprint","height":9.61,"render_height":9.61,"height_quality":"reported","height_source":"NLSC 3D BUILD_H","height_known":true,"min_height":0,"official_height_provider":"NLSC-3D","official_height_building_id":"1KFSL572K1","official_geometry_provider":"NLSC-I3S","official_geometry_node":104475,"official_geometry_resource":104475,"official_geometry_definition":0,"official_geometry_face_start":240,"official_geometry_face_end":282,"official_geometry_validation_m":0.17749727719509914,"official_height_floors":3,"official_height_h_source_code":"0","official_height_h_extraction_code":"0","official_geometry_positive_evidence_only":true}},{"type":"Feature","id":"nlsc3d-1KFPD572S6","geometry":{"type":"MultiPolygon","coordinates":[[[[120.20693966639445,23.027173557268277],[120.2069373152415,23.027201160097782],[120.20696749063134,23.027203508951523],[120.20693731529971,23.027201160097782],[120.206967490675,23.02720350893697],[120.20693731547433,23.027201160090506],[120.20696749077686,23.02720350893697],[120.20716271877862,23.02721763133787],[120.20716581728882,23.02718032795429],[120.20716581734521,23.027180327947015],[120.20697381196877,23.02716718912462],[120.2069729589067,23.02717599054906],[120.20693966633624,23.027173557261],[120.20693966639445,23.027173557268277]],[[120.20697295905191,23.02717599058861],[120.20693966653997,23.02717355729738],[120.20693966639445,23.027173557268277],[120.20697295905191,23.02717599058861]],[[120.20716581711238,23.027180327983395],[120.20697381211428,23.027167189182826],[120.20697295895005,23.02717599055223],[120.20697381201242,23.02716718913917],[120.20716581728882,23.02718032795429],[120.20716581711238,23.027180327983395]]],[[[120.20716271900599,23.027217631381525],[120.20716581734521,23.027180327947015],[120.2071627189496,23.02721763137425],[120.20716271900599,23.027217631381525]]]]},"properties":{"building_uid":"nlsc3d-1KFPD572S6","source_id":"1KFPD572S6","building_source":"NLSC-3D-geometry","source_version":"67fec239-0993-40d8-8f4c-45dfff595538","source_license":"Government-Open-Data-TW-1.0","geometry_quality":"source-footprint","height":12.57,"render_height":12.57,"height_quality":"reported","height_source":"NLSC 3D BUILD_H","height_known":true,"min_height":0,"official_height_provider":"NLSC-3D","official_height_building_id":"1KFPD572S6","official_geometry_provider":"NLSC-I3S","official_geometry_node":104485,"official_geometry_resource":104485,"official_geometry_definition":0,"official_geometry_face_start":0,"official_geometry_face_end":32,"official_geometry_validation_m":0.2150239947197766,"official_height_floors":4,"official_height_h_source_code":"0","official_height_h_extraction_code":"0","official_geometry_positive_evidence_only":true}},{"type":"Feature","id":"nlsc3d-1KG4A573DC","geometry":{"type":"MultiPolygon","coordinates":[[[[120.20736367107061,23.027708909449508],[120.20755094935198,23.02772177235304],[120.20736367102695,23.02770890942768],[120.20736367107061,23.027708909449508]]],[[[120.20735792582168,23.027774816819807],[120.20754520520173,23.027787879666654],[120.20754520510714,23.027787879623],[120.2075509492574,23.02772177238942],[120.20736367114337,23.027708909493164],[120.20735792574165,23.02777481683436],[120.20735792582168,23.027774816819807]]]]},"properties":{"building_uid":"nlsc3d-1KG4A573DC","source_id":"1KG4A573DC","building_source":"NLSC-3D-geometry","source_version":"67fec239-0993-40d8-8f4c-45dfff595538","source_license":"Government-Open-Data-TW-1.0","geometry_quality":"source-footprint","height":9.36,"render_height":9.36,"height_quality":"reported","height_source":"NLSC 3D BUILD_H","height_known":true,"min_height":0,"official_height_provider":"NLSC-3D","official_height_building_id":"1KG4A573DC","official_geometry_provider":"NLSC-I3S","official_geometry_node":104467,"official_geometry_resource":104467,"official_geometry_definition":0,"official_geometry_face_start":0,"official_geometry_face_end":17,"official_geometry_validation_m":0.18088910599031147,"official_height_floors":3,"official_height_h_source_code":"0","official_height_h_extraction_code":"0","official_geometry_positive_evidence_only":true}},{"type":"Feature","id":"nlsc3d-1KG4G573B2","geometry":{"type":"Polygon","coordinates":[[[120.20736412511337,23.027708679676795],[120.20736411232834,23.027708824750086],[120.20736411238654,23.027708824728258],[120.20755129071809,23.02772178812004],[120.20755129076902,23.027721788134592],[120.20755693321594,23.027655481376065],[120.20755693316501,23.027655481390617],[120.20755651013069,23.02765545205877],[120.20755652213161,23.02765530697136],[120.20736982816784,23.0276423622224],[120.20736982816057,23.02764236222422],[120.20736409346178,23.027708677484704],[120.20736412511337,23.027708679676795]],[[120.20736704555685,23.027675541061267],[120.20736696084391,23.027675519843548],[120.20736704555685,23.027675541061264],[120.20736704555685,23.027675541061267]]]},"properties":{"building_uid":"nlsc3d-1KG4G573B2","source_id":"1KG4G573B2","building_source":"NLSC-3D-geometry","source_version":"67fec239-0993-40d8-8f4c-45dfff595538","source_license":"Government-Open-Data-TW-1.0","geometry_quality":"source-footprint","height":3.27,"render_height":3.27,"height_quality":"reported","height_source":"NLSC 3D BUILD_H","height_known":true,"min_height":0,"official_height_provider":"NLSC-3D","official_height_building_id":"1KG4G573B2","official_geometry_provider":"NLSC-I3S","official_geometry_node":104467,"official_geometry_resource":104467,"official_geometry_definition":0,"official_geometry_face_start":36,"official_geometry_face_end":55,"official_geometry_validation_m":0.1819225126933134,"official_height_floors":1,"official_height_h_source_code":"0","official_height_h_extraction_code":"0","official_geometry_positive_evidence_only":true}},{"type":"Feature","id":"nlsc3d-1KGDS5738M","geometry":{"type":"MultiPolygon","coordinates":[[[[120.20771162986574,23.02757338447952],[120.20782223597934,23.027575732947636],[120.20771162985119,23.027573384457693],[120.2077064119855,23.027575109885557],[120.20771162986574,23.02757338447952]]],[[[120.20771162992395,23.027573384574108],[120.20770641208736,23.027575109994697],[120.20766669108497,23.027607897155004],[120.20766347617399,23.027642501940473],[120.20782863525864,23.027655275429762],[120.20782863530047,23.02765527545159],[120.20782844501053,23.027605792329606],[120.2078284449596,23.02760579233688],[120.20782844479047,23.027605792365023],[120.20782844479044,23.02760579235871],[120.20782101242571,23.027607028931026],[120.20782223602117,23.027575732925808],[120.2078210123836,23.027607028938032],[120.20782101221602,23.027607028965914],[120.20782223597934,23.027575732947636],[120.2078222358229,23.027575733034947],[120.20771162992395,23.027573384574108]],[[120.20782863507856,23.027655275349726],[120.20782844479047,23.02760579236622],[120.2078284449596,23.02760579233808],[120.20782863525864,23.027655275429762],[120.20782863507856,23.027655275349726]]],[[[120.20766669089579,23.027607897133176],[120.20766347597026,23.02764250199868],[120.2076666909249,23.027607897140452],[120.20770641200733,23.027575109907385],[120.20766669089579,23.027607897133176]]]]},"properties":{"building_uid":"nlsc3d-1KGDS5738M","source_id":"1KGDS5738M","building_source":"NLSC-3D-geometry","source_version":"67fec239-0993-40d8-8f4c-45dfff595538","source_license":"Government-Open-Data-TW-1.0","geometry_quality":"source-footprint","height":16.46,"render_height":16.46,"height_quality":"reported","height_source":"NLSC 3D BUILD_H","height_known":true,"min_height":0,"official_height_provider":"NLSC-3D","official_height_building_id":"1KGDS5738M","official_geometry_provider":"NLSC-I3S","official_geometry_node":104468,"official_geometry_resource":104468,"official_geometry_definition":0,"official_geometry_face_start":0,"official_geometry_face_end":37,"official_geometry_validation_m":0.4202340647466742,"official_height_floors":5,"official_height_h_source_code":"0","official_height_h_extraction_code":"0","official_geometry_positive_evidence_only":true}},{"type":"Feature","id":"nlsc3d-1KGHU573AL","geometry":{"type":"MultiPolygon","coordinates":[[[[120.2078585866563,23.027598725395702],[120.20785650783517,23.027706900932],[120.20785467747345,23.027737600158044],[120.2078546045538,23.027742299015127],[120.20789774194935,23.02774338387496],[120.20789774194208,23.027743383845856],[120.20785460455744,23.027742298978747],[120.20785467748073,23.02773760012894],[120.20785650784245,23.02770690091381],[120.20785858665994,23.02759872543208],[120.2078585866563,23.027598725395702]]],[[[120.20785650787155,23.02770690085924],[120.20785467750255,23.02773760000525],[120.20785460455744,23.027742298978747],[120.20785460458654,23.02774229884778],[120.20789774188387,23.027743383707612],[120.20790172463393,23.02759991026357],[120.20790172455389,23.02759991043092],[120.20785858665994,23.02759872543208],[120.20785858667449,23.02759872559943],[120.20785650784245,23.02770690091381],[120.20785650787155,23.02770690085924]]],[[[120.2079017246412,23.02759991022719],[120.20790172463393,23.02759991026357],[120.20789774194208,23.027743383845856],[120.2079017246412,23.02759991022719]]]]},"properties":{"building_uid":"nlsc3d-1KGHU573AL","source_id":"1KGHU573AL","building_source":"NLSC-3D-geometry","source_version":"67fec239-0993-40d8-8f4c-45dfff595538","source_license":"Government-Open-Data-TW-1.0","geometry_quality":"source-footprint","height":16.36,"render_height":16.36,"height_quality":"reported","height_source":"NLSC 3D BUILD_H","height_known":true,"min_height":0,"official_height_provider":"NLSC-3D","official_height_building_id":"1KGHU573AL","official_geometry_provider":"NLSC-I3S","official_geometry_node":104468,"official_geometry_resource":104468,"official_geometry_definition":0,"official_geometry_face_start":38,"official_geometry_face_end":65,"official_geometry_validation_m":0.16115911400964053,"official_height_floors":5,"official_height_h_source_code":"0","official_height_h_extraction_code":"0","official_geometry_positive_evidence_only":true}},{"type":"Feature","id":"nlsc3d-1KGDH573C0","geometry":{"type":"MultiPolygon","coordinates":[[[[120.20765903856744,23.027683225371103],[120.20782812051192,23.027696279187122],[120.20782735252914,23.02773666998871],[120.20782812056285,23.027696279178027],[120.20765903856744,23.027683225371103]]],[[[120.2076590386111,23.027683225386564],[120.20765535392064,23.027723430776287],[120.20765535406616,23.02772343075082],[120.20782735233632,23.02773666993414],[120.20782812031365,23.027696279219864],[120.2076590386111,23.027683225386564]]],[[[120.2076590386111,23.027683225386564],[120.20765903856744,23.027683225371103],[120.20765535387699,23.027723430779925],[120.2076590386111,23.027683225386564]]],[[[120.20765535392064,23.027723430776287],[120.20782735258189,23.027736669999623],[120.20782735252914,23.02773666998871],[120.20765535392064,23.027723430776287]]]]},"properties":{"building_uid":"nlsc3d-1KGDH573C0","source_id":"1KGDH573C0","building_source":"NLSC-3D-geometry","source_version":"67fec239-0993-40d8-8f4c-45dfff595538","source_license":"Government-Open-Data-TW-1.0","geometry_quality":"source-footprint","height":15.96,"render_height":15.96,"height_quality":"reported","height_source":"NLSC 3D BUILD_H","height_known":true,"min_height":0,"official_height_provider":"NLSC-3D","official_height_building_id":"1KGDH573C0","official_geometry_provider":"NLSC-I3S","official_geometry_node":104468,"official_geometry_resource":104468,"official_geometry_definition":0,"official_geometry_face_start":66,"official_geometry_face_end":83,"official_geometry_validation_m":0.11045440875573485,"official_height_floors":5,"official_height_h_source_code":"0","official_height_h_extraction_code":"0","official_geometry_positive_evidence_only":true}},{"type":"Feature","id":"nlsc3d-1KGDK573AK","geometry":{"type":"MultiPolygon","coordinates":[[[[120.2076631373763,23.02764255315594],[120.20765935451863,23.02768315892433],[120.2078284365013,23.02769621270488],[120.20765935454773,23.027683158920237],[120.20766313741996,23.02764255317413],[120.20782829648277,23.027655326617943],[120.20782829666649,23.027655326576106],[120.20782829671924,23.02765532656701],[120.2076631373763,23.02764255315594]]],[[[120.2076593546787,23.02768315890614],[120.20782843645401,23.027696212693964],[120.20782829666649,23.027655326576106],[120.20782843625574,23.027696212655766],[120.20782829648277,23.027655326617943],[120.20766313755092,23.027642553239613],[120.2076593546787,23.02768315890614]]]]},"properties":{"building_uid":"nlsc3d-1KGDK573AK","source_id":"1KGDK573AK","building_source":"NLSC-3D-geometry","source_version":"67fec239-0993-40d8-8f4c-45dfff595538","source_license":"Government-Open-Data-TW-1.0","geometry_quality":"source-footprint","height":15.89,"render_height":15.89,"height_quality":"reported","height_source":"NLSC 3D BUILD_H","height_known":true,"min_height":0,"official_height_provider":"NLSC-3D","official_height_building_id":"1KGDK573AK","official_geometry_provider":"NLSC-I3S","official_geometry_node":104468,"official_geometry_resource":104468,"official_geometry_definition":0,"official_geometry_face_start":84,"official_geometry_face_end":101,"official_geometry_validation_m":0.09390302945958308,"official_height_floors":5,"official_height_h_source_code":"0","official_height_h_extraction_code":"0","official_geometry_positive_evidence_only":true}},{"type":"Feature","id":"nlsc3d-1KGDE573DD","geometry":{"type":"MultiPolygon","coordinates":[[[[120.20765504558011,23.027723514151486],[120.20765126622945,23.02776471971117],[120.20765504562377,23.027723514166038],[120.20782714418027,23.027736652893847],[120.20782627977286,23.027777743944508],[120.20782627982925,23.02777774395906],[120.20782714423302,23.02773665288657],[120.20765504558011,23.027723514151486]]],[[[120.2076512662731,23.027764719703892],[120.20765504576929,23.027723514238797],[120.20765126641862,23.027764719696616],[120.20782627977286,23.027777743944508],[120.20782627958005,23.027777743915404],[120.20782714397836,23.027736652933864],[120.20765504562377,23.027723514166038],[120.2076512662731,23.027764719703892]]]]},"properties":{"building_uid":"nlsc3d-1KGDE573DD","source_id":"1KGDE573DD","building_source":"NLSC-3D-geometry","source_version":"67fec239-0993-40d8-8f4c-45dfff595538","source_license":"Government-Open-Data-TW-1.0","geometry_quality":"source-footprint","height":16.45,"render_height":16.45,"height_quality":"reported","height_source":"NLSC 3D BUILD_H","height_known":true,"min_height":0,"official_height_provider":"NLSC-3D","official_height_building_id":"1KGDE573DD","official_geometry_provider":"NLSC-I3S","official_geometry_node":104468,"official_geometry_resource":104468,"official_geometry_definition":0,"official_geometry_face_start":102,"official_geometry_face_end":119,"official_geometry_validation_m":0.12712021954945646,"official_height_floors":5,"official_height_h_source_code":"0","official_height_h_extraction_code":"0","official_geometry_positive_evidence_only":true}},{"type":"Feature","id":"nlsc3d-1KGK8573AM","geometry":{"type":"MultiPolygon","coordinates":[[[[120.20790355175785,23.027600137826422],[120.20790355175058,23.027600137637247],[120.20790154103969,23.02760014760531],[120.20790154103969,23.02760014764169],[120.20790355175785,23.027600137826422]]],[[[120.20789755830418,23.027743621056626],[120.20793868436675,23.02774461613114],[120.20793868429399,23.027744615963794],[120.20794280682247,23.027744695424527],[120.20794618646113,23.027601225021836],[120.20794618635927,23.02760122521101],[120.20790355175785,23.027600137826422],[120.20790154105424,23.02760014783814],[120.20789755830418,23.027743621056626]]],[[[120.20789755828235,23.02774362120942],[120.2079386843813,23.027744616174797],[120.20794280692434,23.027744695620978],[120.20794618647568,23.027601224985457],[120.20794280690978,23.027744695591874],[120.20793868436675,23.02774461613114],[120.20789755828235,23.02774362120942]]]]},"properties":{"building_uid":"nlsc3d-1KGK8573AM","source_id":"1KGK8573AM","building_source":"NLSC-3D-geometry","source_version":"67fec239-0993-40d8-8f4c-45dfff595538","source_license":"Government-Open-Data-TW-1.0","geometry_quality":"source-footprint","height":18.98,"render_height":18.98,"height_quality":"reported","height_source":"NLSC 3D BUILD_H","height_known":true,"min_height":0,"official_height_provider":"NLSC-3D","official_height_building_id":"1KGK8573AM","official_geometry_provider":"NLSC-I3S","official_geometry_node":104468,"official_geometry_resource":104468,"official_geometry_definition":0,"official_geometry_face_start":120,"official_geometry_face_end":147,"official_geometry_validation_m":0.17293550249572656,"official_height_floors":6,"official_height_h_source_code":"0","official_height_h_extraction_code":"0","official_geometry_positive_evidence_only":true}},{"type":"Feature","id":"nlsc3d-1KGLN573AK","geometry":{"type":"MultiPolygon","coordinates":[[[[120.20797742725568,23.02774144895624],[120.20797742722658,23.027741448818],[120.20798000886731,23.027735937876734],[120.2079800088382,23.02773593776032],[120.20798076445368,23.027710542234438],[120.20799071922971,23.027710792592863],[120.20799071928064,23.027710792665623],[120.20799279938234,23.02760281709447],[120.20799279936779,23.027602817130848],[120.2079927993023,23.027602817276367],[120.20794594100022,23.02760155081591],[120.20794256080859,23.02774492141429],[120.20794256079404,23.027744921443393],[120.20797725203607,23.027745848436773],[120.2079772520288,23.027745848400393],[120.20797742725568,23.02774144895624]],[[120.20794256085225,23.027744921276046],[120.2079772519997,23.027745848269426],[120.2079772520288,23.027745848400393],[120.20794256085225,23.027744921276046]]],[[[120.2079907192952,23.027710792683813],[120.20799071928064,23.027710792665623],[120.20798076449006,23.027710542307197],[120.2079907192952,23.027710792683813]]]]},"properties":{"building_uid":"nlsc3d-1KGLN573AK","source_id":"1KGLN573AK","building_source":"NLSC-3D-geometry","source_version":"67fec239-0993-40d8-8f4c-45dfff595538","source_license":"Government-Open-Data-TW-1.0","geometry_quality":"source-footprint","height":15.99,"render_height":15.99,"height_quality":"reported","height_source":"NLSC 3D BUILD_H","height_known":true,"min_height":0,"official_height_provider":"NLSC-3D","official_height_building_id":"1KGLN573AK","official_geometry_provider":"NLSC-I3S","official_geometry_node":104464,"official_geometry_resource":104464,"official_geometry_definition":0,"official_geometry_face_start":0,"official_geometry_face_end":37,"official_geometry_validation_m":0.4172535983052737,"official_height_floors":5,"official_height_h_source_code":"0","official_height_h_extraction_code":"0","official_geometry_positive_evidence_only":true}},{"type":"Feature","id":"nlsc3d-1KGQ1573AF","geometry":{"type":"MultiPolygon","coordinates":[[[[120.2080467237725,23.027747719354686],[120.20804672377795,23.02774771931103],[120.20804672379978,23.02774771915096],[120.2080902644762,23.02774900216422],[120.20809026440708,23.027749001996874],[120.20809403812797,23.027587035789786],[120.20805974969932,23.027586206730795],[120.20805180622898,23.027586046157687],[120.20805974971114,23.02758620656345],[120.20805974970841,23.02758620652707],[120.20805180622352,23.027586046121307],[120.2080467237725,23.027747719354686]]],[[[120.20809026449075,23.0277490022006],[120.20809403821528,23.027587035578783],[120.2080902644762,23.02774900216422],[120.20809026449075,23.0277490022006]]]]},"properties":{"building_uid":"nlsc3d-1KGQ1573AF","source_id":"1KGQ1573AF","building_source":"NLSC-3D-geometry","source_version":"67fec239-0993-40d8-8f4c-45dfff595538","source_license":"Government-Open-Data-TW-1.0","geometry_quality":"source-footprint","height":16.19,"render_height":16.19,"height_quality":"reported","height_source":"NLSC 3D BUILD_H","height_known":true,"min_height":0,"official_height_provider":"NLSC-3D","official_height_building_id":"1KGQ1573AF","official_geometry_provider":"NLSC-I3S","official_geometry_node":104464,"official_geometry_resource":104464,"official_geometry_definition":0,"official_geometry_face_start":38,"official_geometry_face_end":60,"official_geometry_validation_m":0.15911385439982526,"official_height_floors":5,"official_height_h_source_code":"0","official_height_h_extraction_code":"0","official_geometry_positive_evidence_only":true}},{"type":"Feature","id":"nlsc3d-1KGT3573AK","geometry":{"type":"MultiPolygon","coordinates":[[[[120.20818253086196,23.02758963590417],[120.2081367795459,23.027588563959164],[120.20818253085469,23.027589635955103],[120.20818534638107,23.027589722095165],[120.20818253081103,23.027589636129726],[120.20813677959683,23.027588564184718],[120.20813310570026,23.02775042993266],[120.20817724833483,23.02775150988122],[120.20817724837849,23.027751510034015],[120.20819745895147,23.027751909324017],[120.2082008972489,23.027652624227578],[120.20819745887871,23.027751909171222],[120.20820089717614,23.027652624273053],[120.20820234494619,23.027608131512117],[120.20818314039803,23.027607827056947],[120.20818314041986,23.027607827020567],[120.20818534644656,23.02758972186961],[120.20818253086196,23.02758963590417]],[[120.20818314036165,23.027607827187914],[120.20818534643928,23.027589721913266],[120.20818314039803,23.027607827056947],[120.20818314036165,23.027607827187914]]],[[[120.20818253081103,23.027589636129726],[120.20818253085469,23.027589635955103],[120.20813677955317,23.027588564010095],[120.20818253081103,23.027589636129726]]],[[[120.20813310563477,23.02775043012911],[120.20813310565296,23.02775043009273],[120.20813677959683,23.027588564184718],[120.20813677955317,23.027588564010095],[120.20813310563477,23.02775043012911]]],[[[120.20817724839304,23.027751510070395],[120.20819745898058,23.027751909367673],[120.20817724837849,23.027751510034015],[120.20813310565296,23.02775043009273],[120.20817724839304,23.027751510070395]]],[[[120.2082008972489,23.027652624227578],[120.2082023450626,23.02760813134477],[120.2082023450335,23.02760813138115],[120.20820089717614,23.027652624273053],[120.2082008972489,23.027652624227578]]]]},"properties":{"building_uid":"nlsc3d-1KGT3573AK","source_id":"1KGT3573AK","building_source":"NLSC-3D-geometry","source_version":"67fec239-0993-40d8-8f4c-45dfff595538","source_license":"Government-Open-Data-TW-1.0","geometry_quality":"source-footprint","height":16.4,"render_height":16.4,"height_quality":"reported","height_source":"NLSC 3D BUILD_H","height_known":true,"min_height":0,"official_height_provider":"NLSC-3D","official_height_building_id":"1KGT3573AK","official_geometry_provider":"NLSC-I3S","official_geometry_node":104464,"official_geometry_resource":104464,"official_geometry_definition":0,"official_geometry_face_start":61,"official_geometry_face_end":103,"official_geometry_validation_m":0.36163968940019214,"official_height_floors":5,"official_height_h_source_code":"0","official_height_h_extraction_code":"0","official_geometry_positive_evidence_only":true}},{"type":"Feature","id":"nlsc3d-1KGRD573AG","geometry":{"type":"MultiPolygon","coordinates":[[[[120.20809375142977,23.02758726372371],[120.20813708929069,23.027588247731494],[120.20813331550613,23.027750214295104],[120.20813331552796,23.027750214331483],[120.20813708931252,23.027588247687838],[120.20809375142977,23.02758726372371]]],[[[120.20809375142977,23.02758726372371],[120.20809007818076,23.02774922985804],[120.20809007818258,23.027749229814383],[120.2080937514425,23.027587263934713],[120.20809375143341,23.027587263767366],[120.20809375142977,23.02758726372371]]],[[[120.2080937514425,23.027587263934713],[120.20809007819895,23.027749229661588],[120.20813331543337,23.02775021414231],[120.20813708921065,23.027588247906117],[120.2080937514425,23.027587263934713]]]]},"properties":{"building_uid":"nlsc3d-1KGRD573AG","source_id":"1KGRD573AG","building_source":"NLSC-3D-geometry","source_version":"67fec239-0993-40d8-8f4c-45dfff595538","source_license":"Government-Open-Data-TW-1.0","geometry_quality":"source-footprint","height":16.3,"render_height":16.3,"height_quality":"reported","height_source":"NLSC 3D BUILD_H","height_known":true,"min_height":0,"official_height_provider":"NLSC-3D","official_height_building_id":"1KGRD573AG","official_geometry_provider":"NLSC-I3S","official_geometry_node":104464,"official_geometry_resource":104464,"official_geometry_definition":0,"official_geometry_face_start":104,"official_geometry_face_end":121,"official_geometry_validation_m":0.18564101768193114,"official_height_floors":5,"official_height_h_source_code":"0","official_height_h_extraction_code":"0","official_geometry_positive_evidence_only":true}},{"type":"Feature","id":"nlsc3d-1KGWJ573DG","geometry":{"type":"MultiPolygon","coordinates":[[[[120.2081963581795,23.027752480426575],[120.2081970538702,23.027733982934155],[120.20819705384109,23.027733982919603],[120.2081963581795,23.027752480426575]]],[[[120.20819635820861,23.02775248043385],[120.2081963581795,23.027752480426575],[120.20819568659407,23.027775076495022],[120.20819568662317,23.027775076495022],[120.20819635820861,23.02775248043385]]],[[[120.20835134263233,23.02777890063648],[120.20835134267598,23.02777890063648],[120.20835134263235,23.027778900635408],[120.20835270875158,23.0277376071323],[120.20819705384109,23.027733982919603],[120.20835270870064,23.02773760714685],[120.20835134245043,23.0277789006001],[120.20835270851147,23.027737607197782],[120.2081970538702,23.027733982934155],[120.20819705400116,23.027733982996],[120.20819635833958,23.027752480448402],[120.20819568662317,23.027775076495022],[120.20835134263233,23.02777890063648]],[[120.20834637232012,23.027778778525303],[120.20819568662317,23.027775076495022],[120.20819568676141,23.027775076465918],[120.20834637232012,23.027778778525303]]]]},"properties":{"building_uid":"nlsc3d-1KGWJ573DG","source_id":"1KGWJ573DG","building_source":"NLSC-3D-geometry","source_version":"67fec239-0993-40d8-8f4c-45dfff595538","source_license":"Government-Open-Data-TW-1.0","geometry_quality":"source-footprint","height":16.31,"render_height":16.31,"height_quality":"reported","height_source":"NLSC 3D BUILD_H","height_known":true,"min_height":0,"official_height_provider":"NLSC-3D","official_height_building_id":"1KGWJ573DG","official_geometry_provider":"NLSC-I3S","official_geometry_node":104465,"official_geometry_resource":104465,"official_geometry_definition":0,"official_geometry_face_start":0,"official_geometry_face_end":22,"official_geometry_validation_m":0.18192206477487086,"official_height_floors":5,"official_height_h_source_code":"0","official_height_h_extraction_code":"0","official_geometry_positive_evidence_only":true}},{"type":"Feature","id":"nlsc3d-1KGWP5738P","geometry":{"type":"MultiPolygon","coordinates":[[[[120.20821795203936,23.0275730132786],[120.20831575081591,23.0275687280015],[120.20821795206483,23.02757301330043],[120.20821755963969,23.027608903685763],[120.20820207536507,23.02760868080863],[120.20820207540145,23.027608680815906],[120.20820207555424,23.027608680830458],[120.20820062758047,23.02765317366961],[120.20820062754409,23.02765317368416],[120.20820054226986,23.0276557732674],[120.20835608960532,23.027658198418653],[120.20820054230624,23.02765577325103],[120.20835608956166,23.027658198396825],[120.20820054245904,23.027655773165538],[120.20835608940159,23.027658198311332],[120.20836443029746,23.027657557012066],[120.20836442558992,23.027656757298832],[120.20836371331733,23.02762107242656],[120.20835353869823,23.02761762417926],[120.20835317367799,23.027606829499423],[120.20835317385261,23.027606829477595],[120.208353173889,23.027606829477595],[120.20833601648972,23.0275956184711],[120.20831575084138,23.027568727979673],[120.20821795203936,23.0275730132786]],[[120.20833601645698,23.027595618478376],[120.20833601632965,23.027595618529308],[120.20831575081591,23.0275687280015],[120.20833601645698,23.027595618478376]]],[[[120.2083535388583,23.02761762417926],[120.2083637135065,23.027621072433835],[120.20835353890196,23.02761762417926],[120.208353173889,23.027606829477595],[120.2083535388583,23.02761762417926]]],[[[120.20836442583003,23.027656757397057],[120.20836371355016,23.027621072430197],[120.20836442579365,23.027656757378868],[120.20836443049392,23.02765755709392],[120.20836442583003,23.027656757397057]]],[[[120.20835608956166,23.027658198396825],[120.20836443053757,23.02765755711029],[120.20836443049392,23.02765755709392],[120.20835608956166,23.027658198396825]]]]},"properties":{"building_uid":"nlsc3d-1KGWP5738P","source_id":"1KGWP5738P","building_source":"NLSC-3D-geometry","source_version":"67fec239-0993-40d8-8f4c-45dfff595538","source_license":"Government-Open-Data-TW-1.0","geometry_quality":"source-footprint","height":16.4,"render_height":16.4,"height_quality":"reported","height_source":"NLSC 3D BUILD_H","height_known":true,"min_height":0,"official_height_provider":"NLSC-3D","official_height_building_id":"1KGWP5738P","official_geometry_provider":"NLSC-I3S","official_geometry_node":104465,"official_geometry_resource":104465,"official_geometry_definition":0,"official_geometry_face_start":23,"official_geometry_face_end":85,"official_geometry_validation_m":0.6429838750885297,"official_height_floors":5,"official_height_h_source_code":"0","official_height_h_extraction_code":"0","official_geometry_positive_evidence_only":true}},{"type":"Feature","id":"nlsc3d-1KGWK573C3","geometry":{"type":"Polygon","coordinates":[[[120.20835287104909,23.027737631885106],[120.20835287100543,23.027737631870554],[120.2083542447135,23.027697637936075],[120.20835424475716,23.027697637923342],[120.20819858983212,23.02769401372156],[120.20819731608115,23.027733907216902],[120.20835287104909,23.027737631885106]],[[120.20835287082353,23.027737631834174],[120.20835424452433,23.027697637988826],[120.2083542447135,23.027697637936075],[120.20835287082353,23.027737631834174]]]},"properties":{"building_uid":"nlsc3d-1KGWK573C3","source_id":"1KGWK573C3","building_source":"NLSC-3D-geometry","source_version":"67fec239-0993-40d8-8f4c-45dfff595538","source_license":"Government-Open-Data-TW-1.0","geometry_quality":"source-footprint","height":16.2,"render_height":16.2,"height_quality":"reported","height_source":"NLSC 3D BUILD_H","height_known":true,"min_height":0,"official_height_provider":"NLSC-3D","official_height_building_id":"1KGWK573C3","official_geometry_provider":"NLSC-I3S","official_geometry_node":104465,"official_geometry_resource":104465,"official_geometry_definition":0,"official_geometry_face_start":86,"official_geometry_face_end":103,"official_geometry_validation_m":0.1852931684709089,"official_height_floors":5,"official_height_h_source_code":"0","official_height_h_extraction_code":"0","official_geometry_positive_evidence_only":true}},{"type":"Feature","id":"nlsc3d-1KGWM573AP","geometry":{"type":"Polygon","coordinates":[[[120.20835572879786,23.02765812961174],[120.2082001820372,23.02765580444306],[120.20819889829635,23.027693998533],[120.20835445268948,23.027697623245917],[120.20835572879786,23.02765812961174]],[[120.2082001820663,23.027655804455794],[120.20835572856502,23.027658129671767],[120.20820018219727,23.027655804510363],[120.20819889834,23.027693998525724],[120.2082001820663,23.027655804455794]],[[120.20819889846369,23.02769399851117],[120.20835445264582,23.027697623236822],[120.20835445268948,23.027697623245917],[120.20819889834,23.027693998525724],[120.20819889846369,23.02769399851117]],[[120.20835445246392,23.0276976232059],[120.2083557287542,23.027658129624474],[120.20835445264582,23.027697623236822],[120.20835445246392,23.0276976232059]]]},"properties":{"building_uid":"nlsc3d-1KGWM573AP","source_id":"1KGWM573AP","building_source":"NLSC-3D-geometry","source_version":"67fec239-0993-40d8-8f4c-45dfff595538","source_license":"Government-Open-Data-TW-1.0","geometry_quality":"source-footprint","height":16.08,"render_height":16.08,"height_quality":"reported","height_source":"NLSC 3D BUILD_H","height_known":true,"min_height":0,"official_height_provider":"NLSC-3D","official_height_building_id":"1KGWM573AP","official_geometry_provider":"NLSC-I3S","official_geometry_node":104465,"official_geometry_resource":104465,"official_geometry_definition":0,"official_geometry_face_start":104,"official_geometry_face_end":121,"official_geometry_validation_m":0.1425889252605832,"official_height_floors":5,"official_height_h_source_code":"0","official_height_h_extraction_code":"0","official_geometry_positive_evidence_only":true}},{"type":"Feature","id":"nlsc3d-1KFGF573LD","geometry":{"type":"Polygon","coordinates":[[[120.20680898509592,23.027904618040004],[120.20680455976482,23.02790434019301],[120.20680898514412,23.02790461813823],[120.2068045598162,23.027904340294874],[120.206798625547,23.02798934232454],[120.20679862548606,23.027989342390022],[120.20686410118789,23.02799361458495],[120.20687094264714,23.027909007730734],[120.20680898509592,23.027904618040004]],[[120.20687094264714,23.027909007730734],[120.20686410112968,23.027993614519467],[120.20687094255983,23.02790900782896],[120.20687094264714,23.027909007730734]]]},"properties":{"building_uid":"nlsc3d-1KFGF573LD","source_id":"1KFGF573LD","building_source":"NLSC-3D-geometry","source_version":"67fec239-0993-40d8-8f4c-45dfff595538","source_license":"Government-Open-Data-TW-1.0","geometry_quality":"source-footprint","height":15.76,"render_height":15.76,"height_quality":"reported","height_source":"NLSC 3D BUILD_H","height_known":true,"min_height":0,"official_height_provider":"NLSC-3D","official_height_building_id":"1KFGF573LD","official_geometry_provider":"NLSC-I3S","official_geometry_node":104541,"official_geometry_resource":104541,"official_geometry_definition":0,"official_geometry_face_start":0,"official_geometry_face_end":22,"official_geometry_validation_m":0.21130636160152358,"official_height_floors":5,"official_height_h_source_code":"0","official_height_h_extraction_code":"0","official_geometry_positive_evidence_only":true}},{"type":"Feature","id":"nlsc3d-1KFEB573L8","geometry":{"type":"MultiPolygon","coordinates":[[[[120.20673678130835,23.02789911070034],[120.20680497501236,23.02790396912281],[120.2067367812938,23.027899110674873],[120.20672863586653,23.027984223910273],[120.20673678130835,23.02789911070034]]],[[[120.20672863588108,23.027984223892084],[120.20672863586653,23.027984223910273],[120.20679894025535,23.02798897184733],[120.2067989402391,23.027988971821863],[120.20679894017623,23.02798897173819],[120.2068049749305,23.027903969206484],[120.20673678130835,23.02789911070034],[120.20672863588108,23.027984223892084]]]]},"properties":{"building_uid":"nlsc3d-1KFEB573L8","source_id":"1KFEB573L8","building_source":"NLSC-3D-geometry","source_version":"67fec239-0993-40d8-8f4c-45dfff595538","source_license":"Government-Open-Data-TW-1.0","geometry_quality":"source-footprint","height":15.78,"render_height":15.78,"height_quality":"reported","height_source":"NLSC 3D BUILD_H","height_known":true,"min_height":0,"official_height_provider":"NLSC-3D","official_height_building_id":"1KFEB573L8","official_geometry_provider":"NLSC-I3S","official_geometry_node":104541,"official_geometry_resource":104541,"official_geometry_definition":0,"official_geometry_face_start":23,"official_geometry_face_end":40,"official_geometry_validation_m":0.14038297627925791,"official_height_floors":5,"official_height_h_source_code":"0","official_height_h_extraction_code":"0","official_geometry_positive_evidence_only":true}},{"type":"Feature","id":"nlsc3d-1KGXF5730U","geometry":{"type":"MultiPolygon","coordinates":[[[[120.2082449593578,23.027372380025458],[120.20824396545835,23.02740857330163],[120.20824396548382,23.027408573294355],[120.2082449593578,23.027372380025458]]],[[[120.2083656182764,23.02737457892899],[120.20824495944875,23.027372380080028],[120.2082439655784,23.027408573272528],[120.20824396548382,23.027408573294355],[120.20836452754487,23.02741137242801],[120.20836452758853,23.02741137244256],[120.20836561848013,23.027374578863505],[120.20836561843647,23.027374578878057],[120.2083656182764,23.02737457892899]]]]},"properties":{"building_uid":"nlsc3d-1KGXF5730U","source_id":"1KGXF5730U","building_source":"NLSC-3D-geometry","source_version":"67fec239-0993-40d8-8f4c-45dfff595538","source_license":"Government-Open-Data-TW-1.0","geometry_quality":"source-footprint","height":16.52,"render_height":16.52,"height_quality":"reported","height_source":"NLSC 3D BUILD_H","height_known":true,"min_height":0,"official_height_provider":"NLSC-3D","official_height_building_id":"1KGXF5730U","official_geometry_provider":"NLSC-I3S","official_geometry_node":104466,"official_geometry_resource":104466,"official_geometry_definition":0,"official_geometry_face_start":33,"official_geometry_face_end":50,"official_geometry_validation_m":0.17136912755460584,"official_height_floors":5,"official_height_h_source_code":"0","official_height_h_extraction_code":"0","official_geometry_positive_evidence_only":true}},{"type":"Feature","id":"nlsc3d-1KGWU5732A","geometry":{"type":"MultiPolygon","coordinates":[[[[120.20824377701469,23.027408468542394],[120.20824377700377,23.027408468535118],[120.20820576868176,23.027407657942508],[120.20824377701469,23.027408468542394]]],[[[120.20820483174943,23.02745354782191],[120.2082048317858,23.027453547807358],[120.20823167829771,23.027454014065274],[120.20820483193133,23.027453547778254],[120.20823167838866,23.027454014021618],[120.20823168250321,23.027454713779566],[120.20827190367858,23.027455713292415],[120.20836571858275,23.02745784577373],[120.20836705417936,23.0274113541217],[120.20836443965858,23.027411267159454],[120.2083670541357,23.027411354128976],[120.20836705394653,23.02741135417263],[120.20836443960765,23.02741126716673],[120.20836443943303,23.027411267217662],[120.20824377708745,23.0274084686006],[120.20820576885639,23.02740765800799],[120.20820576871087,23.027407657949784],[120.20820576868176,23.027407657942508],[120.20820483174943,23.02745354782191]]],[[[120.20823167838866,23.027454014021618],[120.20823167829771,23.027454014065274],[120.2082316824159,23.02745471380867],[120.20823167838866,23.027454014021618]]],[[[120.20823168239407,23.02745471382322],[120.20823167829771,23.027454014065274],[120.20823167828316,23.027454014079826],[120.20823168239407,23.02745471382322]]],[[[120.2082316824159,23.02745471380867],[120.20827190366585,23.02745571333607],[120.2082719036713,23.02745571333607],[120.2082316824159,23.02745471380867]]],[[[120.20836571863369,23.02745784578828],[120.20836571858275,23.02745784577373],[120.2082719036713,23.02745571333607],[120.20836571863369,23.02745784578828]]]]},"properties":{"building_uid":"nlsc3d-1KGWU5732A","source_id":"1KGWU5732A","building_source":"NLSC-3D-geometry","source_version":"67fec239-0993-40d8-8f4c-45dfff595538","source_license":"Government-Open-Data-TW-1.0","geometry_quality":"source-footprint","height":16.29,"render_height":16.29,"height_quality":"reported","height_source":"NLSC 3D BUILD_H","height_known":true,"min_height":0,"official_height_provider":"NLSC-3D","official_height_building_id":"1KGWU5732A","official_geometry_provider":"NLSC-I3S","official_geometry_node":104466,"official_geometry_resource":104466,"official_geometry_definition":0,"official_geometry_face_start":51,"official_geometry_face_end":93,"official_geometry_validation_m":0.17940573105298077,"official_height_floors":5,"official_height_h_source_code":"0","official_height_h_extraction_code":"0","official_geometry_positive_evidence_only":true}},{"type":"Feature","id":"nlsc3d-1KGXG572XG","geometry":{"type":"MultiPolygon","coordinates":[[[[120.20824637098453,23.027328568978096],[120.20824838172088,23.027328558988206],[120.20836713062057,23.02733076735048],[120.20836713064968,23.027330767339567],[120.20824838169177,23.027328558973654],[120.20824637098453,23.027328568978096]]],[[[120.20824637101363,23.02732856898992],[120.20824637098453,23.027328568978096],[120.20824522065199,23.027372360595013],[120.20836588036367,23.027374659422907],[120.20824522067745,23.027372360587737],[120.2082463711446,23.027328569052674],[120.20824522081206,23.027372360554995],[120.20836588021088,23.027374659371976],[120.20836713048233,23.02733076740869],[120.2082483818373,23.027328559046413],[120.20824637101363,23.02732856898992]]],[[[120.20836713064968,23.027330767339567],[120.20836588033457,23.027374659408355],[120.20836588036367,23.027374659422907],[120.20836713064968,23.027330767339567]]]]},"properties":{"building_uid":"nlsc3d-1KGXG572XG","source_id":"1KGXG572XG","building_source":"NLSC-3D-geometry","source_version":"67fec239-0993-40d8-8f4c-45dfff595538","source_license":"Government-Open-Data-TW-1.0","geometry_quality":"source-footprint","height":17.01,"render_height":17.01,"height_quality":"reported","height_source":"NLSC 3D BUILD_H","height_known":true,"min_height":0,"official_height_provider":"NLSC-3D","official_height_building_id":"1KGXG572XG","official_geometry_provider":"NLSC-I3S","official_geometry_node":104466,"official_geometry_resource":104466,"official_geometry_definition":0,"official_geometry_face_start":112,"official_geometry_face_end":134,"official_geometry_validation_m":0.18580439276746744,"official_height_floors":5,"official_height_h_source_code":"0","official_height_h_extraction_code":"0","official_geometry_positive_evidence_only":true}},{"type":"Feature","id":"nlsc3d-1KGXK572W3","geometry":{"type":"Polygon","coordinates":[[[120.20824864880673,23.027328557944106],[120.20836729723273,23.027330766821155],[120.20836838461004,23.02729337345399],[120.20824963800227,23.027291564938327],[120.20824864880673,23.027328557944106]],[[120.20824963800227,23.027291564938327],[120.20836838458094,23.027293373466723],[120.20824963803138,23.02729156494924],[120.20824963800227,23.027291564938327]],[[120.20824963814779,23.027291565001992],[120.20824864895225,23.02732855791773],[120.2082486488322,23.02732855793774],[120.20824963814779,23.027291565001992]],[[120.20836729706538,23.027330766786594],[120.20836729720362,23.02733076681388],[120.20824864895225,23.02732855791773],[120.20836729706538,23.027330766786594]]]},"properties":{"building_uid":"nlsc3d-1KGXK572W3","source_id":"1KGXK572W3","building_source":"NLSC-3D-geometry","source_version":"67fec239-0993-40d8-8f4c-45dfff595538","source_license":"Government-Open-Data-TW-1.0","geometry_quality":"source-footprint","height":16.55,"render_height":16.55,"height_quality":"reported","height_source":"NLSC 3D BUILD_H","height_known":true,"min_height":0,"official_height_provider":"NLSC-3D","official_height_building_id":"1KGXK572W3","official_geometry_provider":"NLSC-I3S","official_geometry_node":104466,"official_geometry_resource":104466,"official_geometry_definition":0,"official_geometry_face_start":163,"official_geometry_face_end":180,"official_geometry_validation_m":0.17885717301373183,"official_height_floors":5,"official_height_h_source_code":"0","official_height_h_extraction_code":"0","official_geometry_positive_evidence_only":true}},{"type":"Feature","id":"nlsc3d-1KGXL572UQ","geometry":{"type":"MultiPolygon","coordinates":[[[[120.20824990334917,23.02728873150763],[120.20824991968006,23.027291530532143],[120.20836856626887,23.027293439499676],[120.20836856630525,23.027293439505133],[120.20836865569039,23.027291539667107],[120.20836973543523,23.027252846755704],[120.20825098765239,23.02725083832583],[120.20836973539885,23.027252846777532],[120.20836865552305,23.02729153964528],[120.20836973528243,23.02725284683574],[120.2082509876815,23.02725083834766],[120.20824990324003,23.02728873152218],[120.20824990334917,23.02728873150763]],[[120.20824991979283,23.02729153051759],[120.20836856615246,23.027293439477848],[120.20836865565401,23.02729153966347],[120.20836856626887,23.027293439499676],[120.20824991979283,23.02729153051759]]],[[[120.20824991968006,23.027291530532143],[120.20824991965459,23.0272915305376],[120.20836856630525,23.027293439505133],[120.20824991968006,23.027291530532143]]]]},"properties":{"building_uid":"nlsc3d-1KGXL572UQ","source_id":"1KGXL572UQ","building_source":"NLSC-3D-geometry","source_version":"67fec239-0993-40d8-8f4c-45dfff595538","source_license":"Government-Open-Data-TW-1.0","geometry_quality":"source-footprint","height":16.03,"render_height":16.03,"height_quality":"reported","height_source":"NLSC 3D BUILD_H","height_known":true,"min_height":0,"official_height_provider":"NLSC-3D","official_height_building_id":"1KGXL572UQ","official_geometry_provider":"NLSC-I3S","official_geometry_node":104466,"official_geometry_resource":104466,"official_geometry_definition":0,"official_geometry_face_start":135,"official_geometry_face_end":162,"official_geometry_validation_m":0.1872595492871439,"official_height_floors":5,"official_height_h_source_code":"0","official_height_h_extraction_code":"0","official_geometry_positive_evidence_only":true}},{"type":"Feature","id":"nlsc3d-1KGX3572T8","geometry":{"type":"MultiPolygon","coordinates":[[[[120.20823206936224,23.027206134114653],[120.20821638343081,23.027205812262668],[120.20821638347446,23.02720581227722],[120.20823206948593,23.02720613417286],[120.20823206936224,23.027206134114653]]],[[[120.20821522081282,23.027247504605743],[120.20825142005891,23.027248424177646],[120.20825133300936,23.027250723875017],[120.2083700808031,23.027252732293977],[120.20837132695637,23.027208140459965],[120.20837132691271,23.027208140474517],[120.20837132674536,23.02720814052545],[120.20823206948593,23.02720613417286],[120.20821638363454,23.027205812342704],[120.20821638347446,23.02720581227722],[120.20821522077644,23.027247504620295],[120.20821522081282,23.027247504605743]],[[120.20821522097289,23.027247504583915],[120.20825142014623,23.027248424141266],[120.20825133302755,23.027250723860465],[120.20825142005891,23.027248424177646],[120.20821522097289,23.027247504583915]],[[120.20825133311122,23.02725072383136],[120.20837008058483,23.02725273225032],[120.20837008075945,23.02725273229034],[120.20825133302755,23.027250723860465],[120.20825133311122,23.02725072383136]]]]},"properties":{"building_uid":"nlsc3d-1KGX3572T8","source_id":"1KGX3572T8","building_source":"NLSC-3D-geometry","source_version":"67fec239-0993-40d8-8f4c-45dfff595538","source_license":"Government-Open-Data-TW-1.0","geometry_quality":"source-footprint","height":16.96,"render_height":16.96,"height_quality":"reported","height_source":"NLSC 3D BUILD_H","height_known":true,"min_height":0,"official_height_provider":"NLSC-3D","official_height_building_id":"1KGX3572T8","official_geometry_provider":"NLSC-I3S","official_geometry_node":104466,"official_geometry_resource":104466,"official_geometry_definition":0,"official_geometry_face_start":0,"official_geometry_face_end":32,"official_geometry_validation_m":0.10254863331392611,"official_height_floors":5,"official_height_h_source_code":"0","official_height_h_extraction_code":"0","official_geometry_positive_evidence_only":true}},{"type":"Feature","id":"nlsc3d-1KGXB572RT","geometry":{"type":"MultiPolygon","coordinates":[[[[120.20823206254103,23.027168886297563],[120.20837252890819,23.02717128654867],[120.20837153893412,23.027208179531858],[120.20837153912329,23.02720817956096],[120.20837153916695,23.027208179575513],[120.20837252894457,23.027171286534116],[120.20823206254103,23.027168886297563]]],[[[120.20823206257013,23.027168886312115],[120.20823228153644,23.02720617319382],[120.2082322815619,23.027206173186546],[120.20823206257013,23.027168886312115]]],[[[120.20823228168196,23.027206173150166],[120.20837153893412,23.027208179531858],[120.20837252872629,23.027171286592324],[120.20823206268655,23.02716888635577],[120.20823228168196,23.027206173150166]]]]},"properties":{"building_uid":"nlsc3d-1KGXB572RT","source_id":"1KGXB572RT","building_source":"NLSC-3D-geometry","source_version":"67fec239-0993-40d8-8f4c-45dfff595538","source_license":"Government-Open-Data-TW-1.0","geometry_quality":"source-footprint","height":17.17,"render_height":17.17,"height_quality":"reported","height_source":"NLSC 3D BUILD_H","height_known":true,"min_height":0,"official_height_provider":"NLSC-3D","official_height_building_id":"1KGXB572RT","official_geometry_provider":"NLSC-I3S","official_geometry_node":104466,"official_geometry_resource":104466,"official_geometry_definition":0,"official_geometry_face_start":94,"official_geometry_face_end":111,"official_geometry_validation_m":0.21684154845176398,"official_height_floors":5,"official_height_h_source_code":"0","official_height_h_extraction_code":"0","official_geometry_positive_evidence_only":true}},{"type":"Feature","id":"nlsc3d-1KFM7573MP","geometry":{"type":"MultiPolygon","coordinates":[[[[120.20689820137767,23.027962225506425],[120.20689820133401,23.027962225491873],[120.20687567429985,23.02796113812911],[120.20689820137767,23.027962225506425]]],[[[120.20687567435078,23.027961138143663],[120.2068731821534,23.027998938394656],[120.20687318220433,23.027998938392837],[120.20687318231347,23.027998938388745],[120.20689500497673,23.02799992928959],[120.20708881923628,23.02801295901264],[120.20708881913441,23.028012958986718],[120.20709242197762,23.02797595297562],[120.20689820137767,23.027962225506425],[120.20687567435078,23.027961138143663]],[[120.20709242186848,23.02797595299017],[120.20689820146498,23.027962225539166],[120.20689820137767,23.027962225506425],[120.20709242186848,23.02797595299017]]],[[[120.20709242197762,23.02797595297562],[120.20708881923628,23.02801295901264],[120.20709242203583,23.027975952966525],[120.20689820133401,23.027962225491873],[120.20709242197762,23.02797595297562]]]]},"properties":{"building_uid":"nlsc3d-1KFM7573MP","source_id":"1KFM7573MP","building_source":"NLSC-3D-geometry","source_version":"67fec239-0993-40d8-8f4c-45dfff595538","source_license":"Government-Open-Data-TW-1.0","geometry_quality":"source-footprint","height":9.63,"render_height":9.63,"height_quality":"reported","height_source":"NLSC 3D BUILD_H","height_known":true,"min_height":0,"official_height_provider":"NLSC-3D","official_height_building_id":"1KFM7573MP","official_geometry_provider":"NLSC-I3S","official_geometry_node":104542,"official_geometry_resource":104542,"official_geometry_definition":0,"official_geometry_face_start":0,"official_geometry_face_end":27,"official_geometry_validation_m":0.2437702187214288,"official_height_floors":3,"official_height_h_source_code":"0","official_height_h_extraction_code":"0","official_geometry_positive_evidence_only":true}},{"type":"Feature","id":"nlsc3d-1KFMB573LE","geometry":{"type":"MultiPolygon","coordinates":[[[[120.20690147942213,23.027926148601917],[120.20690147937847,23.02792614858009],[120.20687834972767,23.027925164193956],[120.20690147942213,23.027926148601917]]],[[[120.20687594693726,23.027961064627387],[120.20687594698819,23.02796106462375],[120.2068783497786,23.027925164208508],[120.20687594693726,23.027961064627387]]],[[[120.20687594709005,23.02796106462011],[120.206898374138,23.02796225244202],[120.2070925940904,23.027975879930462],[120.2070950621607,23.027951075614336],[120.20709599640821,23.027938974849175],[120.20690147937847,23.02792614858009],[120.20709599635,23.027938974863726],[120.20690147942213,23.027926148601917],[120.20690147950216,23.02792614863102],[120.20687834988047,23.027925164244888],[120.20687594709005,23.02796106462011]]],[[[120.20709259414133,23.027975879939557],[120.20689837406525,23.027962252449296],[120.20687594698819,23.02796106462375],[120.20689837401432,23.027962252452934],[120.20709259414133,23.027975879939557]]]]},"properties":{"building_uid":"nlsc3d-1KFMB573LE","source_id":"1KFMB573LE","building_source":"NLSC-3D-geometry","source_version":"67fec239-0993-40d8-8f4c-45dfff595538","source_license":"Government-Open-Data-TW-1.0","geometry_quality":"source-footprint","height":9.68,"render_height":9.68,"height_quality":"reported","height_source":"NLSC 3D BUILD_H","height_known":true,"min_height":0,"official_height_provider":"NLSC-3D","official_height_building_id":"1KFMB573LE","official_geometry_provider":"NLSC-I3S","official_geometry_node":104542,"official_geometry_resource":104542,"official_geometry_definition":0,"official_geometry_face_start":28,"official_geometry_face_end":60,"official_geometry_validation_m":0.16211092634752572,"official_height_floors":3,"official_height_h_source_code":"0","official_height_h_extraction_code":"0","official_geometry_positive_evidence_only":true}},{"type":"Feature","id":"nlsc3d-1KFM1573Q9","geometry":{"type":"MultiPolygon","coordinates":[[[[120.2068702664007,23.028035918518807],[120.20686776955398,23.02807291905884],[120.20687026645163,23.028035918535178],[120.20689138774895,23.02803731279965],[120.2068913877053,23.0280373127851],[120.2068702664007,23.028035918518807]]],[[[120.20687026653894,23.02803591856428],[120.20686776960491,23.02807291905884],[120.2068881842103,23.028073817013873],[120.20686776969222,23.028072919051564],[120.20688818428306,23.028073817006597],[120.20708119473846,23.028086950641235],[120.20708479700687,23.02804984466894],[120.20689138774895,23.02803731279965],[120.20689138781444,23.028037312828754],[120.20687026653894,23.02803591856428]]],[[[120.20708119485488,23.02808695067034],[120.20688818428306,23.028073817006597],[120.2068881842103,23.028073817013873],[120.20708119490581,23.028086950677615],[120.20708119485488,23.02808695067034]]]]},"properties":{"building_uid":"nlsc3d-1KFM1573Q9","source_id":"1KFM1573Q9","building_source":"NLSC-3D-geometry","source_version":"67fec239-0993-40d8-8f4c-45dfff595538","source_license":"Government-Open-Data-TW-1.0","geometry_quality":"source-footprint","height":9.64,"render_height":9.64,"height_quality":"reported","height_source":"NLSC 3D BUILD_H","height_known":true,"min_height":0,"official_height_provider":"NLSC-3D","official_height_building_id":"1KFM1573Q9","official_geometry_provider":"NLSC-I3S","official_geometry_node":104542,"official_geometry_resource":104542,"official_geometry_definition":0,"official_geometry_face_start":61,"official_geometry_face_end":88,"official_geometry_validation_m":0.188926883025882,"official_height_floors":3,"official_height_h_source_code":"0","official_height_h_extraction_code":"0","official_geometry_positive_evidence_only":true}},{"type":"Feature","id":"nlsc3d-1KFM4573P0","geometry":{"type":"MultiPolygon","coordinates":[[[[120.20687297744433,23.027999018834915],[120.20689480012942,23.028000009738488],[120.2068729773934,23.027999018817635],[120.20687297744433,23.027999018834915]]],[[[120.20689480009304,23.028000009724845],[120.20708861387965,23.028012939485333],[120.20708861394513,23.028012939475783],[120.20689480009304,23.028000009724845]]],[[[120.20687048010285,23.02803591939192],[120.20708501043254,23.028049845538415],[120.20708861387965,23.028012939485333],[120.20708861375596,23.02801293950034],[120.20689480020218,23.02800000977032],[120.20687297752437,23.027999018863564],[120.20687048010285,23.02803591939192]]],[[[120.2070850105635,23.028049845556605],[120.20687048010285,23.02803591939192],[120.20687048000826,23.02803591939738],[120.2070850105635,23.028049845556605]]]]},"properties":{"building_uid":"nlsc3d-1KFM4573P0","source_id":"1KFM4573P0","building_source":"NLSC-3D-geometry","source_version":"67fec239-0993-40d8-8f4c-45dfff595538","source_license":"Government-Open-Data-TW-1.0","geometry_quality":"source-footprint","height":9.62,"render_height":9.62,"height_quality":"reported","height_source":"NLSC 3D BUILD_H","height_known":true,"min_height":0,"official_height_provider":"NLSC-3D","official_height_building_id":"1KFM4573P0","official_geometry_provider":"NLSC-I3S","official_geometry_node":104542,"official_geometry_resource":104542,"official_geometry_definition":0,"official_geometry_face_start":89,"official_geometry_face_end":111,"official_geometry_validation_m":0.22812404619881946,"official_height_floors":3,"official_height_h_source_code":"0","official_height_h_extraction_code":"0","official_geometry_positive_evidence_only":true}},{"type":"Feature","id":"nlsc3d-1KFFW573E3","geometry":{"type":"MultiPolygon","coordinates":[[[[120.2067498084185,23.027791457245385],[120.2068807652,23.027800901314677],[120.20688076515634,23.027800901300125],[120.20674980855674,23.027791457212643],[120.2067498084476,23.02779145723811],[120.20675649779932,23.02773224303941],[120.206756497712,23.02773224296665],[120.2067498084185,23.027791457245385]]],[[[120.20674980855674,23.027791457212643],[120.20688076505448,23.027800901263745],[120.20688554294301,23.02774149668234],[120.20675649779932,23.02773224303941],[120.20674980855674,23.027791457212643]]],[[[120.206756497712,23.02773224296665],[120.20688554294301,23.02774149668234],[120.2068855430667,23.02774149662413],[120.20688076515634,23.027800901300125],[120.20688554309581,23.027741496602303],[120.2067564976829,23.027732242944822],[120.206756497712,23.02773224296665]]]]},"properties":{"building_uid":"nlsc3d-1KFFW573E3","source_id":"1KFFW573E3","building_source":"NLSC-3D-geometry","source_version":"67fec239-0993-40d8-8f4c-45dfff595538","source_license":"Government-Open-Data-TW-1.0","geometry_quality":"source-footprint","height":13.8,"render_height":13.8,"height_quality":"reported","height_source":"NLSC 3D BUILD_H","height_known":true,"min_height":0,"official_height_provider":"NLSC-3D","official_height_building_id":"1KFFW573E3","official_geometry_provider":"NLSC-I3S","official_geometry_node":104543,"official_geometry_resource":104543,"official_geometry_definition":0,"official_geometry_face_start":0,"official_geometry_face_end":17,"official_geometry_validation_m":0.13480108304100036,"official_height_floors":4,"official_height_h_source_code":"0","official_height_h_extraction_code":"0","official_geometry_positive_evidence_only":true}},{"type":"Feature","id":"nlsc3d-1KFFJ573J1","geometry":{"type":"MultiPolygon","coordinates":[[[[120.2067424306484,23.027850775553944],[120.20674243067751,23.027850775573953],[120.20687539868649,23.027860309548615],[120.20687146208783,23.027908913520278],[120.20687146212785,23.02790891353483],[120.20687539872287,23.027860309534063],[120.2067424306484,23.027850775553944]]],[[[120.2067424308012,23.02785077564853],[120.20673698500158,23.027899187114727],[120.20687146195687,23.0279089134839],[120.20687539868649,23.027860309548615],[120.20687539854825,23.027860309603184],[120.20674243067751,23.027850775573953],[120.2067424308012,23.02785077564853]]],[[[120.20673698483424,23.027899187136555],[120.20673698487062,23.02789918712928],[120.20674243067751,23.027850775573953],[120.20673698483424,23.027899187136555]]],[[[120.20673698500158,23.027899187114727],[120.20673698487062,23.02789918712928],[120.20687146208783,23.027908913520278],[120.20673698500158,23.027899187114727]]]]},"properties":{"building_uid":"nlsc3d-1KFFJ573J1","source_id":"1KFFJ573J1","building_source":"NLSC-3D-geometry","source_version":"67fec239-0993-40d8-8f4c-45dfff595538","source_license":"Government-Open-Data-TW-1.0","geometry_quality":"source-footprint","height":15.8,"render_height":15.8,"height_quality":"reported","height_source":"NLSC 3D BUILD_H","height_known":true,"min_height":0,"official_height_provider":"NLSC-3D","official_height_building_id":"1KFFJ573J1","official_geometry_provider":"NLSC-I3S","official_geometry_node":104543,"official_geometry_resource":104543,"official_geometry_definition":0,"official_geometry_face_start":18,"official_geometry_face_end":35,"official_geometry_validation_m":0.15066525153526836,"official_height_floors":5,"official_height_h_source_code":"0","official_height_h_extraction_code":"0","official_geometry_positive_evidence_only":true}},{"type":"Feature","id":"nlsc3d-1KFFQ573G5","geometry":{"type":"MultiPolygon","coordinates":[[[[120.20688047695566,23.027800852267447],[120.20674942024615,23.02779150869732],[120.20674942027526,23.027791508722785],[120.20688047691928,23.027800852285637],[120.20688047695566,23.027800852267447]]],[[[120.20674273099266,23.027850722996064],[120.20674273102176,23.027850722988788],[120.20674273113818,23.027850722959684],[120.2068756989216,23.027860256917975],[120.20688047680287,23.027800852338387],[120.20674942036257,23.02779150878827],[120.20674942027526,23.027791508722785],[120.20674273099266,23.027850722996064]]],[[[120.20674273102176,23.027850722988788],[120.20687569906713,23.02786025697982],[120.20687569903075,23.02786025696527],[120.20674273102176,23.027850722988788]]]]},"properties":{"building_uid":"nlsc3d-1KFFQ573G5","source_id":"1KFFQ573G5","building_source":"NLSC-3D-geometry","source_version":"67fec239-0993-40d8-8f4c-45dfff595538","source_license":"Government-Open-Data-TW-1.0","geometry_quality":"source-footprint","height":13.81,"render_height":13.81,"height_quality":"reported","height_source":"NLSC 3D BUILD_H","height_known":true,"min_height":0,"official_height_provider":"NLSC-3D","official_height_building_id":"1KFFQ573G5","official_geometry_provider":"NLSC-I3S","official_geometry_node":104543,"official_geometry_resource":104543,"official_geometry_definition":0,"official_geometry_face_start":36,"official_geometry_face_end":53,"official_geometry_validation_m":0.13780228835580827,"official_height_floors":4,"official_height_h_source_code":"0","official_height_h_extraction_code":"0","official_geometry_positive_evidence_only":true}},{"type":"Feature","id":"nlsc3d-1KFMP573GL","geometry":{"type":"MultiPolygon","coordinates":[[[[120.20710563149306,23.027828609310447],[120.20689441851984,23.027814666582955],[120.2071056314203,23.02782860932136],[120.20710563149306,23.027828609310447]]],[[[120.2068919211056,23.027851567160425],[120.20689441866536,23.027814666633887],[120.20689192120746,23.027851567160425],[120.20710253418339,23.02786611265462],[120.2071056314203,23.02782860932136],[120.20710563131844,23.02782860933955],[120.20689441857077,23.027814666601145],[120.2068919211056,23.027851567160425]]],[[[120.20710563149306,23.027828609310447],[120.20710253428526,23.02786611267281],[120.20710253435074,23.027866112681906],[120.20710563149306,23.027828609310447]]]]},"properties":{"building_uid":"nlsc3d-1KFMP573GL","source_id":"1KFMP573GL","building_source":"NLSC-3D-geometry","source_version":"67fec239-0993-40d8-8f4c-45dfff595538","source_license":"Government-Open-Data-TW-1.0","geometry_quality":"source-footprint","height":9.53,"render_height":9.53,"height_quality":"reported","height_source":"NLSC 3D BUILD_H","height_known":true,"min_height":0,"official_height_provider":"NLSC-3D","official_height_building_id":"1KFMP573GL","official_geometry_provider":"NLSC-I3S","official_geometry_node":104544,"official_geometry_resource":104544,"official_geometry_definition":0,"official_geometry_face_start":0,"official_geometry_face_end":17,"official_geometry_validation_m":0.17080830829131424,"official_height_floors":3,"official_height_h_source_code":"0","official_height_h_extraction_code":"0","official_geometry_positive_evidence_only":true}},{"type":"Feature","id":"nlsc3d-1KFML573HU","geometry":{"type":"MultiPolygon","coordinates":[[[[120.20690816403341,23.027852692380904],[120.20689166911735,23.027851574954795],[120.20690816406979,23.027852692393637],[120.20690816403341,23.027852692380904]]],[[[120.20689166916829,23.027851574970256],[120.2069081641571,23.027852692419103],[120.20689166927015,23.02785157500118],[120.20688935927002,23.02788617533831],[120.20709957038027,23.02790072285522],[120.20709975616457,23.027898122762664],[120.20709957032933,23.027900722847946],[120.20688935937189,23.027886175331034],[120.2070995702202,23.02790072282248],[120.20709975610636,23.02789812275539],[120.20710238291623,23.027866119976053],[120.20690816406979,23.027852692393637],[120.20689166916829,23.027851574970256]]],[[[120.20709975616457,23.027898122762664],[120.20710238298172,23.02786611996696],[120.20709975610636,23.02789812275539],[120.20709975616457,23.027898122762664]]]]},"properties":{"building_uid":"nlsc3d-1KFML573HU","source_id":"1KFML573HU","building_source":"NLSC-3D-geometry","source_version":"67fec239-0993-40d8-8f4c-45dfff595538","source_license":"Government-Open-Data-TW-1.0","geometry_quality":"source-footprint","height":9.62,"render_height":9.62,"height_quality":"reported","height_source":"NLSC 3D BUILD_H","height_known":true,"min_height":0,"official_height_provider":"NLSC-3D","official_height_building_id":"1KFML573HU","official_geometry_provider":"NLSC-I3S","official_geometry_node":104544,"official_geometry_resource":104544,"official_geometry_definition":0,"official_geometry_face_start":18,"official_geometry_face_end":45,"official_geometry_validation_m":0.20174150032073596,"official_height_floors":3,"official_height_h_source_code":"0","official_height_h_extraction_code":"0","official_geometry_positive_evidence_only":true}},{"type":"Feature","id":"nlsc3d-1KFMV573E2","geometry":{"type":"MultiPolygon","coordinates":[[[[120.20711206186799,23.02775523273401],[120.20689984116736,23.027740895168492],[120.20689734490271,23.02777799566927],[120.20689984121829,23.027740895183044],[120.2071120618025,23.027755232741285],[120.20711206186799,23.02775523273401]]],[[[120.2068998413056,23.027740895212148],[120.20689734494637,23.027777995661992],[120.20689734490271,23.02777799566927],[120.20710896239008,23.027792336239756],[120.20690194787127,23.027778307586196],[120.20710896220818,23.027792336210652],[120.20710896233187,23.02779233623248],[120.2071120618025,23.027755232741285],[120.20711206169337,23.027755232755837],[120.20689984121829,23.027740895183044],[120.2068998413056,23.027740895212148]]]]},"properties":{"building_uid":"nlsc3d-1KFMV573E2","source_id":"1KFMV573E2","building_source":"NLSC-3D-geometry","source_version":"67fec239-0993-40d8-8f4c-45dfff595538","source_license":"Government-Open-Data-TW-1.0","geometry_quality":"source-footprint","height":9.51,"render_height":9.51,"height_quality":"reported","height_source":"NLSC 3D BUILD_H","height_known":true,"min_height":0,"official_height_provider":"NLSC-3D","official_height_building_id":"1KFMV573E2","official_geometry_provider":"NLSC-I3S","official_geometry_node":104544,"official_geometry_resource":104544,"official_geometry_definition":0,"official_geometry_face_start":46,"official_geometry_face_end":63,"official_geometry_validation_m":0.20195174568852536,"official_height_floors":3,"official_height_h_source_code":"0","official_height_h_extraction_code":"0","official_geometry_positive_evidence_only":true}},{"type":"Feature","id":"nlsc3d-1KFMS573FB","geometry":{"type":"MultiPolygon","coordinates":[[[[120.20689464519502,23.027814659183306],[120.20710585808094,23.027828601875328],[120.20710876120258,23.027792299103268],[120.20710585796452,23.027828601862595],[120.20710876108616,23.027792299121458],[120.20689714440643,23.02777805851899],[120.20689464519502,23.027814659183306]],[[120.20689714450101,23.027778058548094],[120.20689464529688,23.02781465917967],[120.20689464519502,23.027814659183306],[120.20689714450101,23.027778058548094]]],[[[120.20710585813914,23.027828601884423],[120.20689464519502,23.027814659183306],[120.20689464515137,23.027814659183306],[120.20710585813914,23.027828601884423]]]]},"properties":{"building_uid":"nlsc3d-1KFMS573FB","source_id":"1KFMS573FB","building_source":"NLSC-3D-geometry","source_version":"67fec239-0993-40d8-8f4c-45dfff595538","source_license":"Government-Open-Data-TW-1.0","geometry_quality":"source-footprint","height":9.51,"render_height":9.51,"height_quality":"reported","height_source":"NLSC 3D BUILD_H","height_known":true,"min_height":0,"official_height_provider":"NLSC-3D","official_height_building_id":"1KFMS573FB","official_geometry_provider":"NLSC-I3S","official_geometry_node":104544,"official_geometry_resource":104544,"official_geometry_definition":0,"official_geometry_face_start":64,"official_geometry_face_end":81,"official_geometry_validation_m":0.20626272998211426,"official_height_floors":3,"official_height_h_source_code":"0","official_height_h_extraction_code":"0","official_geometry_positive_evidence_only":true}},{"type":"Feature","id":"nlsc3d-1KFMD573K4","geometry":{"type":"MultiPolygon","coordinates":[[[[120.20687859262809,23.027925149641916],[120.20690172229344,23.027926134035326],[120.20687859267902,23.027925149641916],[120.20688117714282,23.027885949390722],[120.20688912061861,23.027886109741914],[120.20688117709189,23.027885949368894],[120.20687859262809,23.027925149641916]]],[[[120.20688912069865,23.027886109771018],[120.2068811772374,23.027885949423464],[120.20687859267902,23.027925149641916],[120.20687859278088,23.027925149641916],[120.20690172240985,23.02792613402805],[120.20709623925042,23.02793896030441],[120.2070993316852,23.027900657236998],[120.20688912056768,23.027886109723724],[120.20688912061861,23.027886109741914],[120.20688912069865,23.027886109771018]],[[120.207096239134,23.02793896028986],[120.20709933156878,23.02790065725155],[120.2070993316852,23.027900657236998],[120.207096239134,23.02793896028986]]],[[[120.2070962393159,23.027938960318963],[120.20709933174341,23.027900657226084],[120.20709623925042,23.02793896030441],[120.2070962393159,23.027938960318963]]],[[[120.20690172232982,23.02792613402805],[120.20690172229344,23.027926134035326],[120.2070962393159,23.027938960318963],[120.20690172232982,23.02792613402805]]]]},"properties":{"building_uid":"nlsc3d-1KFMD573K4","source_id":"1KFMD573K4","building_source":"NLSC-3D-geometry","source_version":"67fec239-0993-40d8-8f4c-45dfff595538","source_license":"Government-Open-Data-TW-1.0","geometry_quality":"source-footprint","height":9.49,"render_height":9.49,"height_quality":"reported","height_source":"NLSC 3D BUILD_H","height_known":true,"min_height":0,"official_height_provider":"NLSC-3D","official_height_building_id":"1KFMD573K4","official_geometry_provider":"NLSC-I3S","official_geometry_node":104544,"official_geometry_resource":104544,"official_geometry_definition":0,"official_geometry_face_start":82,"official_geometry_face_end":109,"official_geometry_validation_m":0.22953475794630496,"official_height_floors":3,"official_height_h_source_code":"0","official_height_h_extraction_code":"0","official_geometry_positive_evidence_only":true}},{"type":"Feature","id":"nlsc3d-1KGD3573LD","geometry":{"type":"MultiPolygon","coordinates":[[[[120.20763616874468,23.027926342721955],[120.20763616878834,23.027926342736507],[120.20763616894841,23.027926342798352],[120.20763288584716,23.02796644614368],[120.20782087511328,23.027980605348645],[120.20782174654018,23.02794071394605],[120.20782174675846,23.027940713916948],[120.20782087531701,23.02798060539594],[120.20782174680939,23.027940713909672],[120.20763616874468,23.027926342721955]]],[[[120.20763288567254,23.027966446162324],[120.2076328856216,23.027966446165962],[120.20782087537522,23.02798060540958],[120.20782087531701,23.02798060539594],[120.20763288567254,23.027966446162324]]]]},"properties":{"building_uid":"nlsc3d-1KGD3573LD","source_id":"1KGD3573LD","building_source":"NLSC-3D-geometry","source_version":"67fec239-0993-40d8-8f4c-45dfff595538","source_license":"Government-Open-Data-TW-1.0","geometry_quality":"source-footprint","height":16.44,"render_height":16.44,"height_quality":"reported","height_source":"NLSC 3D BUILD_H","height_known":true,"min_height":0,"official_height_provider":"NLSC-3D","official_height_building_id":"1KGD3573LD","official_geometry_provider":"NLSC-I3S","official_geometry_node":104531,"official_geometry_resource":104531,"official_geometry_definition":0,"official_geometry_face_start":0,"official_geometry_face_end":17,"official_geometry_validation_m":0.139384921879649,"official_height_floors":5,"official_height_h_source_code":"0","official_height_h_extraction_code":"0","official_geometry_positive_evidence_only":true}},{"type":"Feature","id":"nlsc3d-1KGD1573MR","geometry":{"type":"MultiPolygon","coordinates":[[[[120.2076325712202,23.02796646476331],[120.20782066121468,23.02798062355491],[120.2076325714021,23.02796646483243],[120.20762947995685,23.028004967738568],[120.2077742243397,23.02801684306546],[120.20777422443793,23.028016843094562],[120.20777422447067,23.028016843101838],[120.20781987820523,23.028018415239828],[120.20781987814702,23.028018415228914],[120.20782066146207,23.02798062350034],[120.20782066140386,23.027980623513074],[120.2076325712202,23.02796646476331]]],[[[120.20762947972402,23.02800496774948],[120.20777422447067,23.028016843101838],[120.20762947976768,23.02800496774948],[120.2076325712202,23.02796646476331],[120.20762947972402,23.02800496774948]]],[[[120.20762947995685,23.028004967738568],[120.20762947976768,23.02800496774948],[120.20777422443793,23.028016843094562],[120.20762947995685,23.028004967738568]]]]},"properties":{"building_uid":"nlsc3d-1KGD1573MR","source_id":"1KGD1573MR","building_source":"NLSC-3D-geometry","source_version":"67fec239-0993-40d8-8f4c-45dfff595538","source_license":"Government-Open-Data-TW-1.0","geometry_quality":"source-footprint","height":16.26,"render_height":16.26,"height_quality":"reported","height_source":"NLSC 3D BUILD_H","height_known":true,"min_height":0,"official_height_provider":"NLSC-3D","official_height_building_id":"1KGD1573MR","official_geometry_provider":"NLSC-I3S","official_geometry_node":104531,"official_geometry_resource":104531,"official_geometry_definition":0,"official_geometry_face_start":18,"official_geometry_face_end":40,"official_geometry_validation_m":0.15342197414517358,"official_height_floors":5,"official_height_h_source_code":"0","official_height_h_extraction_code":"0","official_geometry_positive_evidence_only":true}},{"type":"Feature","id":"nlsc3d-1KGK1573DT","geometry":{"type":"MultiPolygon","coordinates":[[[[120.20785377996644,23.027742564909797],[120.20797695776336,23.02774565064342],[120.20797695780702,23.02774565062887],[120.20785377996644,23.027742564909797]]],[[[120.20785377999918,23.02774256492435],[120.20797695763967,23.02774565070163],[120.20797695776336,23.02774565064342],[120.20785377999918,23.02774256492435]]],[[[120.20785377999918,23.02774256492435],[120.20785321594512,23.027783454558314],[120.20785321597786,23.027783454551038],[120.20785377999918,23.02774256492435]]],[[[120.20797508313471,23.027785946959423],[120.20797695763967,23.02774565070163],[120.2078537801156,23.027742564989833],[120.20785321597786,23.027783454551038],[120.20785321609428,23.027783454536486],[120.20797508313471,23.027785946959423]]],[[[120.20797695780702,23.02774565062887],[120.20797508326568,23.02778594698125],[120.20797508329478,23.027785946988526],[120.20797695780702,23.02774565062887]]]]},"properties":{"building_uid":"nlsc3d-1KGK1573DT","source_id":"1KGK1573DT","building_source":"NLSC-3D-geometry","source_version":"67fec239-0993-40d8-8f4c-45dfff595538","source_license":"Government-Open-Data-TW-1.0","geometry_quality":"source-footprint","height":16.3,"render_height":16.3,"height_quality":"reported","height_source":"NLSC 3D BUILD_H","height_known":true,"min_height":0,"official_height_provider":"NLSC-3D","official_height_building_id":"1KGK1573DT","official_geometry_provider":"NLSC-I3S","official_geometry_node":104534,"official_geometry_resource":104534,"official_geometry_definition":0,"official_geometry_face_start":0,"official_geometry_face_end":17,"official_geometry_validation_m":0.22946942480266838,"official_height_floors":5,"official_height_h_source_code":"0","official_height_h_extraction_code":"0","official_geometry_positive_evidence_only":true}},{"type":"Feature","id":"nlsc3d-1KGK0573F6","geometry":{"type":"Polygon","coordinates":[[[120.20785289679615,23.027783492375104],[120.20797486447763,23.027785984376035],[120.20785289691985,23.02778349243331],[120.20785241051117,23.027820482856693],[120.20797317296665,23.02782318075415],[120.20797486461588,23.027785984321465],[120.20785289676705,23.02778349236055],[120.20785289679615,23.027783492375104]]]},"properties":{"building_uid":"nlsc3d-1KGK0573F6","source_id":"1KGK0573F6","building_source":"NLSC-3D-geometry","source_version":"67fec239-0993-40d8-8f4c-45dfff595538","source_license":"Government-Open-Data-TW-1.0","geometry_quality":"source-footprint","height":16.55,"render_height":16.55,"height_quality":"reported","height_source":"NLSC 3D BUILD_H","height_known":true,"min_height":0,"official_height_provider":"NLSC-3D","official_height_building_id":"1KGK0573F6","official_geometry_provider":"NLSC-I3S","official_geometry_node":104534,"official_geometry_resource":104534,"official_geometry_definition":0,"official_geometry_face_start":18,"official_geometry_face_end":35,"official_geometry_validation_m":0.21161602208142616,"official_height_floors":5,"official_height_h_source_code":"0","official_height_h_extraction_code":"0","official_geometry_positive_evidence_only":true}},{"type":"Feature","id":"nlsc3d-1KGJX573GH","geometry":{"type":"Polygon","coordinates":[[[120.20797111434358,23.027862536428668],[120.20797111422353,23.027862536399564],[120.20797289347165,23.02782314033234],[120.20797289360262,23.027823140276634],[120.20785213159097,23.027820542356633],[120.20785156286938,23.027860632281456],[120.20797111437632,23.027862536435943],[120.20785156290576,23.027860632277818],[120.20797111434358,23.027862536428668]],[[120.2078521317474,23.02782054243053],[120.20785156302217,23.027860632252352],[120.20785156290576,23.027860632277818],[120.2078521317474,23.02782054243053]]]},"properties":{"building_uid":"nlsc3d-1KGJX573GH","source_id":"1KGJX573GH","building_source":"NLSC-3D-geometry","source_version":"67fec239-0993-40d8-8f4c-45dfff595538","source_license":"Government-Open-Data-TW-1.0","geometry_quality":"source-footprint","height":16.24,"render_height":16.24,"height_quality":"reported","height_source":"NLSC 3D BUILD_H","height_known":true,"min_height":0,"official_height_provider":"NLSC-3D","official_height_building_id":"1KGJX573GH","official_geometry_provider":"NLSC-I3S","official_geometry_node":104534,"official_geometry_resource":104534,"official_geometry_definition":0,"official_geometry_face_start":36,"official_geometry_face_end":53,"official_geometry_validation_m":0.23595411555865872,"official_height_floors":5,"official_height_h_source_code":"0","official_height_h_extraction_code":"0","official_geometry_positive_evidence_only":true}},{"type":"Feature","id":"nlsc3d-1KGJV573HU","geometry":{"type":"MultiPolygon","coordinates":[[[[120.20797085294753,23.027862484201844],[120.20797085282747,23.02786248426005],[120.20785130209906,23.027860679993548],[120.20785130221547,23.027860680055394],[120.20785072585777,23.02789947033912],[120.20796042635111,23.027901723441257],[120.20796068566624,23.027894524485102],[120.20796068577135,23.027894524503004],[120.20796042645661,23.02790172345581],[120.20796068579305,23.0278945245067],[120.20796068719903,23.027894524746163],[120.20796068579305,23.027894524506703],[120.20796923996959,23.027895981422855],[120.20796924010419,23.027895981437407],[120.20796924012966,23.027895981437407],[120.2079708529839,23.027862484187292],[120.20785130206995,23.027860679978996],[120.20797085294753,23.027862484201844]],[[120.2079692399702,23.027895981410246],[120.20796924002427,23.027895980287262],[120.20797085294753,23.027862484201844],[120.2079692399702,23.027895981410246]]],[[[120.20785072585777,23.02789947033912],[120.20785072573408,23.027899470360946],[120.20785072570497,23.027899470360946],[120.20796042648207,23.02790172347036],[120.20796068579305,23.027894524506703],[120.20796042645661,23.02790172345581],[120.20785072585777,23.02789947033912]]]]},"properties":{"building_uid":"nlsc3d-1KGJV573HU","source_id":"1KGJV573HU","building_source":"NLSC-3D-geometry","source_version":"67fec239-0993-40d8-8f4c-45dfff595538","source_license":"Government-Open-Data-TW-1.0","geometry_quality":"source-footprint","height":16.49,"render_height":16.49,"height_quality":"reported","height_source":"NLSC 3D BUILD_H","height_known":true,"min_height":0,"official_height_provider":"NLSC-3D","official_height_building_id":"1KGJV573HU","official_geometry_provider":"NLSC-I3S","official_geometry_node":104534,"official_geometry_resource":104534,"official_geometry_definition":0,"official_geometry_face_start":54,"official_geometry_face_end":81,"official_geometry_validation_m":0.27076362682931354,"official_height_floors":5,"official_height_h_source_code":"0","official_height_h_extraction_code":"0","official_geometry_positive_evidence_only":true}},{"type":"Feature","id":"nlsc3d-1KGJF573MA","geometry":{"type":"MultiPolygon","coordinates":[[[[120.20784881467388,23.027985974314674],[120.2078249861199,23.027985793020218],[120.20782498601076,23.027985793023856],[120.20782498598166,23.027985793023856],[120.20782374472512,23.02801409009795],[120.20795019323597,23.02800916209186],[120.2078237447615,23.0280140900834],[120.20795019320323,23.028009162080945],[120.20782374487064,23.028014090017916],[120.20795019305771,23.028009162030013],[120.20794897378184,23.027989874354045],[120.2079572100458,23.027988533780682],[120.20795857263622,23.027946640518405],[120.20784947746617,23.027944784277917],[120.20784881467388,23.027985974314674]],[[120.20782498601075,23.027985793024076],[120.2078249861197,23.027985793024907],[120.2078237447615,23.0280140900834],[120.20782498601075,23.027985793024076]]],[[[120.20795721025681,23.027988533795234],[120.2079585726726,23.027946640500215],[120.20795721021315,23.027988533795234],[120.20795721025681,23.027988533795234]]],[[[120.20794897396738,23.027989874375873],[120.20794897393463,23.027989874368597],[120.20795019320323,23.028009162080945],[120.20794897396738,23.027989874375873]]]]},"properties":{"building_uid":"nlsc3d-1KGJF573MA","source_id":"1KGJF573MA","building_source":"NLSC-3D-geometry","source_version":"67fec239-0993-40d8-8f4c-45dfff595538","source_license":"Government-Open-Data-TW-1.0","geometry_quality":"source-footprint","height":16.15,"render_height":16.15,"height_quality":"reported","height_source":"NLSC 3D BUILD_H","height_known":true,"min_height":0,"official_height_provider":"NLSC-3D","official_height_building_id":"1KGJF573MA","official_geometry_provider":"NLSC-I3S","official_geometry_node":104532,"official_geometry_resource":104532,"official_geometry_definition":0,"official_geometry_face_start":0,"official_geometry_face_end":37,"official_geometry_validation_m":0.27536148760557855,"official_height_floors":5,"official_height_h_source_code":"0","official_height_h_extraction_code":"0","official_geometry_positive_evidence_only":true}},{"type":"Feature","id":"nlsc3d-1KGJQ573KB","geometry":{"type":"MultiPolygon","coordinates":[[[[120.2079602370188,23.02790173622658],[120.207850435768,23.027899483622843],[120.20796023688055,23.02790173627751],[120.2079602370188,23.02790173622658]]],[[[120.20784979702987,23.027944772218017],[120.207850435768,23.027899483622843],[120.20785043574617,23.027899483615567],[120.20784979702987,23.027944772218017]]],[[[120.20795879212275,23.02794672886672],[120.20796023688055,23.02790173627751],[120.20785043586258,23.02789948368105],[120.207849797139,23.027944772166176],[120.20795879212275,23.02794672886672]]],[[[120.20784979702987,23.027944772218017],[120.20795879229738,23.027946728924018],[120.207958792261,23.027946728914014],[120.207849797139,23.027944772166176],[120.2078497970517,23.027944772205284],[120.20784979702987,23.027944772218017]]]]},"properties":{"building_uid":"nlsc3d-1KGJQ573KB","source_id":"1KGJQ573KB","building_source":"NLSC-3D-geometry","source_version":"67fec239-0993-40d8-8f4c-45dfff595538","source_license":"Government-Open-Data-TW-1.0","geometry_quality":"source-footprint","height":16.44,"render_height":16.44,"height_quality":"reported","height_source":"NLSC 3D BUILD_H","height_known":true,"min_height":0,"official_height_provider":"NLSC-3D","official_height_building_id":"1KGJQ573KB","official_geometry_provider":"NLSC-I3S","official_geometry_node":104532,"official_geometry_resource":104532,"official_geometry_definition":0,"official_geometry_face_start":38,"official_geometry_face_end":55,"official_geometry_validation_m":0.21071168315796673,"official_height_floors":5,"official_height_h_source_code":"0","official_height_h_extraction_code":"0","official_geometry_positive_evidence_only":true}},{"type":"Feature","id":"nlsc3d-1KGD7573HK","geometry":{"type":"MultiPolygon","coordinates":[[[[120.2076400091725,23.027885738132248],[120.20764000934712,23.027885738121334],[120.20782307001052,23.027899522026495],[120.20782307021425,23.027899522066512],[120.20782383644534,23.027858831370416],[120.20782383623434,23.027858831419984],[120.20764328953798,23.02784513496092],[120.2076400091725,23.027885738132248]]],[[[120.2078230702579,23.027899522077426],[120.2076400091725,23.027885738132248],[120.20764000912156,23.027885738135886],[120.2078230702579,23.027899522077426]]]]},"properties":{"building_uid":"nlsc3d-1KGD7573HK","source_id":"1KGD7573HK","building_source":"NLSC-3D-geometry","source_version":"67fec239-0993-40d8-8f4c-45dfff595538","source_license":"Government-Open-Data-TW-1.0","geometry_quality":"source-footprint","height":16.55,"render_height":16.55,"height_quality":"reported","height_source":"NLSC 3D BUILD_H","height_known":true,"min_height":0,"official_height_provider":"NLSC-3D","official_height_building_id":"1KGD7573HK","official_geometry_provider":"NLSC-I3S","official_geometry_node":104533,"official_geometry_resource":104533,"official_geometry_definition":0,"official_geometry_face_start":0,"official_geometry_face_end":17,"official_geometry_validation_m":0.1284519766438614,"official_height_floors":5,"official_height_h_source_code":"0","official_height_h_extraction_code":"0","official_geometry_positive_evidence_only":true}},{"type":"Feature","id":"nlsc3d-1KGD6573K1","geometry":{"type":"Polygon","coordinates":[[[120.20763970973773,23.02788583278882],[120.20763642896479,23.027926336069434],[120.20782190638845,23.027940707759193],[120.20782190617017,23.027940707715537],[120.20782276998641,23.027899516784167],[120.20782277020469,23.02789951674051],[120.20763970970135,23.02788583277063],[120.20763970973773,23.02788583278882]],[[120.20763970991963,23.02788583286158],[120.20763642914669,23.027926336054882],[120.20763642896479,23.027926336069434],[120.20763970991963,23.02788583286158]]]},"properties":{"building_uid":"nlsc3d-1KGD6573K1","source_id":"1KGD6573K1","building_source":"NLSC-3D-geometry","source_version":"67fec239-0993-40d8-8f4c-45dfff595538","source_license":"Government-Open-Data-TW-1.0","geometry_quality":"source-footprint","height":17.07,"render_height":17.07,"height_quality":"reported","height_source":"NLSC 3D BUILD_H","height_known":true,"min_height":0,"official_height_provider":"NLSC-3D","official_height_building_id":"1KGD6573K1","official_geometry_provider":"NLSC-I3S","official_geometry_node":104533,"official_geometry_resource":104533,"official_geometry_definition":0,"official_geometry_face_start":18,"official_geometry_face_end":35,"official_geometry_validation_m":0.10166156756325172,"official_height_floors":5,"official_height_h_source_code":"0","official_height_h_extraction_code":"0","official_geometry_positive_evidence_only":true}},{"type":"Feature","id":"nlsc3d-1KGDC573ES","geometry":{"type":"MultiPolygon","coordinates":[[[[120.20782604406547,23.027777753040503],[120.2078260442692,23.027777753004123],[120.20765103070578,23.027764728719852],[120.20765103074943,23.027764728734404],[120.20782604406547,23.027777753040503]]],[[[120.20765103091678,23.027764728807163],[120.20765103074943,23.027764728734404],[120.20764724670578,23.027805134553567],[120.20765103091678,23.027764728807163]]],[[[120.20765103091678,23.027764728807163],[120.20764724687312,23.027805134542653],[120.20764724670578,23.027805134553567],[120.20782517810282,23.02781854416164],[120.2078251778991,23.0278185441289],[120.20782604406547,23.027777753040503],[120.20765103091678,23.027764728807163]]],[[[120.20782517810282,23.02781854416164],[120.20782604432013,23.02777775298957],[120.2078260442692,23.027777753004123],[120.20782517810282,23.02781854416164]]]]},"properties":{"building_uid":"nlsc3d-1KGDC573ES","source_id":"1KGDC573ES","building_source":"NLSC-3D-geometry","source_version":"67fec239-0993-40d8-8f4c-45dfff595538","source_license":"Government-Open-Data-TW-1.0","geometry_quality":"source-footprint","height":16.39,"render_height":16.39,"height_quality":"reported","height_source":"NLSC 3D BUILD_H","height_known":true,"min_height":0,"official_height_provider":"NLSC-3D","official_height_building_id":"1KGDC573ES","official_geometry_provider":"NLSC-I3S","official_geometry_node":104533,"official_geometry_resource":104533,"official_geometry_definition":0,"official_geometry_face_start":36,"official_geometry_face_end":53,"official_geometry_validation_m":0.10700082039241801,"official_height_floors":5,"official_height_h_source_code":"0","official_height_h_extraction_code":"0","official_geometry_positive_evidence_only":true}},{"type":"Feature","id":"nlsc3d-1KGDA573G7","geometry":{"type":"MultiPolygon","coordinates":[[[[120.20764594270138,23.027815999650123],[120.2076469851351,23.027805197945348],[120.20764698509872,23.027805197930796],[120.20764594265772,23.02781599963921],[120.20764594270138,23.027815999650123]]],[[[120.20764360030869,23.02784510193444],[120.207645942876,23.02781599969378],[120.20764594270138,23.027815999650123],[120.20764360030869,23.02784510193444]]],[[[120.20764360030869,23.02784510193444],[120.20782414741977,23.027858798412602],[120.20782414736884,23.027858798401233],[120.20782414718694,23.027858798357123],[120.20782491653215,23.027818607531593],[120.2076469851351,23.027805197945348],[120.20764698530245,23.027805198007194],[120.207645942876,23.02781599969378],[120.20764360047603,23.027845101918977],[120.20764360030869,23.02784510193444]]],[[[120.20782414736884,23.027858798401233],[120.20782491659035,23.02781860752068],[120.20782491653215,23.027818607531593],[120.20782414736884,23.027858798401233]]]]},"properties":{"building_uid":"nlsc3d-1KGDA573G7","source_id":"1KGDA573G7","building_source":"NLSC-3D-geometry","source_version":"67fec239-0993-40d8-8f4c-45dfff595538","source_license":"Government-Open-Data-TW-1.0","geometry_quality":"source-footprint","height":16.07,"render_height":16.07,"height_quality":"reported","height_source":"NLSC 3D BUILD_H","height_known":true,"min_height":0,"official_height_provider":"NLSC-3D","official_height_building_id":"1KGDA573G7","official_geometry_provider":"NLSC-I3S","official_geometry_node":104533,"official_geometry_resource":104533,"official_geometry_definition":0,"official_geometry_face_start":54,"official_geometry_face_end":76,"official_geometry_validation_m":0.1165257034398244,"official_height_floors":5,"official_height_h_source_code":"0","official_height_h_extraction_code":"0","official_geometry_positive_evidence_only":true}},{"type":"Feature","id":"nlsc3d-1KFD3572M2","geometry":{"type":"MultiPolygon","coordinates":[[[[120.2066983621964,23.02714368057831],[120.20669836221823,23.02714368048372],[120.20674202403207,23.027148461326295],[120.20677026145604,23.026941087330204],[120.2067279083105,23.026936599956105],[120.20672599696009,23.02693640955157],[120.20669836218185,23.02714368062924],[120.20672599696009,23.026936409609778],[120.2066983621964,23.02714368057831]],[[120.20672790829595,23.026936600138004],[120.20672599694554,23.026936409726193],[120.20672599696009,23.026936409609778],[120.20672790829595,23.026936600138004]],[[120.20674202401752,23.02714846122443],[120.20677026142694,23.026941087388412],[120.20674202403207,23.027148461326295],[120.20674202401752,23.02714846122443]],[[120.20677026138328,23.026941087490275],[120.2067279083105,23.026936600014313],[120.20677026142694,23.026941087388412],[120.20677026138328,23.026941087490275]]],[[[120.2066983621964,23.02714368057831],[120.20669836218185,23.02714368062924],[120.20674202404662,23.027148461377227],[120.2066983621964,23.02714368057831]]]]},"properties":{"building_uid":"nlsc3d-1KFD3572M2","source_id":"1KFD3572M2","building_source":"NLSC-3D-geometry","source_version":"67fec239-0993-40d8-8f4c-45dfff595538","source_license":"Government-Open-Data-TW-1.0","geometry_quality":"source-footprint","height":9.88,"render_height":9.88,"height_quality":"reported","height_source":"NLSC 3D BUILD_H","height_known":true,"min_height":0,"official_height_provider":"NLSC-3D","official_height_building_id":"1KFD3572M2","official_geometry_provider":"NLSC-I3S","official_geometry_node":104479,"official_geometry_resource":104479,"official_geometry_definition":0,"official_geometry_face_start":97,"official_geometry_face_end":119,"official_geometry_validation_m":0.19716371834975716,"official_height_floors":3,"official_height_h_source_code":"0","official_height_h_extraction_code":"0","official_geometry_positive_evidence_only":true}},{"type":"Feature","id":"nlsc3d-1KGXB572MN","geometry":{"type":"MultiPolygon","coordinates":[[[[120.20823103303067,23.027084154015046],[120.20823103306705,23.02708415401141],[120.20823103318347,23.02708415399322],[120.20823095377366,23.027087753220275],[120.20837554177072,23.02709013292044],[120.20837671341818,23.027049940101296],[120.20837671346183,23.027049940086744],[120.20822950707318,23.027046873617127],[120.20822950710229,23.027046873634408],[120.20822892178788,23.02708416451789],[120.20823103303067,23.027084154015046]],[[120.20822892182426,23.027084164510615],[120.20822950722598,23.027046873694434],[120.20822892194067,23.027084164496063],[120.20822892182426,23.027084164510615]]],[[[120.20837554194534,23.027090132960456],[120.208375541989,23.02709013297137],[120.20837671346183,23.027049940086744],[120.20837554194534,23.027090132960456]]]]},"properties":{"building_uid":"nlsc3d-1KGXB572MN","source_id":"1KGXB572MN","building_source":"NLSC-3D-geometry","source_version":"67fec239-0993-40d8-8f4c-45dfff595538","source_license":"Government-Open-Data-TW-1.0","geometry_quality":"source-footprint","height":16.13,"render_height":16.13,"height_quality":"reported","height_source":"NLSC 3D BUILD_H","height_known":true,"min_height":0,"official_height_provider":"NLSC-3D","official_height_building_id":"1KGXB572MN","official_geometry_provider":"NLSC-I3S","official_geometry_node":104458,"official_geometry_resource":104458,"official_geometry_definition":0,"official_geometry_face_start":0,"official_geometry_face_end":27,"official_geometry_validation_m":0.21240097014523734,"official_height_floors":5,"official_height_h_source_code":"0","official_height_h_extraction_code":"0","official_geometry_positive_evidence_only":true}},{"type":"Feature","id":"nlsc3d-1KGXC572L9","geometry":{"type":"MultiPolygon","coordinates":[[[[120.20822927608336,23.027006614072906],[120.20822985775979,23.027037201246475],[120.20822985789076,23.02703720124602],[120.20822971317196,23.027046798853025],[120.20837691919681,23.027049865319004],[120.2083780859621,23.027008872828464],[120.20822927595239,23.027006614007423],[120.20822927608336,23.027006614072906]]],[[[120.20822927595239,23.027006614007423],[120.20822927592329,23.027006613991052],[120.20822985773069,23.02703720124511],[120.20822927595239,23.027006614007423]]],[[[120.208378086144,23.027008872768437],[120.20837691919681,23.027049865319004],[120.20837691936416,23.02704986534265],[120.20822971304827,23.027046798866667],[120.20837691940781,23.027049865349927],[120.20837808618765,23.027008872753886],[120.208378086144,23.027008872768437]]]]},"properties":{"building_uid":"nlsc3d-1KGXC572L9","source_id":"1KGXC572L9","building_source":"NLSC-3D-geometry","source_version":"67fec239-0993-40d8-8f4c-45dfff595538","source_license":"Government-Open-Data-TW-1.0","geometry_quality":"source-footprint","height":16.46,"render_height":16.46,"height_quality":"reported","height_source":"NLSC 3D BUILD_H","height_known":true,"min_height":0,"official_height_provider":"NLSC-3D","official_height_building_id":"1KGXC572L9","official_geometry_provider":"NLSC-I3S","official_geometry_node":104458,"official_geometry_resource":104458,"official_geometry_definition":0,"official_geometry_face_start":28,"official_geometry_face_end":50,"official_geometry_validation_m":0.17115430537164206,"official_height_floors":5,"official_height_h_source_code":"0","official_height_h_extraction_code":"0","official_geometry_positive_evidence_only":true}},{"type":"Feature","id":"nlsc3d-1KGXA572QG","geometry":{"type":"MultiPolygon","coordinates":[[[[120.20822904772015,23.02712841777249],[120.20822766814038,23.027167412081344],[120.20823219341494,23.027167589498294],[120.20822766816221,23.02716741206679],[120.20823219345132,23.027167589498294],[120.20823220045807,23.027168789085426],[120.2082322004799,23.027168789070874],[120.20823220058904,23.02716878904177],[120.20837276795012,23.027171288755216],[120.20837276776095,23.027171288740664],[120.20837285908149,23.027169688815793],[120.20837285891415,23.02716968880124],[120.2083739394084,23.02713109589242],[120.2083739392265,23.027131095950626],[120.20822904774926,23.027128417787043],[120.20822904772015,23.02712841777249]],[[120.20822904786567,23.027128417837975],[120.20822766827862,23.02716741205224],[120.20822766816221,23.02716741206679],[120.20822904786567,23.027128417837975]]],[[[120.2083739394084,23.02713109589242],[120.20837285908149,23.027169688815793],[120.2083728591397,23.027169688830345],[120.20837393945206,23.027131095885142],[120.2083739394084,23.02713109589242]]]]},"properties":{"building_uid":"nlsc3d-1KGXA572QG","source_id":"1KGXA572QG","building_source":"NLSC-3D-geometry","source_version":"67fec239-0993-40d8-8f4c-45dfff595538","source_license":"Government-Open-Data-TW-1.0","geometry_quality":"source-footprint","height":16.06,"render_height":16.06,"height_quality":"reported","height_source":"NLSC 3D BUILD_H","height_known":true,"min_height":0,"official_height_provider":"NLSC-3D","official_height_building_id":"1KGXA572QG","official_geometry_provider":"NLSC-I3S","official_geometry_node":104458,"official_geometry_resource":104458,"official_geometry_definition":0,"official_geometry_face_start":51,"official_geometry_face_end":83,"official_geometry_validation_m":0.1784981348478586,"official_height_floors":5,"official_height_h_source_code":"0","official_height_h_extraction_code":"0","official_geometry_positive_evidence_only":true}},{"type":"Feature","id":"nlsc3d-1KGXB572P3","geometry":{"type":"MultiPolygon","coordinates":[[[[120.20823064994423,23.027087834463618],[120.20822936208518,23.027125328786514],[120.20822927916836,23.027128328234557],[120.20822936212156,23.027125328786514],[120.20823064998788,23.02708783447817],[120.20823064994423,23.027087834463618]]],[[[120.20822927919747,23.027128328234557],[120.20837417147507,23.02713110632614],[120.20837417143869,23.027131106318866],[120.208374257928,23.027128706671665],[120.20837533884426,23.027090213690844],[120.20837533880061,23.027090213701758],[120.20837425770972,23.02712870662801],[120.20837533863326,23.027090213756328],[120.20823064998788,23.02708783447817],[120.2082306501043,23.027087834536378],[120.20822936224525,23.027125328764686],[120.20822936212156,23.027125328786514],[120.20822927919747,23.027128328234557]]]]},"properties":{"building_uid":"nlsc3d-1KGXB572P3","source_id":"1KGXB572P3","building_source":"NLSC-3D-geometry","source_version":"67fec239-0993-40d8-8f4c-45dfff595538","source_license":"Government-Open-Data-TW-1.0","geometry_quality":"source-footprint","height":16.42,"render_height":16.42,"height_quality":"reported","height_source":"NLSC 3D BUILD_H","height_known":true,"min_height":0,"official_height_provider":"NLSC-3D","official_height_building_id":"1KGXB572P3","official_geometry_provider":"NLSC-I3S","official_geometry_node":104458,"official_geometry_resource":104458,"official_geometry_definition":0,"official_geometry_face_start":84,"official_geometry_face_end":111,"official_geometry_validation_m":0.1699548335032195,"official_height_floors":5,"official_height_h_source_code":"0","official_height_h_extraction_code":"0","official_geometry_positive_evidence_only":true}},{"type":"Feature","id":"nlsc3d-1KGX6572H4","geometry":{"type":"MultiPolygon","coordinates":[[[[120.20823048567493,23.0269057026235],[120.20822891603987,23.026963691772853],[120.20822891607625,23.0269636917583],[120.2082304858641,23.026905702754465],[120.20822891623632,23.02696369170737],[120.20837170037797,23.026967080055346],[120.20837207799289,23.02694578511002],[120.20836530006002,23.02693862115122],[120.20836592937943,23.02690882763274],[120.20823048567493,23.0269057026235]]],[[[120.20837207821117,23.02694578511002],[120.2083653000964,23.026938621143945],[120.20836530006002,23.02693862115122],[120.20837207821117,23.02694578511002]]],[[[120.20837170058897,23.02696708012083],[120.20822891682568,23.02696379167175],[120.20822891665833,23.026963791722682],[120.20837170058897,23.02696708012083]]],[[[120.20822891662195,23.02696379172996],[120.20837170063263,23.026967080128106],[120.20822891665833,23.026963791722682],[120.20822891662195,23.02696379172996]]]]},"properties":{"building_uid":"nlsc3d-1KGX6572H4","source_id":"1KGX6572H4","building_source":"NLSC-3D-geometry","source_version":"67fec239-0993-40d8-8f4c-45dfff595538","source_license":"Government-Open-Data-TW-1.0","geometry_quality":"source-footprint","height":19.73,"render_height":19.73,"height_quality":"reported","height_source":"NLSC 3D BUILD_H","height_known":true,"min_height":0,"official_height_provider":"NLSC-3D","official_height_building_id":"1KGX6572H4","official_geometry_provider":"NLSC-I3S","official_geometry_node":104458,"official_geometry_resource":104458,"official_geometry_definition":0,"official_geometry_face_start":112,"official_geometry_face_end":143,"official_geometry_validation_m":0.33760008892484594,"official_height_floors":6,"official_height_h_source_code":"0","official_height_h_extraction_code":"0","official_geometry_positive_evidence_only":true}},{"type":"Feature","id":"nlsc3d-1KGXF572JT","geometry":{"type":"MultiPolygon","coordinates":[[[[120.20822944230989,23.027006568341694],[120.20822858841078,23.026963886361063],[120.20837137174479,23.02696707483121],[120.20822858836712,23.02696388634651],[120.2082294422735,23.02700656834715],[120.20822944230989,23.027006568341694]]],[[[120.20822944230989,23.027006568341694],[120.20822944252089,23.027006568299857],[120.20837835343357,23.027008926541402],[120.20837835361547,23.027008926588696],[120.20837834775105,23.02700792694306],[120.20838438105514,23.027008096862136],[120.20838554964669,23.02696740416288],[120.20838554960304,23.02696740417743],[120.20838438084414,23.0270080968203],[120.20838554938476,23.026967404235638],[120.20837137174479,23.02696707483121],[120.20837137157744,23.026967074889416],[120.20822858841078,23.026963886361063],[120.20822858860723,23.026963886426547],[120.20822944230989,23.027006568341694]]],[[[120.20837835361547,23.027008926588696],[120.20822944230989,23.027006568341694],[120.20837835365913,23.02700892660143],[120.20837835361547,23.027008926588696]]],[[[120.20838554960304,23.02696740417743],[120.2083713717739,23.026967074816657],[120.20837137174479,23.02696707483121],[120.20838554960304,23.02696740417743]]],[[[120.20838438109152,23.02700809687305],[120.20837834775105,23.02700792694306],[120.20837834778743,23.027007926950336],[120.20838438109152,23.02700809687305]]]]},"properties":{"building_uid":"nlsc3d-1KGXF572JT","source_id":"1KGXF572JT","building_source":"NLSC-3D-geometry","source_version":"67fec239-0993-40d8-8f4c-45dfff595538","source_license":"Government-Open-Data-TW-1.0","geometry_quality":"source-footprint","height":19.82,"render_height":19.82,"height_quality":"reported","height_source":"NLSC 3D BUILD_H","height_known":true,"min_height":0,"official_height_provider":"NLSC-3D","official_height_building_id":"1KGXF572JT","official_geometry_provider":"NLSC-I3S","official_geometry_node":104458,"official_geometry_resource":104458,"official_geometry_definition":0,"official_geometry_face_start":144,"official_geometry_face_end":176,"official_geometry_validation_m":0.238241933726683,"official_height_floors":6,"official_height_h_source_code":"0","official_height_h_extraction_code":"0","official_geometry_positive_evidence_only":true}},{"type":"Feature","id":"nlsc3d-1KFT2571HQ","geometry":{"type":"MultiPolygon","coordinates":[[[[120.20712889901603,23.026001675850853],[120.20712708874322,23.02600158487228],[120.20712708880143,23.026001584901383],[120.20712433963905,23.026046983904667],[120.20712574772602,23.0260470768623],[120.20712574766782,23.02604707688049],[120.20713459772065,23.026064627145093],[120.20718597787032,23.02606547084331],[120.2071345977352,23.026064627123265],[120.20718597786305,23.026065470821482],[120.20713459777886,23.026064627083247],[120.20718597785577,23.02606547078874],[120.20722498800802,23.026065676367285],[120.20722631614314,23.025983796159995],[120.20722498796073,23.026065676330905],[120.2072263160922,23.02598379620365],[120.20713049460443,23.025982374103183],[120.20713049464808,23.025982374139563],[120.20712889897237,23.026001675829026],[120.20712889901603,23.026001675850853]]],[[[120.20712433956629,23.02604698393741],[120.20712574765327,23.026047076887767],[120.20712574766782,23.02604707688049],[120.2071243395954,23.026046983926495],[120.20712708874322,23.02600158487228],[120.20712889897237,23.026001675829026],[120.20712889895782,23.026001675814474],[120.20712708872867,23.026001584865003],[120.20712433956629,23.02604698393741]]],[[[120.20713049458988,23.025982374081355],[120.20713049460443,23.025982374103183],[120.20722631614314,23.025983796159995],[120.20713049458988,23.025982374081355]]],[[[120.20722498803349,23.026065676389113],[120.20722498800802,23.026065676367285],[120.20718597786305,23.026065470821482],[120.20722498803349,23.026065676389113]]]]},"properties":{"building_uid":"nlsc3d-1KFT2571HQ","source_id":"1KFT2571HQ","building_source":"NLSC-3D-geometry","source_version":"67fec239-0993-40d8-8f4c-45dfff595538","source_license":"Government-Open-Data-TW-1.0","geometry_quality":"source-footprint","height":9.43,"render_height":9.43,"height_quality":"reported","height_source":"NLSC 3D BUILD_H","height_known":true,"min_height":0,"official_height_provider":"NLSC-3D","official_height_building_id":"1KFT2571HQ","official_geometry_provider":"NLSC-I3S","official_geometry_node":104449,"official_geometry_resource":104449,"official_geometry_definition":0,"official_geometry_face_start":0,"official_geometry_face_end":42,"official_geometry_validation_m":0.06027304795039708,"official_height_floors":3,"official_height_h_source_code":"0","official_height_h_extraction_code":"0","official_geometry_positive_evidence_only":true}},{"type":"Feature","id":"nlsc3d-1KFVX571HR","geometry":{"type":"Polygon","coordinates":[[[120.20722578628244,23.025984285177106],[120.20722455863194,23.02606616489327],[120.20730821066223,23.026066847876496],[120.20730974345184,23.02598556645869],[120.20722578628244,23.025984285177106]],[[120.20722578631518,23.025984285228038],[120.20722455866104,23.026066164860527],[120.20722455863194,23.02606616489327],[120.20722578631518,23.025984285228038]]]},"properties":{"building_uid":"nlsc3d-1KFVX571HR","source_id":"1KFVX571HR","building_source":"NLSC-3D-geometry","source_version":"67fec239-0993-40d8-8f4c-45dfff595538","source_license":"Government-Open-Data-TW-1.0","geometry_quality":"source-footprint","height":9.5,"render_height":9.5,"height_quality":"reported","height_source":"NLSC 3D BUILD_H","height_known":true,"min_height":0,"official_height_provider":"NLSC-3D","official_height_building_id":"1KFVX571HR","official_geometry_provider":"NLSC-I3S","official_geometry_node":104449,"official_geometry_resource":104449,"official_geometry_definition":0,"official_geometry_face_start":43,"official_geometry_face_end":60,"official_geometry_validation_m":0.19715147213734927,"official_height_floors":3,"official_height_h_source_code":"0","official_height_h_extraction_code":"0","official_geometry_positive_evidence_only":true}},{"type":"Feature","id":"nlsc3d-1KFSS571NW","geometry":{"type":"MultiPolygon","coordinates":[[[[120.20712567316201,23.02612692667542],[120.20710773785373,23.026154407201535],[120.20712567317656,23.026126926702705],[120.20712567316201,23.02612692667542]]],[[[120.20712567320567,23.026126926751818],[120.20710773792649,23.026154407237915],[120.20710779083726,23.026214687477182],[120.20722215255279,23.026223114876917],[120.2072233020013,23.026127939877984],[120.20722330194673,23.026127939927097],[120.20712567320567,23.026126926751818]]],[[[120.20710773792649,23.026154407237915],[120.20710773786828,23.02615440721245],[120.20710779077905,23.026214687513562],[120.20710773792649,23.026154407237915]]],[[[120.20722215264738,23.0262231149424],[120.20710779077905,23.026214687513562],[120.2071077907645,23.026214687528114],[120.20722215264738,23.0262231149424]]]]},"properties":{"building_uid":"nlsc3d-1KFSS571NW","source_id":"1KFSS571NW","building_source":"NLSC-3D-geometry","source_version":"67fec239-0993-40d8-8f4c-45dfff595538","source_license":"Government-Open-Data-TW-1.0","geometry_quality":"source-footprint","height":9.49,"render_height":9.49,"height_quality":"reported","height_source":"NLSC 3D BUILD_H","height_known":true,"min_height":0,"official_height_provider":"NLSC-3D","official_height_building_id":"1KFSS571NW","official_geometry_provider":"NLSC-I3S","official_geometry_node":104449,"official_geometry_resource":104449,"official_geometry_definition":0,"official_geometry_face_start":79,"official_geometry_face_end":101,"official_geometry_validation_m":0.11047641119618054,"official_height_floors":3,"official_height_h_source_code":"0","official_height_h_extraction_code":"0","official_geometry_positive_evidence_only":true}},{"type":"Feature","id":"nlsc3d-1KFVV571NX","geometry":{"type":"MultiPolygon","coordinates":[[[[120.20722277266447,23.02612851296333],[120.20722170729329,23.02622088848482],[120.20730536226307,23.02622207127904],[120.20722170732239,23.026220888433887],[120.20730536221578,23.026222071235384],[120.20730642582254,23.026129395917156],[120.2073064258771,23.026129395868043],[120.20730642590257,23.026129395842577],[120.20722277264991,23.026128512937863],[120.2072217072751,23.026220888506646],[120.20722277266447,23.02612851296333]]],[[[120.20730536226307,23.02622207127904],[120.20730536228854,23.026222071300868],[120.20730642590257,23.026129395842577],[120.20730536226307,23.02622207127904]]]]},"properties":{"building_uid":"nlsc3d-1KFVV571NX","source_id":"1KFVV571NX","building_source":"NLSC-3D-geometry","source_version":"67fec239-0993-40d8-8f4c-45dfff595538","source_license":"Government-Open-Data-TW-1.0","geometry_quality":"source-footprint","height":9.9,"render_height":9.9,"height_quality":"reported","height_source":"NLSC 3D BUILD_H","height_known":true,"min_height":0,"official_height_provider":"NLSC-3D","official_height_building_id":"1KFVV571NX","official_geometry_provider":"NLSC-I3S","official_geometry_node":104449,"official_geometry_resource":104449,"official_geometry_definition":0,"official_geometry_face_start":102,"official_geometry_face_end":119,"official_geometry_validation_m":0.18491312132414636,"official_height_floors":3,"official_height_h_source_code":"0","official_height_h_extraction_code":"0","official_geometry_positive_evidence_only":true}},{"type":"Feature","id":"nlsc3d-1KG0K571P0","geometry":{"type":"Polygon","coordinates":[[[120.2073059748405,23.02612986765023],[120.2073059748696,23.02612986770298],[120.20730491058981,23.026222443095026],[120.20738886720625,23.026223624455884],[120.20738886717714,23.026223624434056],[120.20738982911695,23.026130749594518],[120.2073059748405,23.02612986765023]],[[120.20730491061164,23.02622244305137],[120.20738886711894,23.026223624397677],[120.20738886717714,23.026223624434056],[120.20730491061164,23.02622244305137]]]},"properties":{"building_uid":"nlsc3d-1KG0K571P0","source_id":"1KG0K571P0","building_source":"NLSC-3D-geometry","source_version":"67fec239-0993-40d8-8f4c-45dfff595538","source_license":"Government-Open-Data-TW-1.0","geometry_quality":"source-footprint","height":9.44,"render_height":9.44,"height_quality":"reported","height_source":"NLSC 3D BUILD_H","height_known":true,"min_height":0,"official_height_provider":"NLSC-3D","official_height_building_id":"1KG0K571P0","official_geometry_provider":"NLSC-I3S","official_geometry_node":104449,"official_geometry_resource":104449,"official_geometry_definition":0,"official_geometry_face_start":120,"official_geometry_face_end":137,"official_geometry_validation_m":0.18011975009971568,"official_height_floors":3,"official_height_h_source_code":"0","official_height_h_extraction_code":"0","official_geometry_positive_evidence_only":true}},{"type":"Feature","id":"nlsc3d-1KG0L571HS","geometry":{"type":"MultiPolygon","coordinates":[[[[120.20730785328175,23.02606726984202],[120.20739140482743,23.026067953370944],[120.207392337969,23.02598727470802],[120.20739140479833,23.026067953352754],[120.20739233795445,23.025987274729847],[120.20739140474012,23.02606795330546],[120.20739233788169,23.02598727479533],[120.20730928565223,23.025985988980825],[120.20730785336178,23.02606726979109],[120.20730785330721,23.026067269827468],[120.2073092856013,23.02598598891534],[120.20730785328175,23.02606726984202]]],[[[120.20739233795445,23.025987274729847],[120.20730928557947,23.025985988886237],[120.2073092856013,23.02598598891534],[120.20739233788169,23.02598727479533],[120.20739233795445,23.025987274729847]]]]},"properties":{"building_uid":"nlsc3d-1KG0L571HS","source_id":"1KG0L571HS","building_source":"NLSC-3D-geometry","source_version":"67fec239-0993-40d8-8f4c-45dfff595538","source_license":"Government-Open-Data-TW-1.0","geometry_quality":"source-footprint","height":12.13,"render_height":12.13,"height_quality":"reported","height_source":"NLSC 3D BUILD_H","height_known":true,"min_height":0,"official_height_provider":"NLSC-3D","official_height_building_id":"1KG0L571HS","official_geometry_provider":"NLSC-I3S","official_geometry_node":104449,"official_geometry_resource":104449,"official_geometry_definition":0,"official_geometry_face_start":61,"official_geometry_face_end":78,"official_geometry_validation_m":0.17927635188740781,"official_height_floors":4,"official_height_h_source_code":"0","official_height_h_extraction_code":"0","official_geometry_positive_evidence_only":true}},{"type":"Feature","id":"nlsc3d-1KFJP5724Q","geometry":{"type":"MultiPolygon","coordinates":[[[[120.20690515223022,23.026465695684205],[120.20687832559078,23.026673662129692],[120.20687832556713,23.026673662237467],[120.20691886962221,23.026678258646793],[120.20691886960402,23.026678258534016],[120.20694590325355,23.026471290619124],[120.20691068580699,23.026466367778962],[120.20691068579971,23.026466367880825],[120.20690515223022,23.026465695684205]]],[[[120.20687832556713,23.026673662237467],[120.20690515223022,23.026465695684205],[120.2069051522375,23.026465695582342],[120.20687832555804,23.026673662287035],[120.20687832556713,23.026673662237467]]],[[[120.20694590325355,23.026471290619124],[120.20691886962221,23.026678258646793],[120.2069459032681,23.02647129057547],[120.20691068581426,23.026466367720754],[120.20694590325355,23.026471290619124]]]]},"properties":{"building_uid":"nlsc3d-1KFJP5724Q","source_id":"1KFJP5724Q","building_source":"NLSC-3D-geometry","source_version":"67fec239-0993-40d8-8f4c-45dfff595538","source_license":"Government-Open-Data-TW-1.0","geometry_quality":"source-footprint","height":10.12,"render_height":10.12,"height_quality":"reported","height_source":"NLSC 3D BUILD_H","height_known":true,"min_height":0,"official_height_provider":"NLSC-3D","official_height_building_id":"1KFJP5724Q","official_geometry_provider":"NLSC-I3S","official_geometry_node":104476,"official_geometry_resource":104476,"official_geometry_definition":0,"official_geometry_face_start":0,"official_geometry_face_end":22,"official_geometry_validation_m":0.19124302992394968,"official_height_floors":3,"official_height_h_source_code":"0","official_height_h_extraction_code":"0","official_geometry_positive_evidence_only":true}},{"type":"Feature","id":"nlsc3d-1KFL757253","geometry":{"type":"MultiPolygon","coordinates":[[[[120.20691868640633,23.026678527876324],[120.20694561957852,23.026471560280665],[120.20698928375704,23.026476740966213],[120.20694561957852,23.026471560222458],[120.20691868640633,23.026678527876324]]],[[[120.2069456195858,23.02647156045529],[120.20694561957852,23.026471560280665],[120.20691868642452,23.026678527825393],[120.20691868647545,23.02667852768533],[120.20697281101083,23.026684456113767],[120.20697281097445,23.02668445596461],[120.20697523026674,23.02666844910382],[120.20698046046518,23.026668822901453],[120.20698517733025,23.026633210925834],[120.20698905109337,23.026591005286196],[120.20698905117378,23.02659100529669],[120.20698905115195,23.026591005289415],[120.20698462405916,23.026590427542],[120.20698875247909,23.02659096631211],[120.20698462408099,23.026590427549277],[120.20698617706547,23.026590630217893],[120.20698462400823,23.026590427542],[120.20699539062106,23.026506500927976],[120.20698563221585,23.026505449886795],[120.20698928377887,23.026476740893454],[120.2069856322013,23.0265054499159],[120.2069953905483,23.02650650104439],[120.20698563214309,23.026505450032314],[120.20698928375704,23.026476740966213],[120.20698928371338,23.026476741126285],[120.2069456195858,23.02647156045529]]],[[[120.20697523030312,23.02666844922268],[120.20698046052338,23.026668823067975],[120.20698517739574,23.026633211027697],[120.20698905117378,23.02659100529669],[120.20698517737391,23.02663321100223],[120.20698046050155,23.02666882301943],[120.20697523030312,23.02666844922268]]],[[[120.2069728110181,23.026684456168336],[120.20697281101083,23.026684456113767],[120.20691868642452,23.026678527825393],[120.2069728110181,23.026684456168336]]]]},"properties":{"building_uid":"nlsc3d-1KFL757253","source_id":"1KFL757253","building_source":"NLSC-3D-geometry","source_version":"67fec239-0993-40d8-8f4c-45dfff595538","source_license":"Government-Open-Data-TW-1.0","geometry_quality":"source-footprint","height":12.66,"render_height":12.66,"height_quality":"reported","height_source":"NLSC 3D BUILD_H","height_known":true,"min_height":0,"official_height_provider":"NLSC-3D","official_height_building_id":"1KFL757253","official_geometry_provider":"NLSC-I3S","official_geometry_node":104476,"official_geometry_resource":104476,"official_geometry_definition":0,"official_geometry_face_start":79,"official_geometry_face_end":131,"official_geometry_validation_m":0.504093974189593,"official_height_floors":4,"official_height_h_source_code":"0","official_height_h_extraction_code":"0","official_geometry_positive_evidence_only":true}},{"type":"Feature","id":"nlsc3d-1KFJ5572BU","geometry":{"type":"MultiPolygon","coordinates":[[[[120.20686194945155,23.026875845358486],[120.2069025047057,23.026882341056957],[120.20692674623196,23.026679285580908],[120.20691779268226,23.02667833052052],[120.20688479407353,23.026674596221678],[120.20688479406444,23.026674596281705],[120.20686034029394,23.02687575339038],[120.20686194945155,23.026875845358486]],[[120.20686194945928,23.026875845300278],[120.20686034032123,23.026875753259414],[120.2068619494752,23.026875845198415],[120.20690250466568,23.02688234092599],[120.20690250469114,23.026882341027854],[120.2069025047057,23.026882341056957],[120.20686194945928,23.026875845300278]],[[120.20691779266043,23.02667833057782],[120.20691779262042,23.026678330693326],[120.20688479406621,23.026674596281904],[120.20688479407353,23.026674596221678],[120.20691779266043,23.02667833057782]],[[120.20692674620649,23.026679285639116],[120.20692674614828,23.026679285752802],[120.20691779266043,23.02667833057782],[120.20692674620649,23.026679285639116]],[[120.20686034030213,23.026875753361278],[120.20687797312316,23.026730705464843],[120.20688479405806,23.02667459634903],[120.20688479405352,23.026674596396756],[120.20686034030213,23.026875753361278]]],[[[120.2068619494752,23.026875845198415],[120.20686194945928,23.026875845300278],[120.20690250469114,23.026882341027854],[120.2068619494752,23.026875845198415]]]]},"properties":{"building_uid":"nlsc3d-1KFJ5572BU","source_id":"1KFJ5572BU","building_source":"NLSC-3D-geometry","source_version":"67fec239-0993-40d8-8f4c-45dfff595538","source_license":"Government-Open-Data-TW-1.0","geometry_quality":"source-footprint","height":10.1,"render_height":10.1,"height_quality":"reported","height_source":"NLSC 3D BUILD_H","height_known":true,"min_height":0,"official_height_provider":"NLSC-3D","official_height_building_id":"1KFJ5572BU","official_geometry_provider":"NLSC-I3S","official_geometry_node":104476,"official_geometry_resource":104476,"official_geometry_definition":0,"official_geometry_face_start":193,"official_geometry_face_end":220,"official_geometry_validation_m":0.17934787439303249,"official_height_floors":3,"official_height_h_source_code":"0","official_height_h_extraction_code":"0","official_geometry_positive_evidence_only":true}},{"type":"Feature","id":"nlsc3d-1KFGS572BP","geometry":{"type":"MultiPolygon","coordinates":[[[[120.20684254793186,23.026669637469492],[120.20688510324716,23.026674323913507],[120.2068425479355,23.02666963758079],[120.2068172917351,23.026871098334563],[120.20681739227429,23.0268710978398],[120.20686054905663,23.02687548135688],[120.20688510329082,23.026674323811644],[120.20684254793004,23.026669637414468],[120.20681729169873,23.026871098494635],[120.20684254793186,23.026669637469492]]],[[[120.20684254793186,23.026669637469492],[120.20681729171328,23.02687109845098],[120.2068425479355,23.02666963758079],[120.20684254793186,23.026669637469492]]],[[[120.20681739224882,23.02687109794166],[120.20681739223427,23.026871097985318],[120.20686054906481,23.026875481400534],[120.20681739224882,23.02687109794166]]],[[[120.20686054906481,23.026875481400534],[120.20688510331264,23.02667432375662],[120.20686054905663,23.02687548135688],[120.20686054906481,23.026875481400534]]]]},"properties":{"building_uid":"nlsc3d-1KFGS572BP","source_id":"1KFGS572BP","building_source":"NLSC-3D-geometry","source_version":"67fec239-0993-40d8-8f4c-45dfff595538","source_license":"Government-Open-Data-TW-1.0","geometry_quality":"source-footprint","height":10.04,"render_height":10.04,"height_quality":"reported","height_source":"NLSC 3D BUILD_H","height_known":true,"min_height":0,"official_height_provider":"NLSC-3D","official_height_building_id":"1KFGS572BP","official_geometry_provider":"NLSC-I3S","official_geometry_node":104476,"official_geometry_resource":104476,"official_geometry_definition":0,"official_geometry_face_start":221,"official_geometry_face_end":243,"official_geometry_validation_m":0.17438302953315357,"official_height_floors":3,"official_height_h_source_code":"0","official_height_h_extraction_code":"0","official_geometry_positive_evidence_only":true}},{"type":"Feature","id":"nlsc3d-1KFKJ572C5","geometry":{"type":"MultiPolygon","coordinates":[[[[120.20690231550533,23.026882503499987],[120.20690382529928,23.026882795877068],[120.20695050673011,23.02688816145925],[120.2069038253211,23.026882795775204],[120.206950506701,23.026888161357387],[120.20696720943296,23.026753721553145],[120.20696720947662,23.026753721516766],[120.20696107270841,23.026753052310564],[120.20697172817371,23.026684421270115],[120.20692645715816,23.02667954851037],[120.20697172815188,23.026684421329232],[120.2069610726502,23.026753052361496],[120.20697172809368,23.026684421432005],[120.20692645715452,23.026679548684083],[120.2069023155308,23.026882503383572],[120.20690231550533,23.026882503499987]]],[[[120.20690231549078,23.026882503543643],[120.20690382528836,23.026882795935276],[120.20690231550533,23.026882503499987],[120.20692645715816,23.026679548569486],[120.20690231549078,23.026882503543643]]]]},"properties":{"building_uid":"nlsc3d-1KFKJ572C5","source_id":"1KFKJ572C5","building_source":"NLSC-3D-geometry","source_version":"67fec239-0993-40d8-8f4c-45dfff595538","source_license":"Government-Open-Data-TW-1.0","geometry_quality":"source-footprint","height":10.16,"render_height":10.16,"height_quality":"reported","height_source":"NLSC 3D BUILD_H","height_known":true,"min_height":0,"official_height_provider":"NLSC-3D","official_height_building_id":"1KFKJ572C5","official_geometry_provider":"NLSC-I3S","official_geometry_node":104476,"official_geometry_resource":104476,"official_geometry_definition":0,"official_geometry_face_start":272,"official_geometry_face_end":304,"official_geometry_validation_m":0.24142484936284642,"official_height_floors":3,"official_height_h_source_code":"0","official_height_h_extraction_code":"0","official_geometry_positive_evidence_only":true}},{"type":"Feature","id":"nlsc3d-1KGHT57234","geometry":{"type":"MultiPolygon","coordinates":[[[[120.20792640292102,23.026486831976563],[120.20784305016177,23.026485747320457],[120.20792640288464,23.026486832027494],[120.20792640292102,23.026486831976563]]],[[[120.20784305016177,23.026485747320457],[120.20784155518349,23.026573526474003],[120.20784155520714,23.0265735264449],[120.20784305016177,23.026485747320457]]],[[[120.20792470744827,23.02657471203309],[120.20792640288464,23.026486832027494],[120.20784305019451,23.02648574737139],[120.20784155524534,23.026573526415795],[120.20792470744827,23.02657471203309]]],[[[120.20792470748465,23.026574712062192],[120.20792640292102,23.026486831976563],[120.20792470744827,23.02657471203309],[120.20792470748465,23.026574712062192]]],[[[120.20792470748465,23.026574712062192],[120.20784155520714,23.0265735264449],[120.2079247074992,23.026574712091296],[120.20792470748465,23.026574712062192]]]]},"properties":{"building_uid":"nlsc3d-1KGHT57234","source_id":"1KGHT57234","building_source":"NLSC-3D-geometry","source_version":"67fec239-0993-40d8-8f4c-45dfff595538","source_license":"Government-Open-Data-TW-1.0","geometry_quality":"source-footprint","height":9.3,"render_height":9.3,"height_quality":"reported","height_source":"NLSC 3D BUILD_H","height_known":true,"min_height":0,"official_height_provider":"NLSC-3D","official_height_building_id":"1KGHT57234","official_geometry_provider":"NLSC-I3S","official_geometry_node":104431,"official_geometry_resource":104431,"official_geometry_definition":0,"official_geometry_face_start":0,"official_geometry_face_end":17,"official_geometry_validation_m":0.18821495951267248,"official_height_floors":3,"official_height_h_source_code":"0","official_height_h_extraction_code":"0","official_geometry_positive_evidence_only":true}},{"type":"Feature","id":"nlsc3d-1KGB6571SA","geometry":{"type":"MultiPolygon","coordinates":[[[[120.20763597386149,23.026317985281985],[120.20771882628223,23.026319472196683],[120.20771882631134,23.026319472211235],[120.20772000836341,23.026229795218732],[120.20772000834886,23.026229795233284],[120.20772000829065,23.026229795291492],[120.2076367561579,23.026228710257037],[120.20763597386149,23.026317985281985]],[[120.20763597389059,23.026317985260157],[120.20771882623858,23.026319472160303],[120.20771882628223,23.026319472196683],[120.20763597389059,23.026317985260157]]],[[[120.20763597381783,23.026317985303812],[120.20771882631134,23.026319472211235],[120.20763597386149,23.026317985281985],[120.20763597381783,23.026317985303812]]]]},"properties":{"building_uid":"nlsc3d-1KGB6571SA","source_id":"1KGB6571SA","building_source":"NLSC-3D-geometry","source_version":"67fec239-0993-40d8-8f4c-45dfff595538","source_license":"Government-Open-Data-TW-1.0","geometry_quality":"source-footprint","height":9.62,"render_height":9.62,"height_quality":"reported","height_source":"NLSC 3D BUILD_H","height_known":true,"min_height":0,"official_height_provider":"NLSC-3D","official_height_building_id":"1KGB6571SA","official_geometry_provider":"NLSC-I3S","official_geometry_node":104431,"official_geometry_resource":104431,"official_geometry_definition":0,"official_geometry_face_start":18,"official_geometry_face_end":35,"official_geometry_validation_m":0.19289926644090583,"official_height_floors":3,"official_height_h_source_code":"0","official_height_h_extraction_code":"0","official_geometry_positive_evidence_only":true}},{"type":"Feature","id":"nlsc3d-1KGCE57232","geometry":{"type":"MultiPolygon","coordinates":[[[[120.20767244579228,23.026570228369728],[120.20775750888906,23.026571504368967],[120.20767244580684,23.026570228340624],[120.20767394126351,23.026482549180564],[120.20775900372364,23.026483725208145],[120.2076739412344,23.02648254915146],[120.20767244579228,23.026570228369728]]],[[[120.20767244585049,23.02657022831152],[120.2077575088163,23.02657150431076],[120.20775900366179,23.026483725259077],[120.20767394127806,23.02648254922422],[120.20767244585049,23.02657022831152]]],[[[120.2077575088636,23.026571504339863],[120.20775900372364,23.026483725208145],[120.2077575088163,23.02657150431076],[120.2077575088636,23.026571504339863]]],[[[120.2077575088636,23.026571504339863],[120.20775750888906,23.026571504368967],[120.20775900374547,23.02648372517904],[120.2077575088636,23.026571504339863]]]]},"properties":{"building_uid":"nlsc3d-1KGCE57232","source_id":"1KGCE57232","building_source":"NLSC-3D-geometry","source_version":"67fec239-0993-40d8-8f4c-45dfff595538","source_license":"Government-Open-Data-TW-1.0","geometry_quality":"source-footprint","height":9.32,"render_height":9.32,"height_quality":"reported","height_source":"NLSC 3D BUILD_H","height_known":true,"min_height":0,"official_height_provider":"NLSC-3D","official_height_building_id":"1KGCE57232","official_geometry_provider":"NLSC-I3S","official_geometry_node":104431,"official_geometry_resource":104431,"official_geometry_definition":0,"official_geometry_face_start":36,"official_geometry_face_end":53,"official_geometry_validation_m":0.1836688961662214,"official_height_floors":3,"official_height_h_source_code":"0","official_height_h_extraction_code":"0","official_geometry_positive_evidence_only":true}},{"type":"Feature","id":"nlsc3d-1KGK8571SE","geometry":{"type":"MultiPolygon","coordinates":[[[[120.2078872059622,23.02632364901836],[120.20788808310071,23.02623337385483],[120.20788720600585,23.02632364896015],[120.20788901619134,23.026323739989657],[120.207889016235,23.026323739924173],[120.20797066212008,23.026325232965227],[120.20797173736109,23.02623445704119],[120.20788808305706,23.02623337379662],[120.2078872059622,23.02632364901836]]],[[[120.20788901619134,23.026323739989657],[120.20788901616952,23.02632374000421],[120.20797066222194,23.026325233045263],[120.2079717374484,23.026234456939328],[120.20788808303523,23.026233373767518],[120.2079717374193,23.02623445696843],[120.20797066212008,23.026325232965227],[120.20797066219284,23.02632523301616],[120.20788901619134,23.026323739989657]]]]},"properties":{"building_uid":"nlsc3d-1KGK8571SE","source_id":"1KGK8571SE","building_source":"NLSC-3D-geometry","source_version":"67fec239-0993-40d8-8f4c-45dfff595538","source_license":"Government-Open-Data-TW-1.0","geometry_quality":"source-footprint","height":12.48,"render_height":12.48,"height_quality":"reported","height_source":"NLSC 3D BUILD_H","height_known":true,"min_height":0,"official_height_provider":"NLSC-3D","official_height_building_id":"1KGK8571SE","official_geometry_provider":"NLSC-I3S","official_geometry_node":104431,"official_geometry_resource":104431,"official_geometry_definition":0,"official_geometry_face_start":54,"official_geometry_face_end":76,"official_geometry_validation_m":0.18773520647146957,"official_height_floors":4,"official_height_h_source_code":"0","official_height_h_extraction_code":"0","official_geometry_positive_evidence_only":true}},{"type":"Feature","id":"nlsc3d-1KGGJ571SD","geometry":{"type":"MultiPolygon","coordinates":[[[[120.20780361399493,23.026231816217823],[120.20788857534107,23.026232892870375],[120.20788759836186,23.026323268580363],[120.20788759839097,23.02632326860219],[120.20788857537745,23.02623289284127],[120.20780361399493,23.026231816217823]]],[[[120.20780263467377,23.026321792084836],[120.2078026347056,23.026321792048456],[120.20788759831093,23.026323268536707],[120.20788857529014,23.02623289291403],[120.20780361404859,23.026231816290583],[120.2078036140122,23.026231816232375],[120.20780263467377,23.026321792084836]]],[[[120.20788759839097,23.02632326860219],[120.20780263467377,23.026321792084836],[120.20780263465467,23.026321792106664],[120.20788759839097,23.02632326860219]]]]},"properties":{"building_uid":"nlsc3d-1KGGJ571SD","source_id":"1KGGJ571SD","building_source":"NLSC-3D-geometry","source_version":"67fec239-0993-40d8-8f4c-45dfff595538","source_license":"Government-Open-Data-TW-1.0","geometry_quality":"source-footprint","height":9.35,"render_height":9.35,"height_quality":"reported","height_source":"NLSC 3D BUILD_H","height_known":true,"min_height":0,"official_height_provider":"NLSC-3D","official_height_building_id":"1KGGJ571SD","official_geometry_provider":"NLSC-I3S","official_geometry_node":104431,"official_geometry_resource":104431,"official_geometry_definition":0,"official_geometry_face_start":77,"official_geometry_face_end":94,"official_geometry_validation_m":0.18071809861247248,"official_height_floors":3,"official_height_h_source_code":"0","official_height_h_extraction_code":"0","official_geometry_positive_evidence_only":true}},{"type":"Feature","id":"nlsc3d-1KGDT571SB","geometry":{"type":"MultiPolygon","coordinates":[[[[120.20780408995078,23.026231322806034],[120.20771953070407,23.026230244218077],[120.20771953073317,23.02623024424718],[120.20780408992532,23.026231322820585],[120.20780408995078,23.026231322806034]]],[[[120.20771844857272,23.02631982073688],[120.20771844861638,23.026319820707776],[120.20780301070526,23.026321399146745],[120.20780408992532,23.026231322820585],[120.20780408989076,23.026231322878793],[120.20771953076955,23.026230244290836],[120.20771844857272,23.02631982073688]]],[[[120.20771844857272,23.02631982073688],[120.20771844855817,23.026319820751432],[120.20780301072527,23.026321399161297],[120.20771844857272,23.02631982073688]]]]},"properties":{"building_uid":"nlsc3d-1KGDT571SB","source_id":"1KGDT571SB","building_source":"NLSC-3D-geometry","source_version":"67fec239-0993-40d8-8f4c-45dfff595538","source_license":"Government-Open-Data-TW-1.0","geometry_quality":"source-footprint","height":9.46,"render_height":9.46,"height_quality":"reported","height_source":"NLSC 3D BUILD_H","height_known":true,"min_height":0,"official_height_provider":"NLSC-3D","official_height_building_id":"1KGDT571SB","official_geometry_provider":"NLSC-I3S","official_geometry_node":104431,"official_geometry_resource":104431,"official_geometry_definition":0,"official_geometry_face_start":95,"official_geometry_face_end":112,"official_geometry_validation_m":0.18026349905101222,"official_height_floors":3,"official_height_h_source_code":"0","official_height_h_extraction_code":"0","official_geometry_positive_evidence_only":true}},{"type":"Feature","id":"nlsc3d-1KGCG571XU","geometry":{"type":"MultiPolygon","coordinates":[[[[120.20767618838481,23.026386073440953],[120.20776024373235,23.026386954573063],[120.20767618837026,23.026386073410485],[120.20767618838481,23.026386073440953]]],[[[120.20767454299975,23.026482450547682],[120.20767454302886,23.026482450511303],[120.20775960541259,23.026483626524332],[120.2077613496197,23.026386949066982],[120.20776024375782,23.02638695454896],[120.20776024373235,23.026386954573063],[120.20776024367778,23.026386954619902],[120.20767618841391,23.026386073486428],[120.20767454299975,23.026482450547682]]],[[[120.2076745429852,23.02648245056951],[120.20767454299975,23.026482450547682],[120.20767618838481,23.026386073440953],[120.2076745429852,23.02648245056951]]],[[[120.2077613496488,23.02638694904197],[120.2077613496197,23.026386949066982],[120.20775960546716,23.026483626567988],[120.20775960548899,23.026483626589815],[120.2077613496488,23.02638694904197]]]]},"properties":{"building_uid":"nlsc3d-1KGCG571XU","source_id":"1KGCG571XU","building_source":"NLSC-3D-geometry","source_version":"67fec239-0993-40d8-8f4c-45dfff595538","source_license":"Government-Open-Data-TW-1.0","geometry_quality":"source-footprint","height":9.08,"render_height":9.08,"height_quality":"reported","height_source":"NLSC 3D BUILD_H","height_known":true,"min_height":0,"official_height_provider":"NLSC-3D","official_height_building_id":"1KGCG571XU","official_geometry_provider":"NLSC-I3S","official_geometry_node":104431,"official_geometry_resource":104431,"official_geometry_definition":0,"official_geometry_face_start":113,"official_geometry_face_end":135,"official_geometry_validation_m":0.18588711227494356,"official_height_floors":3,"official_height_h_source_code":"0","official_height_h_extraction_code":"0","official_geometry_positive_evidence_only":true}},{"type":"Feature","id":"nlsc3d-1KGF7571XV","geometry":{"type":"MultiPolygon","coordinates":[[[[120.20776090533154,23.026387409108047],[120.20776090534609,23.026387409138515],[120.20784576552005,23.026388386329636],[120.20784576555279,23.026388386285525],[120.2078457655819,23.02638838626006],[120.20776090533154,23.026387409108047]]],[[[120.2077591611026,23.026484086634063],[120.20784402249164,23.02648526371666],[120.20784402245344,23.02648526368028],[120.20784576552005,23.026388386329636],[120.20776090538247,23.026387409181716],[120.2077591611026,23.026484086634063]]],[[[120.2077591611026,23.026484086634063],[120.20775916108077,23.02648408665589],[120.20784402251347,23.026485263738486],[120.2077591611026,23.026484086634063]]]]},"properties":{"building_uid":"nlsc3d-1KGF7571XV","source_id":"1KGF7571XV","building_source":"NLSC-3D-geometry","source_version":"67fec239-0993-40d8-8f4c-45dfff595538","source_license":"Government-Open-Data-TW-1.0","geometry_quality":"source-footprint","height":9.06,"render_height":9.06,"height_quality":"reported","height_source":"NLSC 3D BUILD_H","height_known":true,"min_height":0,"official_height_provider":"NLSC-3D","official_height_building_id":"1KGF7571XV","official_geometry_provider":"NLSC-I3S","official_geometry_node":104431,"official_geometry_resource":104431,"official_geometry_definition":0,"official_geometry_face_start":136,"official_geometry_face_end":153,"official_geometry_validation_m":0.18454629184263244,"official_height_floors":3,"official_height_h_source_code":"0","official_height_h_extraction_code":"0","official_geometry_positive_evidence_only":true}},{"type":"Feature","id":"nlsc3d-1KGHU571XX","geometry":{"type":"MultiPolygon","coordinates":[[[[120.20784557160123,23.026388882926476],[120.2078452699764,23.026388884400767],[120.20784526999459,23.026388884425778],[120.20784557160123,23.026388882926476]]],[[[120.20784557163579,23.026388882985593],[120.20784527003279,23.026388884486714],[120.20784362685599,23.026485661347742],[120.20792698013001,23.026486845990057],[120.20792883553558,23.02639196744115],[120.20792803124395,23.0263919714452],[120.20784548167137,23.026390682795615],[120.20792803129488,23.02639197138756],[120.20792803131671,23.02639197136437],[120.20784548167259,23.02639068277116],[120.20784557163579,23.026388882985593]]],[[[120.20792698020277,23.02648684604099],[120.20792698017367,23.02648684601916],[120.20784362682143,23.026485661391398],[120.20784526999459,23.026388884425778],[120.2078436267996,23.026485661413226],[120.20792698020277,23.02648684604099]]]]},"properties":{"building_uid":"nlsc3d-1KGHU571XX","source_id":"1KGHU571XX","building_source":"NLSC-3D-geometry","source_version":"67fec239-0993-40d8-8f4c-45dfff595538","source_license":"Government-Open-Data-TW-1.0","geometry_quality":"source-footprint","height":9.68,"render_height":9.68,"height_quality":"reported","height_source":"NLSC 3D BUILD_H","height_known":true,"min_height":0,"official_height_provider":"NLSC-3D","official_height_building_id":"1KGHU571XX","official_geometry_provider":"NLSC-I3S","official_geometry_node":104431,"official_geometry_resource":104431,"official_geometry_definition":0,"official_geometry_face_start":154,"official_geometry_face_end":186,"official_geometry_validation_m":0.21935259488696948,"official_height_floors":3,"official_height_h_source_code":"0","official_height_h_extraction_code":"0","official_geometry_positive_evidence_only":true}},{"type":"Feature","id":"nlsc3d-1KGF557233","geometry":{"type":"MultiPolygon","coordinates":[[[[120.2077585524542,23.026484159117153],[120.20784351379125,23.026485235718773],[120.20775855243237,23.02648415908805],[120.20775705694659,23.026571838291765],[120.20775745967448,23.02657193626981],[120.20784191896136,23.026573115338742],[120.20784351381126,23.026485235696946],[120.20784191893772,23.02657311532419],[120.20775745973269,23.026571936211603],[120.20775745969995,23.026571936240707],[120.2077570570048,23.02657183826266],[120.20775705696478,23.026571838277214],[120.20775855249421,23.02648415916081],[120.2077585524542,23.026484159117153]]],[[[120.20775745973269,23.026571936211603],[120.2078419188977,23.026573115280534],[120.20784191893772,23.02657311532419],[120.20784351379125,23.026485235718773],[120.20784351375123,23.026485235769705],[120.20775855249421,23.02648415916081],[120.2077570570048,23.02657183826266],[120.20775745973269,23.026571936211603]]]]},"properties":{"building_uid":"nlsc3d-1KGF557233","source_id":"1KGF557233","building_source":"NLSC-3D-geometry","source_version":"67fec239-0993-40d8-8f4c-45dfff595538","source_license":"Government-Open-Data-TW-1.0","geometry_quality":"source-footprint","height":9.26,"render_height":9.26,"height_quality":"reported","height_source":"NLSC 3D BUILD_H","height_known":true,"min_height":0,"official_height_provider":"NLSC-3D","official_height_building_id":"1KGF557233","official_geometry_provider":"NLSC-I3S","official_geometry_node":104431,"official_geometry_resource":104431,"official_geometry_definition":0,"official_geometry_face_start":187,"official_geometry_face_end":209,"official_geometry_validation_m":0.18477169883328973,"official_height_floors":3,"official_height_h_source_code":"0","official_height_h_extraction_code":"0","official_geometry_positive_evidence_only":true}},{"type":"Feature","id":"nlsc3d-1KFVU571S2","geometry":{"type":"MultiPolygon","coordinates":[[[[120.20722111219378,23.026223593836367],[120.20722111184922,23.026223593842612],[120.20722302316611,23.026223784265817],[120.2072176817991,23.026307083964664],[120.20725919826425,23.026306077430686],[120.20725919826438,23.0263060774526],[120.20725919826914,23.026306078261868],[120.20725921648581,23.02630917630452],[120.2072592164956,23.02630917630469],[120.20725921649911,23.02630917630475],[120.20730375961729,23.026309954148044],[120.2073037596464,23.02630995416987],[120.20730475094469,23.026222077533046],[120.20722111180375,23.026223593769853],[120.20730475091558,23.02622207756215],[120.20730375956636,23.02630995411894],[120.20730475086101,23.026222077605805],[120.20722111219384,23.026223593836367],[120.2072211118183,23.026223593798957],[120.20722111219378,23.026223593836367]]],[[[120.2072176817991,23.026307083964664],[120.20721768178272,23.026307083979216],[120.20725919826438,23.0263060774526],[120.2072176817991,23.026307083964664]]]]},"properties":{"building_uid":"nlsc3d-1KFVU571S2","source_id":"1KFVU571S2","building_source":"NLSC-3D-geometry","source_version":"67fec239-0993-40d8-8f4c-45dfff595538","source_license":"Government-Open-Data-TW-1.0","geometry_quality":"source-footprint","height":9.47,"render_height":9.47,"height_quality":"reported","height_source":"NLSC 3D BUILD_H","height_known":true,"min_height":0,"official_height_provider":"NLSC-3D","official_height_building_id":"1KFVU571S2","official_geometry_provider":"NLSC-I3S","official_geometry_node":104447,"official_geometry_resource":104447,"official_geometry_definition":0,"official_geometry_face_start":0,"official_geometry_face_end":32,"official_geometry_validation_m":0.09615696182259628,"official_height_floors":3,"official_height_h_source_code":"0","official_height_h_extraction_code":"0","official_geometry_positive_evidence_only":true}},{"type":"Feature","id":"nlsc3d-1KG0H571S4","geometry":{"type":"MultiPolygon","coordinates":[[[[120.2073043206591,23.026222543223437],[120.2073033286987,23.026310319874053],[120.20730332871689,23.026310319852225],[120.2073043206591,23.026222543223437]]],[[[120.207303328746,23.02631031982312],[120.20730332871689,23.026310319852225],[120.20738728765436,23.026311901056058],[120.20738728766891,23.026311901077886],[120.20738827667527,23.026223624576257],[120.20738827664617,23.02622362460536],[120.20738827660252,23.026223624649017],[120.20730432068821,23.026222543281644],[120.207303328746,23.02631031982312]]]]},"properties":{"building_uid":"nlsc3d-1KG0H571S4","source_id":"1KG0H571S4","building_source":"NLSC-3D-geometry","source_version":"67fec239-0993-40d8-8f4c-45dfff595538","source_license":"Government-Open-Data-TW-1.0","geometry_quality":"source-footprint","height":9.63,"render_height":9.63,"height_quality":"reported","height_source":"NLSC 3D BUILD_H","height_known":true,"min_height":0,"official_height_provider":"NLSC-3D","official_height_building_id":"1KG0H571S4","official_geometry_provider":"NLSC-I3S","official_geometry_node":104447,"official_geometry_resource":104447,"official_geometry_definition":0,"official_geometry_face_start":33,"official_geometry_face_end":50,"official_geometry_validation_m":0.18061683753152963,"official_height_floors":3,"official_height_h_source_code":"0","official_height_h_extraction_code":"0","official_geometry_positive_evidence_only":true}},{"type":"Feature","id":"nlsc3d-1KFRP571XN","geometry":{"type":"MultiPolygon","coordinates":[[[[120.20708257100058,23.026403612264883],[120.20708257102969,23.02640361229285],[120.20707834388749,23.026471211509513],[120.20717708085876,23.026472618985306],[120.20717893747214,23.02637804030567],[120.20711650084276,23.02637765159673],[120.20711650084276,23.026377651547616],[120.20708517078755,23.02640120007268],[120.2070851708021,23.026401200088937],[120.20708257100058,23.026403612264883]]],[[[120.20708257100058,23.026403612264883],[120.20708257097148,23.02640361224965],[120.20707834381473,23.026471211560445],[120.20708257100058,23.026403612264883]]],[[[120.20717893747214,23.02637804030567],[120.20717893753034,23.026378040256557],[120.20711650084276,23.026377651518512],[120.20711650084276,23.026377651547616],[120.20717893747214,23.02637804030567]]],[[[120.20717708091696,23.026472619021686],[120.20707834388749,23.026471211509513],[120.20707834384383,23.026471211545893],[120.20717708091696,23.026472619021686]]],[[[120.20707834381473,23.026471211560445],[120.20717708094607,23.026472619036237],[120.20707834384383,23.026471211545893],[120.20707834381473,23.026471211560445]]]]},"properties":{"building_uid":"nlsc3d-1KFRP571XN","source_id":"1KFRP571XN","building_source":"NLSC-3D-geometry","source_version":"67fec239-0993-40d8-8f4c-45dfff595538","source_license":"Government-Open-Data-TW-1.0","geometry_quality":"source-footprint","height":9.11,"render_height":9.11,"height_quality":"reported","height_source":"NLSC 3D BUILD_H","height_known":true,"min_height":0,"official_height_provider":"NLSC-3D","official_height_building_id":"1KFRP571XN","official_geometry_provider":"NLSC-I3S","official_geometry_node":104447,"official_geometry_resource":104447,"official_geometry_definition":0,"official_geometry_face_start":51,"official_geometry_face_end":78,"official_geometry_validation_m":0.23541550961315966,"official_height_floors":3,"official_height_h_source_code":"0","official_height_h_extraction_code":"0","official_geometry_positive_evidence_only":true}},{"type":"Feature","id":"nlsc3d-1KFUH571XM","geometry":{"type":"MultiPolygon","coordinates":[[[[120.20717664964185,23.026473042431487],[120.20717840641454,23.02637856411641],[120.20726235946212,23.02637914560003],[120.20717840639999,23.026378564092763],[120.20717664964185,23.026473042431487]]],[[[120.20717664966368,23.026473042402383],[120.20726050571092,23.026474224170695],[120.20726050566908,23.026474224134315],[120.20726235946212,23.02637914560003],[120.2072623594121,23.026379145647322],[120.20717840644365,23.02637856416916],[120.20717664966368,23.026473042402383]]],[[[120.20717664966368,23.026473042402383],[120.20717664964185,23.026473042431487],[120.20726050573457,23.0264742241998],[120.20717664966368,23.026473042402383]]]]},"properties":{"building_uid":"nlsc3d-1KFUH571XM","source_id":"1KFUH571XM","building_source":"NLSC-3D-geometry","source_version":"67fec239-0993-40d8-8f4c-45dfff595538","source_license":"Government-Open-Data-TW-1.0","geometry_quality":"source-footprint","height":9,"render_height":9,"height_quality":"reported","height_source":"NLSC 3D BUILD_H","height_known":true,"min_height":0,"official_height_provider":"NLSC-3D","official_height_building_id":"1KFUH571XM","official_geometry_provider":"NLSC-I3S","official_geometry_node":104447,"official_geometry_resource":104447,"official_geometry_definition":0,"official_geometry_face_start":79,"official_geometry_face_end":96,"official_geometry_validation_m":0.18306501485433882,"official_height_floors":3,"official_height_h_source_code":"0","official_height_h_extraction_code":"0","official_geometry_positive_evidence_only":true}},{"type":"Feature","id":"nlsc3d-1KFRK5722P","geometry":{"type":"Polygon","coordinates":[[[120.20707433038196,23.026525990382677],[120.2070839676934,23.026540637642054],[120.20710036380196,23.026559149977427],[120.20717486950606,23.02656027830383],[120.20717486947696,23.026560278289278],[120.20717486941147,23.026560278260174],[120.20717656558999,23.02647259811786],[120.20707772855975,23.026471291064833],[120.2070777285743,23.026471291093937],[120.20707433035285,23.026525990382677],[120.20707433038196,23.026525990382677]],[[120.20707772861796,23.02647129114487],[120.20707433042561,23.026525990382677],[120.20707433038196,23.026525990382677],[120.20707772861796,23.02647129114487]],[[120.20708396772251,23.0265406376275],[120.20710036381651,23.026559149948323],[120.2070839676934,23.026540637642054],[120.20708396772251,23.0265406376275]]]},"properties":{"building_uid":"nlsc3d-1KFRK5722P","source_id":"1KFRK5722P","building_source":"NLSC-3D-geometry","source_version":"67fec239-0993-40d8-8f4c-45dfff595538","source_license":"Government-Open-Data-TW-1.0","geometry_quality":"source-footprint","height":9.57,"render_height":9.57,"height_quality":"reported","height_source":"NLSC 3D BUILD_H","height_known":true,"min_height":0,"official_height_provider":"NLSC-3D","official_height_building_id":"1KFRK5722P","official_geometry_provider":"NLSC-I3S","official_geometry_node":104447,"official_geometry_resource":104447,"official_geometry_definition":0,"official_geometry_face_start":97,"official_geometry_face_end":124,"official_geometry_validation_m":0.15789806657745165,"official_height_floors":3,"official_height_h_source_code":"0","official_height_h_extraction_code":"0","official_geometry_positive_evidence_only":true}},{"type":"Feature","id":"nlsc3d-1KFUF5722S","geometry":{"type":"Polygon","coordinates":[[[120.20725828168806,23.02656189248958],[120.20717442560716,23.02656071071399],[120.20717442564354,23.026560710684887],[120.20725828166259,23.026561892475026],[120.20725828161348,23.026561892445923],[120.20725997778199,23.026474212339988],[120.20725997783747,23.026474212296332],[120.20725997786111,23.026474212267228],[120.2071761223532,23.026473130470574],[120.20717442559261,23.026560710728543],[120.20725828168806,23.02656189248958]]]},"properties":{"building_uid":"nlsc3d-1KFUF5722S","source_id":"1KFUF5722S","building_source":"NLSC-3D-geometry","source_version":"67fec239-0993-40d8-8f4c-45dfff595538","source_license":"Government-Open-Data-TW-1.0","geometry_quality":"source-footprint","height":9.57,"render_height":9.57,"height_quality":"reported","height_source":"NLSC 3D BUILD_H","height_known":true,"min_height":0,"official_height_provider":"NLSC-3D","official_height_building_id":"1KFUF5722S","official_geometry_provider":"NLSC-I3S","official_geometry_node":104447,"official_geometry_resource":104447,"official_geometry_definition":0,"official_geometry_face_start":125,"official_geometry_face_end":142,"official_geometry_validation_m":0.1843830389859148,"official_height_floors":3,"official_height_h_source_code":"0","official_height_h_extraction_code":"0","official_geometry_positive_evidence_only":true}},{"type":"Feature","id":"nlsc3d-1KFX6571XN","geometry":{"type":"MultiPolygon","coordinates":[[[[120.20726010696752,23.026474653182984],[120.2072618602614,23.026379575081616],[120.20734531063944,23.02638015911],[120.20726186024503,23.026379575052513],[120.20726010696752,23.026474653182984]]],[[[120.2072618602614,23.026379575081616],[120.20726010698299,23.026474653161156],[120.20726186029414,23.026379575132548],[120.20726010701482,23.0264746531175],[120.20734345972313,23.02647573747529],[120.20734531058123,23.026380159162752],[120.2072618602614,23.026379575081616]]],[[[120.20734345976679,23.02647573751167],[120.2073434597959,23.0264757375335],[120.20734531066854,23.026380159080897],[120.20734345976679,23.02647573751167]]],[[[120.20734345976679,23.02647573751167],[120.20734531063944,23.02638015911],[120.20734345972313,23.02647573747529],[120.20734345976679,23.02647573751167]]]]},"properties":{"building_uid":"nlsc3d-1KFX6571XN","source_id":"1KFX6571XN","building_source":"NLSC-3D-geometry","source_version":"67fec239-0993-40d8-8f4c-45dfff595538","source_license":"Government-Open-Data-TW-1.0","geometry_quality":"source-footprint","height":9.32,"render_height":9.32,"height_quality":"reported","height_source":"NLSC 3D BUILD_H","height_known":true,"min_height":0,"official_height_provider":"NLSC-3D","official_height_building_id":"1KFX6571XN","official_geometry_provider":"NLSC-I3S","official_geometry_node":104447,"official_geometry_resource":104447,"official_geometry_definition":0,"official_geometry_face_start":143,"official_geometry_face_end":160,"official_geometry_validation_m":0.18337256815532219,"official_height_floors":3,"official_height_h_source_code":"0","official_height_h_extraction_code":"0","official_geometry_positive_evidence_only":true}},{"type":"Feature","id":"nlsc3d-1KFX45722T","geometry":{"type":"MultiPolygon","coordinates":[[[[120.20725791829035,23.026562286730066],[120.20725942631988,23.02656227923583],[120.20725791832582,23.026562286700962],[120.20725942635353,23.026562279192174],[120.20734117107067,23.0265634715179],[120.20734286732194,23.026475791433793],[120.20725951458816,23.026474707017794],[120.20725951462454,23.026474707076],[120.20725791829035,23.026562286730066]]],[[[120.20725791827216,23.02656228675917],[120.20725951458816,23.026474707017794],[120.20734286737287,23.02647579138286],[120.20725951457634,23.026474706995966],[120.20725791827216,23.02656228675917]]],[[[120.2073411711507,23.02656347159066],[120.20734286740198,23.026475791353757],[120.20734286737287,23.02647579138286],[120.2073411711216,23.026563471561555],[120.20725942631988,23.02656227923583],[120.2073411711507,23.02656347159066]]]]},"properties":{"building_uid":"nlsc3d-1KFX45722T","source_id":"1KFX45722T","building_source":"NLSC-3D-geometry","source_version":"67fec239-0993-40d8-8f4c-45dfff595538","source_license":"Government-Open-Data-TW-1.0","geometry_quality":"source-footprint","height":9.67,"render_height":9.67,"height_quality":"reported","height_source":"NLSC 3D BUILD_H","height_known":true,"min_height":0,"official_height_provider":"NLSC-3D","official_height_building_id":"1KFX45722T","official_geometry_provider":"NLSC-I3S","official_geometry_node":104447,"official_geometry_resource":104447,"official_geometry_definition":0,"official_geometry_face_start":161,"official_geometry_face_end":183,"official_geometry_validation_m":0.1844980579133451,"official_height_floors":3,"official_height_h_source_code":"0","official_height_h_extraction_code":"0","official_geometry_positive_evidence_only":true}},{"type":"Feature","id":"nlsc3d-1KG8H571S8","geometry":{"type":"MultiPolygon","coordinates":[[[[120.20755365229483,23.02622717178857],[120.20763720615064,23.026228255324177],[120.20763720617974,23.02622825528052],[120.20755365229483,23.02622717178857]]],[[[120.20755266666815,23.02631604805466],[120.20755266669362,23.026316048011005],[120.20763642388333,23.026317530385505],[120.20763642394154,23.026317530421885],[120.20763720615064,23.026228255324177],[120.20763720607788,23.026228255367833],[120.20755365232394,23.02622717186133],[120.20755266666815,23.02631604805466]]],[[[120.20763642394154,23.026317530421885],[120.20763642397064,23.026317530443713],[120.20763720617974,23.02622825528052],[120.20763642394154,23.026317530421885]]],[[[120.20763642397064,23.026317530443713],[120.20755266666815,23.02631604805466],[120.20755266666087,23.026316048069212],[120.20763642397064,23.026317530443713]]]]},"properties":{"building_uid":"nlsc3d-1KG8H571S8","source_id":"1KG8H571S8","building_source":"NLSC-3D-geometry","source_version":"67fec239-0993-40d8-8f4c-45dfff595538","source_license":"Government-Open-Data-TW-1.0","geometry_quality":"source-footprint","height":10.04,"render_height":10.04,"height_quality":"reported","height_source":"NLSC 3D BUILD_H","height_known":true,"min_height":0,"official_height_provider":"NLSC-3D","official_height_building_id":"1KG8H571S8","official_geometry_provider":"NLSC-I3S","official_geometry_node":104430,"official_geometry_resource":104430,"official_geometry_definition":0,"official_geometry_face_start":0,"official_geometry_face_end":17,"official_geometry_validation_m":0.17875459493927368,"official_height_floors":3,"official_height_h_source_code":"0","official_height_h_extraction_code":"0","official_geometry_positive_evidence_only":true}},{"type":"Feature","id":"nlsc3d-1KG1T571XP","geometry":{"type":"MultiPolygon","coordinates":[[[[120.20742793336971,23.026381165326903],[120.20734488508019,23.026380579255793],[120.20734303416388,23.02647615771385],[120.2073448851093,23.026380579283078],[120.20742793334061,23.026381165354188],[120.20742793336971,23.026381165326903]]],[[[120.20734303417844,23.026476157692024],[120.20742618647778,23.026477343047382],[120.20742793334061,23.026381165354188],[120.20742618642684,23.026477343011003],[120.20742793328968,23.0263811654033],[120.20734488512385,23.02638057933401],[120.20734303417844,23.026476157692024]]]]},"properties":{"building_uid":"nlsc3d-1KG1T571XP","source_id":"1KG1T571XP","building_source":"NLSC-3D-geometry","source_version":"67fec239-0993-40d8-8f4c-45dfff595538","source_license":"Government-Open-Data-TW-1.0","geometry_quality":"source-footprint","height":9.19,"render_height":9.19,"height_quality":"reported","height_source":"NLSC 3D BUILD_H","height_known":true,"min_height":0,"official_height_provider":"NLSC-3D","official_height_building_id":"1KG1T571XP","official_geometry_provider":"NLSC-I3S","official_geometry_node":104430,"official_geometry_resource":104430,"official_geometry_definition":0,"official_geometry_face_start":18,"official_geometry_face_end":35,"official_geometry_validation_m":0.17771533018785254,"official_height_floors":3,"official_height_h_source_code":"0","official_height_h_extraction_code":"0","official_geometry_positive_evidence_only":true}},{"type":"Feature","id":"nlsc3d-1KG5T571S7","geometry":{"type":"MultiPolygon","coordinates":[[[[120.20747025704217,23.026225614326187],[120.20755411249915,23.026226696275636],[120.20755411252826,23.026226696261084],[120.20747025702944,23.026225614297083],[120.20746926968563,23.026314190691856],[120.20747025704217,23.026225614326187]]],[[[120.20746926969836,23.026314190677304],[120.2074702570731,23.026225614384394],[120.20746926972747,23.02631419063365],[120.20755302691536,23.026315672957217],[120.20755302696993,23.02631567298632],[120.20755411249915,23.026226696275636],[120.20755411244095,23.026226696333843],[120.20747025704217,23.026225614326187],[120.20746926969836,23.026314190677304]]],[[[120.20746926969836,23.026314190677304],[120.20755302696993,23.02631567298632],[120.20746926972747,23.02631419063365],[120.20746926969836,23.026314190677304]]],[[[120.20755302700267,23.02631567300815],[120.20746926969836,23.026314190677304],[120.20746926968563,23.026314190691856],[120.20755302700267,23.02631567300815]]]]},"properties":{"building_uid":"nlsc3d-1KG5T571S7","source_id":"1KG5T571S7","building_source":"NLSC-3D-geometry","source_version":"67fec239-0993-40d8-8f4c-45dfff595538","source_license":"Government-Open-Data-TW-1.0","geometry_quality":"source-footprint","height":10.09,"render_height":10.09,"height_quality":"reported","height_source":"NLSC 3D BUILD_H","height_known":true,"min_height":0,"official_height_provider":"NLSC-3D","official_height_building_id":"1KG5T571S7","official_geometry_provider":"NLSC-I3S","official_geometry_node":104430,"official_geometry_resource":104430,"official_geometry_definition":0,"official_geometry_face_start":36,"official_geometry_face_end":53,"official_geometry_validation_m":0.18449936269250392,"official_height_floors":3,"official_height_h_source_code":"0","official_height_h_extraction_code":"0","official_geometry_positive_evidence_only":true}},{"type":"Feature","id":"nlsc3d-1KG37571S5","geometry":{"type":"MultiPolygon","coordinates":[[[[120.20738789584861,23.026224086433295],[120.20738789588499,23.026224086520607],[120.20738690626017,23.026312262875955],[120.20746965803805,23.026313750132623],[120.20747064531274,23.026225173927024],[120.20747064540733,23.026225173854264],[120.20738789583406,23.02622408640419],[120.20738789584861,23.026224086433295]]],[[[120.20746965803805,23.026313750132623],[120.20746965813264,23.026313750198106],[120.20747064540733,23.026225173854264],[120.20746965803805,23.026313750132623]]],[[[120.20738690620924,23.02631226294144],[120.20746965816356,23.02631375021266],[120.20746965813264,23.026313750198106],[120.20738690626017,23.026312262875955],[120.20738690622379,23.026312262926886],[120.20738690620924,23.02631226294144]]]]},"properties":{"building_uid":"nlsc3d-1KG37571S5","source_id":"1KG37571S5","building_source":"NLSC-3D-geometry","source_version":"67fec239-0993-40d8-8f4c-45dfff595538","source_license":"Government-Open-Data-TW-1.0","geometry_quality":"source-footprint","height":13.12,"render_height":13.12,"height_quality":"reported","height_source":"NLSC 3D BUILD_H","height_known":true,"min_height":0,"official_height_provider":"NLSC-3D","official_height_building_id":"1KG37571S5","official_geometry_provider":"NLSC-I3S","official_geometry_node":104430,"official_geometry_resource":104430,"official_geometry_definition":0,"official_geometry_face_start":54,"official_geometry_face_end":71,"official_geometry_validation_m":0.1818887939141273,"official_height_floors":4,"official_height_h_source_code":"0","official_height_h_extraction_code":"0","official_geometry_positive_evidence_only":true}},{"type":"Feature","id":"nlsc3d-1KG1R5722V","geometry":{"type":"Polygon","coordinates":[[[120.20734250915989,23.02656394402694],[120.20742415286945,23.02656503693398],[120.20734250917444,23.026563943997836],[120.20734079951357,23.026563852509945],[120.2073425092181,23.026563943968732],[120.20742415280397,23.026565036875773],[120.20742574857427,23.026477357293707],[120.20734249636875,23.026476272339288],[120.20742574861065,23.026477357242776],[120.20742574863247,23.026477357213672],[120.2073424963542,23.026476272310184],[120.20734079945537,23.026563852568152],[120.20734250915989,23.02656394402694]]]},"properties":{"building_uid":"nlsc3d-1KG1R5722V","source_id":"1KG1R5722V","building_source":"NLSC-3D-geometry","source_version":"67fec239-0993-40d8-8f4c-45dfff595538","source_license":"Government-Open-Data-TW-1.0","geometry_quality":"source-footprint","height":9.53,"render_height":9.53,"height_quality":"reported","height_source":"NLSC 3D BUILD_H","height_known":true,"min_height":0,"official_height_provider":"NLSC-3D","official_height_building_id":"1KG1R5722V","official_geometry_provider":"NLSC-I3S","official_geometry_node":104430,"official_geometry_resource":104430,"official_geometry_definition":0,"official_geometry_face_start":72,"official_geometry_face_end":94,"official_geometry_validation_m":0.18369759956832396,"official_height_floors":3,"official_height_h_source_code":"0","official_height_h_extraction_code":"0","official_geometry_positive_evidence_only":true}},{"type":"Feature","id":"nlsc3d-1KG9Q57230","geometry":{"type":"MultiPolygon","coordinates":[[[[120.20758932986932,23.026568662194414],[120.20759073735967,23.02656865518039],[120.20767288421625,23.026569845687128],[120.20767437900354,23.02648206664272],[120.2076743790763,23.026482066599065],[120.20759112681257,23.026480981535506],[120.2075911268344,23.02648098156461],[120.20758932984022,23.026568662223518],[120.20758932986932,23.026568662194414]]],[[[120.20759073731601,23.0265686552386],[120.20767288428901,23.026569845745335],[120.20767437909085,23.02648206656996],[120.2076728842599,23.026569845730783],[120.20759073735967,23.02656865518039],[120.20759073733056,23.026568655224047],[120.20758932984022,23.026568662223518],[120.20758932981839,23.026568662252622],[120.20759073731601,23.0265686552386]]]]},"properties":{"building_uid":"nlsc3d-1KG9Q57230","source_id":"1KG9Q57230","building_source":"NLSC-3D-geometry","source_version":"67fec239-0993-40d8-8f4c-45dfff595538","source_license":"Government-Open-Data-TW-1.0","geometry_quality":"source-footprint","height":9.46,"render_height":9.46,"height_quality":"reported","height_source":"NLSC 3D BUILD_H","height_known":true,"min_height":0,"official_height_provider":"NLSC-3D","official_height_building_id":"1KG9Q57230","official_geometry_provider":"NLSC-I3S","official_geometry_node":104430,"official_geometry_resource":104430,"official_geometry_definition":0,"official_geometry_face_start":95,"official_geometry_face_end":117,"official_geometry_validation_m":0.17552525930623716,"official_height_floors":3,"official_height_h_source_code":"0","official_height_h_extraction_code":"0","official_geometry_positive_evidence_only":true}},{"type":"Feature","id":"nlsc3d-1KG4F5722W","geometry":{"type":"Polygon","coordinates":[[[120.20750899991394,23.02647893520153],[120.2075089998721,23.026478935245187],[120.20742524503434,23.02647785280825],[120.20742374911929,23.02656543196027],[120.20742374910473,23.026565431989376],[120.20750730358263,23.026566615394778],[120.20750899993759,23.026478935172427],[120.20742524498341,23.026477852728213],[120.20742524499796,23.026477852757317],[120.20750899991394,23.02647893520153]],[[120.20742374916294,23.026565431931168],[120.20750730351806,23.02656661533657],[120.20750730356171,23.026566615380226],[120.20742374911929,23.02656543196027],[120.20742374916294,23.026565431931168]]]},"properties":{"building_uid":"nlsc3d-1KG4F5722W","source_id":"1KG4F5722W","building_source":"NLSC-3D-geometry","source_version":"67fec239-0993-40d8-8f4c-45dfff595538","source_license":"Government-Open-Data-TW-1.0","geometry_quality":"source-footprint","height":9.41,"render_height":9.41,"height_quality":"reported","height_source":"NLSC 3D BUILD_H","height_known":true,"min_height":0,"official_height_provider":"NLSC-3D","official_height_building_id":"1KG4F5722W","official_geometry_provider":"NLSC-I3S","official_geometry_node":104430,"official_geometry_resource":104430,"official_geometry_definition":0,"official_geometry_face_start":118,"official_geometry_face_end":135,"official_geometry_validation_m":0.1888022703459756,"official_height_floors":3,"official_height_h_source_code":"0","official_height_h_extraction_code":"0","official_geometry_positive_evidence_only":true}},{"type":"Feature","id":"nlsc3d-1KG735722X","geometry":{"type":"MultiPolygon","coordinates":[[[[120.20750853925942,23.026479422741623],[120.20750853927488,23.026479422770727],[120.20759159044387,23.026480508758333],[120.20758969355079,23.026568289898215],[120.20750694340454,23.02656710244738],[120.20758969357989,23.026568289912767],[120.2075915904657,23.026480508736505],[120.20750853925942,23.026479422741623]]],[[[120.20750694340454,23.02656710244738],[120.20750853927488,23.026479422770727],[120.20750694338544,23.026567102461932],[120.20750694340454,23.02656710244738]]],[[[120.20750694340454,23.02656710244738],[120.20750694343091,23.026567102403725],[120.20758969350713,23.026568289840007],[120.20759159044387,23.026480508758333],[120.20759159040021,23.02648050880199],[120.2075085393049,23.026479422814383],[120.20750694340454,23.02656710244738]]]]},"properties":{"building_uid":"nlsc3d-1KG735722X","source_id":"1KG735722X","building_source":"NLSC-3D-geometry","source_version":"67fec239-0993-40d8-8f4c-45dfff595538","source_license":"Government-Open-Data-TW-1.0","geometry_quality":"source-footprint","height":9.3,"render_height":9.3,"height_quality":"reported","height_source":"NLSC 3D BUILD_H","height_known":true,"min_height":0,"official_height_provider":"NLSC-3D","official_height_building_id":"1KG735722X","official_geometry_provider":"NLSC-I3S","official_geometry_node":104430,"official_geometry_resource":104430,"official_geometry_definition":0,"official_geometry_face_start":136,"official_geometry_face_end":153,"official_geometry_validation_m":0.1910613635501798,"official_height_floors":3,"official_height_h_source_code":"0","official_height_h_extraction_code":"0","official_geometry_positive_evidence_only":true}},{"type":"Feature","id":"nlsc3d-1KG75571XR","geometry":{"type":"MultiPolygon","coordinates":[[[[120.20750910688325,23.02647939600248],[120.20759215809953,23.02648048198281],[120.2075091068978,23.026479395987927],[120.20750910692327,23.02647939594427],[120.20759215807043,23.02648048196098],[120.2075921580195,23.0264804819246],[120.2075942066454,23.026384302776215],[120.20759420660174,23.026384302825328],[120.20751266471011,23.026383409263154],[120.20751266469374,23.02638340921404],[120.20751085503939,23.02638341819985],[120.20750910688325,23.02647939600248]]],[[[120.20759215807043,23.02648048196098],[120.20759420668178,23.02638430274893],[120.2075942066454,23.026384302776215],[120.20759215807043,23.02648048196098]]]]},"properties":{"building_uid":"nlsc3d-1KG75571XR","source_id":"1KG75571XR","building_source":"NLSC-3D-geometry","source_version":"67fec239-0993-40d8-8f4c-45dfff595538","source_license":"Government-Open-Data-TW-1.0","geometry_quality":"source-footprint","height":9.16,"render_height":9.16,"height_quality":"reported","height_source":"NLSC 3D BUILD_H","height_known":true,"min_height":0,"official_height_provider":"NLSC-3D","official_height_building_id":"1KG75571XR","official_geometry_provider":"NLSC-I3S","official_geometry_node":104430,"official_geometry_resource":104430,"official_geometry_definition":0,"official_geometry_face_start":154,"official_geometry_face_end":176,"official_geometry_validation_m":0.19107919709172255,"official_height_floors":3,"official_height_h_source_code":"0","official_height_h_extraction_code":"0","official_geometry_positive_evidence_only":true}},{"type":"Feature","id":"nlsc3d-1KG4G571XQ","geometry":{"type":"Polygon","coordinates":[[[120.20742747706531,23.026381590872198],[120.20742747708714,23.026381590901302],[120.20742747710896,23.026381590946777],[120.20742583071983,23.026477768036067],[120.20742583069072,23.026477768079722],[120.20750948566233,23.026478950975807],[120.20751133432127,23.026382972705697],[120.20745060260155,23.026381875584057],[120.20742747706531,23.026381590872198]],[[120.20745060260519,23.026381875609523],[120.20751133424851,23.026382972780276],[120.20745060261247,23.026381875658636],[120.20742747708714,23.026381590901302],[120.20745060260519,23.026381875609523]]]},"properties":{"building_uid":"nlsc3d-1KG4G571XQ","source_id":"1KG4G571XQ","building_source":"NLSC-3D-geometry","source_version":"67fec239-0993-40d8-8f4c-45dfff595538","source_license":"Government-Open-Data-TW-1.0","geometry_quality":"source-footprint","height":9.08,"render_height":9.08,"height_quality":"reported","height_source":"NLSC 3D BUILD_H","height_known":true,"min_height":0,"official_height_provider":"NLSC-3D","official_height_building_id":"1KG4G571XQ","official_geometry_provider":"NLSC-I3S","official_geometry_node":104430,"official_geometry_resource":104430,"official_geometry_definition":0,"official_geometry_face_start":177,"official_geometry_face_end":199,"official_geometry_validation_m":0.19173572023286167,"official_height_floors":3,"official_height_h_source_code":"0","official_height_h_extraction_code":"0","official_geometry_positive_evidence_only":true}},{"type":"Feature","id":"nlsc3d-1KG9S571XS","geometry":{"type":"MultiPolygon","coordinates":[[[[120.2075917386333,23.026480930778426],[120.20759378729558,23.026384751571833],[120.20759173864785,23.0264809307566],[120.20759378731013,23.026384751624583],[120.20759173866968,23.026480930727494],[120.20767499088247,23.0264820157765],[120.20767499083881,23.026482015732846],[120.20767663620931,23.026385638671137],[120.20759378728103,23.02638475154],[120.2075917386333,23.026480930778426]]],[[[120.20759173864785,23.0264809307566],[120.20767499091157,23.02648201579833],[120.20767499088247,23.0264820157765],[120.20759173864785,23.0264809307566]]]]},"properties":{"building_uid":"nlsc3d-1KG9S571XS","source_id":"1KG9S571XS","building_source":"NLSC-3D-geometry","source_version":"67fec239-0993-40d8-8f4c-45dfff595538","source_license":"Government-Open-Data-TW-1.0","geometry_quality":"source-footprint","height":9.2,"render_height":9.2,"height_quality":"reported","height_source":"NLSC 3D BUILD_H","height_known":true,"min_height":0,"official_height_provider":"NLSC-3D","official_height_building_id":"1KG9S571XS","official_geometry_provider":"NLSC-I3S","official_geometry_node":104430,"official_geometry_resource":104430,"official_geometry_definition":0,"official_geometry_face_start":200,"official_geometry_face_end":217,"official_geometry_validation_m":0.17270950500083324,"official_height_floors":3,"official_height_h_source_code":"0","official_height_h_extraction_code":"0","official_geometry_positive_evidence_only":true}},{"type":"Feature","id":"nlsc3d-1KG8J571P2","geometry":{"type":"MultiPolygon","coordinates":[[[[120.20755422014366,23.02622708188334],[120.2075542201764,23.026227081839686],[120.20763777456699,23.026228265361503],[120.20763777453061,23.026228265317847],[120.20763861620611,23.026131992227754],[120.20763861615518,23.026131992278685],[120.2075552651931,23.0261312075994],[120.20755526522584,23.02613120764851],[120.20755422014366,23.02622708188334]]],[[[120.2075552651931,23.0261312075994],[120.20755422012184,23.02622708190517],[120.20755422014366,23.02622708188334],[120.2075552651931,23.0261312075994]]],[[[120.20755422014366,23.02622708188334],[120.2076377745961,23.02622826538333],[120.20763861622066,23.02613199220047],[120.2075552651749,23.026131207572114],[120.2075552651931,23.0261312075994],[120.20763861620611,23.026131992227754],[120.20763777456699,23.026228265361503],[120.20755422014366,23.02622708188334]]]]},"properties":{"building_uid":"nlsc3d-1KG8J571P2","source_id":"1KG8J571P2","building_source":"NLSC-3D-geometry","source_version":"67fec239-0993-40d8-8f4c-45dfff595538","source_license":"Government-Open-Data-TW-1.0","geometry_quality":"source-footprint","height":9.64,"render_height":9.64,"height_quality":"reported","height_source":"NLSC 3D BUILD_H","height_known":true,"min_height":0,"official_height_provider":"NLSC-3D","official_height_building_id":"1KG8J571P2","official_geometry_provider":"NLSC-I3S","official_geometry_node":104432,"official_geometry_resource":104432,"official_geometry_definition":0,"official_geometry_face_start":69,"official_geometry_face_end":86,"official_geometry_validation_m":0.179969484975903,"official_height_floors":3,"official_height_h_source_code":"0","official_height_h_extraction_code":"0","official_geometry_positive_evidence_only":true}},{"type":"Feature","id":"nlsc3d-1KG5V571P1","geometry":{"type":"MultiPolygon","coordinates":[[[[120.20747658109934,23.026129954790456],[120.20747649584695,23.026132554380972],[120.20747177067273,23.02613257790778],[120.2074708091913,23.026225552753537],[120.20747177068728,23.026132577935066],[120.20747177071638,23.026132577985997],[120.20747080923496,23.02622555269533],[120.20747080920586,23.02622555273171],[120.20755466465374,23.026226634688435],[120.2075557096195,23.026130760413587],[120.20755466459917,23.02622663464478],[120.20755570956129,23.02613076046452],[120.2074765811139,23.02612995481956],[120.20747658109934,23.026129954790456]]],[[[120.2075557096195,23.026130760413587],[120.20755570965224,23.0261307603863],[120.20747658109934,23.026129954790456],[120.2075557096195,23.026130760413587]]],[[[120.20755466468285,23.026226634710262],[120.20755570965224,23.0261307603863],[120.20755466465374,23.026226634688435],[120.20755466468285,23.026226634710262]]]]},"properties":{"building_uid":"nlsc3d-1KG5V571P1","source_id":"1KG5V571P1","building_source":"NLSC-3D-geometry","source_version":"67fec239-0993-40d8-8f4c-45dfff595538","source_license":"Government-Open-Data-TW-1.0","geometry_quality":"source-footprint","height":9.62,"render_height":9.62,"height_quality":"reported","height_source":"NLSC 3D BUILD_H","height_known":true,"min_height":0,"official_height_provider":"NLSC-3D","official_height_building_id":"1KG5V571P1","official_geometry_provider":"NLSC-I3S","official_geometry_node":104432,"official_geometry_resource":104432,"official_geometry_definition":0,"official_geometry_face_start":87,"official_geometry_face_end":114,"official_geometry_validation_m":0.17804817940420903,"official_height_floors":3,"official_height_h_source_code":"0","official_height_h_extraction_code":"0","official_geometry_positive_evidence_only":true}},{"type":"Feature","id":"nlsc3d-1KG38571P1","geometry":{"type":"MultiPolygon","coordinates":[[[[120.20738938950484,23.026131224277712],[120.20747223843676,23.026132111295162],[120.20747117647437,23.026225086597485],[120.20747223846587,23.026132111269696],[120.20738938950484,23.026131224277712]]],[[[120.20738938951939,23.026131224304997],[120.20738938950484,23.026131224277712],[120.2073884413848,23.026222604136308],[120.2073884269102,23.026223999176516],[120.20738842691043,23.026223999176228],[120.2073884269393,23.026223999140136],[120.20747117641616,23.02622508655383],[120.20747223837128,23.026132111346094],[120.20738938951939,23.026131224304997]],[[120.20738843414307,23.02622330209354],[120.20738843401516,23.026223314421536],[120.2073884269102,23.026223999176516],[120.20738843414307,23.02622330209354]]],[[[120.20747117650711,23.026225086619313],[120.20747117647437,23.026225086597485],[120.20738842691043,23.02622399917652],[120.20747117650711,23.026225086619313]]]]},"properties":{"building_uid":"nlsc3d-1KG38571P1","source_id":"1KG38571P1","building_source":"NLSC-3D-geometry","source_version":"67fec239-0993-40d8-8f4c-45dfff595538","source_license":"Government-Open-Data-TW-1.0","geometry_quality":"source-footprint","height":9.61,"render_height":9.61,"height_quality":"reported","height_source":"NLSC 3D BUILD_H","height_known":true,"min_height":0,"official_height_provider":"NLSC-3D","official_height_building_id":"1KG38571P1","official_geometry_provider":"NLSC-I3S","official_geometry_node":104432,"official_geometry_resource":104432,"official_geometry_definition":0,"official_geometry_face_start":115,"official_geometry_face_end":132,"official_geometry_validation_m":0.1844801250845529,"official_height_floors":3,"official_height_h_source_code":"0","official_height_h_extraction_code":"0","official_geometry_positive_evidence_only":true}},{"type":"Feature","id":"nlsc3d-1KG39571HT","geometry":{"type":"MultiPolygon","coordinates":[[[[120.2073918569858,23.025987700534976],[120.20747551248672,23.025988983431823],[120.20739185702945,23.025987700571356],[120.20739102435431,23.026068378612187],[120.20747407367702,23.026069164641164],[120.20747551253402,23.025988983388167],[120.2073918569858,23.025987700534976]]],[[[120.2073918569858,23.025987700534976],[120.20739185697124,23.025987700505873],[120.2073910242961,23.026068378666757],[120.2073918569858,23.025987700534976]]],[[[120.2073918569858,23.025987700534976],[120.2073910243252,23.02606837864493],[120.20739185702945,23.025987700571356],[120.2073918569858,23.025987700534976]]]]},"properties":{"building_uid":"nlsc3d-1KG39571HT","source_id":"1KG39571HT","building_source":"NLSC-3D-geometry","source_version":"67fec239-0993-40d8-8f4c-45dfff595538","source_license":"Government-Open-Data-TW-1.0","geometry_quality":"source-footprint","height":9.68,"render_height":9.68,"height_quality":"reported","height_source":"NLSC 3D BUILD_H","height_known":true,"min_height":0,"official_height_provider":"NLSC-3D","official_height_building_id":"1KG39571HT","official_geometry_provider":"NLSC-I3S","official_geometry_node":104432,"official_geometry_resource":104432,"official_geometry_definition":0,"official_geometry_face_start":33,"official_geometry_face_end":50,"official_geometry_validation_m":0.20281561879929916,"official_height_floors":3,"official_height_h_source_code":"0","official_height_h_extraction_code":"0","official_geometry_positive_evidence_only":true}},{"type":"Feature","id":"nlsc3d-1KGP557237","geometry":{"type":"MultiPolygon","coordinates":[[[[120.20800905663032,23.026488889470613],[120.20800746162399,23.026576768981442],[120.20800746159489,23.026576769010546],[120.20803812844656,23.026577216220005],[120.20803812846111,23.0265772161909],[120.20809141575933,23.026577550826744],[120.20809131126384,23.026559757123152],[120.2080915968852,23.026488578634428],[120.20800905657939,23.026488889397854],[120.20800905660121,23.026488889426957],[120.20800905663032,23.026488889470613]]],[[[120.20803812845384,23.026577216234557],[120.20809141583209,23.0265775508704],[120.20809131128567,23.026559757123152],[120.20809141580662,23.026577550855848],[120.20803812844656,23.026577216220005],[120.20803812845384,23.026577216234557]]]]},"properties":{"building_uid":"nlsc3d-1KGP557237","source_id":"1KGP557237","building_source":"NLSC-3D-geometry","source_version":"67fec239-0993-40d8-8f4c-45dfff595538","source_license":"Government-Open-Data-TW-1.0","geometry_quality":"source-footprint","height":9.2,"render_height":9.2,"height_quality":"reported","height_source":"NLSC 3D BUILD_H","height_known":true,"min_height":0,"official_height_provider":"NLSC-3D","official_height_building_id":"1KGP557237","official_geometry_provider":"NLSC-I3S","official_geometry_node":104426,"official_geometry_resource":104426,"official_geometry_definition":0,"official_geometry_face_start":18,"official_geometry_face_end":45,"official_geometry_validation_m":0.14248309224022082,"official_height_floors":3,"official_height_h_source_code":"0","official_height_h_extraction_code":"0","official_geometry_positive_evidence_only":true}},{"type":"Feature","id":"nlsc3d-1KGP657201","geometry":{"type":"MultiPolygon","coordinates":[[[[120.20801139243099,23.026393791677776],[120.20800963801571,23.026488769722903],[120.20800963800116,23.026488769737455],[120.20809217888541,23.026488558945687],[120.20809217886722,23.026488558931135],[120.20809373925636,23.026394781383544],[120.20806005630925,23.026394349189843],[120.20806005629834,23.026394349219856],[120.20801139240189,23.026393791630483],[120.20801139243099,23.026393791677776]],[[120.20809373922543,23.026394781414467],[120.20809373917814,23.02639478146176],[120.20806005629834,23.026394349219856],[120.20809373922543,23.026394781414467]]],[[[120.20801139240189,23.026393791630483],[120.20801139238733,23.02639379159865],[120.20800963800116,23.026488769737455],[120.20801139240189,23.026393791630483]]]]},"properties":{"building_uid":"nlsc3d-1KGP657201","source_id":"1KGP657201","building_source":"NLSC-3D-geometry","source_version":"67fec239-0993-40d8-8f4c-45dfff595538","source_license":"Government-Open-Data-TW-1.0","geometry_quality":"source-footprint","height":9.29,"render_height":9.29,"height_quality":"reported","height_source":"NLSC 3D BUILD_H","height_known":true,"min_height":0,"official_height_provider":"NLSC-3D","official_height_building_id":"1KGP657201","official_geometry_provider":"NLSC-I3S","official_geometry_node":104426,"official_geometry_resource":104426,"official_geometry_definition":0,"official_geometry_face_start":46,"official_geometry_face_end":68,"official_geometry_validation_m":0.1913655634573247,"official_height_floors":3,"official_height_h_source_code":"0","official_height_h_extraction_code":"0","official_geometry_positive_evidence_only":true}},{"type":"Feature","id":"nlsc3d-1KGMU571SF","geometry":{"type":"MultiPolygon","coordinates":[[[[120.20797131227278,23.026234908622257],[120.20805355619791,23.02623549900801],[120.20805355621974,23.026235498993458],[120.20797131224367,23.026234908593153],[120.20797023639147,23.026325584741983],[120.20805258559244,23.026326974348024],[120.20797023640603,23.02632558472743],[120.20797131227278,23.026234908622257]]],[[[120.20797023643513,23.026325584683775],[120.20805258557061,23.026326974326196],[120.20805258552332,23.026326974297092],[120.20805355619791,23.02623549900801],[120.20805355614698,23.026235499066217],[120.20797131227278,23.026234908622257],[120.20797131228733,23.026234908680465],[120.20797023640603,23.02632558472743],[120.20797023643513,23.026325584683775]]]]},"properties":{"building_uid":"nlsc3d-1KGMU571SF","source_id":"1KGMU571SF","building_source":"NLSC-3D-geometry","source_version":"67fec239-0993-40d8-8f4c-45dfff595538","source_license":"Government-Open-Data-TW-1.0","geometry_quality":"source-footprint","height":9.52,"render_height":9.52,"height_quality":"reported","height_source":"NLSC 3D BUILD_H","height_known":true,"min_height":0,"official_height_provider":"NLSC-3D","official_height_building_id":"1KGMU571SF","official_geometry_provider":"NLSC-I3S","official_geometry_node":104426,"official_geometry_resource":104426,"official_geometry_definition":0,"official_geometry_face_start":69,"official_geometry_face_end":86,"official_geometry_validation_m":0.17607610430119405,"official_height_floors":3,"official_height_h_source_code":"0","official_height_h_extraction_code":"0","official_geometry_positive_evidence_only":true}},{"type":"Feature","id":"nlsc3d-1KGQH571SH","geometry":{"type":"MultiPolygon","coordinates":[[[[120.20805310185801,23.026235966328215],[120.20805310187984,23.02623596635732],[120.20813615302518,23.026237052628687],[120.20813538393281,23.026328626885345],[120.20813538398556,23.02632862691445],[120.20813615305065,23.026237052614135],[120.20805310185801,23.026235966328215]]],[[[120.20805223168986,23.026327441188016],[120.20805223170805,23.026327441173464],[120.20805223173352,23.02632744114436],[120.20813538393281,23.026328626885345],[120.20813615297425,23.026237052686895],[120.20805310187984,23.02623596635732],[120.20805223168986,23.026327441188016]]]]},"properties":{"building_uid":"nlsc3d-1KGQH571SH","source_id":"1KGQH571SH","building_source":"NLSC-3D-geometry","source_version":"67fec239-0993-40d8-8f4c-45dfff595538","source_license":"Government-Open-Data-TW-1.0","geometry_quality":"source-footprint","height":9.58,"render_height":9.58,"height_quality":"reported","height_source":"NLSC 3D BUILD_H","height_known":true,"min_height":0,"official_height_provider":"NLSC-3D","official_height_building_id":"1KGQH571SH","official_geometry_provider":"NLSC-I3S","official_geometry_node":104426,"official_geometry_resource":104426,"official_geometry_definition":0,"official_geometry_face_start":87,"official_geometry_face_end":104,"official_geometry_validation_m":0.1793488080271472,"official_height_floors":3,"official_height_h_source_code":"0","official_height_h_extraction_code":"0","official_geometry_positive_evidence_only":true}},{"type":"Feature","id":"nlsc3d-1KGLG57236","geometry":{"type":"MultiPolygon","coordinates":[[[[120.20792601569678,23.02648731085702],[120.20792601566768,23.02648731080609],[120.20792432019493,23.026575190898996],[120.20792601569678,23.02648731085702]]],[[[120.20792432022404,23.02657519085534],[120.20792432019493,23.026575190898996],[120.20792432016583,23.0265751909281],[120.20792472229346,23.026575188919935],[120.20800787403255,23.02657627462378],[120.20800946898794,23.026488394989258],[120.20800946896611,23.02648839500381],[120.20800787400344,23.026576274609226],[120.20792472232256,23.026575188905383],[120.20792472236622,23.02657518887628],[120.20800787396706,23.02657627456557],[120.20800946891518,23.026488395047465],[120.20792601569678,23.02648731085702],[120.20792432022404,23.02657519085534]]]]},"properties":{"building_uid":"nlsc3d-1KGLG57236","source_id":"1KGLG57236","building_source":"NLSC-3D-geometry","source_version":"67fec239-0993-40d8-8f4c-45dfff595538","source_license":"Government-Open-Data-TW-1.0","geometry_quality":"source-footprint","height":9.37,"render_height":9.37,"height_quality":"reported","height_source":"NLSC 3D BUILD_H","height_known":true,"min_height":0,"official_height_provider":"NLSC-3D","official_height_building_id":"1KGLG57236","official_geometry_provider":"NLSC-I3S","official_geometry_node":104426,"official_geometry_resource":104426,"official_geometry_definition":0,"official_geometry_face_start":105,"official_geometry_face_end":127,"official_geometry_validation_m":0.18171390030929216,"official_height_floors":3,"official_height_h_source_code":"0","official_height_h_extraction_code":"0","official_geometry_positive_evidence_only":true}},{"type":"Feature","id":"nlsc3d-1KGLH57200","geometry":{"type":"MultiPolygon","coordinates":[[[[120.2079265553109,23.02648727779507],[120.20792841078196,23.026392399223198],[120.20792841075286,23.026392399173176],[120.20792841075286,23.026392399141344],[120.20792655526725,23.026487277816898],[120.2079265553109,23.02648727779507]]],[[[120.20792841078196,23.026392399223198],[120.20792655532546,23.02648727775869],[120.2079265553109,23.02648727779507],[120.20801000859478,23.026488362000066],[120.20801000862389,23.026488362014618],[120.20801186290169,23.026393283416667],[120.20801186287986,23.0263932834485],[120.20801000855113,23.02648836195641],[120.20801186282893,23.026393283496702],[120.20792841078196,23.026392399223198]]]]},"properties":{"building_uid":"nlsc3d-1KGLH57200","source_id":"1KGLH57200","building_source":"NLSC-3D-geometry","source_version":"67fec239-0993-40d8-8f4c-45dfff595538","source_license":"Government-Open-Data-TW-1.0","geometry_quality":"source-footprint","height":9.32,"render_height":9.32,"height_quality":"reported","height_source":"NLSC 3D BUILD_H","height_known":true,"min_height":0,"official_height_provider":"NLSC-3D","official_height_building_id":"1KGLH57200","official_geometry_provider":"NLSC-I3S","official_geometry_node":104426,"official_geometry_resource":104426,"official_geometry_definition":0,"official_geometry_face_start":128,"official_geometry_face_end":145,"official_geometry_validation_m":0.18411328060780693,"official_height_floors":3,"official_height_h_source_code":"0","official_height_h_extraction_code":"0","official_geometry_positive_evidence_only":true}},{"type":"Feature","id":"nlsc3d-1KGRR5722V","geometry":{"type":"MultiPolygon","coordinates":[[[[120.2080910123675,23.0265602274265],[120.20809119749333,23.02648904945437],[120.20809119752425,23.026489049498025],[120.20809101242025,23.026560227382845],[120.20817265834899,23.026561720540315],[120.20817414869794,23.026490236213988],[120.20809119747878,23.02648904943254],[120.2080910123675,23.0265602274265]]],[[[120.20817265839264,23.026561720554866],[120.20817414871976,23.02649023619216],[120.20817414869794,23.026490236213988],[120.20817265839264,23.026561720554866]]]]},"properties":{"building_uid":"nlsc3d-1KGRR5722V","source_id":"1KGRR5722V","building_source":"NLSC-3D-geometry","source_version":"67fec239-0993-40d8-8f4c-45dfff595538","source_license":"Government-Open-Data-TW-1.0","geometry_quality":"source-footprint","height":9.13,"render_height":9.13,"height_quality":"reported","height_source":"NLSC 3D BUILD_H","height_known":true,"min_height":0,"official_height_provider":"NLSC-3D","official_height_building_id":"1KGRR5722V","official_geometry_provider":"NLSC-I3S","official_geometry_node":104426,"official_geometry_resource":104426,"official_geometry_definition":0,"official_geometry_face_start":164,"official_geometry_face_end":181,"official_geometry_validation_m":0.21556404570790955,"official_height_floors":3,"official_height_h_source_code":"0","official_height_h_extraction_code":"0","official_geometry_positive_evidence_only":true}},{"type":"Feature","id":"nlsc3d-1KGRS57202","geometry":{"type":"MultiPolygon","coordinates":[[[[120.20809330512361,23.026395287217213],[120.20817655793485,23.026396472474346],[120.20809330510724,23.02639528718811],[120.20809330512361,23.026395287217213]]],[[[120.20817459472869,23.026490151980227],[120.20817655793485,23.026396472474346],[120.20817655787664,23.02639647251982],[120.20809330515635,23.026395287265416],[120.20809174411056,23.026488964762223],[120.20817459477234,23.02649015200933],[120.20809174413785,23.026488964718567],[120.20817459472869,23.026490151980227]]]]},"properties":{"building_uid":"nlsc3d-1KGRS57202","source_id":"1KGRS57202","building_source":"NLSC-3D-geometry","source_version":"67fec239-0993-40d8-8f4c-45dfff595538","source_license":"Government-Open-Data-TW-1.0","geometry_quality":"source-footprint","height":9.19,"render_height":9.19,"height_quality":"reported","height_source":"NLSC 3D BUILD_H","height_known":true,"min_height":0,"official_height_provider":"NLSC-3D","official_height_building_id":"1KGRS57202","official_geometry_provider":"NLSC-I3S","official_geometry_node":104426,"official_geometry_resource":104426,"official_geometry_definition":0,"official_geometry_face_start":182,"official_geometry_face_end":199,"official_geometry_validation_m":0.19556933983490915,"official_height_floors":3,"official_height_h_source_code":"0","official_height_h_extraction_code":"0","official_geometry_positive_evidence_only":true}},{"type":"Feature","id":"nlsc3d-1KGUD5722W","geometry":{"type":"Polygon","coordinates":[[[120.20817224687539,23.026562137074336],[120.20817363671063,23.02649065327188],[120.20817224690813,23.026562137059784],[120.20817636939331,23.026562216512268],[120.20817636940023,23.026562216556897],[120.20817636942206,23.026562216542345],[120.20817636944389,23.02656221651324],[120.20817595145701,23.026559519490817],[120.20825467957889,23.026560627342235],[120.20825578303607,23.026491744032512],[120.20817363666697,23.026490653206395],[120.20825578302151,23.026491744061616],[120.20817363668152,23.026490653228223],[120.2081722468572,23.026562137088888],[120.20817224687539,23.026562137074336]],[[120.20817595140471,23.026559519511128],[120.20817595140471,23.02655951951113],[120.20817224690813,23.026562137059784],[120.20817595140471,23.026559519511128]],[[120.20817595145468,23.026559519475825],[120.20825467954978,23.026560627327683],[120.20817595145701,23.026559519490817],[120.20817595145468,23.026559519475825]],[[120.20825467950613,23.02656062729858],[120.20825578297786,23.026491744097996],[120.20825578302151,23.026491744061616],[120.20825467950613,23.02656062729858]]]},"properties":{"building_uid":"nlsc3d-1KGUD5722W","source_id":"1KGUD5722W","building_source":"NLSC-3D-geometry","source_version":"67fec239-0993-40d8-8f4c-45dfff595538","source_license":"Government-Open-Data-TW-1.0","geometry_quality":"source-footprint","height":9.15,"render_height":9.15,"height_quality":"reported","height_source":"NLSC 3D BUILD_H","height_known":true,"min_height":0,"official_height_provider":"NLSC-3D","official_height_building_id":"1KGUD5722W","official_geometry_provider":"NLSC-I3S","official_geometry_node":104426,"official_geometry_resource":104426,"official_geometry_definition":0,"official_geometry_face_start":200,"official_geometry_face_end":227,"official_geometry_validation_m":0.1951621333045049,"official_height_floors":3,"official_height_h_source_code":"0","official_height_h_extraction_code":"0","official_geometry_positive_evidence_only":true}},{"type":"Feature","id":"nlsc3d-1KGUF57203","geometry":{"type":"MultiPolygon","coordinates":[[[[120.20817419425998,23.026490600273803],[120.20817605697061,23.026396921286334],[120.20817419428909,23.026490600230147],[120.20825634111657,23.0264917910352],[120.20825780164864,23.02639811409591],[120.20825780170685,23.026398114044525],[120.20825634117477,23.026491791078854],[120.20825780173595,23.02639811402088],[120.20817605692696,23.026396921213575],[120.20817419424543,23.02649060029563],[120.20817419425998,23.026490600273803]]],[[[120.20825634117477,23.026491791078854],[120.20817419428909,23.026490600230147],[120.20817419425998,23.026490600273803],[120.20825634120388,23.026491791100682],[120.20825634117477,23.026491791078854]]]]},"properties":{"building_uid":"nlsc3d-1KGUF57203","source_id":"1KGUF57203","building_source":"NLSC-3D-geometry","source_version":"67fec239-0993-40d8-8f4c-45dfff595538","source_license":"Government-Open-Data-TW-1.0","geometry_quality":"source-footprint","height":9.35,"render_height":9.35,"height_quality":"reported","height_source":"NLSC 3D BUILD_H","height_known":true,"min_height":0,"official_height_provider":"NLSC-3D","official_height_building_id":"1KGUF57203","official_geometry_provider":"NLSC-I3S","official_geometry_node":104426,"official_geometry_resource":104426,"official_geometry_definition":0,"official_geometry_face_start":228,"official_geometry_face_end":245,"official_geometry_validation_m":0.1739097590422954,"official_height_floors":3,"official_height_h_source_code":"0","official_height_h_extraction_code":"0","official_geometry_positive_evidence_only":true}},{"type":"Feature","id":"nlsc3d-1KGT6571SJ","geometry":{"type":"MultiPolygon","coordinates":[[[[120.2081356950564,23.026237525653244],[120.20821955049155,23.026238607981043],[120.20813569504367,23.02623752562414],[120.2081356950564,23.026237525653244]]],[[[120.2081356950855,23.02623752571145],[120.20813502594297,23.026328999428927],[120.2082186814439,23.02633028272595],[120.20813502590659,23.026328999465306],[120.208218681473,23.026330282733227],[120.20821955052065,23.026238607937387],[120.20821955049155,23.026238607981043],[120.2082195504479,23.0262386080247],[120.2081356950564,23.026237525653244],[120.2081356950855,23.02623752571145]]]]},"properties":{"building_uid":"nlsc3d-1KGT6571SJ","source_id":"1KGT6571SJ","building_source":"NLSC-3D-geometry","source_version":"67fec239-0993-40d8-8f4c-45dfff595538","source_license":"Government-Open-Data-TW-1.0","geometry_quality":"source-footprint","height":9.51,"render_height":9.51,"height_quality":"reported","height_source":"NLSC 3D BUILD_H","height_known":true,"min_height":0,"official_height_provider":"NLSC-3D","official_height_building_id":"1KGT6571SJ","official_geometry_provider":"NLSC-I3S","official_geometry_node":104426,"official_geometry_resource":104426,"official_geometry_definition":0,"official_geometry_face_start":0,"official_geometry_face_end":17,"official_geometry_validation_m":0.18709120277796903,"official_height_floors":3,"official_height_h_source_code":"0","official_height_h_extraction_code":"0","official_geometry_positive_evidence_only":true}},{"type":"Feature","id":"nlsc3d-1KGVT571SK","geometry":{"type":"MultiPolygon","coordinates":[[[[120.2082190840008,23.02623911641041],[120.2082183148375,23.026330690747102],[120.20821908401535,23.026239116454065],[120.20830223570351,23.02624020231798],[120.2082190840008,23.02623911641041]]],[[[120.20821908401535,23.026239116454065],[120.20821831485205,23.026330690725274],[120.20821908405173,23.02623911649772],[120.20821831488843,23.02633069068162],[120.2083014670859,23.02633187650264],[120.20830223565986,23.026240202361635],[120.20821908401535,23.026239116454065]]],[[[120.20830223573262,23.026240202288875],[120.20830146712956,23.026331876546294],[120.20830146715866,23.026331876568122],[120.20830223573262,23.026240202288875]]]]},"properties":{"building_uid":"nlsc3d-1KGVT571SK","source_id":"1KGVT571SK","building_source":"NLSC-3D-geometry","source_version":"67fec239-0993-40d8-8f4c-45dfff595538","source_license":"Government-Open-Data-TW-1.0","geometry_quality":"source-footprint","height":9.58,"render_height":9.58,"height_quality":"reported","height_source":"NLSC 3D BUILD_H","height_known":true,"min_height":0,"official_height_provider":"NLSC-3D","official_height_building_id":"1KGVT571SK","official_geometry_provider":"NLSC-I3S","official_geometry_node":104426,"official_geometry_resource":104426,"official_geometry_definition":0,"official_geometry_face_start":146,"official_geometry_face_end":163,"official_geometry_validation_m":0.18271704138443445,"official_height_floors":3,"official_height_h_source_code":"0","official_height_h_extraction_code":"0","official_geometry_positive_evidence_only":true}},{"type":"Feature","id":"nlsc3d-1KGB7571P3","geometry":{"type":"MultiPolygon","coordinates":[[[[120.20772172002042,23.026133386817904],[120.20772047677754,23.026229761911466],[120.20763732507483,23.026228676353142],[120.20772047679937,23.026229761926018],[120.20772172004952,23.0261333867888],[120.20763816733968,23.02613250315285],[120.20772172002042,23.026133386817904]]],[[[120.20772172002042,23.026133386817904],[120.20763816735423,23.02613250317468],[120.20772171996948,23.02613338686156],[120.20772172002042,23.026133386817904]]],[[[120.20763732507483,23.026228676353142],[120.20763816735423,23.02613250317468],[120.20763816733968,23.02613250315285],[120.20763732506028,23.026228676367694],[120.20763732507483,23.026228676353142]]],[[[120.20763732510393,23.026228676309486],[120.2077204767266,23.02622976185326],[120.20772171996948,23.02613338686156],[120.20763816738334,23.026132503232887],[120.20763732510393,23.026228676309486]]]]},"properties":{"building_uid":"nlsc3d-1KGB7571P3","source_id":"1KGB7571P3","building_source":"NLSC-3D-geometry","source_version":"67fec239-0993-40d8-8f4c-45dfff595538","source_license":"Government-Open-Data-TW-1.0","geometry_quality":"source-footprint","height":9.49,"render_height":9.49,"height_quality":"reported","height_source":"NLSC 3D BUILD_H","height_known":true,"min_height":0,"official_height_provider":"NLSC-3D","official_height_building_id":"1KGB7571P3","official_geometry_provider":"NLSC-I3S","official_geometry_node":104433,"official_geometry_resource":104433,"official_geometry_definition":0,"official_geometry_face_start":141,"official_geometry_face_end":158,"official_geometry_validation_m":0.19380082436120452,"official_height_floors":3,"official_height_h_source_code":"0","official_height_h_extraction_code":"0","official_geometry_positive_evidence_only":true}},{"type":"Feature","id":"nlsc3d-1KGDU571P4","geometry":{"type":"MultiPolygon","coordinates":[[[[120.20778378450275,23.02613440584487],[120.20778378448638,23.0261344058667],[120.20780570886866,23.02613559631523],[120.20780570882773,23.02613559636616],[120.20778378446819,23.02613440591763],[120.2077212461373,23.026133817518215],[120.20772010336812,23.026230192007873],[120.20780466249023,23.026231270624933],[120.20780466253139,23.02623127066859],[120.207805708898,23.0261355962934],[120.20778378450275,23.02613440584487]]],[[[120.20780466253139,23.02623127066859],[120.20772010336812,23.026230192007873],[120.20772010333174,23.02623019206608],[120.20780466255503,23.026231270697693],[120.20780466253139,23.02623127066859]]]]},"properties":{"building_uid":"nlsc3d-1KGDU571P4","source_id":"1KGDU571P4","building_source":"NLSC-3D-geometry","source_version":"67fec239-0993-40d8-8f4c-45dfff595538","source_license":"Government-Open-Data-TW-1.0","geometry_quality":"source-footprint","height":9.25,"render_height":9.25,"height_quality":"reported","height_source":"NLSC 3D BUILD_H","height_known":true,"min_height":0,"official_height_provider":"NLSC-3D","official_height_building_id":"1KGDU571P4","official_geometry_provider":"NLSC-I3S","official_geometry_node":104433,"official_geometry_resource":104433,"official_geometry_definition":0,"official_geometry_face_start":177,"official_geometry_face_end":199,"official_geometry_validation_m":0.18391120063014788,"official_height_floors":3,"official_height_h_source_code":"0","official_height_h_extraction_code":"0","official_geometry_positive_evidence_only":true}},{"type":"Feature","id":"nlsc3d-1KGGK571P7","geometry":{"type":"MultiPolygon","coordinates":[[[[120.20780423138156,23.02623170590182],[120.20788909269329,23.026232883020796],[120.2078900573543,23.026140408146105],[120.20780527775146,23.026136031613945],[120.20780527778113,23.026136031664876],[120.20780423138156,23.02623170590182]]],[[[120.20780527775146,23.026136031613945],[120.2078042313404,23.02623170597458],[120.20788909277333,23.026232883079004],[120.20780423135677,23.02623170596003],[120.20780527775146,23.026136031613945]]],[[[120.20788909274422,23.026232883064452],[120.20788909277333,23.026232883079004],[120.20789005744162,23.026140408073346],[120.20788909274422,23.026232883064452]]]]},"properties":{"building_uid":"nlsc3d-1KGGK571P7","source_id":"1KGGK571P7","building_source":"NLSC-3D-geometry","source_version":"67fec239-0993-40d8-8f4c-45dfff595538","source_license":"Government-Open-Data-TW-1.0","geometry_quality":"source-footprint","height":9.24,"render_height":9.24,"height_quality":"reported","height_source":"NLSC 3D BUILD_H","height_known":true,"min_height":0,"official_height_provider":"NLSC-3D","official_height_building_id":"1KGGK571P7","official_geometry_provider":"NLSC-I3S","official_geometry_node":104433,"official_geometry_resource":104433,"official_geometry_definition":0,"official_geometry_face_start":87,"official_geometry_face_end":104,"official_geometry_validation_m":0.22830500436414589,"official_height_floors":3,"official_height_h_source_code":"0","official_height_h_extraction_code":"0","official_geometry_positive_evidence_only":true}},{"type":"Feature","id":"nlsc3d-1KGK8571PA","geometry":{"type":"MultiPolygon","coordinates":[[[[120.20788953184099,23.026140843000988],[120.20797330549983,23.026145124611006],[120.20788953188465,23.02614084305192],[120.20788866770461,23.02623331742457],[120.20797222145491,23.026234401105697],[120.20797222149857,23.0262344011348],[120.20797330555804,23.026145124538246],[120.20788953182644,23.026140842971884],[120.20788953184099,23.026140843000988]]],[[[120.20788953184099,23.026140843000988],[120.20788866766823,23.026233317468225],[120.20788953188465,23.02614084305192],[120.20788953184099,23.026140843000988]]],[[[120.2078886676464,23.026233317482777],[120.20797222151312,23.026234401163904],[120.20797222149857,23.0262344011348],[120.20788866766823,23.026233317468225],[120.2078886676464,23.026233317482777]]]]},"properties":{"building_uid":"nlsc3d-1KGK8571PA","source_id":"1KGK8571PA","building_source":"NLSC-3D-geometry","source_version":"67fec239-0993-40d8-8f4c-45dfff595538","source_license":"Government-Open-Data-TW-1.0","geometry_quality":"source-footprint","height":9.57,"render_height":9.57,"height_quality":"reported","height_source":"NLSC 3D BUILD_H","height_known":true,"min_height":0,"official_height_provider":"NLSC-3D","official_height_building_id":"1KGK8571PA","official_geometry_provider":"NLSC-I3S","official_geometry_node":104433,"official_geometry_resource":104433,"official_geometry_definition":0,"official_geometry_face_start":159,"official_geometry_face_end":176,"official_geometry_validation_m":0.2320962530262994,"official_height_floors":3,"official_height_h_source_code":"0","official_height_h_extraction_code":"0","official_geometry_positive_evidence_only":true}},{"type":"Feature","id":"nlsc3d-1KFLV571TA","geometry":{"type":"Polygon","coordinates":[[[120.20698269447023,23.02619280786536],[120.20697313773628,23.02619185580811],[120.20694778133686,23.02639341699528],[120.2069938553853,23.026398085835854],[120.20700989971586,23.026271346852855],[120.20700989974496,23.02627134682375],[120.20700808893373,23.026271155917176],[120.20701605527786,23.026206836902976],[120.2069815521796,23.026203709872522],[120.20698269448833,23.026192807867165],[120.20698269447627,23.02619280786596],[120.20698269448833,23.02619280775075],[120.20698269448833,23.026192807692542],[120.20697313772173,23.02619185563349],[120.20694778128593,23.026393417134432],[120.20699385539986,23.0263980859791],[120.20694778130049,23.026393417088958],[120.20697313773628,23.026191855691696],[120.20698269448229,23.02619280775015],[120.20698269447023,23.02619280786536]],[[120.20701605524876,23.02620683694663],[120.20700808890463,23.02627115594628],[120.2070160552342,23.026206837033943],[120.20701605524876,23.02620683694663]]]},"properties":{"building_uid":"nlsc3d-1KFLV571TA","source_id":"1KFLV571TA","building_source":"NLSC-3D-geometry","source_version":"67fec239-0993-40d8-8f4c-45dfff595538","source_license":"Government-Open-Data-TW-1.0","geometry_quality":"source-footprint","height":9.62,"render_height":9.62,"height_quality":"reported","height_source":"NLSC 3D BUILD_H","height_known":true,"min_height":0,"official_height_provider":"NLSC-3D","official_height_building_id":"1KFLV571TA","official_geometry_provider":"NLSC-I3S","official_geometry_node":104446,"official_geometry_resource":104446,"official_geometry_definition":0,"official_geometry_face_start":51,"official_geometry_face_end":88,"official_geometry_validation_m":0.5710938327761148,"official_height_floors":3,"official_height_h_source_code":"0","official_height_h_extraction_code":"0","official_geometry_positive_evidence_only":true}},{"type":"Feature","id":"nlsc3d-1KH1R5723A","geometry":{"type":"MultiPolygon","coordinates":[[[[120.20833736123747,23.026562780726962],[120.20833736127385,23.02656278071241],[120.20834087998516,23.02656276322101],[120.20834088001426,23.026562763206456],[120.2083415853747,23.02658015406938],[120.2084251455715,23.02658233758426],[120.20842514562516,23.026582337613362],[120.2083415853456,23.026580154113034],[120.20842514564971,23.026582337642466],[120.20842578130647,23.026502260286506],[120.20842563909152,23.02649516328107],[120.20842563906332,23.026495163310173],[120.20842563902058,23.026495163346553],[120.20833866586032,23.02649389646409],[120.20833736123747,23.026562780726962]]],[[[120.20833736122292,23.026562780741514],[120.20833866586032,23.02649389646409],[120.20833866584577,23.02649389644226],[120.20833736122292,23.026562780741514]]],[[[120.20834087998516,23.02656276322101],[120.20833736123747,23.026562780726962],[120.2083408799706,23.02656276323556],[120.20834087998516,23.02656276322101]]]]},"properties":{"building_uid":"nlsc3d-1KH1R5723A","source_id":"1KH1R5723A","building_source":"NLSC-3D-geometry","source_version":"67fec239-0993-40d8-8f4c-45dfff595538","source_license":"Government-Open-Data-TW-1.0","geometry_quality":"source-footprint","height":9.01,"render_height":9.01,"height_quality":"reported","height_source":"NLSC 3D BUILD_H","height_known":true,"min_height":0,"official_height_provider":"NLSC-3D","official_height_building_id":"1KH1R5723A","official_geometry_provider":"NLSC-I3S","official_geometry_node":104427,"official_geometry_resource":104427,"official_geometry_definition":0,"official_geometry_face_start":23,"official_geometry_face_end":55,"official_geometry_validation_m":0.1381792463722509,"official_height_floors":3,"official_height_h_source_code":"0","official_height_h_extraction_code":"0","official_geometry_positive_evidence_only":true}},{"type":"Feature","id":"nlsc3d-1KGX357205","geometry":{"type":"MultiPolygon","coordinates":[[[[120.20825735432733,23.02639853950801],[120.20825735434188,23.026398539555302],[120.20825589373705,23.026492216554615],[120.20825589376615,23.02649221651096],[120.20833964917689,23.026493399348837],[120.20833964922055,23.026493399385217],[120.20834141140655,23.0263997208434],[120.2083414113629,23.026399720892513],[120.20825735432733,23.02639853950801]]],[[[120.20825735432733,23.02639853950801],[120.20825735429823,23.026398539480724],[120.2082558937225,23.026492216576443],[120.20825735432733,23.02639853950801]]],[[[120.20825589373705,23.026492216554615],[120.20833964924965,23.026493399407045],[120.20834141143565,23.026399720814297],[120.20833964922055,23.026493399385217],[120.20825589373705,23.026492216554615]]]]},"properties":{"building_uid":"nlsc3d-1KGX357205","source_id":"1KGX357205","building_source":"NLSC-3D-geometry","source_version":"67fec239-0993-40d8-8f4c-45dfff595538","source_license":"Government-Open-Data-TW-1.0","geometry_quality":"source-footprint","height":9.24,"render_height":9.24,"height_quality":"reported","height_source":"NLSC 3D BUILD_H","height_known":true,"min_height":0,"official_height_provider":"NLSC-3D","official_height_building_id":"1KGX357205","official_geometry_provider":"NLSC-I3S","official_geometry_node":104427,"official_geometry_resource":104427,"official_geometry_definition":0,"official_geometry_face_start":92,"official_geometry_face_end":109,"official_geometry_validation_m":0.19061166038902555,"official_height_floors":3,"official_height_h_source_code":"0","official_height_h_extraction_code":"0","official_geometry_positive_evidence_only":true}},{"type":"Feature","id":"nlsc3d-1KH6R5720K","geometry":{"type":"MultiPolygon","coordinates":[[[[120.20849601665101,23.02643161203592],[120.2084952994817,23.026480699783278],[120.20849601666556,23.026431612050473],[120.20854277329386,23.026432679105714],[120.20854277329342,23.026432679133322],[120.20849601670194,23.02643161207685],[120.20849529949625,23.026480699776002],[120.20849406414051,23.026492901986202],[120.20849406416961,23.026492901949823],[120.20849398475981,23.026496501184155],[120.20849398473071,23.026496501220535],[120.20857512629006,23.026497697176964],[120.20857614424018,23.026414219060243],[120.20854306747493,23.026414283556605],[120.20854306746038,23.026414283586163],[120.20857614418198,23.026414219102534],[120.20854306744583,23.026414283627545],[120.20854277329408,23.026432679091744],[120.20849601665101,23.02643161203592]]],[[[120.20849398473071,23.026496501220535],[120.20849406414051,23.026492901986202],[120.20849398471616,23.026496501235087],[120.20849398473071,23.026496501220535]]]]},"properties":{"building_uid":"nlsc3d-1KH6R5720K","source_id":"1KH6R5720K","building_source":"NLSC-3D-geometry","source_version":"67fec239-0993-40d8-8f4c-45dfff595538","source_license":"Government-Open-Data-TW-1.0","geometry_quality":"source-footprint","height":9.37,"render_height":9.37,"height_quality":"reported","height_source":"NLSC 3D BUILD_H","height_known":true,"min_height":0,"official_height_provider":"NLSC-3D","official_height_building_id":"1KH6R5720K","official_geometry_provider":"NLSC-I3S","official_geometry_node":104427,"official_geometry_resource":104427,"official_geometry_definition":0,"official_geometry_face_start":110,"official_geometry_face_end":147,"official_geometry_validation_m":0.5179759858855884,"official_height_floors":3,"official_height_h_source_code":"0","official_height_h_extraction_code":"0","official_geometry_positive_evidence_only":true}},{"type":"Feature","id":"nlsc3d-1KGX25722X","geometry":{"type":"MultiPolygon","coordinates":[[[[120.20833914317042,23.026493438682664],[120.20833783857667,23.02656232293826],[120.20833914319225,23.026493438660836],[120.20825538766509,23.02649225582296],[120.20833914317042,23.026493438682664]]],[[[120.20825428358218,23.026561039139196],[120.2082553877233,23.026492255881166],[120.20825538767964,23.026492255844786],[120.20825428358218,23.026561039139196]]],[[[120.20825428361128,23.026561039110092],[120.20833783854029,23.02656232292371],[120.20833914317042,23.026493438682664],[120.20833914311949,23.026493438719044],[120.2082553877233,23.026492255881166],[120.20825428361128,23.026561039110092]]],[[[120.20833783860577,23.026562322952813],[120.20833783857667,23.02656232293826],[120.20825428361128,23.026561039110092],[120.20825428358218,23.026561039139196],[120.20833783860577,23.026562322952813]]]]},"properties":{"building_uid":"nlsc3d-1KGX25722X","source_id":"1KGX25722X","building_source":"NLSC-3D-geometry","source_version":"67fec239-0993-40d8-8f4c-45dfff595538","source_license":"Government-Open-Data-TW-1.0","geometry_quality":"source-footprint","height":9.21,"render_height":9.21,"height_quality":"reported","height_source":"NLSC 3D BUILD_H","height_known":true,"min_height":0,"official_height_provider":"NLSC-3D","official_height_building_id":"1KGX25722X","official_geometry_provider":"NLSC-I3S","official_geometry_node":104427,"official_geometry_resource":104427,"official_geometry_definition":0,"official_geometry_face_start":148,"official_geometry_face_end":165,"official_geometry_validation_m":0.18966580181113135,"official_height_floors":3,"official_height_h_source_code":"0","official_height_h_extraction_code":"0","official_geometry_positive_evidence_only":true}},{"type":"Feature","id":"nlsc3d-1KH1S57206","geometry":{"type":"MultiPolygon","coordinates":[[[[120.20834097936746,23.026400200836505],[120.20834097939657,23.026400200887437],[120.208339216563,23.026493779364827],[120.20842619026804,23.026495146168017],[120.20842591463658,23.026482451651972],[120.20842588931079,23.02642676977881],[120.20842775150119,23.026401468681215],[120.20834097936746,23.026400200836505]]],[[[120.20842588933989,23.026426769764257],[120.20842588931079,23.02642676977881],[120.20842591468933,23.0264824516738],[120.20842591471752,23.026482451688352],[120.20842588933989,23.026426769764257]]],[[[120.20842591468933,23.0264824516738],[120.20842619026804,23.026495146168017],[120.20842619031806,23.026495146204397],[120.20842591468933,23.0264824516738]]],[[[120.20842619034717,23.026495146226225],[120.20842591471752,23.026482451688352],[120.20842619031806,23.026495146204397],[120.20842619034717,23.026495146226225]]]]},"properties":{"building_uid":"nlsc3d-1KH1S57206","source_id":"1KH1S57206","building_source":"NLSC-3D-geometry","source_version":"67fec239-0993-40d8-8f4c-45dfff595538","source_license":"Government-Open-Data-TW-1.0","geometry_quality":"source-footprint","height":9.39,"render_height":9.39,"height_quality":"reported","height_source":"NLSC 3D BUILD_H","height_known":true,"min_height":0,"official_height_provider":"NLSC-3D","official_height_building_id":"1KH1S57206","official_geometry_provider":"NLSC-I3S","official_geometry_node":104427,"official_geometry_resource":104427,"official_geometry_definition":0,"official_geometry_face_start":204,"official_geometry_face_end":231,"official_geometry_validation_m":0.21953412699420288,"official_height_floors":3,"official_height_h_source_code":"0","official_height_h_extraction_code":"0","official_geometry_positive_evidence_only":true}}]}